city,lat,lon,scenario,year,tas_mean_C,tas_p10_C,tas_p90_C,pr_mean_mmday,n_models
Anchorage,61.22,-149.9,historical,1850,-2.266,-3.956,-0.226,3.731,8.0
Anchorage,61.22,-149.9,historical,1851,-2.395,-5.466,1.697,3.958,8.0
Anchorage,61.22,-149.9,historical,1852,-1.992,-3.837,0.494,3.962,8.0
Anchorage,61.22,-149.9,historical,1853,-0.859,-1.633,0.069,4.212,8.0
Anchorage,61.22,-149.9,historical,1854,-1.88,-3.034,-0.549,4.167,8.0
Anchorage,61.22,-149.9,historical,1855,-2.039,-3.595,-0.527,4.022,8.0
Anchorage,61.22,-149.9,historical,1856,-1.639,-3.536,1.538,3.905,8.0
Anchorage,61.22,-149.9,historical,1857,-2.1,-4.574,1.391,4.031,8.0
Anchorage,61.22,-149.9,historical,1858,-0.998,-3.514,2.36,4.349,8.0
Anchorage,61.22,-149.9,historical,1859,-1.124,-5.076,2.426,4.213,8.0
Anchorage,61.22,-149.9,historical,1860,-1.829,-4.269,-0.382,3.889,8.0
Anchorage,61.22,-149.9,historical,1861,-1.677,-5.082,1.814,4.269,8.0
Anchorage,61.22,-149.9,historical,1862,-1.929,-4.547,0.282,3.937,8.0
Anchorage,61.22,-149.9,historical,1863,-1.778,-4.519,1.186,3.966,8.0
Anchorage,61.22,-149.9,historical,1864,-2.25,-4.719,0.034,4.055,8.0
Anchorage,61.22,-149.9,historical,1865,-1.274,-3.656,2.009,3.855,8.0
Anchorage,61.22,-149.9,historical,1866,-1.579,-3.679,0.6,3.884,8.0
Anchorage,61.22,-149.9,historical,1867,-2.097,-4.005,-0.565,3.835,8.0
Anchorage,61.22,-149.9,historical,1868,-1.62,-3.985,0.808,4.222,8.0
Anchorage,61.22,-149.9,historical,1869,-1.015,-4.386,1.946,4.01,8.0
Anchorage,61.22,-149.9,historical,1870,-1.856,-5.65,1.856,4.072,8.0
Anchorage,61.22,-149.9,historical,1871,-1.959,-3.761,1.582,3.741,8.0
Anchorage,61.22,-149.9,historical,1872,-1.511,-4.552,0.729,3.98,8.0
Anchorage,61.22,-149.9,historical,1873,-0.676,-3.43,2.088,4.252,8.0
Anchorage,61.22,-149.9,historical,1874,-1.293,-3.641,1.234,4.054,8.0
Anchorage,61.22,-149.9,historical,1875,-1.663,-3.742,0.289,4.141,8.0
Anchorage,61.22,-149.9,historical,1876,-0.968,-2.8,0.32,4.088,8.0
Anchorage,61.22,-149.9,historical,1877,-1.902,-3.598,0.186,4.132,8.0
Anchorage,61.22,-149.9,historical,1878,-2.325,-3.979,-0.502,3.846,8.0
Anchorage,61.22,-149.9,historical,1879,-1.357,-3.433,1.237,3.829,8.0
Anchorage,61.22,-149.9,historical,1880,-1.721,-4.611,1.665,3.743,8.0
Anchorage,61.22,-149.9,historical,1881,-0.889,-4.579,1.963,4.193,8.0
Anchorage,61.22,-149.9,historical,1882,-1.939,-4.629,1.031,4.272,8.0
Anchorage,61.22,-149.9,historical,1883,-2.412,-4.012,-0.887,3.872,8.0
Anchorage,61.22,-149.9,historical,1884,-1.896,-3.844,0.634,4.036,8.0
Anchorage,61.22,-149.9,historical,1885,-2.178,-5.659,0.616,3.611,8.0
Anchorage,61.22,-149.9,historical,1886,-2.791,-5.627,-0.138,3.834,8.0
Anchorage,61.22,-149.9,historical,1887,-2.188,-5.175,0.549,3.948,8.0
Anchorage,61.22,-149.9,historical,1888,-2.926,-4.918,-1.74,3.824,8.0
Anchorage,61.22,-149.9,historical,1889,-2.19,-3.833,-0.405,3.669,8.0
Anchorage,61.22,-149.9,historical,1890,-2.248,-4.225,0.216,3.946,8.0
Anchorage,61.22,-149.9,historical,1891,-1.974,-4.276,1.104,3.957,8.0
Anchorage,61.22,-149.9,historical,1892,-1.298,-3.165,0.764,3.987,8.0
Anchorage,61.22,-149.9,historical,1893,-1.269,-3.78,2.392,4.169,8.0
Anchorage,61.22,-149.9,historical,1894,-1.012,-3.622,1.759,4.222,8.0
Anchorage,61.22,-149.9,historical,1895,-1.993,-3.273,0.176,3.657,8.0
Anchorage,61.22,-149.9,historical,1896,-1.942,-4.262,1.326,3.71,8.0
Anchorage,61.22,-149.9,historical,1897,-0.843,-2.405,1.582,4.164,8.0
Anchorage,61.22,-149.9,historical,1898,-2.493,-3.938,-1.348,3.809,8.0
Anchorage,61.22,-149.9,historical,1899,-1.763,-3.379,-0.351,3.952,8.0
Anchorage,61.22,-149.9,historical,1900,-1.316,-3.468,0.623,4.044,8.0
Anchorage,61.22,-149.9,historical,1901,-1.659,-3.272,0.76,4.172,8.0
Anchorage,61.22,-149.9,historical,1902,-2.117,-4.184,-0.572,3.952,8.0
Anchorage,61.22,-149.9,historical,1903,-2.162,-3.879,-0.503,4.004,8.0
Anchorage,61.22,-149.9,historical,1904,-1.064,-2.631,1.13,4.053,8.0
Anchorage,61.22,-149.9,historical,1905,-1.723,-4.025,0.748,3.924,8.0
Anchorage,61.22,-149.9,historical,1906,-1.405,-4.086,1.93,4.233,8.0
Anchorage,61.22,-149.9,historical,1907,-2.085,-4.07,-0.189,4.066,8.0
Anchorage,61.22,-149.9,historical,1908,-2.053,-5.917,0.598,4.308,8.0
Anchorage,61.22,-149.9,historical,1909,-1.757,-4.376,1.19,4.06,8.0
Anchorage,61.22,-149.9,historical,1910,-2.042,-4.044,0.15,4.043,8.0
Anchorage,61.22,-149.9,historical,1911,-0.517,-1.593,0.708,4.53,8.0
Anchorage,61.22,-149.9,historical,1912,-1.154,-3.126,1.022,3.905,8.0
Anchorage,61.22,-149.9,historical,1913,-0.661,-2.748,1.782,4.261,8.0
Anchorage,61.22,-149.9,historical,1914,-1.667,-3.466,0.699,3.916,8.0
Anchorage,61.22,-149.9,historical,1915,-2.064,-3.775,0.139,4.236,8.0
Anchorage,61.22,-149.9,historical,1916,-1.756,-4.366,1.057,4.02,8.0
Anchorage,61.22,-149.9,historical,1917,-2.287,-4.129,-0.113,3.769,8.0
Anchorage,61.22,-149.9,historical,1918,-1.946,-3.553,-0.206,4.051,8.0
Anchorage,61.22,-149.9,historical,1919,-1.313,-3.597,1.053,3.982,8.0
Anchorage,61.22,-149.9,historical,1920,-1.503,-3.57,0.699,3.872,8.0
Anchorage,61.22,-149.9,historical,1921,-1.405,-4.431,1.238,3.993,8.0
Anchorage,61.22,-149.9,historical,1922,-1.142,-4.125,1.587,3.93,8.0
Anchorage,61.22,-149.9,historical,1923,-1.277,-2.928,0.733,4.052,8.0
Anchorage,61.22,-149.9,historical,1924,-1.368,-3.623,0.707,4.023,8.0
Anchorage,61.22,-149.9,historical,1925,-1.482,-3.733,0.854,4.056,8.0
Anchorage,61.22,-149.9,historical,1926,-1.032,-3.094,2.127,3.906,8.0
Anchorage,61.22,-149.9,historical,1927,-1.663,-4.525,1.593,3.953,8.0
Anchorage,61.22,-149.9,historical,1928,-0.942,-3.97,2.269,4.198,8.0
Anchorage,61.22,-149.9,historical,1929,-0.935,-3.036,2.385,4.347,8.0
Anchorage,61.22,-149.9,historical,1930,-2.265,-4.763,-0.287,3.913,8.0
Anchorage,61.22,-149.9,historical,1931,-2.702,-4.439,-1.586,4.0,8.0
Anchorage,61.22,-149.9,historical,1932,-1.492,-4.095,2.37,4.368,8.0
Anchorage,61.22,-149.9,historical,1933,-2.148,-3.814,-0.497,3.735,8.0
Anchorage,61.22,-149.9,historical,1934,-1.245,-3.017,1.074,4.253,8.0
Anchorage,61.22,-149.9,historical,1935,-1.761,-4.142,0.2,3.964,8.0
Anchorage,61.22,-149.9,historical,1936,-1.62,-4.189,-0.022,4.05,8.0
Anchorage,61.22,-149.9,historical,1937,-1.777,-4.803,-0.225,4.201,8.0
Anchorage,61.22,-149.9,historical,1938,-1.771,-2.973,-0.264,3.777,8.0
Anchorage,61.22,-149.9,historical,1939,-1.233,-3.231,1.118,3.909,8.0
Anchorage,61.22,-149.9,historical,1940,-0.965,-3.103,0.743,4.306,8.0
Anchorage,61.22,-149.9,historical,1941,-1.852,-4.412,0.245,3.866,8.0
Anchorage,61.22,-149.9,historical,1942,-1.83,-3.773,1.811,3.915,8.0
Anchorage,61.22,-149.9,historical,1943,-1.12,-3.245,1.796,3.954,8.0
Anchorage,61.22,-149.9,historical,1944,-1.034,-3.817,1.388,4.187,8.0
Anchorage,61.22,-149.9,historical,1945,-1.294,-4.515,0.147,4.306,8.0
Anchorage,61.22,-149.9,historical,1946,-1.098,-3.276,0.665,4.426,8.0
Anchorage,61.22,-149.9,historical,1947,-0.208,-1.076,1.293,4.385,8.0
Anchorage,61.22,-149.9,historical,1948,-0.919,-2.474,1.092,3.822,8.0
Anchorage,61.22,-149.9,historical,1949,-1.346,-3.546,0.995,3.862,8.0
Anchorage,61.22,-149.9,historical,1950,-1.03,-3.299,1.241,3.88,8.0
Anchorage,61.22,-149.9,historical,1951,-1.299,-3.647,0.673,3.968,8.0
Anchorage,61.22,-149.9,historical,1952,-1.864,-3.978,0.382,4.018,8.0
Anchorage,61.22,-149.9,historical,1953,-0.848,-2.183,0.667,4.131,8.0
Anchorage,61.22,-149.9,historical,1954,-1.203,-3.394,0.833,4.055,8.0
Anchorage,61.22,-149.9,historical,1955,-1.705,-3.463,-0.228,3.756,8.0
Anchorage,61.22,-149.9,historical,1956,-1.46,-4.608,2.451,3.884,8.0
Anchorage,61.22,-149.9,historical,1957,-1.733,-3.965,1.711,4.068,8.0
Anchorage,61.22,-149.9,historical,1958,-1.393,-2.541,-0.019,4.107,8.0
Anchorage,61.22,-149.9,historical,1959,-1.684,-4.433,1.342,3.996,8.0
Anchorage,61.22,-149.9,historical,1960,-0.445,-2.78,2.733,4.195,8.0
Anchorage,61.22,-149.9,historical,1961,-0.986,-3.554,2.538,4.074,8.0
Anchorage,61.22,-149.9,historical,1962,-0.895,-4.434,1.895,4.233,8.0
Anchorage,61.22,-149.9,historical,1963,-1.205,-3.819,1.039,4.133,8.0
Anchorage,61.22,-149.9,historical,1964,-1.472,-5.013,0.989,4.058,8.0
Anchorage,61.22,-149.9,historical,1965,-2.259,-3.997,-0.787,4.067,8.0
Anchorage,61.22,-149.9,historical,1966,-0.794,-2.689,1.031,3.936,8.0
Anchorage,61.22,-149.9,historical,1967,-1.514,-3.303,0.738,4.222,8.0
Anchorage,61.22,-149.9,historical,1968,-1.477,-3.262,0.831,4.015,8.0
Anchorage,61.22,-149.9,historical,1969,-1.882,-5.103,0.847,4.09,8.0
Anchorage,61.22,-149.9,historical,1970,-1.662,-4.424,0.494,4.26,8.0
Anchorage,61.22,-149.9,historical,1971,-1.973,-3.717,-0.104,3.954,8.0
Anchorage,61.22,-149.9,historical,1972,-1.24,-2.685,0.378,4.378,8.0
Anchorage,61.22,-149.9,historical,1973,-1.28,-2.951,0.919,3.93,8.0
Anchorage,61.22,-149.9,historical,1974,-1.253,-3.751,1.279,3.845,8.0
Anchorage,61.22,-149.9,historical,1975,-1.486,-3.847,1.184,3.916,8.0
Anchorage,61.22,-149.9,historical,1976,-2.466,-4.778,-0.451,3.764,8.0
Anchorage,61.22,-149.9,historical,1977,-1.575,-3.917,1.605,3.903,8.0
Anchorage,61.22,-149.9,historical,1978,-1.212,-3.721,1.224,3.86,8.0
Anchorage,61.22,-149.9,historical,1979,-1.698,-3.449,0.638,4.033,8.0
Anchorage,61.22,-149.9,historical,1980,-2.232,-4.156,-0.204,3.828,8.0
Anchorage,61.22,-149.9,historical,1981,-0.766,-1.795,0.655,4.223,8.0
Anchorage,61.22,-149.9,historical,1982,-0.821,-3.543,0.551,4.456,8.0
Anchorage,61.22,-149.9,historical,1983,-0.962,-3.273,1.403,4.127,8.0
Anchorage,61.22,-149.9,historical,1984,-1.024,-3.074,1.58,3.757,8.0
Anchorage,61.22,-149.9,historical,1985,-0.895,-3.015,2.215,3.935,8.0
Anchorage,61.22,-149.9,historical,1986,-0.952,-2.421,0.824,3.865,8.0
Anchorage,61.22,-149.9,historical,1987,-1.855,-4.124,0.075,4.249,8.0
Anchorage,61.22,-149.9,historical,1988,-1.397,-2.819,0.458,4.08,8.0
Anchorage,61.22,-149.9,historical,1989,-0.876,-4.048,2.113,4.143,8.0
Anchorage,61.22,-149.9,historical,1990,-0.977,-3.41,2.156,4.184,8.0
Anchorage,61.22,-149.9,historical,1991,-1.268,-2.994,0.233,3.921,8.0
Anchorage,61.22,-149.9,historical,1992,-0.978,-2.473,0.591,4.461,8.0
Anchorage,61.22,-149.9,historical,1993,-1.485,-3.616,0.185,4.118,8.0
Anchorage,61.22,-149.9,historical,1994,-0.886,-2.156,0.465,4.233,8.0
Anchorage,61.22,-149.9,historical,1995,-1.371,-3.471,0.602,4.085,8.0
Anchorage,61.22,-149.9,historical,1996,-0.2,-2.571,1.834,4.278,8.0
Anchorage,61.22,-149.9,historical,1997,-0.209,-2.432,2.839,4.403,8.0
Anchorage,61.22,-149.9,historical,1998,-0.364,-2.594,2.921,4.269,8.0
Anchorage,61.22,-149.9,historical,1999,-0.781,-2.171,0.218,4.08,8.0
Anchorage,61.22,-149.9,historical,2000,-0.545,-2.055,1.239,4.283,8.0
Anchorage,61.22,-149.9,historical,2001,-0.459,-4.495,2.738,3.792,8.0
Anchorage,61.22,-149.9,historical,2002,0.546,-2.239,4.045,4.476,8.0
Anchorage,61.22,-149.9,historical,2003,0.271,-1.413,2.237,4.145,8.0
Anchorage,61.22,-149.9,historical,2004,-0.52,-1.882,0.865,4.28,8.0
Anchorage,61.22,-149.9,historical,2005,-0.475,-2.47,1.469,4.213,8.0
Anchorage,61.22,-149.9,historical,2006,-0.474,-3.197,2.24,4.283,8.0
Anchorage,61.22,-149.9,historical,2007,0.088,-2.322,2.778,4.211,8.0
Anchorage,61.22,-149.9,historical,2008,-0.096,-1.868,3.305,4.348,8.0
Anchorage,61.22,-149.9,historical,2009,-0.357,-2.41,2.517,4.342,8.0
Anchorage,61.22,-149.9,historical,2010,-1.073,-2.779,1.55,3.94,8.0
Anchorage,61.22,-149.9,historical,2011,-0.779,-2.357,0.581,4.276,8.0
Anchorage,61.22,-149.9,historical,2012,-0.736,-2.788,1.817,4.139,8.0
Anchorage,61.22,-149.9,historical,2013,-0.324,-2.606,1.367,4.168,8.0
Anchorage,61.22,-149.9,historical,2014,-0.014,-2.661,1.898,4.441,8.0
Anchorage,61.22,-149.9,ssp126,2015,-1.023,-3.06,1.127,4.276,8.0
Anchorage,61.22,-149.9,ssp126,2016,-0.396,-2.577,1.82,4.124,8.0
Anchorage,61.22,-149.9,ssp126,2017,0.017,-1.782,2.333,4.403,8.0
Anchorage,61.22,-149.9,ssp126,2018,-0.064,-3.454,3.075,4.132,8.0
Anchorage,61.22,-149.9,ssp126,2019,0.637,-1.588,3.099,4.12,8.0
Anchorage,61.22,-149.9,ssp126,2020,0.176,-1.471,2.209,4.77,8.0
Anchorage,61.22,-149.9,ssp126,2021,0.626,-0.426,1.426,4.159,8.0
Anchorage,61.22,-149.9,ssp126,2022,0.255,-2.109,2.067,4.533,8.0
Anchorage,61.22,-149.9,ssp126,2023,-0.254,-2.821,2.038,4.253,8.0
Anchorage,61.22,-149.9,ssp126,2024,0.005,-3.441,2.515,4.278,8.0
Anchorage,61.22,-149.9,ssp126,2025,1.032,-1.754,4.149,4.241,8.0
Anchorage,61.22,-149.9,ssp126,2026,0.261,-1.134,1.956,3.969,8.0
Anchorage,61.22,-149.9,ssp126,2027,1.041,-1.167,2.696,4.254,8.0
Anchorage,61.22,-149.9,ssp126,2028,0.96,-1.405,4.41,4.406,8.0
Anchorage,61.22,-149.9,ssp126,2029,1.488,-0.352,3.702,4.681,8.0
Anchorage,61.22,-149.9,ssp126,2030,1.588,0.539,2.683,4.453,8.0
Anchorage,61.22,-149.9,ssp126,2031,0.367,-0.71,1.899,4.242,8.0
Anchorage,61.22,-149.9,ssp126,2032,-0.059,-2.443,2.201,4.394,8.0
Anchorage,61.22,-149.9,ssp126,2033,0.313,-2.216,2.93,4.071,8.0
Anchorage,61.22,-149.9,ssp126,2034,0.404,-2.451,3.336,4.479,8.0
Anchorage,61.22,-149.9,ssp126,2035,0.998,-1.467,4.069,4.39,8.0
Anchorage,61.22,-149.9,ssp126,2036,1.5,-0.699,3.474,4.429,8.0
Anchorage,61.22,-149.9,ssp126,2037,1.188,-0.452,2.857,4.226,8.0
Anchorage,61.22,-149.9,ssp126,2038,0.487,-1.197,1.792,4.074,8.0
Anchorage,61.22,-149.9,ssp126,2039,1.284,-0.497,3.001,4.611,8.0
Anchorage,61.22,-149.9,ssp126,2040,1.392,-1.378,4.046,4.383,8.0
Anchorage,61.22,-149.9,ssp126,2041,1.257,0.009,2.535,4.33,8.0
Anchorage,61.22,-149.9,ssp126,2042,1.065,-0.635,3.08,4.433,8.0
Anchorage,61.22,-149.9,ssp126,2043,1.406,-1.215,3.846,4.438,8.0
Anchorage,61.22,-149.9,ssp126,2044,0.546,-2.406,2.959,4.125,8.0
Anchorage,61.22,-149.9,ssp126,2045,1.072,-0.981,2.503,4.493,8.0
Anchorage,61.22,-149.9,ssp126,2046,1.588,-1.071,3.889,4.558,8.0
Anchorage,61.22,-149.9,ssp126,2047,1.826,-1.331,4.006,4.812,8.0
Anchorage,61.22,-149.9,ssp126,2048,0.847,-2.557,3.422,4.339,8.0
Anchorage,61.22,-149.9,ssp126,2049,1.383,-1.398,5.311,4.621,8.0
Anchorage,61.22,-149.9,ssp126,2050,0.946,-1.431,3.002,4.313,8.0
Anchorage,61.22,-149.9,ssp126,2051,1.845,-2.021,4.449,4.568,8.0
Anchorage,61.22,-149.9,ssp126,2052,1.559,-0.561,3.712,4.679,8.0
Anchorage,61.22,-149.9,ssp126,2053,1.955,-0.109,4.229,4.613,8.0
Anchorage,61.22,-149.9,ssp126,2054,1.604,-1.053,3.304,4.511,8.0
Anchorage,61.22,-149.9,ssp126,2055,1.362,-1.018,3.736,4.355,8.0
Anchorage,61.22,-149.9,ssp126,2056,1.536,-0.903,3.073,4.694,8.0
Anchorage,61.22,-149.9,ssp126,2057,1.299,-0.9,2.848,4.577,8.0
Anchorage,61.22,-149.9,ssp126,2058,1.262,-0.54,3.8,4.443,8.0
Anchorage,61.22,-149.9,ssp126,2059,1.678,-1.297,4.205,4.669,8.0
Anchorage,61.22,-149.9,ssp126,2060,1.53,-2.01,3.985,4.889,8.0
Anchorage,61.22,-149.9,ssp126,2061,2.256,0.293,4.142,4.957,8.0
Anchorage,61.22,-149.9,ssp126,2062,1.635,-1.125,3.757,4.837,8.0
Anchorage,61.22,-149.9,ssp126,2063,1.41,-0.532,2.687,4.581,8.0
Anchorage,61.22,-149.9,ssp126,2064,1.853,-0.708,4.06,4.523,8.0
Anchorage,61.22,-149.9,ssp126,2065,1.872,-1.569,4.545,4.687,8.0
Anchorage,61.22,-149.9,ssp126,2066,1.721,-0.879,4.657,4.832,8.0
Anchorage,61.22,-149.9,ssp126,2067,1.87,0.16,3.735,4.809,8.0
Anchorage,61.22,-149.9,ssp126,2068,1.733,-1.282,4.512,4.835,8.0
Anchorage,61.22,-149.9,ssp126,2069,2.073,-0.555,5.253,4.415,8.0
Anchorage,61.22,-149.9,ssp126,2070,1.887,-2.08,4.382,4.766,8.0
Anchorage,61.22,-149.9,ssp126,2071,1.075,-1.269,2.734,4.77,8.0
Anchorage,61.22,-149.9,ssp126,2072,1.712,-0.937,4.033,4.683,8.0
Anchorage,61.22,-149.9,ssp126,2073,1.844,-2.374,4.245,4.857,8.0
Anchorage,61.22,-149.9,ssp126,2074,2.364,-0.796,4.664,4.964,8.0
Anchorage,61.22,-149.9,ssp126,2075,2.413,-0.766,4.734,4.977,8.0
Anchorage,61.22,-149.9,ssp126,2076,1.102,-3.697,5.338,4.325,8.0
Anchorage,61.22,-149.9,ssp126,2077,1.879,-2.398,4.519,4.476,8.0
Anchorage,61.22,-149.9,ssp126,2078,1.989,-1.16,4.984,4.583,8.0
Anchorage,61.22,-149.9,ssp126,2079,1.551,-0.677,3.699,4.778,8.0
Anchorage,61.22,-149.9,ssp126,2080,1.817,-0.132,4.275,4.622,8.0
Anchorage,61.22,-149.9,ssp126,2081,2.327,-0.525,5.227,4.719,8.0
Anchorage,61.22,-149.9,ssp126,2082,1.752,-0.186,3.619,4.4,8.0
Anchorage,61.22,-149.9,ssp126,2083,0.987,-1.287,3.829,4.22,8.0
Anchorage,61.22,-149.9,ssp126,2084,0.606,-2.272,3.123,4.464,8.0
Anchorage,61.22,-149.9,ssp126,2085,1.773,-1.353,5.73,4.643,8.0
Anchorage,61.22,-149.9,ssp126,2086,2.168,-0.499,4.659,4.639,8.0
Anchorage,61.22,-149.9,ssp126,2087,1.865,-1.766,4.232,4.616,8.0
Anchorage,61.22,-149.9,ssp126,2088,1.425,-0.631,3.783,4.71,8.0
Anchorage,61.22,-149.9,ssp126,2089,2.019,-1.662,4.476,5.163,8.0
Anchorage,61.22,-149.9,ssp126,2090,1.44,-0.667,4.384,4.464,8.0
Anchorage,61.22,-149.9,ssp126,2091,1.942,-1.602,4.375,4.786,8.0
Anchorage,61.22,-149.9,ssp126,2092,1.72,-1.381,4.535,4.647,8.0
Anchorage,61.22,-149.9,ssp126,2093,1.994,-0.866,4.149,4.729,8.0
Anchorage,61.22,-149.9,ssp126,2094,1.62,-1.38,4.217,4.797,8.0
Anchorage,61.22,-149.9,ssp126,2095,2.153,-1.186,4.475,5.097,8.0
Anchorage,61.22,-149.9,ssp126,2096,1.827,-1.069,3.908,4.675,8.0
Anchorage,61.22,-149.9,ssp126,2097,1.702,0.148,3.354,4.473,8.0
Anchorage,61.22,-149.9,ssp126,2098,1.561,-1.707,3.684,4.398,8.0
Anchorage,61.22,-149.9,ssp126,2099,1.824,0.338,3.944,4.946,8.0
Anchorage,61.22,-149.9,ssp126,2100,2.254,-0.237,5.067,4.79,8.0
Anchorage,61.22,-149.9,ssp245,2015,-0.336,-2.47,2.059,4.347,8.0
Anchorage,61.22,-149.9,ssp245,2016,-0.329,-1.703,0.686,4.087,8.0
Anchorage,61.22,-149.9,ssp245,2017,0.085,-1.337,1.436,4.366,8.0
Anchorage,61.22,-149.9,ssp245,2018,0.316,-1.912,2.783,4.005,8.0
Anchorage,61.22,-149.9,ssp245,2019,-0.053,-1.912,2.403,4.088,8.0
Anchorage,61.22,-149.9,ssp245,2020,-0.202,-3.424,2.195,4.46,8.0
Anchorage,61.22,-149.9,ssp245,2021,-0.162,-2.082,2.388,4.296,8.0
Anchorage,61.22,-149.9,ssp245,2022,-0.444,-2.604,0.644,4.13,8.0
Anchorage,61.22,-149.9,ssp245,2023,-0.025,-2.444,2.364,4.344,8.0
Anchorage,61.22,-149.9,ssp245,2024,0.302,-2.66,3.364,4.362,8.0
Anchorage,61.22,-149.9,ssp245,2025,0.702,-1.617,2.691,4.263,8.0
Anchorage,61.22,-149.9,ssp245,2026,0.606,-1.688,2.581,4.558,8.0
Anchorage,61.22,-149.9,ssp245,2027,0.582,-1.585,2.797,4.259,8.0
Anchorage,61.22,-149.9,ssp245,2028,1.246,-0.563,3.984,4.255,8.0
Anchorage,61.22,-149.9,ssp245,2029,0.472,-2.004,2.309,4.574,8.0
Anchorage,61.22,-149.9,ssp245,2030,0.725,-0.892,2.687,4.63,8.0
Anchorage,61.22,-149.9,ssp245,2031,0.607,-1.511,2.664,4.489,8.0
Anchorage,61.22,-149.9,ssp245,2032,0.676,-1.059,3.419,3.977,8.0
Anchorage,61.22,-149.9,ssp245,2033,0.947,-1.198,3.041,4.721,8.0
Anchorage,61.22,-149.9,ssp245,2034,1.35,-0.72,3.028,4.418,8.0
Anchorage,61.22,-149.9,ssp245,2035,0.76,-1.03,3.281,4.656,8.0
Anchorage,61.22,-149.9,ssp245,2036,0.643,-1.293,2.851,4.47,8.0
Anchorage,61.22,-149.9,ssp245,2037,1.03,-0.504,3.701,4.375,8.0
Anchorage,61.22,-149.9,ssp245,2038,1.846,-0.296,4.155,4.666,8.0
Anchorage,61.22,-149.9,ssp245,2039,1.469,-0.765,3.6,4.399,8.0
Anchorage,61.22,-149.9,ssp245,2040,0.461,-1.382,1.959,4.477,7.0
Anchorage,61.22,-149.9,ssp245,2041,0.964,-1.349,2.772,4.827,7.0
Anchorage,61.22,-149.9,ssp245,2042,1.09,-1.464,3.2,4.486,7.0
Anchorage,61.22,-149.9,ssp245,2043,1.438,-1.088,3.622,4.946,7.0
Anchorage,61.22,-149.9,ssp245,2044,1.939,-0.614,5.21,4.993,7.0
Anchorage,61.22,-149.9,ssp245,2045,1.765,-0.649,3.501,5.034,7.0
Anchorage,61.22,-149.9,ssp245,2046,1.169,-1.442,2.806,4.517,7.0
Anchorage,61.22,-149.9,ssp245,2047,1.524,-0.467,3.303,4.817,7.0
Anchorage,61.22,-149.9,ssp245,2048,1.285,-1.254,2.828,4.75,7.0
Anchorage,61.22,-149.9,ssp245,2049,0.936,-1.167,2.554,4.62,7.0
Anchorage,61.22,-149.9,ssp245,2050,0.919,-1.545,3.194,4.569,7.0
Anchorage,61.22,-149.9,ssp245,2051,1.353,-0.423,3.919,4.582,7.0
Anchorage,61.22,-149.9,ssp245,2052,1.664,-0.921,3.576,4.662,7.0
Anchorage,61.22,-149.9,ssp245,2053,2.088,0.273,4.05,4.862,7.0
Anchorage,61.22,-149.9,ssp245,2054,1.341,-0.527,3.566,4.508,7.0
Anchorage,61.22,-149.9,ssp245,2055,1.732,-0.568,3.851,4.86,7.0
Anchorage,61.22,-149.9,ssp245,2056,1.924,-0.882,4.175,4.736,7.0
Anchorage,61.22,-149.9,ssp245,2057,1.885,-1.37,4.669,4.473,7.0
Anchorage,61.22,-149.9,ssp245,2058,2.593,0.321,4.125,5.343,7.0
Anchorage,61.22,-149.9,ssp245,2059,1.385,-2.109,3.662,4.689,7.0
Anchorage,61.22,-149.9,ssp245,2060,1.506,-0.607,3.452,4.878,7.0
Anchorage,61.22,-149.9,ssp245,2061,2.054,0.634,3.073,4.589,7.0
Anchorage,61.22,-149.9,ssp245,2062,2.625,-0.424,4.866,5.064,7.0
Anchorage,61.22,-149.9,ssp245,2063,1.846,-0.36,3.649,4.859,7.0
Anchorage,61.22,-149.9,ssp245,2064,2.097,-0.074,4.332,4.809,7.0
Anchorage,61.22,-149.9,ssp245,2065,2.881,0.602,4.639,5.136,7.0
Anchorage,61.22,-149.9,ssp245,2066,2.354,0.389,4.147,4.915,7.0
Anchorage,61.22,-149.9,ssp245,2067,2.596,-0.597,4.731,5.144,7.0
Anchorage,61.22,-149.9,ssp245,2068,2.395,-0.049,4.47,4.559,7.0
Anchorage,61.22,-149.9,ssp245,2069,2.32,-0.318,4.14,4.975,7.0
Anchorage,61.22,-149.9,ssp245,2070,2.346,-1.163,4.441,4.847,7.0
Anchorage,61.22,-149.9,ssp245,2071,2.489,-0.425,4.877,5.29,7.0
Anchorage,61.22,-149.9,ssp245,2072,2.279,-0.062,3.729,4.898,7.0
Anchorage,61.22,-149.9,ssp245,2073,2.99,-0.845,5.593,5.123,7.0
Anchorage,61.22,-149.9,ssp245,2074,3.12,-1.316,6.096,5.358,7.0
Anchorage,61.22,-149.9,ssp245,2075,2.326,0.324,4.053,4.73,7.0
Anchorage,61.22,-149.9,ssp245,2076,2.381,0.017,3.833,5.162,7.0
Anchorage,61.22,-149.9,ssp245,2077,2.736,-0.734,4.696,4.959,7.0
Anchorage,61.22,-149.9,ssp245,2078,2.773,-1.392,5.525,5.14,7.0
Anchorage,61.22,-149.9,ssp245,2079,3.405,-0.078,6.024,5.47,7.0
Anchorage,61.22,-149.9,ssp245,2080,3.004,-0.195,5.477,5.004,7.0
Anchorage,61.22,-149.9,ssp245,2081,1.834,-1.556,3.808,4.786,7.0
Anchorage,61.22,-149.9,ssp245,2082,2.662,0.103,4.49,5.468,7.0
Anchorage,61.22,-149.9,ssp245,2083,2.635,0.747,3.723,4.768,7.0
Anchorage,61.22,-149.9,ssp245,2084,3.019,0.849,4.638,5.242,7.0
Anchorage,61.22,-149.9,ssp245,2085,2.982,-0.335,5.406,5.065,7.0
Anchorage,61.22,-149.9,ssp245,2086,2.786,0.66,4.953,5.263,7.0
Anchorage,61.22,-149.9,ssp245,2087,2.522,-1.029,4.545,4.647,7.0
Anchorage,61.22,-149.9,ssp245,2088,2.948,0.751,4.514,4.722,7.0
Anchorage,61.22,-149.9,ssp245,2089,3.936,1.743,5.532,5.371,7.0
Anchorage,61.22,-149.9,ssp245,2090,3.756,1.643,5.591,5.475,7.0
Anchorage,61.22,-149.9,ssp245,2091,2.677,-0.781,5.305,5.0,7.0
Anchorage,61.22,-149.9,ssp245,2092,2.993,-0.129,5.169,4.982,7.0
Anchorage,61.22,-149.9,ssp245,2093,3.253,0.257,5.392,4.494,7.0
Anchorage,61.22,-149.9,ssp245,2094,2.751,0.13,4.469,5.157,7.0
Anchorage,61.22,-149.9,ssp245,2095,3.364,0.192,4.868,5.019,7.0
Anchorage,61.22,-149.9,ssp245,2096,2.811,-0.377,4.845,5.051,7.0
Anchorage,61.22,-149.9,ssp245,2097,3.067,0.964,5.091,5.045,7.0
Anchorage,61.22,-149.9,ssp245,2098,3.012,0.214,4.61,4.988,7.0
Anchorage,61.22,-149.9,ssp245,2099,3.231,0.146,5.552,4.766,7.0
Anchorage,61.22,-149.9,ssp245,2100,3.351,-0.026,6.159,5.059,7.0
Anchorage,61.22,-149.9,ssp585,2015,-0.809,-2.036,0.365,3.791,8.0
Anchorage,61.22,-149.9,ssp585,2016,-1.137,-3.042,0.79,4.145,8.0
Anchorage,61.22,-149.9,ssp585,2017,-1.108,-3.841,1.609,3.984,8.0
Anchorage,61.22,-149.9,ssp585,2018,0.055,-2.411,3.048,4.149,8.0
Anchorage,61.22,-149.9,ssp585,2019,0.876,-0.995,2.975,4.375,8.0
Anchorage,61.22,-149.9,ssp585,2020,0.278,-3.305,2.865,4.308,8.0
Anchorage,61.22,-149.9,ssp585,2021,0.0,-2.381,1.417,4.098,8.0
Anchorage,61.22,-149.9,ssp585,2022,-0.175,-2.643,1.56,4.238,8.0
Anchorage,61.22,-149.9,ssp585,2023,-0.009,-2.941,2.59,4.26,8.0
Anchorage,61.22,-149.9,ssp585,2024,0.078,-3.161,3.004,4.123,8.0
Anchorage,61.22,-149.9,ssp585,2025,-0.066,-2.31,2.362,4.398,8.0
Anchorage,61.22,-149.9,ssp585,2026,0.909,-1.174,4.149,4.066,8.0
Anchorage,61.22,-149.9,ssp585,2027,1.767,-0.012,4.096,4.443,8.0
Anchorage,61.22,-149.9,ssp585,2028,1.232,-0.521,2.701,4.308,8.0
Anchorage,61.22,-149.9,ssp585,2029,0.717,-0.96,3.305,4.264,8.0
Anchorage,61.22,-149.9,ssp585,2030,0.314,-2.062,2.586,4.121,8.0
Anchorage,61.22,-149.9,ssp585,2031,1.255,-0.528,3.32,4.245,8.0
Anchorage,61.22,-149.9,ssp585,2032,0.707,-1.22,3.151,4.418,8.0
Anchorage,61.22,-149.9,ssp585,2033,0.715,-1.265,2.345,4.478,8.0
Anchorage,61.22,-149.9,ssp585,2034,0.33,-1.607,1.933,4.117,8.0
Anchorage,61.22,-149.9,ssp585,2035,0.897,-2.327,3.234,4.741,8.0
Anchorage,61.22,-149.9,ssp585,2036,1.406,-0.902,3.875,4.657,8.0
Anchorage,61.22,-149.9,ssp585,2037,1.833,0.302,4.832,4.444,8.0
Anchorage,61.22,-149.9,ssp585,2038,0.772,-1.348,2.525,4.511,8.0
Anchorage,61.22,-149.9,ssp585,2039,0.691,-1.088,2.48,4.414,8.0
Anchorage,61.22,-149.9,ssp585,2040,1.395,-1.292,4.05,4.65,8.0
Anchorage,61.22,-149.9,ssp585,2041,1.85,-1.121,4.529,4.646,8.0
Anchorage,61.22,-149.9,ssp585,2042,1.139,-1.737,3.593,4.205,8.0
Anchorage,61.22,-149.9,ssp585,2043,1.513,-0.815,3.106,4.792,8.0
Anchorage,61.22,-149.9,ssp585,2044,1.922,-0.835,4.041,4.35,8.0
Anchorage,61.22,-149.9,ssp585,2045,1.744,-0.818,4.148,4.746,8.0
Anchorage,61.22,-149.9,ssp585,2046,1.597,-0.679,4.424,4.558,8.0
Anchorage,61.22,-149.9,ssp585,2047,1.693,-2.165,4.583,4.306,8.0
Anchorage,61.22,-149.9,ssp585,2048,2.472,-0.257,5.12,4.963,8.0
Anchorage,61.22,-149.9,ssp585,2049,2.708,-0.62,6.15,4.59,8.0
Anchorage,61.22,-149.9,ssp585,2050,2.448,0.388,4.396,4.387,8.0
Anchorage,61.22,-149.9,ssp585,2051,1.955,-1.037,4.237,4.434,8.0
Anchorage,61.22,-149.9,ssp585,2052,3.033,-1.124,5.533,4.844,8.0
Anchorage,61.22,-149.9,ssp585,2053,2.68,-0.259,5.108,4.569,8.0
Anchorage,61.22,-149.9,ssp585,2054,2.584,-1.412,5.002,4.522,8.0
Anchorage,61.22,-149.9,ssp585,2055,2.729,0.045,4.991,4.922,8.0
Anchorage,61.22,-149.9,ssp585,2056,3.254,0.166,5.642,4.97,8.0
Anchorage,61.22,-149.9,ssp585,2057,2.877,-0.215,4.641,4.404,8.0
Anchorage,61.22,-149.9,ssp585,2058,3.03,-0.945,5.327,4.848,8.0
Anchorage,61.22,-149.9,ssp585,2059,3.431,0.119,5.359,4.999,8.0
Anchorage,61.22,-149.9,ssp585,2060,2.796,-0.133,4.609,4.842,8.0
Anchorage,61.22,-149.9,ssp585,2061,3.729,1.573,5.73,4.591,8.0
Anchorage,61.22,-149.9,ssp585,2062,3.645,-0.442,7.251,4.896,8.0
Anchorage,61.22,-149.9,ssp585,2063,3.571,-0.085,6.715,5.095,8.0
Anchorage,61.22,-149.9,ssp585,2064,3.593,0.196,5.578,4.889,8.0
Anchorage,61.22,-149.9,ssp585,2065,3.453,1.159,5.575,4.851,8.0
Anchorage,61.22,-149.9,ssp585,2066,4.063,-0.017,6.763,5.304,8.0
Anchorage,61.22,-149.9,ssp585,2067,4.257,1.819,6.401,4.877,8.0
Anchorage,61.22,-149.9,ssp585,2068,3.666,0.603,6.345,4.973,8.0
Anchorage,61.22,-149.9,ssp585,2069,3.71,1.386,5.939,5.058,8.0
Anchorage,61.22,-149.9,ssp585,2070,4.504,1.198,6.938,5.135,8.0
Anchorage,61.22,-149.9,ssp585,2071,4.632,2.057,6.681,5.363,8.0
Anchorage,61.22,-149.9,ssp585,2072,4.509,0.608,6.881,5.025,8.0
Anchorage,61.22,-149.9,ssp585,2073,4.743,1.354,7.115,5.39,8.0
Anchorage,61.22,-149.9,ssp585,2074,4.333,0.679,6.521,5.424,8.0
Anchorage,61.22,-149.9,ssp585,2075,4.77,1.679,8.079,5.101,8.0
Anchorage,61.22,-149.9,ssp585,2076,4.253,-0.125,7.209,5.037,8.0
Anchorage,61.22,-149.9,ssp585,2077,5.123,1.295,7.857,5.216,8.0
Anchorage,61.22,-149.9,ssp585,2078,4.906,1.078,7.439,5.021,8.0
Anchorage,61.22,-149.9,ssp585,2079,5.844,3.357,7.857,5.016,8.0
Anchorage,61.22,-149.9,ssp585,2080,4.964,2.178,7.005,5.141,8.0
Anchorage,61.22,-149.9,ssp585,2081,5.172,1.58,7.367,5.343,8.0
Anchorage,61.22,-149.9,ssp585,2082,5.353,2.604,8.382,5.162,8.0
Anchorage,61.22,-149.9,ssp585,2083,5.248,1.474,8.051,5.036,8.0
Anchorage,61.22,-149.9,ssp585,2084,5.248,1.507,8.033,5.425,8.0
Anchorage,61.22,-149.9,ssp585,2085,5.2,1.393,7.784,5.25,8.0
Anchorage,61.22,-149.9,ssp585,2086,6.051,3.529,7.984,5.127,8.0
Anchorage,61.22,-149.9,ssp585,2087,6.287,3.153,8.727,5.346,8.0
Anchorage,61.22,-149.9,ssp585,2088,5.574,1.535,7.865,5.572,8.0
Anchorage,61.22,-149.9,ssp585,2089,6.065,2.217,8.516,5.343,8.0
Anchorage,61.22,-149.9,ssp585,2090,6.166,1.358,9.54,5.575,8.0
Anchorage,61.22,-149.9,ssp585,2091,6.604,2.553,9.851,5.381,8.0
Anchorage,61.22,-149.9,ssp585,2092,6.645,3.24,9.033,6.004,8.0
Anchorage,61.22,-149.9,ssp585,2093,5.813,3.739,7.456,5.089,8.0
Anchorage,61.22,-149.9,ssp585,2094,6.44,3.684,8.818,5.502,8.0
Anchorage,61.22,-149.9,ssp585,2095,6.317,1.593,9.803,5.61,8.0
Anchorage,61.22,-149.9,ssp585,2096,6.151,2.134,8.355,5.26,8.0
Anchorage,61.22,-149.9,ssp585,2097,5.699,1.796,8.445,5.552,8.0
Anchorage,61.22,-149.9,ssp585,2098,6.679,3.47,8.935,5.775,8.0
Anchorage,61.22,-149.9,ssp585,2099,7.458,4.665,9.073,5.609,8.0
Anchorage,61.22,-149.9,ssp585,2100,7.284,3.495,9.701,5.89,8.0
Bangkok,13.76,100.5,historical,1850,25.421,24.449,26.495,5.324,8.0
Bangkok,13.76,100.5,historical,1851,25.462,24.119,26.496,5.395,8.0
Bangkok,13.76,100.5,historical,1852,25.787,24.856,26.684,4.811,8.0
Bangkok,13.76,100.5,historical,1853,25.742,24.953,26.327,5.197,8.0
Bangkok,13.76,100.5,historical,1854,25.662,24.818,26.52,4.855,8.0
Bangkok,13.76,100.5,historical,1855,25.447,24.283,26.33,5.34,8.0
Bangkok,13.76,100.5,historical,1856,25.62,24.025,26.538,5.323,8.0
Bangkok,13.76,100.5,historical,1857,25.618,24.537,26.795,5.342,8.0
Bangkok,13.76,100.5,historical,1858,25.689,24.447,26.534,5.316,8.0
Bangkok,13.76,100.5,historical,1859,25.523,24.505,26.334,4.98,8.0
Bangkok,13.76,100.5,historical,1860,25.412,24.367,26.24,4.979,8.0
Bangkok,13.76,100.5,historical,1861,25.456,24.259,26.266,5.268,8.0
Bangkok,13.76,100.5,historical,1862,25.361,23.965,26.319,5.083,8.0
Bangkok,13.76,100.5,historical,1863,25.33,24.195,26.418,5.119,8.0
Bangkok,13.76,100.5,historical,1864,25.5,24.428,26.524,5.082,8.0
Bangkok,13.76,100.5,historical,1865,25.66,24.552,26.639,5.252,8.0
Bangkok,13.76,100.5,historical,1866,25.377,24.452,26.168,5.541,8.0
Bangkok,13.76,100.5,historical,1867,25.696,25.049,26.311,4.99,8.0
Bangkok,13.76,100.5,historical,1868,25.585,24.759,26.596,5.266,8.0
Bangkok,13.76,100.5,historical,1869,25.656,24.499,26.632,5.349,8.0
Bangkok,13.76,100.5,historical,1870,25.664,24.468,26.732,5.019,8.0
Bangkok,13.76,100.5,historical,1871,25.533,24.599,26.404,5.382,8.0
Bangkok,13.76,100.5,historical,1872,25.79,24.836,26.809,5.154,8.0
Bangkok,13.76,100.5,historical,1873,25.688,24.917,26.515,4.933,8.0
Bangkok,13.76,100.5,historical,1874,25.776,24.427,26.724,5.248,8.0
Bangkok,13.76,100.5,historical,1875,25.589,24.242,27.048,4.787,8.0
Bangkok,13.76,100.5,historical,1876,25.549,24.794,26.266,5.311,8.0
Bangkok,13.76,100.5,historical,1877,25.533,24.975,25.967,5.161,8.0
Bangkok,13.76,100.5,historical,1878,25.34,24.603,26.079,5.119,8.0
Bangkok,13.76,100.5,historical,1879,25.359,24.459,26.109,5.191,8.0
Bangkok,13.76,100.5,historical,1880,25.616,24.633,26.406,5.314,8.0
Bangkok,13.76,100.5,historical,1881,25.481,24.469,26.136,4.948,8.0
Bangkok,13.76,100.5,historical,1882,25.593,24.493,26.432,5.039,8.0
Bangkok,13.76,100.5,historical,1883,25.509,24.601,26.215,5.394,8.0
Bangkok,13.76,100.5,historical,1884,25.069,24.508,25.885,4.76,8.0
Bangkok,13.76,100.5,historical,1885,25.371,24.743,26.163,5.248,8.0
Bangkok,13.76,100.5,historical,1886,25.096,23.785,26.087,5.565,8.0
Bangkok,13.76,100.5,historical,1887,25.106,23.335,26.159,5.171,8.0
Bangkok,13.76,100.5,historical,1888,25.547,24.475,26.159,5.201,8.0
Bangkok,13.76,100.5,historical,1889,25.534,24.651,26.078,4.937,8.0
Bangkok,13.76,100.5,historical,1890,25.617,24.502,26.499,4.99,8.0
Bangkok,13.76,100.5,historical,1891,25.545,24.323,26.373,5.217,8.0
Bangkok,13.76,100.5,historical,1892,25.389,23.738,26.405,5.148,8.0
Bangkok,13.76,100.5,historical,1893,25.884,24.718,26.831,5.146,8.0
Bangkok,13.76,100.5,historical,1894,25.726,24.605,26.577,5.249,8.0
Bangkok,13.76,100.5,historical,1895,25.446,24.767,26.205,5.204,8.0
Bangkok,13.76,100.5,historical,1896,25.465,24.684,26.229,5.084,8.0
Bangkok,13.76,100.5,historical,1897,25.558,24.559,26.309,5.086,8.0
Bangkok,13.76,100.5,historical,1898,25.625,24.365,26.463,5.465,8.0
Bangkok,13.76,100.5,historical,1899,25.494,24.782,26.266,5.158,8.0
Bangkok,13.76,100.5,historical,1900,25.597,25.148,25.984,5.33,8.0
Bangkok,13.76,100.5,historical,1901,25.699,24.866,26.188,4.78,8.0
Bangkok,13.76,100.5,historical,1902,25.479,24.706,26.391,5.041,8.0
Bangkok,13.76,100.5,historical,1903,25.48,24.705,26.741,5.186,8.0
Bangkok,13.76,100.5,historical,1904,25.78,25.086,26.676,4.94,8.0
Bangkok,13.76,100.5,historical,1905,25.507,24.809,26.274,5.188,8.0
Bangkok,13.76,100.5,historical,1906,25.554,24.254,26.472,5.242,8.0
Bangkok,13.76,100.5,historical,1907,25.438,24.507,26.454,5.305,8.0
Bangkok,13.76,100.5,historical,1908,25.578,24.533,26.471,5.247,8.0
Bangkok,13.76,100.5,historical,1909,25.397,24.743,26.229,5.035,8.0
Bangkok,13.76,100.5,historical,1910,25.674,24.923,26.374,5.106,8.0
Bangkok,13.76,100.5,historical,1911,25.79,25.098,26.439,5.543,8.0
Bangkok,13.76,100.5,historical,1912,25.54,24.337,26.687,5.529,8.0
Bangkok,13.76,100.5,historical,1913,25.683,24.709,26.641,5.1,8.0
Bangkok,13.76,100.5,historical,1914,25.678,25.02,26.236,5.139,8.0
Bangkok,13.76,100.5,historical,1915,25.513,24.907,26.062,5.317,8.0
Bangkok,13.76,100.5,historical,1916,25.37,24.203,26.358,5.153,8.0
Bangkok,13.76,100.5,historical,1917,25.313,24.347,26.15,5.295,8.0
Bangkok,13.76,100.5,historical,1918,25.525,24.311,26.344,5.013,8.0
Bangkok,13.76,100.5,historical,1919,25.718,25.05,26.416,5.569,8.0
Bangkok,13.76,100.5,historical,1920,25.564,24.579,26.399,5.123,8.0
Bangkok,13.76,100.5,historical,1921,25.834,24.714,26.635,5.034,8.0
Bangkok,13.76,100.5,historical,1922,25.735,24.999,26.916,5.039,8.0
Bangkok,13.76,100.5,historical,1923,25.891,25.127,26.748,5.407,8.0
Bangkok,13.76,100.5,historical,1924,25.393,24.488,26.04,5.094,8.0
Bangkok,13.76,100.5,historical,1925,25.6,24.341,26.79,4.93,8.0
Bangkok,13.76,100.5,historical,1926,25.764,24.116,27.155,5.269,8.0
Bangkok,13.76,100.5,historical,1927,25.752,24.855,26.616,5.268,8.0
Bangkok,13.76,100.5,historical,1928,25.807,24.833,26.804,5.238,8.0
Bangkok,13.76,100.5,historical,1929,25.746,24.513,26.754,5.162,8.0
Bangkok,13.76,100.5,historical,1930,25.608,24.847,26.251,5.175,8.0
Bangkok,13.76,100.5,historical,1931,25.424,24.557,26.24,5.28,8.0
Bangkok,13.76,100.5,historical,1932,25.669,25.012,26.171,4.977,8.0
Bangkok,13.76,100.5,historical,1933,25.791,24.999,26.835,5.018,8.0
Bangkok,13.76,100.5,historical,1934,25.845,24.513,26.932,5.146,8.0
Bangkok,13.76,100.5,historical,1935,25.754,24.698,26.636,5.293,8.0
Bangkok,13.76,100.5,historical,1936,25.594,24.607,26.163,5.457,8.0
Bangkok,13.76,100.5,historical,1937,25.471,24.457,26.368,5.202,8.0
Bangkok,13.76,100.5,historical,1938,25.847,24.445,27.091,5.114,8.0
Bangkok,13.76,100.5,historical,1939,26.025,24.82,27.568,4.956,8.0
Bangkok,13.76,100.5,historical,1940,25.739,24.467,26.856,5.382,8.0
Bangkok,13.76,100.5,historical,1941,25.679,24.766,26.609,5.182,8.0
Bangkok,13.76,100.5,historical,1942,25.647,25.136,26.412,5.361,8.0
Bangkok,13.76,100.5,historical,1943,26.167,25.411,27.028,5.26,8.0
Bangkok,13.76,100.5,historical,1944,25.756,24.649,26.826,5.488,8.0
Bangkok,13.76,100.5,historical,1945,25.693,24.225,26.624,4.849,8.0
Bangkok,13.76,100.5,historical,1946,25.644,24.448,26.487,5.469,8.0
Bangkok,13.76,100.5,historical,1947,25.76,25.218,26.356,5.193,8.0
Bangkok,13.76,100.5,historical,1948,25.743,24.957,26.818,5.001,8.0
Bangkok,13.76,100.5,historical,1949,25.794,24.829,26.852,5.269,8.0
Bangkok,13.76,100.5,historical,1950,25.786,25.13,26.422,5.063,8.0
Bangkok,13.76,100.5,historical,1951,25.677,24.695,26.613,5.285,8.0
Bangkok,13.76,100.5,historical,1952,25.777,24.818,26.598,5.21,8.0
Bangkok,13.76,100.5,historical,1953,25.742,24.446,26.735,5.177,8.0
Bangkok,13.76,100.5,historical,1954,25.692,24.687,26.662,5.031,8.0
Bangkok,13.76,100.5,historical,1955,25.697,24.456,26.602,5.123,8.0
Bangkok,13.76,100.5,historical,1956,25.528,24.468,26.349,5.276,8.0
Bangkok,13.76,100.5,historical,1957,25.778,24.871,26.462,5.229,8.0
Bangkok,13.76,100.5,historical,1958,25.863,25.017,26.873,5.401,8.0
Bangkok,13.76,100.5,historical,1959,25.846,24.793,27.103,5.263,8.0
Bangkok,13.76,100.5,historical,1960,25.864,25.068,26.5,5.029,8.0
Bangkok,13.76,100.5,historical,1961,25.841,25.075,26.708,5.305,8.0
Bangkok,13.76,100.5,historical,1962,25.871,24.81,26.974,4.938,8.0
Bangkok,13.76,100.5,historical,1963,25.794,24.792,26.988,5.278,8.0
Bangkok,13.76,100.5,historical,1964,25.725,24.643,26.693,4.698,8.0
Bangkok,13.76,100.5,historical,1965,25.588,25.105,26.094,5.221,8.0
Bangkok,13.76,100.5,historical,1966,25.718,24.96,26.413,5.059,8.0
Bangkok,13.76,100.5,historical,1967,25.736,25.183,26.661,5.197,8.0
Bangkok,13.76,100.5,historical,1968,25.658,24.629,26.878,5.171,8.0
Bangkok,13.76,100.5,historical,1969,25.79,24.216,27.178,5.221,8.0
Bangkok,13.76,100.5,historical,1970,25.787,24.744,26.607,5.003,8.0
Bangkok,13.76,100.5,historical,1971,25.685,24.953,26.437,4.845,8.0
Bangkok,13.76,100.5,historical,1972,25.963,25.093,26.93,4.712,8.0
Bangkok,13.76,100.5,historical,1973,26.016,25.195,26.738,5.27,8.0
Bangkok,13.76,100.5,historical,1974,25.759,24.263,26.789,5.178,8.0
Bangkok,13.76,100.5,historical,1975,25.615,23.752,26.977,5.399,8.0
Bangkok,13.76,100.5,historical,1976,25.722,24.623,26.744,5.004,8.0
Bangkok,13.76,100.5,historical,1977,25.83,24.921,27.071,4.965,8.0
Bangkok,13.76,100.5,historical,1978,26.006,25.196,27.093,4.993,8.0
Bangkok,13.76,100.5,historical,1979,25.993,24.94,26.974,4.936,8.0
Bangkok,13.76,100.5,historical,1980,25.87,25.398,26.362,5.058,8.0
Bangkok,13.76,100.5,historical,1981,25.897,25.08,26.562,4.886,8.0
Bangkok,13.76,100.5,historical,1982,25.813,25.196,26.428,4.974,8.0
Bangkok,13.76,100.5,historical,1983,25.785,24.487,26.774,5.002,8.0
Bangkok,13.76,100.5,historical,1984,25.962,25.012,26.942,5.02,8.0
Bangkok,13.76,100.5,historical,1985,25.919,24.429,27.074,5.033,8.0
Bangkok,13.76,100.5,historical,1986,25.911,24.756,26.816,5.017,8.0
Bangkok,13.76,100.5,historical,1987,25.733,24.509,26.849,5.204,8.0
Bangkok,13.76,100.5,historical,1988,25.793,24.214,26.885,4.801,8.0
Bangkok,13.76,100.5,historical,1989,26.061,25.012,26.906,4.906,8.0
Bangkok,13.76,100.5,historical,1990,26.268,25.229,27.574,4.717,8.0
Bangkok,13.76,100.5,historical,1991,26.137,25.195,27.175,4.817,8.0
Bangkok,13.76,100.5,historical,1992,25.337,23.951,26.297,4.926,8.0
Bangkok,13.76,100.5,historical,1993,25.672,24.32,26.672,4.781,8.0
Bangkok,13.76,100.5,historical,1994,25.898,24.807,26.668,4.527,8.0
Bangkok,13.76,100.5,historical,1995,26.028,25.093,26.961,5.039,8.0
Bangkok,13.76,100.5,historical,1996,25.974,25.105,27.217,5.016,8.0
Bangkok,13.76,100.5,historical,1997,26.008,24.772,27.141,4.985,8.0
Bangkok,13.76,100.5,historical,1998,26.073,25.12,26.964,4.728,8.0
Bangkok,13.76,100.5,historical,1999,26.148,25.29,26.975,4.896,8.0
Bangkok,13.76,100.5,historical,2000,26.094,24.592,27.346,5.134,8.0
Bangkok,13.76,100.5,historical,2001,26.564,25.462,28.133,4.664,8.0
Bangkok,13.76,100.5,historical,2002,26.55,25.202,28.214,4.857,8.0
Bangkok,13.76,100.5,historical,2003,26.48,24.833,27.741,4.996,8.0
Bangkok,13.76,100.5,historical,2004,26.617,25.821,27.47,4.954,8.0
Bangkok,13.76,100.5,historical,2005,26.419,25.284,27.165,5.118,8.0
Bangkok,13.76,100.5,historical,2006,26.478,25.35,27.383,4.661,8.0
Bangkok,13.76,100.5,historical,2007,26.58,25.693,27.405,4.696,8.0
Bangkok,13.76,100.5,historical,2008,26.534,25.462,27.418,5.016,8.0
Bangkok,13.76,100.5,historical,2009,26.534,25.257,28.064,4.793,8.0
Bangkok,13.76,100.5,historical,2010,26.422,25.42,27.316,5.0,8.0
Bangkok,13.76,100.5,historical,2011,26.506,25.451,27.389,4.79,8.0
Bangkok,13.76,100.5,historical,2012,26.486,25.508,27.638,4.997,8.0
Bangkok,13.76,100.5,historical,2013,26.387,25.254,27.834,4.97,8.0
Bangkok,13.76,100.5,historical,2014,26.459,24.629,28.102,4.9,8.0
Bangkok,13.76,100.5,ssp126,2015,26.632,24.991,27.849,5.116,8.0
Bangkok,13.76,100.5,ssp126,2016,26.47,25.072,27.714,4.609,8.0
Bangkok,13.76,100.5,ssp126,2017,26.668,25.275,27.619,5.256,8.0
Bangkok,13.76,100.5,ssp126,2018,26.634,24.906,27.829,5.083,8.0
Bangkok,13.76,100.5,ssp126,2019,26.98,25.441,28.317,4.95,8.0
Bangkok,13.76,100.5,ssp126,2020,26.98,26.062,27.966,5.022,8.0
Bangkok,13.76,100.5,ssp126,2021,26.822,26.255,27.799,5.006,8.0
Bangkok,13.76,100.5,ssp126,2022,26.813,25.447,27.893,5.018,8.0
Bangkok,13.76,100.5,ssp126,2023,26.669,24.935,27.611,5.483,8.0
Bangkok,13.76,100.5,ssp126,2024,27.004,25.277,28.288,4.476,8.0
Bangkok,13.76,100.5,ssp126,2025,26.879,24.98,28.237,4.982,8.0
Bangkok,13.76,100.5,ssp126,2026,27.073,25.881,28.091,5.094,8.0
Bangkok,13.76,100.5,ssp126,2027,26.914,25.327,28.139,5.086,8.0
Bangkok,13.76,100.5,ssp126,2028,26.939,25.608,27.851,4.957,8.0
Bangkok,13.76,100.5,ssp126,2029,27.246,25.823,28.538,4.864,8.0
Bangkok,13.76,100.5,ssp126,2030,27.161,26.233,27.998,4.987,8.0
Bangkok,13.76,100.5,ssp126,2031,27.182,25.885,28.117,5.045,8.0
Bangkok,13.76,100.5,ssp126,2032,26.817,25.329,27.947,5.322,8.0
Bangkok,13.76,100.5,ssp126,2033,26.818,25.312,28.305,5.649,8.0
Bangkok,13.76,100.5,ssp126,2034,27.016,25.297,28.065,4.922,8.0
Bangkok,13.76,100.5,ssp126,2035,27.168,25.079,28.414,4.847,8.0
Bangkok,13.76,100.5,ssp126,2036,27.599,26.385,28.9,4.871,8.0
Bangkok,13.76,100.5,ssp126,2037,27.48,26.487,28.297,5.238,8.0
Bangkok,13.76,100.5,ssp126,2038,27.068,25.642,28.372,5.135,8.0
Bangkok,13.76,100.5,ssp126,2039,27.056,25.311,28.24,4.966,8.0
Bangkok,13.76,100.5,ssp126,2040,27.505,25.929,28.479,4.757,8.0
Bangkok,13.76,100.5,ssp126,2041,27.579,26.226,28.661,4.544,8.0
Bangkok,13.76,100.5,ssp126,2042,27.491,26.069,29.045,5.19,8.0
Bangkok,13.76,100.5,ssp126,2043,27.537,26.195,28.64,4.833,8.0
Bangkok,13.76,100.5,ssp126,2044,27.288,25.609,28.421,5.077,8.0
Bangkok,13.76,100.5,ssp126,2045,27.393,25.981,28.312,5.263,8.0
Bangkok,13.76,100.5,ssp126,2046,27.525,26.24,28.773,4.766,8.0
Bangkok,13.76,100.5,ssp126,2047,27.854,26.676,28.72,5.122,8.0
Bangkok,13.76,100.5,ssp126,2048,27.494,25.691,28.597,5.181,8.0
Bangkok,13.76,100.5,ssp126,2049,27.491,26.001,28.523,5.363,8.0
Bangkok,13.76,100.5,ssp126,2050,27.419,25.594,28.479,5.271,8.0
Bangkok,13.76,100.5,ssp126,2051,27.671,26.432,28.708,5.237,8.0
Bangkok,13.76,100.5,ssp126,2052,27.452,26.29,28.545,5.646,8.0
Bangkok,13.76,100.5,ssp126,2053,27.328,25.497,28.712,5.177,8.0
Bangkok,13.76,100.5,ssp126,2054,27.581,25.571,28.647,5.363,8.0
Bangkok,13.76,100.5,ssp126,2055,27.377,25.939,28.533,5.422,8.0
Bangkok,13.76,100.5,ssp126,2056,27.624,26.518,28.777,4.966,8.0
Bangkok,13.76,100.5,ssp126,2057,27.7,26.71,28.531,5.169,8.0
Bangkok,13.76,100.5,ssp126,2058,27.309,25.939,28.535,5.104,8.0
Bangkok,13.76,100.5,ssp126,2059,27.517,25.443,28.94,5.026,8.0
Bangkok,13.76,100.5,ssp126,2060,27.753,26.213,29.178,5.378,8.0
Bangkok,13.76,100.5,ssp126,2061,27.545,26.155,28.973,5.265,8.0
Bangkok,13.76,100.5,ssp126,2062,27.608,26.039,28.799,5.126,8.0
Bangkok,13.76,100.5,ssp126,2063,27.568,26.029,28.716,5.267,8.0
Bangkok,13.76,100.5,ssp126,2064,27.581,25.864,28.929,4.664,8.0
Bangkok,13.76,100.5,ssp126,2065,27.455,25.666,28.751,5.056,8.0
Bangkok,13.76,100.5,ssp126,2066,27.907,26.693,29.193,4.648,8.0
Bangkok,13.76,100.5,ssp126,2067,27.731,26.223,28.771,5.369,8.0
Bangkok,13.76,100.5,ssp126,2068,27.48,26.381,28.556,5.243,8.0
Bangkok,13.76,100.5,ssp126,2069,27.737,26.551,28.81,5.114,8.0
Bangkok,13.76,100.5,ssp126,2070,27.645,26.358,28.46,5.217,8.0
Bangkok,13.76,100.5,ssp126,2071,27.334,25.822,28.851,5.428,8.0
Bangkok,13.76,100.5,ssp126,2072,27.372,25.951,28.57,5.376,8.0
Bangkok,13.76,100.5,ssp126,2073,27.608,25.178,29.172,4.909,8.0
Bangkok,13.76,100.5,ssp126,2074,27.692,26.083,28.873,5.111,8.0
Bangkok,13.76,100.5,ssp126,2075,27.594,26.066,28.634,5.163,8.0
Bangkok,13.76,100.5,ssp126,2076,27.453,25.78,28.756,5.114,8.0
Bangkok,13.76,100.5,ssp126,2077,27.676,26.355,29.016,5.077,8.0
Bangkok,13.76,100.5,ssp126,2078,27.862,26.765,29.016,5.053,8.0
Bangkok,13.76,100.5,ssp126,2079,27.632,25.721,28.858,5.369,8.0
Bangkok,13.76,100.5,ssp126,2080,27.555,26.511,28.518,5.067,8.0
Bangkok,13.76,100.5,ssp126,2081,27.857,26.503,29.092,4.907,8.0
Bangkok,13.76,100.5,ssp126,2082,27.81,26.189,29.045,5.154,8.0
Bangkok,13.76,100.5,ssp126,2083,27.53,26.266,28.954,5.22,8.0
Bangkok,13.76,100.5,ssp126,2084,27.483,25.909,28.622,4.839,8.0
Bangkok,13.76,100.5,ssp126,2085,27.768,26.385,28.907,4.862,8.0
Bangkok,13.76,100.5,ssp126,2086,27.847,26.607,28.82,5.142,8.0
Bangkok,13.76,100.5,ssp126,2087,27.437,25.507,28.878,5.485,8.0
Bangkok,13.76,100.5,ssp126,2088,27.69,26.266,28.934,5.163,8.0
Bangkok,13.76,100.5,ssp126,2089,27.458,26.163,28.575,5.655,8.0
Bangkok,13.76,100.5,ssp126,2090,27.525,26.219,28.799,5.044,8.0
Bangkok,13.76,100.5,ssp126,2091,27.715,25.729,28.935,5.133,8.0
Bangkok,13.76,100.5,ssp126,2092,27.657,25.711,29.052,5.256,8.0
Bangkok,13.76,100.5,ssp126,2093,27.555,25.808,28.655,4.959,8.0
Bangkok,13.76,100.5,ssp126,2094,27.501,25.849,28.605,5.087,8.0
Bangkok,13.76,100.5,ssp126,2095,27.684,26.37,28.762,5.062,8.0
Bangkok,13.76,100.5,ssp126,2096,27.615,25.736,28.886,5.125,8.0
Bangkok,13.76,100.5,ssp126,2097,27.522,26.061,29.19,5.423,8.0
Bangkok,13.76,100.5,ssp126,2098,27.206,25.586,28.876,5.114,8.0
Bangkok,13.76,100.5,ssp126,2099,27.559,26.406,28.734,5.501,8.0
Bangkok,13.76,100.5,ssp126,2100,27.862,26.569,28.707,5.123,8.0
Bangkok,13.76,100.5,ssp245,2015,26.403,24.875,27.41,4.826,8.0
Bangkok,13.76,100.5,ssp245,2016,26.412,25.085,27.346,4.754,8.0
Bangkok,13.76,100.5,ssp245,2017,26.855,25.808,27.889,4.866,8.0
Bangkok,13.76,100.5,ssp245,2018,26.979,26.064,27.854,5.223,8.0
Bangkok,13.76,100.5,ssp245,2019,26.579,25.505,27.823,4.847,8.0
Bangkok,13.76,100.5,ssp245,2020,26.679,25.064,27.909,4.743,8.0
Bangkok,13.76,100.5,ssp245,2021,26.784,25.755,28.049,4.981,8.0
Bangkok,13.76,100.5,ssp245,2022,26.658,25.161,28.192,4.73,8.0
Bangkok,13.76,100.5,ssp245,2023,26.912,25.837,27.996,4.987,8.0
Bangkok,13.76,100.5,ssp245,2024,27.132,25.549,28.427,4.773,8.0
Bangkok,13.76,100.5,ssp245,2025,26.992,25.252,28.456,4.608,8.0
Bangkok,13.76,100.5,ssp245,2026,27.137,26.238,28.178,4.725,8.0
Bangkok,13.76,100.5,ssp245,2027,27.067,25.662,28.098,4.966,8.0
Bangkok,13.76,100.5,ssp245,2028,26.869,25.313,27.884,4.72,8.0
Bangkok,13.76,100.5,ssp245,2029,26.902,25.501,27.941,4.842,8.0
Bangkok,13.76,100.5,ssp245,2030,27.346,26.206,28.578,4.488,8.0
Bangkok,13.76,100.5,ssp245,2031,27.341,25.714,28.62,4.818,8.0
Bangkok,13.76,100.5,ssp245,2032,27.165,25.512,28.581,5.214,8.0
Bangkok,13.76,100.5,ssp245,2033,27.131,25.589,28.423,5.051,8.0
Bangkok,13.76,100.5,ssp245,2034,27.416,26.491,28.272,4.826,8.0
Bangkok,13.76,100.5,ssp245,2035,27.175,25.449,28.481,5.144,8.0
Bangkok,13.76,100.5,ssp245,2036,27.056,25.001,28.902,5.128,8.0
Bangkok,13.76,100.5,ssp245,2037,27.425,25.987,28.815,4.83,8.0
Bangkok,13.76,100.5,ssp245,2038,27.692,26.357,28.623,4.804,8.0
Bangkok,13.76,100.5,ssp245,2039,27.559,26.265,28.572,5.259,8.0
Bangkok,13.76,100.5,ssp245,2040,27.482,25.735,28.537,4.653,7.0
Bangkok,13.76,100.5,ssp245,2041,27.288,25.998,29.102,5.5,7.0
Bangkok,13.76,100.5,ssp245,2042,27.43,25.483,28.826,4.916,7.0
Bangkok,13.76,100.5,ssp245,2043,27.541,25.623,28.919,5.417,7.0
Bangkok,13.76,100.5,ssp245,2044,27.234,25.422,28.659,5.253,7.0
Bangkok,13.76,100.5,ssp245,2045,27.174,25.552,28.5,5.399,7.0
Bangkok,13.76,100.5,ssp245,2046,27.255,25.803,28.587,5.225,7.0
Bangkok,13.76,100.5,ssp245,2047,27.536,26.008,28.944,5.143,7.0
Bangkok,13.76,100.5,ssp245,2048,27.663,25.888,28.802,5.001,7.0
Bangkok,13.76,100.5,ssp245,2049,27.867,26.616,28.779,5.527,7.0
Bangkok,13.76,100.5,ssp245,2050,27.698,26.009,29.135,5.231,7.0
Bangkok,13.76,100.5,ssp245,2051,27.552,26.176,28.795,5.134,7.0
Bangkok,13.76,100.5,ssp245,2052,27.722,26.237,29.008,4.985,7.0
Bangkok,13.76,100.5,ssp245,2053,27.986,26.346,29.611,4.968,7.0
Bangkok,13.76,100.5,ssp245,2054,27.637,25.743,29.134,5.347,7.0
Bangkok,13.76,100.5,ssp245,2055,27.697,26.389,28.776,5.0,7.0
Bangkok,13.76,100.5,ssp245,2056,28.019,26.185,29.257,5.274,7.0
Bangkok,13.76,100.5,ssp245,2057,28.028,26.663,29.245,4.642,7.0
Bangkok,13.76,100.5,ssp245,2058,27.959,25.867,29.405,5.257,7.0
Bangkok,13.76,100.5,ssp245,2059,27.853,25.952,29.435,5.12,7.0
Bangkok,13.76,100.5,ssp245,2060,27.784,25.993,29.151,5.526,7.0
Bangkok,13.76,100.5,ssp245,2061,27.833,25.853,29.36,5.064,7.0
Bangkok,13.76,100.5,ssp245,2062,27.751,25.621,29.447,5.236,7.0
Bangkok,13.76,100.5,ssp245,2063,28.038,26.626,29.594,5.222,7.0
Bangkok,13.76,100.5,ssp245,2064,28.18,26.83,29.485,5.085,7.0
Bangkok,13.76,100.5,ssp245,2065,28.17,26.171,29.444,5.159,7.0
Bangkok,13.76,100.5,ssp245,2066,28.069,26.319,29.636,5.286,7.0
Bangkok,13.76,100.5,ssp245,2067,28.051,26.151,29.487,4.931,7.0
Bangkok,13.76,100.5,ssp245,2068,28.196,26.509,29.454,4.981,7.0
Bangkok,13.76,100.5,ssp245,2069,28.158,26.231,29.375,4.981,7.0
Bangkok,13.76,100.5,ssp245,2070,28.291,26.322,29.519,5.067,7.0
Bangkok,13.76,100.5,ssp245,2071,28.289,26.494,29.608,4.506,7.0
Bangkok,13.76,100.5,ssp245,2072,28.316,26.592,29.741,5.396,7.0
Bangkok,13.76,100.5,ssp245,2073,28.295,26.315,30.113,5.201,7.0
Bangkok,13.76,100.5,ssp245,2074,28.445,26.525,30.047,5.526,7.0
Bangkok,13.76,100.5,ssp245,2075,28.51,26.931,29.663,5.511,7.0
Bangkok,13.76,100.5,ssp245,2076,28.24,26.533,29.664,5.077,7.0
Bangkok,13.76,100.5,ssp245,2077,28.408,26.422,29.77,5.01,7.0
Bangkok,13.76,100.5,ssp245,2078,28.485,26.436,30.131,5.196,7.0
Bangkok,13.76,100.5,ssp245,2079,28.549,26.893,30.167,5.188,7.0
Bangkok,13.76,100.5,ssp245,2080,28.385,26.454,29.941,5.35,7.0
Bangkok,13.76,100.5,ssp245,2081,28.263,25.966,29.704,5.495,7.0
Bangkok,13.76,100.5,ssp245,2082,28.354,26.778,29.79,4.791,7.0
Bangkok,13.76,100.5,ssp245,2083,28.715,27.139,30.256,4.983,7.0
Bangkok,13.76,100.5,ssp245,2084,28.292,25.946,29.86,5.537,7.0
Bangkok,13.76,100.5,ssp245,2085,28.606,26.643,30.141,4.978,7.0
Bangkok,13.76,100.5,ssp245,2086,28.574,26.87,30.17,5.441,7.0
Bangkok,13.76,100.5,ssp245,2087,28.396,26.269,29.786,5.018,7.0
Bangkok,13.76,100.5,ssp245,2088,28.402,26.324,29.833,5.272,7.0
Bangkok,13.76,100.5,ssp245,2089,28.916,27.11,30.484,4.981,7.0
Bangkok,13.76,100.5,ssp245,2090,28.818,27.007,30.458,5.173,7.0
Bangkok,13.76,100.5,ssp245,2091,28.506,25.954,30.229,5.362,7.0
Bangkok,13.76,100.5,ssp245,2092,28.535,26.279,30.055,5.188,7.0
Bangkok,13.76,100.5,ssp245,2093,28.487,26.117,30.172,5.162,7.0
Bangkok,13.76,100.5,ssp245,2094,28.479,26.554,29.771,4.865,7.0
Bangkok,13.76,100.5,ssp245,2095,28.976,27.062,30.389,5.025,7.0
Bangkok,13.76,100.5,ssp245,2096,28.819,26.415,30.384,4.729,7.0
Bangkok,13.76,100.5,ssp245,2097,28.621,26.731,29.77,5.247,7.0
Bangkok,13.76,100.5,ssp245,2098,28.657,26.894,30.223,5.052,7.0
Bangkok,13.76,100.5,ssp245,2099,28.816,26.559,30.305,4.852,7.0
Bangkok,13.76,100.5,ssp245,2100,28.693,26.831,29.944,5.102,7.0
Bangkok,13.76,100.5,ssp585,2015,26.496,24.923,27.524,4.957,8.0
Bangkok,13.76,100.5,ssp585,2016,26.509,25.393,27.755,4.902,8.0
Bangkok,13.76,100.5,ssp585,2017,26.299,25.124,27.341,4.951,8.0
Bangkok,13.76,100.5,ssp585,2018,26.758,25.359,27.903,4.746,8.0
Bangkok,13.76,100.5,ssp585,2019,27.459,25.892,28.897,4.62,8.0
Bangkok,13.76,100.5,ssp585,2020,26.816,24.605,28.554,5.593,8.0
Bangkok,13.76,100.5,ssp585,2021,26.782,25.599,27.699,5.065,8.0
Bangkok,13.76,100.5,ssp585,2022,26.595,25.48,27.568,4.782,8.0
Bangkok,13.76,100.5,ssp585,2023,26.857,25.239,27.932,4.752,8.0
Bangkok,13.76,100.5,ssp585,2024,26.952,25.149,28.164,4.977,8.0
Bangkok,13.76,100.5,ssp585,2025,27.015,25.434,28.44,4.841,8.0
Bangkok,13.76,100.5,ssp585,2026,26.888,25.014,28.413,4.857,8.0
Bangkok,13.76,100.5,ssp585,2027,27.196,25.867,28.349,4.609,8.0
Bangkok,13.76,100.5,ssp585,2028,27.176,26.11,28.192,5.08,8.0
Bangkok,13.76,100.5,ssp585,2029,26.967,25.573,28.036,5.032,8.0
Bangkok,13.76,100.5,ssp585,2030,26.987,25.084,28.191,5.023,8.0
Bangkok,13.76,100.5,ssp585,2031,27.656,26.108,28.84,4.617,8.0
Bangkok,13.76,100.5,ssp585,2032,27.462,26.326,28.524,5.115,8.0
Bangkok,13.76,100.5,ssp585,2033,27.186,26.1,28.002,5.095,8.0
Bangkok,13.76,100.5,ssp585,2034,26.755,25.011,28.051,5.382,8.0
Bangkok,13.76,100.5,ssp585,2035,27.098,25.273,28.378,5.239,8.0
Bangkok,13.76,100.5,ssp585,2036,27.553,26.233,28.567,4.866,8.0
Bangkok,13.76,100.5,ssp585,2037,27.591,25.935,28.897,5.223,8.0
Bangkok,13.76,100.5,ssp585,2038,27.229,25.943,28.576,5.421,8.0
Bangkok,13.76,100.5,ssp585,2039,27.24,26.131,28.579,5.103,8.0
Bangkok,13.76,100.5,ssp585,2040,28.034,26.928,29.045,4.972,8.0
Bangkok,13.76,100.5,ssp585,2041,27.78,26.016,29.014,4.964,8.0
Bangkok,13.76,100.5,ssp585,2042,27.358,25.586,28.81,4.984,8.0
Bangkok,13.76,100.5,ssp585,2043,27.64,25.776,28.867,5.032,8.0
Bangkok,13.76,100.5,ssp585,2044,28.021,26.995,28.992,4.662,8.0
Bangkok,13.76,100.5,ssp585,2045,27.845,26.449,29.014,4.821,8.0
Bangkok,13.76,100.5,ssp585,2046,28.078,26.537,28.974,5.023,8.0
Bangkok,13.76,100.5,ssp585,2047,28.111,26.138,29.369,5.002,8.0
Bangkok,13.76,100.5,ssp585,2048,28.103,26.557,29.295,5.421,8.0
Bangkok,13.76,100.5,ssp585,2049,28.008,26.601,29.075,5.301,8.0
Bangkok,13.76,100.5,ssp585,2050,27.852,25.489,29.192,5.346,8.0
Bangkok,13.76,100.5,ssp585,2051,28.182,26.814,29.893,5.18,8.0
Bangkok,13.76,100.5,ssp585,2052,28.311,26.636,29.798,5.327,8.0
Bangkok,13.76,100.5,ssp585,2053,28.274,26.145,29.694,5.526,8.0
Bangkok,13.76,100.5,ssp585,2054,28.451,26.839,29.749,4.751,8.0
Bangkok,13.76,100.5,ssp585,2055,28.509,27.003,30.207,5.264,8.0
Bangkok,13.76,100.5,ssp585,2056,28.677,26.892,30.175,4.863,8.0
Bangkok,13.76,100.5,ssp585,2057,28.949,27.045,30.349,5.387,8.0
Bangkok,13.76,100.5,ssp585,2058,28.85,26.521,30.07,5.115,8.0
Bangkok,13.76,100.5,ssp585,2059,28.672,26.898,29.916,5.464,8.0
Bangkok,13.76,100.5,ssp585,2060,28.588,26.587,30.228,4.792,8.0
Bangkok,13.76,100.5,ssp585,2061,28.78,26.864,30.352,5.132,8.0
Bangkok,13.76,100.5,ssp585,2062,28.953,26.607,30.65,5.065,8.0
Bangkok,13.76,100.5,ssp585,2063,29.055,26.579,30.582,5.257,8.0
Bangkok,13.76,100.5,ssp585,2064,28.979,27.106,30.683,5.003,8.0
Bangkok,13.76,100.5,ssp585,2065,28.841,26.475,30.982,5.127,8.0
Bangkok,13.76,100.5,ssp585,2066,29.157,26.964,30.711,5.041,8.0
Bangkok,13.76,100.5,ssp585,2067,29.43,27.036,31.209,4.979,8.0
Bangkok,13.76,100.5,ssp585,2068,28.993,26.753,31.071,5.629,8.0
Bangkok,13.76,100.5,ssp585,2069,29.049,27.103,30.977,5.581,8.0
Bangkok,13.76,100.5,ssp585,2070,29.343,27.469,30.929,4.866,8.0
Bangkok,13.76,100.5,ssp585,2071,29.775,27.727,31.311,4.72,8.0
Bangkok,13.76,100.5,ssp585,2072,29.502,27.304,31.403,5.159,8.0
Bangkok,13.76,100.5,ssp585,2073,29.686,27.853,31.108,4.81,8.0
Bangkok,13.76,100.5,ssp585,2074,29.886,27.692,31.194,5.188,8.0
Bangkok,13.76,100.5,ssp585,2075,29.874,27.602,31.355,4.648,8.0
Bangkok,13.76,100.5,ssp585,2076,29.603,27.152,31.491,5.238,8.0
Bangkok,13.76,100.5,ssp585,2077,29.56,27.562,31.5,5.159,8.0
Bangkok,13.76,100.5,ssp585,2078,29.808,27.755,31.527,5.366,8.0
Bangkok,13.76,100.5,ssp585,2079,30.07,27.732,31.764,4.941,8.0
Bangkok,13.76,100.5,ssp585,2080,30.136,27.351,32.024,4.968,8.0
Bangkok,13.76,100.5,ssp585,2081,29.99,28.242,31.694,5.236,8.0
Bangkok,13.76,100.5,ssp585,2082,30.169,28.2,31.87,5.357,8.0
Bangkok,13.76,100.5,ssp585,2083,30.165,27.696,32.076,5.388,8.0
Bangkok,13.76,100.5,ssp585,2084,30.3,27.727,32.656,4.854,8.0
Bangkok,13.76,100.5,ssp585,2085,30.066,27.5,32.544,5.904,8.0
Bangkok,13.76,100.5,ssp585,2086,30.469,28.18,32.506,5.087,8.0
Bangkok,13.76,100.5,ssp585,2087,30.635,28.591,32.252,5.346,8.0
Bangkok,13.76,100.5,ssp585,2088,30.362,27.802,32.759,5.235,8.0
Bangkok,13.76,100.5,ssp585,2089,30.536,28.374,32.579,4.976,8.0
Bangkok,13.76,100.5,ssp585,2090,30.753,27.965,32.972,4.865,8.0
Bangkok,13.76,100.5,ssp585,2091,30.961,28.245,32.766,5.08,8.0
Bangkok,13.76,100.5,ssp585,2092,31.014,28.263,32.54,5.072,8.0
Bangkok,13.76,100.5,ssp585,2093,31.028,28.411,33.09,4.76,8.0
Bangkok,13.76,100.5,ssp585,2094,31.116,28.247,33.275,5.339,8.0
Bangkok,13.76,100.5,ssp585,2095,31.22,28.009,33.733,5.51,8.0
Bangkok,13.76,100.5,ssp585,2096,31.396,28.641,33.691,5.07,8.0
Bangkok,13.76,100.5,ssp585,2097,30.873,27.505,33.39,5.143,8.0
Bangkok,13.76,100.5,ssp585,2098,31.499,28.892,33.871,4.86,8.0
Bangkok,13.76,100.5,ssp585,2099,31.539,29.564,33.455,5.16,8.0
Bangkok,13.76,100.5,ssp585,2100,31.604,28.893,33.738,4.866,8.0
Beijing,39.9,116.41,historical,1850,8.16,4.977,10.206,1.906,8.0
Beijing,39.9,116.41,historical,1851,8.225,5.452,10.337,1.758,8.0
Beijing,39.9,116.41,historical,1852,8.488,5.99,10.224,1.719,8.0
Beijing,39.9,116.41,historical,1853,8.079,5.717,9.794,1.636,8.0
Beijing,39.9,116.41,historical,1854,7.984,5.351,9.967,1.773,8.0
Beijing,39.9,116.41,historical,1855,8.222,5.573,10.016,1.758,8.0
Beijing,39.9,116.41,historical,1856,8.591,5.726,10.42,1.729,8.0
Beijing,39.9,116.41,historical,1857,8.484,6.155,10.241,1.78,8.0
Beijing,39.9,116.41,historical,1858,8.207,5.782,9.991,1.978,8.0
Beijing,39.9,116.41,historical,1859,8.111,5.49,9.765,1.92,8.0
Beijing,39.9,116.41,historical,1860,8.17,5.71,10.23,1.944,8.0
Beijing,39.9,116.41,historical,1861,8.289,5.832,9.973,1.839,8.0
Beijing,39.9,116.41,historical,1862,8.139,6.196,9.804,1.815,8.0
Beijing,39.9,116.41,historical,1863,8.068,5.958,9.842,1.969,8.0
Beijing,39.9,116.41,historical,1864,8.441,6.335,9.851,1.767,8.0
Beijing,39.9,116.41,historical,1865,8.204,6.021,9.884,1.866,8.0
Beijing,39.9,116.41,historical,1866,8.411,5.998,10.175,1.794,8.0
Beijing,39.9,116.41,historical,1867,8.183,5.798,9.796,1.95,8.0
Beijing,39.9,116.41,historical,1868,8.387,6.284,9.994,1.63,8.0
Beijing,39.9,116.41,historical,1869,8.553,6.319,10.094,1.822,8.0
Beijing,39.9,116.41,historical,1870,7.982,5.941,9.514,1.707,8.0
Beijing,39.9,116.41,historical,1871,8.246,6.34,9.715,1.917,8.0
Beijing,39.9,116.41,historical,1872,8.044,5.411,10.033,1.86,8.0
Beijing,39.9,116.41,historical,1873,8.487,6.6,10.371,1.6,8.0
Beijing,39.9,116.41,historical,1874,8.085,6.084,10.023,1.777,8.0
Beijing,39.9,116.41,historical,1875,8.381,6.268,10.31,1.86,8.0
Beijing,39.9,116.41,historical,1876,8.352,6.287,10.059,1.711,8.0
Beijing,39.9,116.41,historical,1877,8.476,6.806,9.73,1.735,8.0
Beijing,39.9,116.41,historical,1878,8.296,6.162,10.124,2.063,8.0
Beijing,39.9,116.41,historical,1879,8.192,5.807,10.101,1.548,8.0
Beijing,39.9,116.41,historical,1880,8.346,5.403,10.593,1.598,8.0
Beijing,39.9,116.41,historical,1881,8.305,6.294,10.162,1.723,8.0
Beijing,39.9,116.41,historical,1882,8.672,6.437,10.668,1.871,8.0
Beijing,39.9,116.41,historical,1883,8.115,5.815,9.655,1.643,8.0
Beijing,39.9,116.41,historical,1884,7.846,5.569,9.695,1.635,8.0
Beijing,39.9,116.41,historical,1885,7.376,4.945,9.106,1.601,8.0
Beijing,39.9,116.41,historical,1886,8.375,6.055,10.283,1.753,8.0
Beijing,39.9,116.41,historical,1887,8.044,6.118,9.868,1.846,8.0
Beijing,39.9,116.41,historical,1888,8.171,5.816,10.065,1.696,8.0
Beijing,39.9,116.41,historical,1889,8.226,6.025,10.171,1.87,8.0
Beijing,39.9,116.41,historical,1890,8.532,5.992,10.297,1.505,8.0
Beijing,39.9,116.41,historical,1891,8.164,6.291,10.021,1.724,8.0
Beijing,39.9,116.41,historical,1892,8.524,6.371,10.392,1.476,8.0
Beijing,39.9,116.41,historical,1893,8.63,6.48,10.39,1.652,8.0
Beijing,39.9,116.41,historical,1894,8.414,6.08,9.905,1.621,8.0
Beijing,39.9,116.41,historical,1895,8.407,5.9,10.075,1.816,8.0
Beijing,39.9,116.41,historical,1896,8.656,6.562,10.062,1.48,8.0
Beijing,39.9,116.41,historical,1897,8.407,5.708,10.634,1.805,8.0
Beijing,39.9,116.41,historical,1898,7.893,5.984,9.577,1.829,8.0
Beijing,39.9,116.41,historical,1899,8.282,5.886,10.299,1.785,8.0
Beijing,39.9,116.41,historical,1900,8.335,6.355,9.802,1.807,8.0
Beijing,39.9,116.41,historical,1901,8.3,6.405,9.572,1.651,8.0
Beijing,39.9,116.41,historical,1902,8.318,6.481,9.79,1.693,8.0
Beijing,39.9,116.41,historical,1903,7.613,5.389,9.133,1.586,8.0
Beijing,39.9,116.41,historical,1904,7.517,4.678,9.533,1.697,8.0
Beijing,39.9,116.41,historical,1905,8.448,6.428,10.221,1.867,8.0
Beijing,39.9,116.41,historical,1906,8.348,6.316,9.899,1.702,8.0
Beijing,39.9,116.41,historical,1907,8.25,5.416,9.594,1.639,8.0
Beijing,39.9,116.41,historical,1908,8.098,5.633,10.086,1.612,8.0
Beijing,39.9,116.41,historical,1909,8.258,5.687,10.048,1.887,8.0
Beijing,39.9,116.41,historical,1910,8.047,5.838,9.815,2.053,8.0
Beijing,39.9,116.41,historical,1911,8.375,5.887,10.188,1.6,8.0
Beijing,39.9,116.41,historical,1912,8.003,5.277,9.885,1.547,8.0
Beijing,39.9,116.41,historical,1913,7.744,5.525,9.42,1.812,8.0
Beijing,39.9,116.41,historical,1914,7.966,5.507,9.63,1.586,8.0
Beijing,39.9,116.41,historical,1915,8.329,6.53,9.632,1.524,8.0
Beijing,39.9,116.41,historical,1916,8.359,6.258,10.369,1.661,8.0
Beijing,39.9,116.41,historical,1917,8.09,6.214,9.976,1.84,8.0
Beijing,39.9,116.41,historical,1918,8.465,6.242,10.011,1.633,8.0
Beijing,39.9,116.41,historical,1919,7.898,5.548,9.677,1.69,8.0
Beijing,39.9,116.41,historical,1920,8.131,5.943,10.111,1.857,8.0
Beijing,39.9,116.41,historical,1921,8.266,6.073,9.85,1.913,8.0
Beijing,39.9,116.41,historical,1922,8.223,6.055,9.812,1.644,8.0
Beijing,39.9,116.41,historical,1923,8.641,7.099,10.455,1.768,8.0
Beijing,39.9,116.41,historical,1924,8.074,6.122,9.575,1.963,8.0
Beijing,39.9,116.41,historical,1925,8.293,6.192,9.623,1.609,8.0
Beijing,39.9,116.41,historical,1926,8.042,5.905,9.522,1.867,8.0
Beijing,39.9,116.41,historical,1927,8.544,7.04,9.589,1.901,8.0
Beijing,39.9,116.41,historical,1928,8.351,6.272,9.815,1.766,8.0
Beijing,39.9,116.41,historical,1929,7.9,5.989,9.23,1.773,8.0
Beijing,39.9,116.41,historical,1930,8.419,6.281,10.082,1.793,8.0
Beijing,39.9,116.41,historical,1931,8.417,6.089,10.255,1.629,8.0
Beijing,39.9,116.41,historical,1932,8.283,6.385,10.133,1.799,8.0
Beijing,39.9,116.41,historical,1933,8.459,6.002,10.154,1.943,8.0
Beijing,39.9,116.41,historical,1934,8.466,5.854,10.348,1.706,8.0
Beijing,39.9,116.41,historical,1935,8.676,6.425,10.67,1.494,8.0
Beijing,39.9,116.41,historical,1936,8.297,5.765,9.996,1.496,8.0
Beijing,39.9,116.41,historical,1937,9.014,6.688,11.085,1.487,8.0
Beijing,39.9,116.41,historical,1938,8.312,6.138,10.496,1.714,8.0
Beijing,39.9,116.41,historical,1939,8.527,6.49,10.732,1.675,8.0
Beijing,39.9,116.41,historical,1940,8.653,6.61,10.658,1.703,8.0
Beijing,39.9,116.41,historical,1941,8.593,6.465,10.284,1.735,8.0
Beijing,39.9,116.41,historical,1942,8.677,6.604,10.307,1.785,8.0
Beijing,39.9,116.41,historical,1943,8.249,5.679,10.279,1.747,8.0
Beijing,39.9,116.41,historical,1944,8.274,6.461,9.688,1.602,8.0
Beijing,39.9,116.41,historical,1945,8.564,6.222,10.219,1.437,8.0
Beijing,39.9,116.41,historical,1946,8.43,6.326,9.955,1.826,8.0
Beijing,39.9,116.41,historical,1947,8.53,6.376,10.281,1.452,8.0
Beijing,39.9,116.41,historical,1948,8.434,6.56,9.85,1.953,8.0
Beijing,39.9,116.41,historical,1949,8.599,5.935,10.302,1.79,8.0
Beijing,39.9,116.41,historical,1950,8.247,5.979,10.015,1.473,8.0
Beijing,39.9,116.41,historical,1951,8.447,6.32,10.384,1.623,8.0
Beijing,39.9,116.41,historical,1952,8.653,6.187,10.247,1.762,8.0
Beijing,39.9,116.41,historical,1953,8.622,6.748,10.153,1.407,8.0
Beijing,39.9,116.41,historical,1954,8.34,6.286,9.61,1.773,8.0
Beijing,39.9,116.41,historical,1955,8.7,6.683,10.309,1.768,8.0
Beijing,39.9,116.41,historical,1956,8.231,6.196,9.531,1.639,8.0
Beijing,39.9,116.41,historical,1957,7.914,5.436,9.878,1.856,8.0
Beijing,39.9,116.41,historical,1958,8.349,6.403,10.076,1.679,8.0
Beijing,39.9,116.41,historical,1959,8.466,6.06,10.441,1.58,8.0
Beijing,39.9,116.41,historical,1960,8.571,7.21,10.188,1.704,8.0
Beijing,39.9,116.41,historical,1961,8.024,5.751,9.45,1.57,8.0
Beijing,39.9,116.41,historical,1962,8.118,5.986,10.146,1.73,8.0
Beijing,39.9,116.41,historical,1963,8.648,6.473,10.386,1.558,8.0
Beijing,39.9,116.41,historical,1964,8.321,6.751,10.068,1.653,8.0
Beijing,39.9,116.41,historical,1965,8.418,6.914,9.558,1.532,8.0
Beijing,39.9,116.41,historical,1966,7.964,6.23,9.37,1.84,8.0
Beijing,39.9,116.41,historical,1967,8.104,5.686,9.624,1.607,8.0
Beijing,39.9,116.41,historical,1968,8.129,6.122,9.362,1.748,8.0
Beijing,39.9,116.41,historical,1969,8.236,6.351,10.015,1.663,8.0
Beijing,39.9,116.41,historical,1970,8.286,6.616,9.905,1.379,8.0
Beijing,39.9,116.41,historical,1971,8.248,6.505,9.585,1.737,8.0
Beijing,39.9,116.41,historical,1972,7.978,6.013,9.58,1.522,8.0
Beijing,39.9,116.41,historical,1973,8.142,6.378,9.762,1.652,8.0
Beijing,39.9,116.41,historical,1974,8.256,6.88,9.487,1.902,8.0
Beijing,39.9,116.41,historical,1975,8.051,6.081,9.563,1.744,8.0
Beijing,39.9,116.41,historical,1976,8.479,6.558,10.047,1.762,8.0
Beijing,39.9,116.41,historical,1977,8.444,6.1,10.111,1.578,8.0
Beijing,39.9,116.41,historical,1978,8.255,6.922,9.23,1.553,8.0
Beijing,39.9,116.41,historical,1979,7.975,6.464,9.267,1.904,8.0
Beijing,39.9,116.41,historical,1980,8.461,6.56,9.814,1.538,8.0
Beijing,39.9,116.41,historical,1981,7.789,6.617,9.113,1.833,8.0
Beijing,39.9,116.41,historical,1982,8.333,6.461,10.154,1.492,8.0
Beijing,39.9,116.41,historical,1983,7.78,6.509,9.432,1.565,8.0
Beijing,39.9,116.41,historical,1984,8.185,6.44,9.595,1.602,8.0
Beijing,39.9,116.41,historical,1985,8.188,5.808,10.045,1.676,8.0
Beijing,39.9,116.41,historical,1986,8.142,6.154,9.804,1.554,8.0
Beijing,39.9,116.41,historical,1987,8.418,6.776,10.284,1.541,8.0
Beijing,39.9,116.41,historical,1988,8.464,7.048,10.066,1.616,8.0
Beijing,39.9,116.41,historical,1989,8.598,6.487,10.164,1.531,8.0
Beijing,39.9,116.41,historical,1990,8.639,5.745,10.41,1.622,8.0
Beijing,39.9,116.41,historical,1991,8.391,7.059,9.678,1.851,8.0
Beijing,39.9,116.41,historical,1992,7.576,5.266,9.388,1.47,8.0
Beijing,39.9,116.41,historical,1993,8.008,6.116,9.698,1.652,8.0
Beijing,39.9,116.41,historical,1994,8.067,6.529,9.42,1.646,8.0
Beijing,39.9,116.41,historical,1995,7.95,5.822,9.541,1.808,8.0
Beijing,39.9,116.41,historical,1996,8.433,6.719,9.909,1.675,8.0
Beijing,39.9,116.41,historical,1997,8.612,6.521,9.975,1.736,8.0
Beijing,39.9,116.41,historical,1998,8.769,7.268,10.136,1.697,8.0
Beijing,39.9,116.41,historical,1999,8.635,6.646,10.124,1.917,8.0
Beijing,39.9,116.41,historical,2000,8.691,6.857,10.231,1.724,8.0
Beijing,39.9,116.41,historical,2001,8.989,7.0,10.727,1.64,8.0
Beijing,39.9,116.41,historical,2002,8.792,7.079,10.221,1.843,8.0
Beijing,39.9,116.41,historical,2003,8.904,7.252,10.571,1.721,8.0
Beijing,39.9,116.41,historical,2004,8.81,7.077,10.984,1.734,8.0
Beijing,39.9,116.41,historical,2005,8.774,7.106,10.223,1.706,8.0
Beijing,39.9,116.41,historical,2006,8.916,6.954,10.312,1.922,8.0
Beijing,39.9,116.41,historical,2007,8.719,7.236,10.425,1.676,8.0
Beijing,39.9,116.41,historical,2008,9.217,7.156,11.25,1.591,8.0
Beijing,39.9,116.41,historical,2009,9.198,7.281,11.121,1.884,8.0
Beijing,39.9,116.41,historical,2010,9.208,7.913,10.749,1.792,8.0
Beijing,39.9,116.41,historical,2011,8.983,6.985,10.398,1.82,8.0
Beijing,39.9,116.41,historical,2012,9.275,7.256,11.287,1.781,8.0
Beijing,39.9,116.41,historical,2013,9.227,7.364,10.717,1.923,8.0
Beijing,39.9,116.41,historical,2014,9.083,7.633,10.459,1.673,8.0
Beijing,39.9,116.41,ssp126,2015,9.211,7.574,10.571,1.704,8.0
Beijing,39.9,116.41,ssp126,2016,9.622,7.843,11.528,1.621,8.0
Beijing,39.9,116.41,ssp126,2017,9.533,7.47,11.249,1.779,8.0
Beijing,39.9,116.41,ssp126,2018,9.592,7.974,10.866,1.758,8.0
Beijing,39.9,116.41,ssp126,2019,9.505,7.634,11.427,1.856,8.0
Beijing,39.9,116.41,ssp126,2020,9.477,7.873,10.821,1.946,8.0
Beijing,39.9,116.41,ssp126,2021,9.772,8.043,11.18,1.803,8.0
Beijing,39.9,116.41,ssp126,2022,9.619,7.609,11.205,1.783,8.0
Beijing,39.9,116.41,ssp126,2023,9.829,7.839,11.248,1.836,8.0
Beijing,39.9,116.41,ssp126,2024,10.013,7.841,11.783,1.697,8.0
Beijing,39.9,116.41,ssp126,2025,9.436,7.171,11.123,1.942,8.0
Beijing,39.9,116.41,ssp126,2026,10.038,8.116,11.854,1.879,8.0
Beijing,39.9,116.41,ssp126,2027,9.827,7.111,11.584,1.85,8.0
Beijing,39.9,116.41,ssp126,2028,9.737,7.942,11.285,2.153,8.0
Beijing,39.9,116.41,ssp126,2029,10.118,7.867,11.969,1.75,8.0
Beijing,39.9,116.41,ssp126,2030,10.14,8.915,11.119,1.906,8.0
Beijing,39.9,116.41,ssp126,2031,9.851,7.48,11.649,1.801,8.0
Beijing,39.9,116.41,ssp126,2032,10.194,8.094,12.066,1.693,8.0
Beijing,39.9,116.41,ssp126,2033,10.27,8.605,11.805,1.728,8.0
Beijing,39.9,116.41,ssp126,2034,10.173,8.724,11.313,1.918,8.0
Beijing,39.9,116.41,ssp126,2035,10.374,8.15,11.63,1.746,8.0
Beijing,39.9,116.41,ssp126,2036,10.318,8.329,12.081,1.706,8.0
Beijing,39.9,116.41,ssp126,2037,10.57,8.802,11.603,1.674,8.0
Beijing,39.9,116.41,ssp126,2038,11.039,9.318,12.358,1.726,8.0
Beijing,39.9,116.41,ssp126,2039,10.468,9.421,11.62,2.001,8.0
Beijing,39.9,116.41,ssp126,2040,10.385,8.064,12.233,1.87,8.0
Beijing,39.9,116.41,ssp126,2041,10.689,8.467,12.404,1.773,8.0
Beijing,39.9,116.41,ssp126,2042,10.537,7.768,12.357,1.847,8.0
Beijing,39.9,116.41,ssp126,2043,10.456,8.443,11.81,1.842,8.0
Beijing,39.9,116.41,ssp126,2044,10.966,9.461,12.338,1.726,8.0
Beijing,39.9,116.41,ssp126,2045,10.481,8.434,11.782,1.978,8.0
Beijing,39.9,116.41,ssp126,2046,10.615,9.274,11.45,1.775,8.0
Beijing,39.9,116.41,ssp126,2047,10.744,9.003,12.622,1.818,8.0
Beijing,39.9,116.41,ssp126,2048,10.946,9.536,12.113,1.759,8.0
Beijing,39.9,116.41,ssp126,2049,10.695,8.885,12.205,2.009,8.0
Beijing,39.9,116.41,ssp126,2050,10.515,9.072,12.036,2.041,8.0
Beijing,39.9,116.41,ssp126,2051,10.455,8.498,12.077,1.935,8.0
Beijing,39.9,116.41,ssp126,2052,10.808,9.46,12.134,1.599,8.0
Beijing,39.9,116.41,ssp126,2053,11.022,9.782,12.19,1.823,8.0
Beijing,39.9,116.41,ssp126,2054,11.46,9.866,13.057,1.83,8.0
Beijing,39.9,116.41,ssp126,2055,10.783,8.701,12.458,1.952,8.0
Beijing,39.9,116.41,ssp126,2056,10.857,9.511,12.293,2.15,8.0
Beijing,39.9,116.41,ssp126,2057,10.672,9.022,12.042,2.063,8.0
Beijing,39.9,116.41,ssp126,2058,10.93,9.181,12.584,2.036,8.0
Beijing,39.9,116.41,ssp126,2059,11.121,9.016,12.325,1.893,8.0
Beijing,39.9,116.41,ssp126,2060,10.759,8.278,12.154,1.903,8.0
Beijing,39.9,116.41,ssp126,2061,11.02,9.748,12.117,1.979,8.0
Beijing,39.9,116.41,ssp126,2062,11.06,9.397,12.378,1.976,8.0
Beijing,39.9,116.41,ssp126,2063,10.72,8.669,12.303,1.834,8.0
Beijing,39.9,116.41,ssp126,2064,11.089,9.546,12.531,1.807,8.0
Beijing,39.9,116.41,ssp126,2065,11.147,9.613,12.534,1.917,8.0
Beijing,39.9,116.41,ssp126,2066,10.972,9.601,12.087,2.064,8.0
Beijing,39.9,116.41,ssp126,2067,10.676,8.984,12.195,1.96,8.0
Beijing,39.9,116.41,ssp126,2068,10.898,8.86,12.44,1.911,8.0
Beijing,39.9,116.41,ssp126,2069,10.765,9.136,12.399,1.909,8.0
Beijing,39.9,116.41,ssp126,2070,10.906,8.742,12.35,2.049,8.0
Beijing,39.9,116.41,ssp126,2071,10.627,8.376,12.286,1.972,8.0
Beijing,39.9,116.41,ssp126,2072,10.886,9.103,12.174,1.818,8.0
Beijing,39.9,116.41,ssp126,2073,10.697,8.645,12.394,1.84,8.0
Beijing,39.9,116.41,ssp126,2074,10.879,9.397,12.435,2.089,8.0
Beijing,39.9,116.41,ssp126,2075,10.884,9.457,12.232,1.83,8.0
Beijing,39.9,116.41,ssp126,2076,11.216,9.343,12.679,1.63,8.0
Beijing,39.9,116.41,ssp126,2077,10.692,8.562,12.003,2.206,8.0
Beijing,39.9,116.41,ssp126,2078,10.827,8.661,12.354,1.906,8.0
Beijing,39.9,116.41,ssp126,2079,10.815,8.901,12.491,1.907,8.0
Beijing,39.9,116.41,ssp126,2080,10.844,8.876,12.722,2.0,8.0
Beijing,39.9,116.41,ssp126,2081,11.134,8.488,13.195,1.786,8.0
Beijing,39.9,116.41,ssp126,2082,11.023,8.381,13.119,1.909,8.0
Beijing,39.9,116.41,ssp126,2083,11.128,9.593,13.031,1.957,8.0
Beijing,39.9,116.41,ssp126,2084,11.104,9.435,12.703,1.704,8.0
Beijing,39.9,116.41,ssp126,2085,11.291,9.346,12.639,1.67,8.0
Beijing,39.9,116.41,ssp126,2086,10.707,9.257,12.669,2.041,8.0
Beijing,39.9,116.41,ssp126,2087,10.881,8.718,13.154,1.847,8.0
Beijing,39.9,116.41,ssp126,2088,10.693,9.118,12.669,2.023,8.0
Beijing,39.9,116.41,ssp126,2089,11.301,9.667,12.58,1.889,8.0
Beijing,39.9,116.41,ssp126,2090,10.794,9.254,12.22,1.82,8.0
Beijing,39.9,116.41,ssp126,2091,10.748,8.985,12.241,1.858,8.0
Beijing,39.9,116.41,ssp126,2092,11.061,8.982,12.629,1.876,8.0
Beijing,39.9,116.41,ssp126,2093,10.949,9.128,12.397,1.889,8.0
Beijing,39.9,116.41,ssp126,2094,10.825,9.018,12.307,2.092,8.0
Beijing,39.9,116.41,ssp126,2095,10.667,8.387,12.224,1.986,8.0
Beijing,39.9,116.41,ssp126,2096,10.583,8.23,12.61,2.011,8.0
Beijing,39.9,116.41,ssp126,2097,10.656,9.334,12.075,1.889,8.0
Beijing,39.9,116.41,ssp126,2098,10.662,9.271,12.117,2.077,8.0
Beijing,39.9,116.41,ssp126,2099,10.727,8.57,12.448,1.763,8.0
Beijing,39.9,116.41,ssp126,2100,10.778,8.9,12.226,1.928,8.0
Beijing,39.9,116.41,ssp245,2015,9.564,7.468,11.274,1.893,8.0
Beijing,39.9,116.41,ssp245,2016,9.174,7.684,10.963,1.688,8.0
Beijing,39.9,116.41,ssp245,2017,9.653,7.778,11.29,1.705,8.0
Beijing,39.9,116.41,ssp245,2018,9.449,7.893,10.383,1.762,8.0
Beijing,39.9,116.41,ssp245,2019,9.397,7.377,10.876,1.9,8.0
Beijing,39.9,116.41,ssp245,2020,9.857,7.794,11.277,1.812,8.0
Beijing,39.9,116.41,ssp245,2021,9.593,8.067,10.994,1.94,8.0
Beijing,39.9,116.41,ssp245,2022,9.804,8.272,10.852,1.883,8.0
Beijing,39.9,116.41,ssp245,2023,9.778,8.731,10.778,1.714,8.0
Beijing,39.9,116.41,ssp245,2024,9.95,8.84,10.888,1.72,8.0
Beijing,39.9,116.41,ssp245,2025,10.029,8.007,11.621,1.766,8.0
Beijing,39.9,116.41,ssp245,2026,9.681,8.183,10.99,1.876,8.0
Beijing,39.9,116.41,ssp245,2027,9.714,7.683,11.073,1.697,8.0
Beijing,39.9,116.41,ssp245,2028,9.575,8.058,10.907,1.723,8.0
Beijing,39.9,116.41,ssp245,2029,9.89,8.268,11.301,1.997,8.0
Beijing,39.9,116.41,ssp245,2030,9.897,8.753,10.926,1.991,8.0
Beijing,39.9,116.41,ssp245,2031,10.316,8.255,11.687,1.777,8.0
Beijing,39.9,116.41,ssp245,2032,10.11,8.248,11.766,2.011,8.0
Beijing,39.9,116.41,ssp245,2033,9.764,8.296,11.623,1.89,8.0
Beijing,39.9,116.41,ssp245,2034,10.108,8.856,11.066,1.893,8.0
Beijing,39.9,116.41,ssp245,2035,10.059,8.186,11.306,1.689,8.0
Beijing,39.9,116.41,ssp245,2036,9.938,7.875,11.782,2.125,8.0
Beijing,39.9,116.41,ssp245,2037,9.976,7.758,11.341,2.072,8.0
Beijing,39.9,116.41,ssp245,2038,9.993,8.203,11.38,1.829,8.0
Beijing,39.9,116.41,ssp245,2039,10.358,8.989,11.797,1.784,8.0
Beijing,39.9,116.41,ssp245,2040,10.533,8.178,12.234,1.747,7.0
Beijing,39.9,116.41,ssp245,2041,10.034,8.056,11.903,1.859,7.0
Beijing,39.9,116.41,ssp245,2042,10.312,8.727,11.329,1.708,7.0
Beijing,39.9,116.41,ssp245,2043,10.482,8.938,11.674,1.744,7.0
Beijing,39.9,116.41,ssp245,2044,10.379,8.478,11.689,1.575,7.0
Beijing,39.9,116.41,ssp245,2045,10.347,8.649,11.509,1.827,7.0
Beijing,39.9,116.41,ssp245,2046,10.704,8.844,12.09,1.653,7.0
Beijing,39.9,116.41,ssp245,2047,10.442,8.733,11.599,1.942,7.0
Beijing,39.9,116.41,ssp245,2048,10.534,8.414,12.596,1.81,7.0
Beijing,39.9,116.41,ssp245,2049,10.482,8.782,12.176,1.94,7.0
Beijing,39.9,116.41,ssp245,2050,10.792,8.656,12.33,1.719,7.0
Beijing,39.9,116.41,ssp245,2051,10.912,9.317,12.163,1.793,7.0
Beijing,39.9,116.41,ssp245,2052,10.88,9.292,12.35,1.624,7.0
Beijing,39.9,116.41,ssp245,2053,10.992,8.94,12.377,1.562,7.0
Beijing,39.9,116.41,ssp245,2054,11.022,9.584,12.705,1.748,7.0
Beijing,39.9,116.41,ssp245,2055,11.235,9.158,13.349,1.677,7.0
Beijing,39.9,116.41,ssp245,2056,10.987,9.359,12.475,1.887,7.0
Beijing,39.9,116.41,ssp245,2057,11.077,9.018,12.594,1.912,7.0
Beijing,39.9,116.41,ssp245,2058,10.813,9.002,12.108,1.973,7.0
Beijing,39.9,116.41,ssp245,2059,11.4,9.398,12.869,1.645,7.0
Beijing,39.9,116.41,ssp245,2060,11.204,9.139,12.528,1.79,7.0
Beijing,39.9,116.41,ssp245,2061,11.308,9.712,12.475,1.669,7.0
Beijing,39.9,116.41,ssp245,2062,11.425,9.741,12.712,1.742,7.0
Beijing,39.9,116.41,ssp245,2063,11.0,8.677,12.592,1.726,7.0
Beijing,39.9,116.41,ssp245,2064,11.224,9.686,12.812,1.712,7.0
Beijing,39.9,116.41,ssp245,2065,11.171,9.371,12.703,2.135,7.0
Beijing,39.9,116.41,ssp245,2066,11.12,9.397,12.355,1.668,7.0
Beijing,39.9,116.41,ssp245,2067,11.525,9.501,12.919,1.774,7.0
Beijing,39.9,116.41,ssp245,2068,11.289,9.783,12.489,1.767,7.0
Beijing,39.9,116.41,ssp245,2069,11.562,9.57,13.062,1.844,7.0
Beijing,39.9,116.41,ssp245,2070,11.51,9.648,13.002,1.933,7.0
Beijing,39.9,116.41,ssp245,2071,11.399,9.389,13.026,2.169,7.0
Beijing,39.9,116.41,ssp245,2072,11.236,9.858,12.335,1.801,7.0
Beijing,39.9,116.41,ssp245,2073,11.084,9.58,12.628,1.829,7.0
Beijing,39.9,116.41,ssp245,2074,11.277,9.583,12.669,1.76,7.0
Beijing,39.9,116.41,ssp245,2075,11.622,10.113,12.817,1.812,7.0
Beijing,39.9,116.41,ssp245,2076,11.642,10.015,12.922,2.123,7.0
Beijing,39.9,116.41,ssp245,2077,11.663,10.276,13.295,2.112,7.0
Beijing,39.9,116.41,ssp245,2078,11.871,10.326,13.247,1.843,7.0
Beijing,39.9,116.41,ssp245,2079,11.785,10.182,13.023,2.106,7.0
Beijing,39.9,116.41,ssp245,2080,11.696,9.513,13.712,2.184,7.0
Beijing,39.9,116.41,ssp245,2081,12.093,10.001,13.516,2.152,7.0
Beijing,39.9,116.41,ssp245,2082,11.939,10.344,13.22,1.808,7.0
Beijing,39.9,116.41,ssp245,2083,11.602,10.093,13.095,2.324,7.0
Beijing,39.9,116.41,ssp245,2084,11.854,9.977,13.927,1.882,7.0
Beijing,39.9,116.41,ssp245,2085,12.503,11.122,14.073,1.884,7.0
Beijing,39.9,116.41,ssp245,2086,12.276,10.772,13.78,1.734,7.0
Beijing,39.9,116.41,ssp245,2087,12.172,10.224,14.084,1.838,7.0
Beijing,39.9,116.41,ssp245,2088,12.065,10.094,13.895,1.851,7.0
Beijing,39.9,116.41,ssp245,2089,11.904,9.946,13.308,1.617,7.0
Beijing,39.9,116.41,ssp245,2090,11.801,9.088,13.867,1.839,7.0
Beijing,39.9,116.41,ssp245,2091,11.658,9.204,13.512,1.965,7.0
Beijing,39.9,116.41,ssp245,2092,12.343,10.372,13.792,1.747,7.0
Beijing,39.9,116.41,ssp245,2093,12.105,9.806,13.732,1.893,7.0
Beijing,39.9,116.41,ssp245,2094,11.953,9.751,13.272,2.055,7.0
Beijing,39.9,116.41,ssp245,2095,12.021,9.858,13.567,1.865,7.0
Beijing,39.9,116.41,ssp245,2096,11.896,9.967,13.147,1.86,7.0
Beijing,39.9,116.41,ssp245,2097,12.162,9.899,13.971,2.032,7.0
Beijing,39.9,116.41,ssp245,2098,12.141,9.558,14.014,2.031,7.0
Beijing,39.9,116.41,ssp245,2099,12.005,9.964,13.541,1.959,7.0
Beijing,39.9,116.41,ssp245,2100,12.467,10.746,13.924,1.699,7.0
Beijing,39.9,116.41,ssp585,2015,9.149,6.897,11.023,1.917,8.0
Beijing,39.9,116.41,ssp585,2016,8.995,7.431,10.433,1.778,8.0
Beijing,39.9,116.41,ssp585,2017,9.118,7.46,10.545,1.879,8.0
Beijing,39.9,116.41,ssp585,2018,9.436,7.229,11.274,1.725,8.0
Beijing,39.9,116.41,ssp585,2019,9.308,7.075,10.795,1.796,8.0
Beijing,39.9,116.41,ssp585,2020,9.578,7.757,11.233,1.734,8.0
Beijing,39.9,116.41,ssp585,2021,9.608,8.153,10.97,1.816,8.0
Beijing,39.9,116.41,ssp585,2022,9.709,8.248,10.872,2.079,8.0
Beijing,39.9,116.41,ssp585,2023,9.794,7.757,11.226,1.768,8.0
Beijing,39.9,116.41,ssp585,2024,10.115,8.953,11.495,1.741,8.0
Beijing,39.9,116.41,ssp585,2025,9.746,7.871,11.242,1.888,8.0
Beijing,39.9,116.41,ssp585,2026,10.004,8.074,11.472,1.742,8.0
Beijing,39.9,116.41,ssp585,2027,9.851,8.118,11.488,1.852,8.0
Beijing,39.9,116.41,ssp585,2028,10.278,8.754,11.615,1.794,8.0
Beijing,39.9,116.41,ssp585,2029,10.215,8.536,11.629,1.699,8.0
Beijing,39.9,116.41,ssp585,2030,10.163,8.38,11.853,2.048,8.0
Beijing,39.9,116.41,ssp585,2031,9.844,7.874,11.706,1.917,8.0
Beijing,39.9,116.41,ssp585,2032,10.412,8.431,12.017,1.877,8.0
Beijing,39.9,116.41,ssp585,2033,10.658,8.71,12.348,1.5,8.0
Beijing,39.9,116.41,ssp585,2034,10.594,9.193,12.102,1.791,8.0
Beijing,39.9,116.41,ssp585,2035,10.058,8.382,11.709,2.248,8.0
Beijing,39.9,116.41,ssp585,2036,10.601,8.672,12.341,1.891,8.0
Beijing,39.9,116.41,ssp585,2037,10.309,8.413,12.225,1.893,8.0
Beijing,39.9,116.41,ssp585,2038,10.291,7.894,12.054,1.88,8.0
Beijing,39.9,116.41,ssp585,2039,10.844,8.802,12.319,1.837,8.0
Beijing,39.9,116.41,ssp585,2040,10.66,8.852,12.021,1.874,8.0
Beijing,39.9,116.41,ssp585,2041,10.653,8.549,11.806,1.886,8.0
Beijing,39.9,116.41,ssp585,2042,10.778,8.668,12.188,1.996,8.0
Beijing,39.9,116.41,ssp585,2043,11.156,9.687,12.21,1.976,8.0
Beijing,39.9,116.41,ssp585,2044,11.37,9.624,12.736,1.911,8.0
Beijing,39.9,116.41,ssp585,2045,11.356,9.795,12.456,1.942,8.0
Beijing,39.9,116.41,ssp585,2046,11.521,10.257,12.725,2.065,8.0
Beijing,39.9,116.41,ssp585,2047,10.997,9.272,12.512,1.712,8.0
Beijing,39.9,116.41,ssp585,2048,11.653,9.87,12.794,1.702,8.0
Beijing,39.9,116.41,ssp585,2049,11.562,9.783,13.008,1.848,8.0
Beijing,39.9,116.41,ssp585,2050,11.837,10.404,13.11,2.0,8.0
Beijing,39.9,116.41,ssp585,2051,11.904,10.258,13.122,1.932,8.0
Beijing,39.9,116.41,ssp585,2052,11.333,9.391,13.285,2.027,8.0
Beijing,39.9,116.41,ssp585,2053,11.774,9.622,13.161,1.876,8.0
Beijing,39.9,116.41,ssp585,2054,11.875,10.155,13.255,1.748,8.0
Beijing,39.9,116.41,ssp585,2055,11.895,10.16,13.427,1.773,8.0
Beijing,39.9,116.41,ssp585,2056,12.189,10.254,14.031,1.952,8.0
Beijing,39.9,116.41,ssp585,2057,11.975,10.074,13.515,2.068,8.0
Beijing,39.9,116.41,ssp585,2058,11.761,9.642,13.397,1.795,8.0
Beijing,39.9,116.41,ssp585,2059,12.029,10.331,13.639,1.872,8.0
Beijing,39.9,116.41,ssp585,2060,12.257,10.774,13.541,2.083,8.0
Beijing,39.9,116.41,ssp585,2061,12.158,10.538,13.426,2.134,8.0
Beijing,39.9,116.41,ssp585,2062,12.607,10.769,13.956,2.094,8.0
Beijing,39.9,116.41,ssp585,2063,12.677,10.747,13.935,2.048,8.0
Beijing,39.9,116.41,ssp585,2064,12.647,10.427,14.233,1.889,8.0
Beijing,39.9,116.41,ssp585,2065,12.702,10.98,13.817,1.939,8.0
Beijing,39.9,116.41,ssp585,2066,12.722,10.293,14.429,1.923,8.0
Beijing,39.9,116.41,ssp585,2067,12.815,10.62,14.308,2.138,8.0
Beijing,39.9,116.41,ssp585,2068,13.126,11.352,14.637,2.084,8.0
Beijing,39.9,116.41,ssp585,2069,12.852,11.198,14.392,2.082,8.0
Beijing,39.9,116.41,ssp585,2070,13.544,12.004,14.875,1.984,8.0
Beijing,39.9,116.41,ssp585,2071,13.293,12.011,14.909,1.965,8.0
Beijing,39.9,116.41,ssp585,2072,13.53,12.552,14.554,2.1,8.0
Beijing,39.9,116.41,ssp585,2073,13.424,12.102,14.934,2.01,8.0
Beijing,39.9,116.41,ssp585,2074,13.504,11.865,14.749,2.331,8.0
Beijing,39.9,116.41,ssp585,2075,13.741,12.207,15.183,2.166,8.0
Beijing,39.9,116.41,ssp585,2076,13.836,12.392,15.119,2.303,8.0
Beijing,39.9,116.41,ssp585,2077,13.641,12.152,14.826,2.422,8.0
Beijing,39.9,116.41,ssp585,2078,13.649,11.809,15.074,2.525,8.0
Beijing,39.9,116.41,ssp585,2079,14.045,12.241,15.943,2.028,8.0
Beijing,39.9,116.41,ssp585,2080,14.289,12.463,15.763,2.216,8.0
Beijing,39.9,116.41,ssp585,2081,14.103,12.753,15.363,2.474,8.0
Beijing,39.9,116.41,ssp585,2082,14.5,13.035,16.136,2.26,8.0
Beijing,39.9,116.41,ssp585,2083,14.163,12.537,15.649,2.389,8.0
Beijing,39.9,116.41,ssp585,2084,14.529,12.849,15.753,2.264,8.0
Beijing,39.9,116.41,ssp585,2085,14.633,12.769,16.087,2.337,8.0
Beijing,39.9,116.41,ssp585,2086,14.446,12.161,15.943,2.269,8.0
Beijing,39.9,116.41,ssp585,2087,14.691,12.746,16.423,2.072,8.0
Beijing,39.9,116.41,ssp585,2088,14.966,13.578,16.305,2.231,8.0
Beijing,39.9,116.41,ssp585,2089,14.841,12.985,16.596,2.417,8.0
Beijing,39.9,116.41,ssp585,2090,14.957,13.288,16.54,2.598,8.0
Beijing,39.9,116.41,ssp585,2091,15.378,13.143,17.328,2.286,8.0
Beijing,39.9,116.41,ssp585,2092,15.228,13.838,16.871,2.305,8.0
Beijing,39.9,116.41,ssp585,2093,15.732,14.242,17.065,2.199,8.0
Beijing,39.9,116.41,ssp585,2094,15.038,13.324,17.029,2.587,8.0
Beijing,39.9,116.41,ssp585,2095,15.725,14.077,17.48,2.114,8.0
Beijing,39.9,116.41,ssp585,2096,15.761,14.077,17.329,2.493,8.0
Beijing,39.9,116.41,ssp585,2097,15.585,13.853,16.863,2.352,8.0
Beijing,39.9,116.41,ssp585,2098,15.876,13.898,17.368,2.577,8.0
Beijing,39.9,116.41,ssp585,2099,15.786,14.05,17.046,2.23,8.0
Beijing,39.9,116.41,ssp585,2100,16.002,14.014,17.871,1.983,8.0
Berlin,52.52,13.41,historical,1850,7.855,6.413,10.834,1.999,8.0
Berlin,52.52,13.41,historical,1851,7.937,7.302,9.471,2.034,8.0
Berlin,52.52,13.41,historical,1852,8.168,6.537,10.029,2.13,8.0
Berlin,52.52,13.41,historical,1853,7.416,5.816,9.322,2.087,8.0
Berlin,52.52,13.41,historical,1854,8.163,6.308,10.151,2.002,8.0
Berlin,52.52,13.41,historical,1855,8.206,7.358,9.238,2.144,8.0
Berlin,52.52,13.41,historical,1856,8.258,7.368,9.048,1.951,8.0
Berlin,52.52,13.41,historical,1857,8.504,7.393,9.914,2.175,8.0
Berlin,52.52,13.41,historical,1858,8.201,7.071,10.176,2.037,8.0
Berlin,52.52,13.41,historical,1859,8.282,6.855,9.732,2.033,8.0
Berlin,52.52,13.41,historical,1860,8.458,7.598,10.042,2.07,8.0
Berlin,52.52,13.41,historical,1861,8.447,7.383,9.685,2.106,8.0
Berlin,52.52,13.41,historical,1862,7.752,6.83,9.571,2.094,8.0
Berlin,52.52,13.41,historical,1863,7.863,7.02,9.016,2.129,8.0
Berlin,52.52,13.41,historical,1864,8.032,6.613,9.841,1.995,8.0
Berlin,52.52,13.41,historical,1865,7.827,6.963,8.736,2.124,8.0
Berlin,52.52,13.41,historical,1866,8.159,6.714,9.872,1.991,8.0
Berlin,52.52,13.41,historical,1867,8.097,7.007,10.252,1.885,8.0
Berlin,52.52,13.41,historical,1868,8.484,7.156,11.017,2.104,8.0
Berlin,52.52,13.41,historical,1869,8.044,6.337,10.544,2.034,8.0
Berlin,52.52,13.41,historical,1870,7.984,6.834,9.722,2.168,8.0
Berlin,52.52,13.41,historical,1871,8.439,7.523,10.255,1.949,8.0
Berlin,52.52,13.41,historical,1872,8.167,6.487,10.65,2.015,8.0
Berlin,52.52,13.41,historical,1873,8.703,6.748,11.247,1.994,8.0
Berlin,52.52,13.41,historical,1874,8.71,7.785,9.659,2.002,8.0
Berlin,52.52,13.41,historical,1875,8.338,7.124,10.714,2.111,8.0
Berlin,52.52,13.41,historical,1876,8.085,6.682,10.963,1.932,8.0
Berlin,52.52,13.41,historical,1877,7.808,6.243,9.644,2.047,8.0
Berlin,52.52,13.41,historical,1878,8.62,6.884,11.241,2.062,8.0
Berlin,52.52,13.41,historical,1879,8.594,7.067,11.213,2.069,8.0
Berlin,52.52,13.41,historical,1880,8.615,7.301,11.015,2.105,8.0
Berlin,52.52,13.41,historical,1881,7.92,5.763,10.531,2.16,8.0
Berlin,52.52,13.41,historical,1882,8.173,6.733,11.033,2.07,8.0
Berlin,52.52,13.41,historical,1883,8.32,6.743,9.762,2.094,8.0
Berlin,52.52,13.41,historical,1884,8.028,6.437,9.693,1.954,8.0
Berlin,52.52,13.41,historical,1885,7.705,6.181,10.159,2.13,8.0
Berlin,52.52,13.41,historical,1886,8.292,7.384,9.421,1.987,8.0
Berlin,52.52,13.41,historical,1887,7.62,5.442,9.732,1.84,8.0
Berlin,52.52,13.41,historical,1888,8.363,7.279,10.084,2.031,8.0
Berlin,52.52,13.41,historical,1889,8.58,7.28,10.226,1.909,8.0
Berlin,52.52,13.41,historical,1890,8.141,7.127,9.446,2.087,8.0
Berlin,52.52,13.41,historical,1891,8.207,6.43,10.573,2.036,8.0
Berlin,52.52,13.41,historical,1892,8.421,7.557,9.711,1.894,8.0
Berlin,52.52,13.41,historical,1893,8.496,7.512,9.824,1.835,8.0
Berlin,52.52,13.41,historical,1894,8.477,6.762,10.386,1.81,8.0
Berlin,52.52,13.41,historical,1895,8.408,7.087,10.645,2.106,8.0
Berlin,52.52,13.41,historical,1896,8.139,7.173,9.702,1.982,8.0
Berlin,52.52,13.41,historical,1897,8.45,7.292,10.131,2.049,8.0
Berlin,52.52,13.41,historical,1898,8.357,6.726,10.706,1.976,8.0
Berlin,52.52,13.41,historical,1899,8.347,6.809,10.416,2.049,8.0
Berlin,52.52,13.41,historical,1900,8.191,6.852,10.108,1.911,8.0
Berlin,52.52,13.41,historical,1901,8.396,7.342,9.866,2.013,8.0
Berlin,52.52,13.41,historical,1902,8.596,7.782,9.748,2.006,8.0
Berlin,52.52,13.41,historical,1903,7.941,6.355,9.436,1.893,8.0
Berlin,52.52,13.41,historical,1904,7.819,6.811,9.635,2.178,8.0
Berlin,52.52,13.41,historical,1905,8.311,6.65,10.336,1.994,8.0
Berlin,52.52,13.41,historical,1906,8.419,6.914,10.018,2.078,8.0
Berlin,52.52,13.41,historical,1907,8.289,6.917,10.695,1.912,8.0
Berlin,52.52,13.41,historical,1908,8.166,7.11,9.128,2.089,8.0
Berlin,52.52,13.41,historical,1909,8.01,6.476,10.194,2.017,8.0
Berlin,52.52,13.41,historical,1910,8.22,6.766,9.93,2.064,8.0
Berlin,52.52,13.41,historical,1911,8.375,6.942,10.903,2.068,8.0
Berlin,52.52,13.41,historical,1912,8.038,7.042,9.737,2.055,8.0
Berlin,52.52,13.41,historical,1913,7.805,6.87,9.158,2.012,8.0
Berlin,52.52,13.41,historical,1914,7.833,6.857,9.327,2.043,8.0
Berlin,52.52,13.41,historical,1915,8.149,6.59,10.526,2.039,8.0
Berlin,52.52,13.41,historical,1916,8.095,6.799,9.935,1.965,8.0
Berlin,52.52,13.41,historical,1917,8.114,6.424,9.893,1.935,8.0
Berlin,52.52,13.41,historical,1918,8.103,6.23,9.508,1.976,8.0
Berlin,52.52,13.41,historical,1919,8.104,6.855,9.796,1.995,8.0
Berlin,52.52,13.41,historical,1920,8.081,6.483,9.898,1.966,8.0
Berlin,52.52,13.41,historical,1921,8.535,7.257,10.04,2.044,8.0
Berlin,52.52,13.41,historical,1922,8.039,6.09,10.525,2.114,8.0
Berlin,52.52,13.41,historical,1923,7.981,6.569,10.046,2.093,8.0
Berlin,52.52,13.41,historical,1924,7.682,6.51,9.518,2.057,8.0
Berlin,52.52,13.41,historical,1925,8.045,6.71,9.993,1.949,8.0
Berlin,52.52,13.41,historical,1926,7.677,6.515,9.959,2.099,8.0
Berlin,52.52,13.41,historical,1927,8.709,7.689,10.04,2.012,8.0
Berlin,52.52,13.41,historical,1928,8.377,7.029,10.349,1.972,8.0
Berlin,52.52,13.41,historical,1929,7.746,5.95,9.159,2.035,8.0
Berlin,52.52,13.41,historical,1930,8.06,6.856,9.923,2.053,8.0
Berlin,52.52,13.41,historical,1931,8.631,7.59,10.422,2.201,8.0
Berlin,52.52,13.41,historical,1932,8.056,6.185,10.194,1.979,8.0
Berlin,52.52,13.41,historical,1933,8.213,7.058,10.142,2.08,8.0
Berlin,52.52,13.41,historical,1934,8.817,8.069,10.432,1.982,8.0
Berlin,52.52,13.41,historical,1935,8.601,7.171,10.093,1.926,8.0
Berlin,52.52,13.41,historical,1936,7.918,6.144,10.103,2.013,8.0
Berlin,52.52,13.41,historical,1937,8.395,7.253,9.874,2.077,8.0
Berlin,52.52,13.41,historical,1938,8.238,7.181,9.594,2.045,8.0
Berlin,52.52,13.41,historical,1939,8.001,6.693,9.913,2.136,8.0
Berlin,52.52,13.41,historical,1940,8.128,6.599,9.854,2.259,8.0
Berlin,52.52,13.41,historical,1941,7.349,6.297,9.164,2.029,8.0
Berlin,52.52,13.41,historical,1942,8.525,6.885,11.18,1.894,8.0
Berlin,52.52,13.41,historical,1943,8.118,6.591,10.514,2.008,8.0
Berlin,52.52,13.41,historical,1944,8.544,7.716,9.897,1.922,8.0
Berlin,52.52,13.41,historical,1945,7.857,6.842,9.435,2.09,8.0
Berlin,52.52,13.41,historical,1946,8.319,6.72,10.978,2.061,8.0
Berlin,52.52,13.41,historical,1947,8.043,6.739,9.873,2.062,8.0
Berlin,52.52,13.41,historical,1948,8.131,6.775,9.342,1.989,8.0
Berlin,52.52,13.41,historical,1949,8.087,6.766,10.368,2.117,8.0
Berlin,52.52,13.41,historical,1950,8.104,6.761,9.622,2.014,8.0
Berlin,52.52,13.41,historical,1951,8.597,7.681,10.262,2.048,8.0
Berlin,52.52,13.41,historical,1952,8.516,7.308,10.413,1.854,8.0
Berlin,52.52,13.41,historical,1953,8.084,6.982,9.804,1.979,8.0
Berlin,52.52,13.41,historical,1954,8.229,6.946,9.611,2.119,8.0
Berlin,52.52,13.41,historical,1955,8.626,7.216,10.608,1.999,8.0
Berlin,52.52,13.41,historical,1956,8.471,7.357,9.854,1.925,8.0
Berlin,52.52,13.41,historical,1957,8.077,6.836,9.803,2.0,8.0
Berlin,52.52,13.41,historical,1958,8.126,6.595,10.132,2.186,8.0
Berlin,52.52,13.41,historical,1959,8.399,7.401,10.337,2.131,8.0
Berlin,52.52,13.41,historical,1960,8.355,7.199,9.822,1.991,8.0
Berlin,52.52,13.41,historical,1961,8.503,7.354,10.33,1.978,8.0
Berlin,52.52,13.41,historical,1962,8.365,6.973,10.051,2.036,8.0
Berlin,52.52,13.41,historical,1963,8.573,7.276,10.096,1.981,8.0
Berlin,52.52,13.41,historical,1964,8.284,6.924,9.431,2.016,8.0
Berlin,52.52,13.41,historical,1965,7.972,6.886,9.455,2.059,8.0
Berlin,52.52,13.41,historical,1966,8.259,6.576,9.689,1.971,8.0
Berlin,52.52,13.41,historical,1967,8.279,7.08,9.505,1.966,8.0
Berlin,52.52,13.41,historical,1968,8.359,7.002,10.212,2.031,8.0
Berlin,52.52,13.41,historical,1969,8.034,6.626,10.014,2.066,8.0
Berlin,52.52,13.41,historical,1970,7.568,6.167,9.458,2.097,8.0
Berlin,52.52,13.41,historical,1971,8.155,6.916,9.64,2.052,8.0
Berlin,52.52,13.41,historical,1972,7.868,6.682,8.858,2.104,8.0
Berlin,52.52,13.41,historical,1973,8.234,7.218,9.915,1.861,8.0
Berlin,52.52,13.41,historical,1974,7.943,7.164,8.656,2.12,8.0
Berlin,52.52,13.41,historical,1975,8.311,7.258,9.441,1.991,8.0
Berlin,52.52,13.41,historical,1976,8.456,7.41,9.512,1.893,8.0
Berlin,52.52,13.41,historical,1977,8.073,6.746,9.802,1.953,8.0
Berlin,52.52,13.41,historical,1978,7.806,6.912,8.647,2.059,8.0
Berlin,52.52,13.41,historical,1979,8.292,6.743,10.093,2.061,8.0
Berlin,52.52,13.41,historical,1980,8.389,6.881,10.435,1.97,8.0
Berlin,52.52,13.41,historical,1981,8.026,6.34,10.357,1.953,8.0
Berlin,52.52,13.41,historical,1982,8.425,6.931,10.8,2.035,8.0
Berlin,52.52,13.41,historical,1983,8.479,7.46,9.676,2.053,8.0
Berlin,52.52,13.41,historical,1984,8.163,7.088,9.72,2.003,8.0
Berlin,52.52,13.41,historical,1985,8.297,7.347,9.665,2.057,8.0
Berlin,52.52,13.41,historical,1986,8.195,6.678,10.402,1.945,8.0
Berlin,52.52,13.41,historical,1987,8.684,7.792,9.805,2.018,8.0
Berlin,52.52,13.41,historical,1988,8.331,7.107,9.715,2.185,8.0
Berlin,52.52,13.41,historical,1989,8.331,7.26,9.935,1.968,8.0
Berlin,52.52,13.41,historical,1990,8.698,7.365,10.843,2.169,8.0
Berlin,52.52,13.41,historical,1991,8.722,6.859,11.247,1.85,8.0
Berlin,52.52,13.41,historical,1992,8.047,7.061,9.414,2.16,8.0
Berlin,52.52,13.41,historical,1993,8.287,6.911,9.687,2.053,8.0
Berlin,52.52,13.41,historical,1994,8.487,6.95,9.785,2.088,8.0
Berlin,52.52,13.41,historical,1995,8.579,7.608,9.374,2.105,8.0
Berlin,52.52,13.41,historical,1996,8.993,8.17,10.033,2.132,8.0
Berlin,52.52,13.41,historical,1997,9.052,7.816,10.366,2.169,8.0
Berlin,52.52,13.41,historical,1998,8.719,7.528,10.391,2.174,8.0
Berlin,52.52,13.41,historical,1999,8.829,7.694,10.358,2.009,8.0
Berlin,52.52,13.41,historical,2000,9.276,8.15,10.827,2.194,8.0
Berlin,52.52,13.41,historical,2001,9.12,7.625,11.336,2.06,8.0
Berlin,52.52,13.41,historical,2002,8.922,7.959,10.064,2.279,8.0
Berlin,52.52,13.41,historical,2003,9.312,7.387,10.971,2.1,8.0
Berlin,52.52,13.41,historical,2004,9.188,7.493,10.855,1.923,8.0
Berlin,52.52,13.41,historical,2005,9.25,7.929,11.538,2.02,8.0
Berlin,52.52,13.41,historical,2006,9.315,8.14,10.884,2.086,8.0
Berlin,52.52,13.41,historical,2007,9.468,8.198,11.598,2.122,8.0
Berlin,52.52,13.41,historical,2008,9.882,8.881,11.356,2.072,8.0
Berlin,52.52,13.41,historical,2009,9.527,8.329,11.761,2.155,8.0
Berlin,52.52,13.41,historical,2010,9.667,8.347,10.997,2.092,8.0
Berlin,52.52,13.41,historical,2011,9.421,8.529,11.099,2.227,8.0
Berlin,52.52,13.41,historical,2012,9.807,8.509,11.584,2.154,8.0
Berlin,52.52,13.41,historical,2013,9.579,8.464,10.554,1.984,8.0
Berlin,52.52,13.41,historical,2014,9.445,8.131,11.739,2.171,8.0
Berlin,52.52,13.41,ssp126,2015,9.74,8.155,11.367,2.212,8.0
Berlin,52.52,13.41,ssp126,2016,10.154,8.885,12.291,2.121,8.0
Berlin,52.52,13.41,ssp126,2017,9.894,8.701,12.267,2.166,8.0
Berlin,52.52,13.41,ssp126,2018,10.008,9.213,11.479,2.2,8.0
Berlin,52.52,13.41,ssp126,2019,10.083,8.773,11.564,2.093,8.0
Berlin,52.52,13.41,ssp126,2020,10.228,8.922,12.466,2.204,8.0
Berlin,52.52,13.41,ssp126,2021,9.714,8.357,10.995,2.278,8.0
Berlin,52.52,13.41,ssp126,2022,10.035,8.688,11.583,2.166,8.0
Berlin,52.52,13.41,ssp126,2023,10.307,8.368,12.609,2.111,8.0
Berlin,52.52,13.41,ssp126,2024,10.15,9.159,11.607,2.135,8.0
Berlin,52.52,13.41,ssp126,2025,10.063,9.115,11.349,2.309,8.0
Berlin,52.52,13.41,ssp126,2026,9.937,8.142,11.94,2.227,8.0
Berlin,52.52,13.41,ssp126,2027,10.021,8.635,12.02,2.124,8.0
Berlin,52.52,13.41,ssp126,2028,10.449,9.81,11.182,2.15,8.0
Berlin,52.52,13.41,ssp126,2029,10.522,9.661,12.238,2.155,8.0
Berlin,52.52,13.41,ssp126,2030,10.23,9.665,10.9,2.161,8.0
Berlin,52.52,13.41,ssp126,2031,10.427,9.276,11.819,2.141,8.0
Berlin,52.52,13.41,ssp126,2032,9.94,8.65,11.618,2.26,8.0
Berlin,52.52,13.41,ssp126,2033,10.389,8.973,12.396,2.203,8.0
Berlin,52.52,13.41,ssp126,2034,10.138,8.879,11.654,2.225,8.0
Berlin,52.52,13.41,ssp126,2035,10.436,9.161,12.119,2.246,8.0
Berlin,52.52,13.41,ssp126,2036,9.734,8.416,11.2,2.383,8.0
Berlin,52.52,13.41,ssp126,2037,10.376,8.73,11.783,2.334,8.0
Berlin,52.52,13.41,ssp126,2038,10.462,9.085,12.117,2.308,8.0
Berlin,52.52,13.41,ssp126,2039,10.055,8.303,11.745,2.173,8.0
Berlin,52.52,13.41,ssp126,2040,10.46,8.633,12.555,2.159,8.0
Berlin,52.52,13.41,ssp126,2041,10.69,9.038,12.156,2.265,8.0
Berlin,52.52,13.41,ssp126,2042,10.957,8.774,12.368,2.275,8.0
Berlin,52.52,13.41,ssp126,2043,10.426,9.06,11.723,2.236,8.0
Berlin,52.52,13.41,ssp126,2044,10.584,9.038,12.427,2.31,8.0
Berlin,52.52,13.41,ssp126,2045,10.537,9.579,11.433,2.21,8.0
Berlin,52.52,13.41,ssp126,2046,10.171,9.29,11.209,2.354,8.0
Berlin,52.52,13.41,ssp126,2047,10.324,9.183,11.6,2.232,8.0
Berlin,52.52,13.41,ssp126,2048,10.441,9.812,11.206,2.091,8.0
Berlin,52.52,13.41,ssp126,2049,10.619,9.619,11.726,2.211,8.0
Berlin,52.52,13.41,ssp126,2050,10.551,8.533,12.525,2.193,8.0
Berlin,52.52,13.41,ssp126,2051,10.384,8.762,12.238,2.113,8.0
Berlin,52.52,13.41,ssp126,2052,10.619,10.038,11.189,2.257,8.0
Berlin,52.52,13.41,ssp126,2053,10.529,9.011,12.311,2.173,8.0
Berlin,52.52,13.41,ssp126,2054,11.008,9.338,12.357,2.167,8.0
Berlin,52.52,13.41,ssp126,2055,10.799,9.842,11.899,2.145,8.0
Berlin,52.52,13.41,ssp126,2056,10.817,9.87,11.82,2.242,8.0
Berlin,52.52,13.41,ssp126,2057,10.747,8.856,12.147,2.149,8.0
Berlin,52.52,13.41,ssp126,2058,10.738,9.474,12.14,2.241,8.0
Berlin,52.52,13.41,ssp126,2059,10.911,9.569,12.273,2.182,8.0
Berlin,52.52,13.41,ssp126,2060,10.623,9.936,11.481,2.186,8.0
Berlin,52.52,13.41,ssp126,2061,10.937,9.843,11.96,2.297,8.0
Berlin,52.52,13.41,ssp126,2062,10.931,9.888,12.029,2.149,8.0
Berlin,52.52,13.41,ssp126,2063,10.718,9.416,11.783,2.275,8.0
Berlin,52.52,13.41,ssp126,2064,10.494,9.097,12.05,2.234,8.0
Berlin,52.52,13.41,ssp126,2065,10.689,9.021,12.319,2.144,8.0
Berlin,52.52,13.41,ssp126,2066,11.047,10.125,12.329,2.2,8.0
Berlin,52.52,13.41,ssp126,2067,10.703,9.7,11.743,2.2,8.0
Berlin,52.52,13.41,ssp126,2068,10.952,9.904,12.019,2.259,8.0
Berlin,52.52,13.41,ssp126,2069,10.637,9.504,12.051,2.054,8.0
Berlin,52.52,13.41,ssp126,2070,10.775,9.729,11.752,2.133,8.0
Berlin,52.52,13.41,ssp126,2071,10.754,9.791,11.654,2.133,8.0
Berlin,52.52,13.41,ssp126,2072,10.571,8.905,11.789,2.057,8.0
Berlin,52.52,13.41,ssp126,2073,10.617,8.87,11.843,2.108,8.0
Berlin,52.52,13.41,ssp126,2074,10.601,9.416,12.19,2.174,8.0
Berlin,52.52,13.41,ssp126,2075,10.432,9.308,11.797,2.301,8.0
Berlin,52.52,13.41,ssp126,2076,10.743,9.841,12.134,2.298,8.0
Berlin,52.52,13.41,ssp126,2077,10.637,9.023,11.934,2.137,8.0
Berlin,52.52,13.41,ssp126,2078,10.981,9.616,12.334,2.265,8.0
Berlin,52.52,13.41,ssp126,2079,11.283,10.376,12.229,2.105,8.0
Berlin,52.52,13.41,ssp126,2080,11.064,9.555,11.97,2.379,8.0
Berlin,52.52,13.41,ssp126,2081,10.461,8.592,11.988,2.263,8.0
Berlin,52.52,13.41,ssp126,2082,10.859,9.566,11.943,2.257,8.0
Berlin,52.52,13.41,ssp126,2083,10.493,9.155,11.651,2.236,8.0
Berlin,52.52,13.41,ssp126,2084,10.548,9.036,11.628,2.234,8.0
Berlin,52.52,13.41,ssp126,2085,10.736,9.974,11.647,2.339,8.0
Berlin,52.52,13.41,ssp126,2086,10.497,8.857,12.01,2.131,8.0
Berlin,52.52,13.41,ssp126,2087,10.645,9.407,12.002,2.331,8.0
Berlin,52.52,13.41,ssp126,2088,10.732,8.702,11.892,2.182,8.0
Berlin,52.52,13.41,ssp126,2089,11.117,10.339,12.056,2.264,8.0
Berlin,52.52,13.41,ssp126,2090,10.649,9.11,12.423,2.224,8.0
Berlin,52.52,13.41,ssp126,2091,10.733,9.731,11.749,2.228,8.0
Berlin,52.52,13.41,ssp126,2092,10.817,10.063,11.588,2.072,8.0
Berlin,52.52,13.41,ssp126,2093,10.827,9.126,12.382,2.179,8.0
Berlin,52.52,13.41,ssp126,2094,10.518,8.886,12.22,2.079,8.0
Berlin,52.52,13.41,ssp126,2095,10.58,8.976,11.959,2.09,8.0
Berlin,52.52,13.41,ssp126,2096,10.841,9.318,12.007,2.199,8.0
Berlin,52.52,13.41,ssp126,2097,10.857,9.387,12.101,2.251,8.0
Berlin,52.52,13.41,ssp126,2098,10.29,8.749,12.114,2.291,8.0
Berlin,52.52,13.41,ssp126,2099,10.853,9.106,11.927,2.244,8.0
Berlin,52.52,13.41,ssp126,2100,10.33,8.931,11.3,2.152,8.0
Berlin,52.52,13.41,ssp245,2015,9.15,7.196,12.045,2.142,8.0
Berlin,52.52,13.41,ssp245,2016,9.517,8.03,11.584,1.95,8.0
Berlin,52.52,13.41,ssp245,2017,9.762,8.719,11.27,2.14,8.0
Berlin,52.52,13.41,ssp245,2018,9.254,8.274,10.32,2.054,8.0
Berlin,52.52,13.41,ssp245,2019,9.875,8.973,10.922,2.099,8.0
Berlin,52.52,13.41,ssp245,2020,10.021,8.755,12.042,2.215,8.0
Berlin,52.52,13.41,ssp245,2021,9.465,8.419,10.687,2.094,8.0
Berlin,52.52,13.41,ssp245,2022,10.026,9.543,10.736,2.3,8.0
Berlin,52.52,13.41,ssp245,2023,9.458,8.185,10.589,2.118,8.0
Berlin,52.52,13.41,ssp245,2024,9.954,7.991,11.666,2.18,8.0
Berlin,52.52,13.41,ssp245,2025,9.988,8.452,11.068,2.26,8.0
Berlin,52.52,13.41,ssp245,2026,10.061,8.842,11.823,2.116,8.0
Berlin,52.52,13.41,ssp245,2027,9.997,8.909,11.304,2.028,8.0
Berlin,52.52,13.41,ssp245,2028,10.262,9.02,11.689,2.071,8.0
Berlin,52.52,13.41,ssp245,2029,9.755,8.561,10.987,2.321,8.0
Berlin,52.52,13.41,ssp245,2030,10.557,9.092,11.831,2.1,8.0
Berlin,52.52,13.41,ssp245,2031,10.329,8.798,11.923,2.153,8.0
Berlin,52.52,13.41,ssp245,2032,10.157,9.196,11.231,2.265,8.0
Berlin,52.52,13.41,ssp245,2033,9.68,8.465,10.796,2.181,8.0
Berlin,52.52,13.41,ssp245,2034,10.646,9.456,11.851,2.133,8.0
Berlin,52.52,13.41,ssp245,2035,10.256,8.942,11.088,2.18,8.0
Berlin,52.52,13.41,ssp245,2036,10.393,9.293,11.706,1.984,8.0
Berlin,52.52,13.41,ssp245,2037,10.761,9.157,12.091,2.123,8.0
Berlin,52.52,13.41,ssp245,2038,10.574,9.453,11.68,2.179,8.0
Berlin,52.52,13.41,ssp245,2039,10.492,9.089,11.595,2.143,8.0
Berlin,52.52,13.41,ssp245,2040,10.123,8.923,11.251,2.159,7.0
Berlin,52.52,13.41,ssp245,2041,10.426,9.628,11.732,2.106,7.0
Berlin,52.52,13.41,ssp245,2042,10.183,8.995,11.818,2.004,7.0
Berlin,52.52,13.41,ssp245,2043,10.446,9.548,11.628,1.994,7.0
Berlin,52.52,13.41,ssp245,2044,10.465,9.132,11.368,2.28,7.0
Berlin,52.52,13.41,ssp245,2045,10.727,9.64,11.686,2.01,7.0
Berlin,52.52,13.41,ssp245,2046,10.76,9.693,12.276,2.302,7.0
Berlin,52.52,13.41,ssp245,2047,10.662,10.024,11.472,2.191,7.0
Berlin,52.52,13.41,ssp245,2048,10.957,9.871,12.117,2.274,7.0
Berlin,52.52,13.41,ssp245,2049,10.572,9.651,11.498,2.15,7.0
Berlin,52.52,13.41,ssp245,2050,10.65,9.177,12.339,1.973,7.0
Berlin,52.52,13.41,ssp245,2051,10.946,9.666,12.399,2.078,7.0
Berlin,52.52,13.41,ssp245,2052,10.486,9.09,11.76,2.074,7.0
Berlin,52.52,13.41,ssp245,2053,10.589,9.814,11.133,2.308,7.0
Berlin,52.52,13.41,ssp245,2054,11.128,9.683,12.496,2.118,7.0
Berlin,52.52,13.41,ssp245,2055,10.802,9.177,12.63,2.434,7.0
Berlin,52.52,13.41,ssp245,2056,10.866,9.413,12.396,2.115,7.0
Berlin,52.52,13.41,ssp245,2057,10.909,9.442,12.14,2.148,7.0
Berlin,52.52,13.41,ssp245,2058,10.861,9.709,12.034,2.05,7.0
Berlin,52.52,13.41,ssp245,2059,11.333,10.254,12.619,2.27,7.0
Berlin,52.52,13.41,ssp245,2060,11.078,9.796,12.373,2.131,7.0
Berlin,52.52,13.41,ssp245,2061,10.944,9.751,12.543,2.151,7.0
Berlin,52.52,13.41,ssp245,2062,11.115,9.938,12.058,2.281,7.0
Berlin,52.52,13.41,ssp245,2063,11.313,9.601,12.982,2.205,7.0
Berlin,52.52,13.41,ssp245,2064,11.204,9.454,12.608,2.167,7.0
Berlin,52.52,13.41,ssp245,2065,11.083,9.549,12.415,2.138,7.0
Berlin,52.52,13.41,ssp245,2066,11.149,10.187,12.081,2.078,7.0
Berlin,52.52,13.41,ssp245,2067,10.892,9.816,11.918,2.09,7.0
Berlin,52.52,13.41,ssp245,2068,11.206,9.951,12.482,2.164,7.0
Berlin,52.52,13.41,ssp245,2069,11.402,9.491,13.105,1.993,7.0
Berlin,52.52,13.41,ssp245,2070,11.203,9.434,12.637,2.055,7.0
Berlin,52.52,13.41,ssp245,2071,10.82,9.259,12.121,2.066,7.0
Berlin,52.52,13.41,ssp245,2072,11.04,9.889,12.023,2.162,7.0
Berlin,52.52,13.41,ssp245,2073,11.134,9.741,12.325,2.145,7.0
Berlin,52.52,13.41,ssp245,2074,10.988,9.408,12.299,2.363,7.0
Berlin,52.52,13.41,ssp245,2075,11.067,9.164,12.776,2.12,7.0
Berlin,52.52,13.41,ssp245,2076,11.285,10.356,12.027,2.004,7.0
Berlin,52.52,13.41,ssp245,2077,11.457,10.335,12.295,2.17,7.0
Berlin,52.52,13.41,ssp245,2078,11.439,10.143,12.596,2.203,7.0
Berlin,52.52,13.41,ssp245,2079,11.792,10.182,13.226,2.171,7.0
Berlin,52.52,13.41,ssp245,2080,11.935,10.547,12.846,2.239,7.0
Berlin,52.52,13.41,ssp245,2081,11.702,10.294,13.384,2.136,7.0
Berlin,52.52,13.41,ssp245,2082,11.718,11.004,12.349,2.158,7.0
Berlin,52.52,13.41,ssp245,2083,11.561,9.481,12.743,2.252,7.0
Berlin,52.52,13.41,ssp245,2084,11.658,10.461,12.475,2.188,7.0
Berlin,52.52,13.41,ssp245,2085,11.595,10.225,12.906,2.325,7.0
Berlin,52.52,13.41,ssp245,2086,11.516,10.363,12.693,2.133,7.0
Berlin,52.52,13.41,ssp245,2087,11.761,10.138,13.058,2.183,7.0
Berlin,52.52,13.41,ssp245,2088,11.549,9.524,13.362,2.086,7.0
Berlin,52.52,13.41,ssp245,2089,10.967,9.214,12.67,2.171,7.0
Berlin,52.52,13.41,ssp245,2090,11.291,9.202,12.341,2.241,7.0
Berlin,52.52,13.41,ssp245,2091,11.678,10.17,12.822,2.229,7.0
Berlin,52.52,13.41,ssp245,2092,11.731,10.673,12.633,2.118,7.0
Berlin,52.52,13.41,ssp245,2093,12.093,11.269,12.94,2.199,7.0
Berlin,52.52,13.41,ssp245,2094,11.575,10.412,12.574,2.251,7.0
Berlin,52.52,13.41,ssp245,2095,11.518,10.041,12.449,2.338,7.0
Berlin,52.52,13.41,ssp245,2096,11.723,10.674,12.945,2.268,7.0
Berlin,52.52,13.41,ssp245,2097,12.018,10.489,13.115,2.4,7.0
Berlin,52.52,13.41,ssp245,2098,11.562,9.884,12.735,2.168,7.0
Berlin,52.52,13.41,ssp245,2099,11.541,9.713,12.769,2.207,7.0
Berlin,52.52,13.41,ssp245,2100,11.837,10.406,12.957,2.409,7.0
Berlin,52.52,13.41,ssp585,2015,9.282,7.239,11.91,2.113,8.0
Berlin,52.52,13.41,ssp585,2016,9.37,7.77,11.287,2.054,8.0
Berlin,52.52,13.41,ssp585,2017,9.741,8.375,11.256,2.17,8.0
Berlin,52.52,13.41,ssp585,2018,9.613,8.368,11.331,2.156,8.0
Berlin,52.52,13.41,ssp585,2019,9.59,7.961,11.05,2.159,8.0
Berlin,52.52,13.41,ssp585,2020,9.62,8.313,11.206,2.246,8.0
Berlin,52.52,13.41,ssp585,2021,10.147,9.032,11.684,2.18,8.0
Berlin,52.52,13.41,ssp585,2022,9.963,8.837,11.362,2.184,8.0
Berlin,52.52,13.41,ssp585,2023,9.602,7.908,11.374,1.922,8.0
Berlin,52.52,13.41,ssp585,2024,9.944,8.393,11.11,2.104,8.0
Berlin,52.52,13.41,ssp585,2025,9.718,8.329,11.195,2.039,8.0
Berlin,52.52,13.41,ssp585,2026,9.667,8.054,11.257,2.013,8.0
Berlin,52.52,13.41,ssp585,2027,10.179,8.604,11.93,2.14,8.0
Berlin,52.52,13.41,ssp585,2028,10.297,9.115,11.925,2.221,8.0
Berlin,52.52,13.41,ssp585,2029,10.569,9.382,12.001,2.068,8.0
Berlin,52.52,13.41,ssp585,2030,10.049,9.08,11.299,2.117,8.0
Berlin,52.52,13.41,ssp585,2031,9.974,8.729,11.152,2.237,8.0
Berlin,52.52,13.41,ssp585,2032,10.259,8.921,12.247,2.024,8.0
Berlin,52.52,13.41,ssp585,2033,9.673,7.681,12.101,2.227,8.0
Berlin,52.52,13.41,ssp585,2034,10.748,8.653,13.005,2.067,8.0
Berlin,52.52,13.41,ssp585,2035,10.86,9.602,12.342,2.063,8.0
Berlin,52.52,13.41,ssp585,2036,11.018,9.824,12.69,2.043,8.0
Berlin,52.52,13.41,ssp585,2037,10.894,9.62,11.981,2.276,8.0
Berlin,52.52,13.41,ssp585,2038,10.57,9.144,11.819,2.439,8.0
Berlin,52.52,13.41,ssp585,2039,10.815,9.437,12.177,2.268,8.0
Berlin,52.52,13.41,ssp585,2040,10.41,9.054,11.522,2.269,8.0
Berlin,52.52,13.41,ssp585,2041,11.223,9.723,12.798,2.253,8.0
Berlin,52.52,13.41,ssp585,2042,10.684,8.994,12.062,2.351,8.0
Berlin,52.52,13.41,ssp585,2043,11.206,10.337,12.425,2.206,8.0
Berlin,52.52,13.41,ssp585,2044,11.033,9.331,12.749,2.249,8.0
Berlin,52.52,13.41,ssp585,2045,11.422,10.017,12.88,1.994,8.0
Berlin,52.52,13.41,ssp585,2046,11.254,9.652,12.871,2.295,8.0
Berlin,52.52,13.41,ssp585,2047,11.212,10.117,12.461,2.212,8.0
Berlin,52.52,13.41,ssp585,2048,11.095,9.901,12.725,2.403,8.0
Berlin,52.52,13.41,ssp585,2049,10.833,9.051,12.386,2.266,8.0
Berlin,52.52,13.41,ssp585,2050,11.373,9.373,12.942,2.305,8.0
Berlin,52.52,13.41,ssp585,2051,12.03,10.602,13.957,2.203,8.0
Berlin,52.52,13.41,ssp585,2052,11.368,10.24,12.472,2.27,8.0
Berlin,52.52,13.41,ssp585,2053,11.781,10.389,13.306,2.059,8.0
Berlin,52.52,13.41,ssp585,2054,11.626,9.77,13.252,2.113,8.0
Berlin,52.52,13.41,ssp585,2055,11.828,10.242,12.936,2.118,8.0
Berlin,52.52,13.41,ssp585,2056,11.592,10.192,12.953,2.072,8.0
Berlin,52.52,13.41,ssp585,2057,11.955,10.889,13.116,2.285,8.0
Berlin,52.52,13.41,ssp585,2058,11.55,10.611,12.344,2.18,8.0
Berlin,52.52,13.41,ssp585,2059,11.827,10.511,12.811,2.091,8.0
Berlin,52.52,13.41,ssp585,2060,12.207,10.878,13.448,2.286,8.0
Berlin,52.52,13.41,ssp585,2061,12.006,9.539,13.446,2.102,8.0
Berlin,52.52,13.41,ssp585,2062,12.019,10.996,13.015,2.353,8.0
Berlin,52.52,13.41,ssp585,2063,12.321,10.527,13.414,2.091,8.0
Berlin,52.52,13.41,ssp585,2064,12.238,10.793,13.549,2.229,8.0
Berlin,52.52,13.41,ssp585,2065,12.409,10.667,13.865,2.18,8.0
Berlin,52.52,13.41,ssp585,2066,12.004,10.205,13.525,2.131,8.0
Berlin,52.52,13.41,ssp585,2067,12.48,11.157,13.42,2.242,8.0
Berlin,52.52,13.41,ssp585,2068,12.6,11.143,13.979,2.26,8.0
Berlin,52.52,13.41,ssp585,2069,12.772,11.133,13.959,2.076,8.0
Berlin,52.52,13.41,ssp585,2070,12.95,11.015,14.554,2.053,8.0
Berlin,52.52,13.41,ssp585,2071,12.548,10.597,13.896,2.289,8.0
Berlin,52.52,13.41,ssp585,2072,13.135,11.711,14.755,2.027,8.0
Berlin,52.52,13.41,ssp585,2073,13.002,11.559,14.405,2.044,8.0
Berlin,52.52,13.41,ssp585,2074,13.106,11.4,14.565,2.272,8.0
Berlin,52.52,13.41,ssp585,2075,12.928,10.718,14.468,2.148,8.0
Berlin,52.52,13.41,ssp585,2076,13.08,11.844,14.047,2.138,8.0
Berlin,52.52,13.41,ssp585,2077,13.144,11.153,14.746,2.122,8.0
Berlin,52.52,13.41,ssp585,2078,13.268,11.011,14.886,2.005,8.0
Berlin,52.52,13.41,ssp585,2079,13.221,10.532,15.3,2.266,8.0
Berlin,52.52,13.41,ssp585,2080,13.459,11.747,14.632,2.162,8.0
Berlin,52.52,13.41,ssp585,2081,13.843,12.485,15.052,2.148,8.0
Berlin,52.52,13.41,ssp585,2082,13.458,11.438,15.322,2.199,8.0
Berlin,52.52,13.41,ssp585,2083,13.494,11.247,15.1,2.376,8.0
Berlin,52.52,13.41,ssp585,2084,13.935,12.116,15.165,1.989,8.0
Berlin,52.52,13.41,ssp585,2085,13.78,11.806,15.237,2.138,8.0
Berlin,52.52,13.41,ssp585,2086,14.007,11.645,15.673,2.013,8.0
Berlin,52.52,13.41,ssp585,2087,14.356,12.708,15.642,2.282,8.0
Berlin,52.52,13.41,ssp585,2088,14.472,12.674,15.945,2.089,8.0
Berlin,52.52,13.41,ssp585,2089,14.523,12.136,16.091,2.33,8.0
Berlin,52.52,13.41,ssp585,2090,14.631,12.623,15.925,2.182,8.0
Berlin,52.52,13.41,ssp585,2091,14.587,12.975,15.805,2.272,8.0
Berlin,52.52,13.41,ssp585,2092,14.622,13.129,16.506,2.302,8.0
Berlin,52.52,13.41,ssp585,2093,14.911,12.728,16.476,2.189,8.0
Berlin,52.52,13.41,ssp585,2094,14.787,12.555,16.256,2.198,8.0
Berlin,52.52,13.41,ssp585,2095,14.758,12.191,16.611,2.264,8.0
Berlin,52.52,13.41,ssp585,2096,15.036,12.907,16.514,2.169,8.0
Berlin,52.52,13.41,ssp585,2097,15.19,13.115,17.009,2.08,8.0
Berlin,52.52,13.41,ssp585,2098,15.302,12.24,17.121,2.043,8.0
Berlin,52.52,13.41,ssp585,2099,15.173,13.601,16.525,2.162,8.0
Berlin,52.52,13.41,ssp585,2100,15.319,12.751,17.096,2.12,8.0
Bogota,4.71,-74.07,historical,1850,20.269,18.799,21.868,9.045,8.0
Bogota,4.71,-74.07,historical,1851,20.369,18.977,21.7,9.453,8.0
Bogota,4.71,-74.07,historical,1852,20.535,19.176,21.949,9.767,8.0
Bogota,4.71,-74.07,historical,1853,20.7,18.922,22.25,9.521,8.0
Bogota,4.71,-74.07,historical,1854,20.38,18.652,21.863,9.515,8.0
Bogota,4.71,-74.07,historical,1855,20.46,18.656,22.007,9.662,8.0
Bogota,4.71,-74.07,historical,1856,20.541,19.154,21.875,9.73,8.0
Bogota,4.71,-74.07,historical,1857,20.59,19.164,21.8,9.275,8.0
Bogota,4.71,-74.07,historical,1858,20.541,19.176,21.561,9.192,8.0
Bogota,4.71,-74.07,historical,1859,20.593,18.947,21.963,9.474,8.0
Bogota,4.71,-74.07,historical,1860,20.543,18.978,22.03,9.805,8.0
Bogota,4.71,-74.07,historical,1861,20.48,18.832,21.931,9.442,8.0
Bogota,4.71,-74.07,historical,1862,20.106,18.745,21.641,10.389,8.0
Bogota,4.71,-74.07,historical,1863,20.057,18.693,21.463,9.694,8.0
Bogota,4.71,-74.07,historical,1864,20.57,19.19,21.98,9.027,8.0
Bogota,4.71,-74.07,historical,1865,20.648,19.199,21.966,9.355,8.0
Bogota,4.71,-74.07,historical,1866,20.303,18.93,21.77,9.727,8.0
Bogota,4.71,-74.07,historical,1867,20.403,18.989,21.704,9.48,8.0
Bogota,4.71,-74.07,historical,1868,20.49,19.067,21.977,9.211,8.0
Bogota,4.71,-74.07,historical,1869,20.706,18.97,22.368,8.565,8.0
Bogota,4.71,-74.07,historical,1870,20.481,18.745,21.821,9.328,8.0
Bogota,4.71,-74.07,historical,1871,20.357,19.032,21.565,9.431,8.0
Bogota,4.71,-74.07,historical,1872,20.669,19.338,22.155,9.382,8.0
Bogota,4.71,-74.07,historical,1873,20.766,19.304,21.885,9.155,8.0
Bogota,4.71,-74.07,historical,1874,20.638,18.955,22.043,9.448,8.0
Bogota,4.71,-74.07,historical,1875,20.476,18.982,21.848,9.448,8.0
Bogota,4.71,-74.07,historical,1876,20.575,18.894,21.837,9.741,8.0
Bogota,4.71,-74.07,historical,1877,20.28,18.553,21.641,10.704,8.0
Bogota,4.71,-74.07,historical,1878,20.221,18.882,21.627,9.339,8.0
Bogota,4.71,-74.07,historical,1879,20.537,18.776,21.952,9.134,8.0
Bogota,4.71,-74.07,historical,1880,20.569,18.855,22.011,9.797,8.0
Bogota,4.71,-74.07,historical,1881,20.568,18.971,22.151,9.683,8.0
Bogota,4.71,-74.07,historical,1882,20.404,18.911,21.926,9.587,8.0
Bogota,4.71,-74.07,historical,1883,20.417,18.888,21.91,9.329,8.0
Bogota,4.71,-74.07,historical,1884,20.139,18.916,21.348,9.109,8.0
Bogota,4.71,-74.07,historical,1885,20.341,19.207,21.495,9.802,8.0
Bogota,4.71,-74.07,historical,1886,20.111,18.16,21.716,9.706,8.0
Bogota,4.71,-74.07,historical,1887,20.28,18.594,21.603,9.438,8.0
Bogota,4.71,-74.07,historical,1888,20.445,19.139,21.712,9.374,8.0
Bogota,4.71,-74.07,historical,1889,20.515,19.038,21.673,9.274,8.0
Bogota,4.71,-74.07,historical,1890,20.501,19.119,22.044,9.218,8.0
Bogota,4.71,-74.07,historical,1891,20.494,19.2,21.949,9.551,8.0
Bogota,4.71,-74.07,historical,1892,20.456,19.082,21.75,9.318,8.0
Bogota,4.71,-74.07,historical,1893,20.777,19.151,21.971,8.972,8.0
Bogota,4.71,-74.07,historical,1894,20.73,19.178,22.135,9.758,8.0
Bogota,4.71,-74.07,historical,1895,20.433,19.137,21.81,9.471,8.0
Bogota,4.71,-74.07,historical,1896,20.528,19.347,21.884,9.967,8.0
Bogota,4.71,-74.07,historical,1897,20.568,18.975,21.839,9.966,8.0
Bogota,4.71,-74.07,historical,1898,20.371,18.982,21.845,10.171,8.0
Bogota,4.71,-74.07,historical,1899,20.496,19.133,21.997,9.325,8.0
Bogota,4.71,-74.07,historical,1900,20.835,19.381,22.277,9.233,8.0
Bogota,4.71,-74.07,historical,1901,20.599,19.049,21.929,9.765,8.0
Bogota,4.71,-74.07,historical,1902,20.368,19.205,21.709,9.617,8.0
Bogota,4.71,-74.07,historical,1903,20.474,19.08,21.795,8.849,8.0
Bogota,4.71,-74.07,historical,1904,20.753,19.429,22.0,8.615,8.0
Bogota,4.71,-74.07,historical,1905,20.664,19.349,22.022,9.542,8.0
Bogota,4.71,-74.07,historical,1906,20.526,18.914,22.273,10.147,8.0
Bogota,4.71,-74.07,historical,1907,20.551,18.799,22.301,9.468,8.0
Bogota,4.71,-74.07,historical,1908,20.63,18.942,22.172,9.73,8.0
Bogota,4.71,-74.07,historical,1909,20.465,19.182,21.744,9.595,8.0
Bogota,4.71,-74.07,historical,1910,20.537,19.013,21.981,9.281,8.0
Bogota,4.71,-74.07,historical,1911,20.766,19.119,22.232,9.048,8.0
Bogota,4.71,-74.07,historical,1912,20.834,19.087,22.265,8.636,8.0
Bogota,4.71,-74.07,historical,1913,20.965,19.448,22.682,8.704,8.0
Bogota,4.71,-74.07,historical,1914,20.765,19.472,21.726,9.182,8.0
Bogota,4.71,-74.07,historical,1915,20.453,19.087,21.847,9.646,8.0
Bogota,4.71,-74.07,historical,1916,20.436,19.06,22.06,9.736,8.0
Bogota,4.71,-74.07,historical,1917,20.347,19.018,21.484,9.489,8.0
Bogota,4.71,-74.07,historical,1918,20.755,19.158,22.153,9.131,8.0
Bogota,4.71,-74.07,historical,1919,20.795,19.244,22.045,9.093,8.0
Bogota,4.71,-74.07,historical,1920,20.686,19.292,21.978,9.813,8.0
Bogota,4.71,-74.07,historical,1921,20.74,19.096,22.515,9.324,8.0
Bogota,4.71,-74.07,historical,1922,20.838,19.591,22.065,9.154,8.0
Bogota,4.71,-74.07,historical,1923,20.93,19.729,22.052,9.527,8.0
Bogota,4.71,-74.07,historical,1924,20.519,18.913,21.879,9.618,8.0
Bogota,4.71,-74.07,historical,1925,20.768,18.95,22.333,8.856,8.0
Bogota,4.71,-74.07,historical,1926,20.825,19.048,22.345,8.815,8.0
Bogota,4.71,-74.07,historical,1927,20.761,19.461,21.923,9.106,8.0
Bogota,4.71,-74.07,historical,1928,21.03,19.752,22.164,8.711,8.0
Bogota,4.71,-74.07,historical,1929,20.776,19.16,22.169,9.724,8.0
Bogota,4.71,-74.07,historical,1930,20.494,19.01,21.79,9.585,8.0
Bogota,4.71,-74.07,historical,1931,20.558,19.273,21.915,9.37,8.0
Bogota,4.71,-74.07,historical,1932,20.746,19.624,21.897,9.243,8.0
Bogota,4.71,-74.07,historical,1933,20.765,19.633,21.966,9.412,8.0
Bogota,4.71,-74.07,historical,1934,20.9,19.523,22.174,9.098,8.0
Bogota,4.71,-74.07,historical,1935,20.669,19.261,21.931,9.942,8.0
Bogota,4.71,-74.07,historical,1936,20.834,19.126,22.328,9.261,8.0
Bogota,4.71,-74.07,historical,1937,20.734,19.233,22.377,9.109,8.0
Bogota,4.71,-74.07,historical,1938,20.904,19.479,22.206,8.948,8.0
Bogota,4.71,-74.07,historical,1939,21.184,19.897,22.468,8.681,8.0
Bogota,4.71,-74.07,historical,1940,20.969,19.615,22.22,9.382,8.0
Bogota,4.71,-74.07,historical,1941,20.744,19.2,22.422,10.02,8.0
Bogota,4.71,-74.07,historical,1942,20.645,19.544,21.943,9.59,8.0
Bogota,4.71,-74.07,historical,1943,20.998,20.025,22.206,8.848,8.0
Bogota,4.71,-74.07,historical,1944,21.029,19.525,22.303,9.248,8.0
Bogota,4.71,-74.07,historical,1945,20.812,19.19,22.328,9.566,8.0
Bogota,4.71,-74.07,historical,1946,20.744,19.4,22.11,9.321,8.0
Bogota,4.71,-74.07,historical,1947,21.064,19.658,22.56,8.927,8.0
Bogota,4.71,-74.07,historical,1948,20.978,19.607,22.367,9.034,8.0
Bogota,4.71,-74.07,historical,1949,20.86,19.014,22.338,8.973,8.0
Bogota,4.71,-74.07,historical,1950,20.903,19.375,22.395,9.273,8.0
Bogota,4.71,-74.07,historical,1951,20.755,19.086,22.603,10.095,8.0
Bogota,4.71,-74.07,historical,1952,20.81,19.221,22.05,9.441,8.0
Bogota,4.71,-74.07,historical,1953,20.824,19.602,22.221,9.279,8.0
Bogota,4.71,-74.07,historical,1954,20.964,19.52,22.563,9.404,8.0
Bogota,4.71,-74.07,historical,1955,20.926,19.6,22.363,9.341,8.0
Bogota,4.71,-74.07,historical,1956,20.721,19.433,22.109,9.566,8.0
Bogota,4.71,-74.07,historical,1957,20.995,19.435,22.339,8.95,8.0
Bogota,4.71,-74.07,historical,1958,20.917,19.673,22.12,8.953,8.0
Bogota,4.71,-74.07,historical,1959,20.912,19.223,22.112,9.733,8.0
Bogota,4.71,-74.07,historical,1960,20.751,19.408,21.837,9.706,8.0
Bogota,4.71,-74.07,historical,1961,20.994,19.495,22.695,9.131,8.0
Bogota,4.71,-74.07,historical,1962,20.889,19.326,22.103,9.456,8.0
Bogota,4.71,-74.07,historical,1963,20.772,19.264,21.99,9.403,8.0
Bogota,4.71,-74.07,historical,1964,20.702,19.045,22.377,9.45,8.0
Bogota,4.71,-74.07,historical,1965,20.744,18.838,22.496,9.628,8.0
Bogota,4.71,-74.07,historical,1966,20.87,19.492,22.143,9.011,8.0
Bogota,4.71,-74.07,historical,1967,20.719,19.708,21.764,9.62,8.0
Bogota,4.71,-74.07,historical,1968,20.765,19.434,22.139,9.203,8.0
Bogota,4.71,-74.07,historical,1969,20.923,19.066,22.36,8.843,8.0
Bogota,4.71,-74.07,historical,1970,20.953,19.618,22.221,10.026,8.0
Bogota,4.71,-74.07,historical,1971,20.773,19.369,22.234,9.645,8.0
Bogota,4.71,-74.07,historical,1972,21.052,19.795,22.693,9.119,8.0
Bogota,4.71,-74.07,historical,1973,21.192,19.729,22.551,9.033,8.0
Bogota,4.71,-74.07,historical,1974,21.042,19.348,22.464,9.273,8.0
Bogota,4.71,-74.07,historical,1975,20.894,19.32,22.296,9.219,8.0
Bogota,4.71,-74.07,historical,1976,20.635,19.384,21.836,9.174,8.0
Bogota,4.71,-74.07,historical,1977,20.978,19.794,22.174,8.941,8.0
Bogota,4.71,-74.07,historical,1978,21.323,19.702,22.566,9.077,8.0
Bogota,4.71,-74.07,historical,1979,21.005,19.665,22.219,9.94,8.0
Bogota,4.71,-74.07,historical,1980,20.997,19.261,22.319,9.367,8.0
Bogota,4.71,-74.07,historical,1981,21.093,19.693,22.388,9.183,8.0
Bogota,4.71,-74.07,historical,1982,21.156,19.601,22.68,8.992,8.0
Bogota,4.71,-74.07,historical,1983,21.011,19.844,22.392,9.443,8.0
Bogota,4.71,-74.07,historical,1984,21.32,20.245,22.387,8.773,8.0
Bogota,4.71,-74.07,historical,1985,21.222,19.679,22.591,9.089,8.0
Bogota,4.71,-74.07,historical,1986,20.984,19.519,22.545,9.588,8.0
Bogota,4.71,-74.07,historical,1987,20.96,19.549,22.395,8.771,8.0
Bogota,4.71,-74.07,historical,1988,21.172,19.803,22.568,9.324,8.0
Bogota,4.71,-74.07,historical,1989,21.186,19.56,22.744,9.032,8.0
Bogota,4.71,-74.07,historical,1990,21.385,20.01,22.615,9.085,8.0
Bogota,4.71,-74.07,historical,1991,21.158,19.843,22.547,9.362,8.0
Bogota,4.71,-74.07,historical,1992,20.661,18.961,22.192,9.471,8.0
Bogota,4.71,-74.07,historical,1993,20.932,19.221,22.332,9.173,8.0
Bogota,4.71,-74.07,historical,1994,21.152,19.573,22.967,9.507,8.0
Bogota,4.71,-74.07,historical,1995,21.222,20.084,22.522,9.019,8.0
Bogota,4.71,-74.07,historical,1996,21.516,20.254,22.889,8.622,8.0
Bogota,4.71,-74.07,historical,1997,21.404,19.765,22.835,9.209,8.0
Bogota,4.71,-74.07,historical,1998,21.405,19.937,23.033,8.934,8.0
Bogota,4.71,-74.07,historical,1999,21.346,20.056,23.045,9.391,8.0
Bogota,4.71,-74.07,historical,2000,21.564,19.995,23.154,8.529,8.0
Bogota,4.71,-74.07,historical,2001,21.863,20.282,23.546,8.434,8.0
Bogota,4.71,-74.07,historical,2002,21.904,20.274,23.25,8.837,8.0
Bogota,4.71,-74.07,historical,2003,21.805,20.398,23.079,9.012,8.0
Bogota,4.71,-74.07,historical,2004,21.717,20.019,22.942,8.807,8.0
Bogota,4.71,-74.07,historical,2005,21.684,19.643,23.172,9.039,8.0
Bogota,4.71,-74.07,historical,2006,21.87,19.833,23.511,9.49,8.0
Bogota,4.71,-74.07,historical,2007,21.852,20.016,23.202,8.744,8.0
Bogota,4.71,-74.07,historical,2008,21.62,20.225,22.965,9.178,8.0
Bogota,4.71,-74.07,historical,2009,21.736,20.239,23.262,8.957,8.0
Bogota,4.71,-74.07,historical,2010,21.762,20.012,23.44,8.935,8.0
Bogota,4.71,-74.07,historical,2011,21.837,19.662,23.665,9.502,8.0
Bogota,4.71,-74.07,historical,2012,21.676,20.284,23.33,9.099,8.0
Bogota,4.71,-74.07,historical,2013,21.752,20.331,23.224,8.949,8.0
Bogota,4.71,-74.07,historical,2014,21.883,19.94,23.802,9.7,8.0
Bogota,4.71,-74.07,ssp126,2015,22.014,19.806,23.93,9.445,8.0
Bogota,4.71,-74.07,ssp126,2016,21.818,19.892,23.834,9.56,8.0
Bogota,4.71,-74.07,ssp126,2017,21.872,20.564,23.335,9.568,8.0
Bogota,4.71,-74.07,ssp126,2018,22.114,20.374,23.872,8.711,8.0
Bogota,4.71,-74.07,ssp126,2019,22.145,20.4,23.835,9.283,8.0
Bogota,4.71,-74.07,ssp126,2020,22.257,21.08,23.665,9.29,8.0
Bogota,4.71,-74.07,ssp126,2021,22.159,20.255,23.71,9.726,8.0
Bogota,4.71,-74.07,ssp126,2022,22.137,20.044,23.682,9.392,8.0
Bogota,4.71,-74.07,ssp126,2023,21.934,19.965,23.836,10.181,8.0
Bogota,4.71,-74.07,ssp126,2024,22.074,20.057,24.004,9.22,8.0
Bogota,4.71,-74.07,ssp126,2025,22.364,20.403,24.128,9.366,8.0
Bogota,4.71,-74.07,ssp126,2026,22.428,20.487,24.161,9.037,8.0
Bogota,4.71,-74.07,ssp126,2027,22.222,20.307,24.197,9.293,8.0
Bogota,4.71,-74.07,ssp126,2028,22.223,20.663,23.773,9.102,8.0
Bogota,4.71,-74.07,ssp126,2029,22.713,20.874,24.821,8.39,8.0
Bogota,4.71,-74.07,ssp126,2030,22.699,20.485,24.536,8.854,8.0
Bogota,4.71,-74.07,ssp126,2031,22.398,20.467,23.986,10.053,8.0
Bogota,4.71,-74.07,ssp126,2032,22.144,20.327,24.124,9.44,8.0
Bogota,4.71,-74.07,ssp126,2033,22.349,20.342,24.223,9.065,8.0
Bogota,4.71,-74.07,ssp126,2034,22.35,20.259,24.096,8.976,8.0
Bogota,4.71,-74.07,ssp126,2035,22.507,20.713,24.405,8.762,8.0
Bogota,4.71,-74.07,ssp126,2036,22.991,21.381,24.55,8.708,8.0
Bogota,4.71,-74.07,ssp126,2037,22.927,20.55,24.775,9.429,8.0
Bogota,4.71,-74.07,ssp126,2038,22.506,20.186,24.465,9.797,8.0
Bogota,4.71,-74.07,ssp126,2039,22.497,20.256,24.6,9.232,8.0
Bogota,4.71,-74.07,ssp126,2040,22.775,20.483,24.842,8.736,8.0
Bogota,4.71,-74.07,ssp126,2041,22.707,20.838,24.454,9.414,8.0
Bogota,4.71,-74.07,ssp126,2042,22.613,21.009,24.619,9.46,8.0
Bogota,4.71,-74.07,ssp126,2043,22.887,21.232,24.801,9.109,8.0
Bogota,4.71,-74.07,ssp126,2044,22.77,20.644,24.794,9.45,8.0
Bogota,4.71,-74.07,ssp126,2045,22.672,20.561,24.331,9.749,8.0
Bogota,4.71,-74.07,ssp126,2046,22.837,21.002,25.019,9.552,8.0
Bogota,4.71,-74.07,ssp126,2047,23.091,21.205,24.973,9.759,8.0
Bogota,4.71,-74.07,ssp126,2048,22.788,20.453,24.913,9.19,8.0
Bogota,4.71,-74.07,ssp126,2049,22.752,20.2,24.713,9.425,8.0
Bogota,4.71,-74.07,ssp126,2050,22.742,20.711,24.37,9.403,8.0
Bogota,4.71,-74.07,ssp126,2051,22.823,20.458,24.512,9.771,8.0
Bogota,4.71,-74.07,ssp126,2052,23.075,20.633,24.987,9.069,8.0
Bogota,4.71,-74.07,ssp126,2053,22.891,20.705,24.856,9.019,8.0
Bogota,4.71,-74.07,ssp126,2054,22.999,20.805,24.761,9.082,8.0
Bogota,4.71,-74.07,ssp126,2055,22.701,20.801,24.699,9.415,8.0
Bogota,4.71,-74.07,ssp126,2056,22.839,20.694,24.746,9.711,8.0
Bogota,4.71,-74.07,ssp126,2057,22.995,20.73,24.61,9.902,8.0
Bogota,4.71,-74.07,ssp126,2058,22.754,20.576,25.286,9.811,8.0
Bogota,4.71,-74.07,ssp126,2059,22.913,20.685,24.685,8.967,8.0
Bogota,4.71,-74.07,ssp126,2060,22.969,21.039,24.762,9.479,8.0
Bogota,4.71,-74.07,ssp126,2061,22.935,20.891,24.72,9.464,8.0
Bogota,4.71,-74.07,ssp126,2062,23.005,20.71,24.71,9.646,8.0
Bogota,4.71,-74.07,ssp126,2063,22.865,20.79,24.915,9.395,8.0
Bogota,4.71,-74.07,ssp126,2064,22.995,20.844,25.131,9.529,8.0
Bogota,4.71,-74.07,ssp126,2065,23.109,20.587,25.803,9.144,8.0
Bogota,4.71,-74.07,ssp126,2066,23.216,20.925,25.268,9.176,8.0
Bogota,4.71,-74.07,ssp126,2067,22.861,20.89,24.767,9.151,8.0
Bogota,4.71,-74.07,ssp126,2068,22.886,20.792,24.823,9.293,8.0
Bogota,4.71,-74.07,ssp126,2069,23.203,20.83,25.131,9.062,8.0
Bogota,4.71,-74.07,ssp126,2070,22.98,20.655,24.792,9.655,8.0
Bogota,4.71,-74.07,ssp126,2071,22.505,20.555,24.715,10.156,8.0
Bogota,4.71,-74.07,ssp126,2072,22.791,20.533,24.954,8.935,8.0
Bogota,4.71,-74.07,ssp126,2073,23.252,20.569,25.561,8.739,8.0
Bogota,4.71,-74.07,ssp126,2074,23.107,21.078,25.322,9.363,8.0
Bogota,4.71,-74.07,ssp126,2075,22.831,20.787,24.775,9.346,8.0
Bogota,4.71,-74.07,ssp126,2076,22.836,20.327,25.118,9.129,8.0
Bogota,4.71,-74.07,ssp126,2077,23.103,20.744,25.535,8.59,8.0
Bogota,4.71,-74.07,ssp126,2078,23.215,21.125,25.258,8.909,8.0
Bogota,4.71,-74.07,ssp126,2079,22.972,20.269,25.227,9.666,8.0
Bogota,4.71,-74.07,ssp126,2080,22.801,20.936,24.597,9.301,8.0
Bogota,4.71,-74.07,ssp126,2081,23.136,21.778,24.771,8.692,8.0
Bogota,4.71,-74.07,ssp126,2082,23.069,21.229,24.789,9.783,8.0
Bogota,4.71,-74.07,ssp126,2083,22.767,20.472,25.321,10.006,8.0
Bogota,4.71,-74.07,ssp126,2084,22.905,20.193,25.073,9.329,8.0
Bogota,4.71,-74.07,ssp126,2085,23.028,20.86,25.1,8.975,8.0
Bogota,4.71,-74.07,ssp126,2086,23.089,20.773,24.812,8.882,8.0
Bogota,4.71,-74.07,ssp126,2087,22.95,20.359,25.159,9.655,8.0
Bogota,4.71,-74.07,ssp126,2088,22.857,20.507,25.147,10.13,8.0
Bogota,4.71,-74.07,ssp126,2089,22.788,20.843,24.797,9.709,8.0
Bogota,4.71,-74.07,ssp126,2090,22.951,20.962,24.881,9.151,8.0
Bogota,4.71,-74.07,ssp126,2091,22.997,20.641,24.987,9.072,8.0
Bogota,4.71,-74.07,ssp126,2092,22.945,20.594,24.886,8.974,8.0
Bogota,4.71,-74.07,ssp126,2093,22.959,20.879,24.951,9.373,8.0
Bogota,4.71,-74.07,ssp126,2094,22.848,20.391,24.791,9.464,8.0
Bogota,4.71,-74.07,ssp126,2095,22.974,20.85,25.126,9.034,8.0
Bogota,4.71,-74.07,ssp126,2096,22.961,20.665,24.984,9.15,8.0
Bogota,4.71,-74.07,ssp126,2097,22.698,20.355,25.006,10.604,8.0
Bogota,4.71,-74.07,ssp126,2098,22.62,20.517,25.036,9.559,8.0
Bogota,4.71,-74.07,ssp126,2099,22.892,20.745,24.845,8.843,8.0
Bogota,4.71,-74.07,ssp126,2100,23.195,21.193,25.292,9.222,8.0
Bogota,4.71,-74.07,ssp245,2015,21.814,19.65,23.548,10.004,8.0
Bogota,4.71,-74.07,ssp245,2016,21.839,19.837,23.715,9.492,8.0
Bogota,4.71,-74.07,ssp245,2017,22.161,20.473,24.141,8.925,8.0
Bogota,4.71,-74.07,ssp245,2018,22.36,20.635,23.82,8.579,8.0
Bogota,4.71,-74.07,ssp245,2019,22.041,20.728,23.16,9.268,8.0
Bogota,4.71,-74.07,ssp245,2020,21.934,20.293,23.456,9.251,8.0
Bogota,4.71,-74.07,ssp245,2021,22.125,19.718,24.194,9.275,8.0
Bogota,4.71,-74.07,ssp245,2022,22.161,19.982,24.363,8.852,8.0
Bogota,4.71,-74.07,ssp245,2023,22.361,20.513,24.204,8.901,8.0
Bogota,4.71,-74.07,ssp245,2024,22.45,20.606,24.173,8.773,8.0
Bogota,4.71,-74.07,ssp245,2025,22.442,20.748,23.959,8.522,8.0
Bogota,4.71,-74.07,ssp245,2026,22.364,20.816,23.684,9.4,8.0
Bogota,4.71,-74.07,ssp245,2027,22.157,20.432,23.917,9.495,8.0
Bogota,4.71,-74.07,ssp245,2028,22.2,20.266,23.991,9.892,8.0
Bogota,4.71,-74.07,ssp245,2029,22.299,20.324,24.406,9.27,8.0
Bogota,4.71,-74.07,ssp245,2030,22.531,20.809,24.477,9.301,8.0
Bogota,4.71,-74.07,ssp245,2031,22.434,20.934,24.019,9.415,8.0
Bogota,4.71,-74.07,ssp245,2032,22.548,20.559,24.609,9.117,8.0
Bogota,4.71,-74.07,ssp245,2033,22.566,20.318,24.738,9.272,8.0
Bogota,4.71,-74.07,ssp245,2034,22.708,20.916,24.721,9.379,8.0
Bogota,4.71,-74.07,ssp245,2035,22.623,20.399,24.649,9.158,8.0
Bogota,4.71,-74.07,ssp245,2036,22.449,20.497,24.952,9.55,8.0
Bogota,4.71,-74.07,ssp245,2037,22.514,20.872,24.548,9.384,8.0
Bogota,4.71,-74.07,ssp245,2038,22.861,20.995,24.412,8.602,8.0
Bogota,4.71,-74.07,ssp245,2039,22.874,21.208,24.418,8.888,8.0
Bogota,4.71,-74.07,ssp245,2040,23.051,20.522,25.083,8.229,7.0
Bogota,4.71,-74.07,ssp245,2041,23.101,20.651,25.992,8.071,7.0
Bogota,4.71,-74.07,ssp245,2042,22.988,20.6,25.498,8.37,7.0
Bogota,4.71,-74.07,ssp245,2043,23.345,20.914,25.503,7.526,7.0
Bogota,4.71,-74.07,ssp245,2044,23.183,20.985,25.366,7.628,7.0
Bogota,4.71,-74.07,ssp245,2045,23.021,20.977,24.926,7.86,7.0
Bogota,4.71,-74.07,ssp245,2046,23.199,21.003,25.742,7.587,7.0
Bogota,4.71,-74.07,ssp245,2047,23.405,20.905,26.071,7.863,7.0
Bogota,4.71,-74.07,ssp245,2048,23.333,20.76,25.591,7.29,7.0
Bogota,4.71,-74.07,ssp245,2049,23.306,21.498,24.986,7.838,7.0
Bogota,4.71,-74.07,ssp245,2050,23.312,21.14,25.497,7.818,7.0
Bogota,4.71,-74.07,ssp245,2051,23.474,20.955,25.844,7.417,7.0
Bogota,4.71,-74.07,ssp245,2052,23.597,20.8,26.291,7.117,7.0
Bogota,4.71,-74.07,ssp245,2053,23.799,21.317,26.278,8.192,7.0
Bogota,4.71,-74.07,ssp245,2054,23.275,20.96,25.443,8.261,7.0
Bogota,4.71,-74.07,ssp245,2055,23.531,21.255,25.782,7.587,7.0
Bogota,4.71,-74.07,ssp245,2056,24.002,21.479,26.098,7.315,7.0
Bogota,4.71,-74.07,ssp245,2057,23.727,21.322,25.718,7.864,7.0
Bogota,4.71,-74.07,ssp245,2058,23.728,20.803,26.273,7.48,7.0
Bogota,4.71,-74.07,ssp245,2059,23.628,21.003,26.185,7.655,7.0
Bogota,4.71,-74.07,ssp245,2060,23.65,21.725,25.749,7.714,7.0
Bogota,4.71,-74.07,ssp245,2061,23.75,20.984,26.222,7.593,7.0
Bogota,4.71,-74.07,ssp245,2062,23.927,21.321,26.558,7.818,7.0
Bogota,4.71,-74.07,ssp245,2063,23.828,21.932,26.196,7.165,7.0
Bogota,4.71,-74.07,ssp245,2064,24.289,22.266,26.153,7.247,7.0
Bogota,4.71,-74.07,ssp245,2065,24.068,21.337,26.39,8.007,7.0
Bogota,4.71,-74.07,ssp245,2066,23.593,21.305,26.143,8.031,7.0
Bogota,4.71,-74.07,ssp245,2067,23.795,21.295,26.06,8.18,7.0
Bogota,4.71,-74.07,ssp245,2068,23.875,21.486,25.712,7.39,7.0
Bogota,4.71,-74.07,ssp245,2069,23.852,21.306,25.968,7.92,7.0
Bogota,4.71,-74.07,ssp245,2070,23.969,21.058,26.337,7.673,7.0
Bogota,4.71,-74.07,ssp245,2071,23.966,21.727,26.453,7.847,7.0
Bogota,4.71,-74.07,ssp245,2072,24.128,21.535,26.85,7.518,7.0
Bogota,4.71,-74.07,ssp245,2073,24.142,21.149,27.156,8.206,7.0
Bogota,4.71,-74.07,ssp245,2074,24.204,21.555,26.823,7.508,7.0
Bogota,4.71,-74.07,ssp245,2075,24.202,21.783,25.97,8.106,7.0
Bogota,4.71,-74.07,ssp245,2076,24.105,21.782,26.301,7.567,7.0
Bogota,4.71,-74.07,ssp245,2077,24.398,21.122,27.462,7.952,7.0
Bogota,4.71,-74.07,ssp245,2078,24.293,21.426,27.244,8.097,7.0
Bogota,4.71,-74.07,ssp245,2079,24.231,21.538,27.241,7.936,7.0
Bogota,4.71,-74.07,ssp245,2080,24.248,21.621,26.813,7.557,7.0
Bogota,4.71,-74.07,ssp245,2081,24.029,21.123,26.123,8.247,7.0
Bogota,4.71,-74.07,ssp245,2082,24.144,21.616,26.698,7.819,7.0
Bogota,4.71,-74.07,ssp245,2083,24.452,21.619,26.931,7.868,7.0
Bogota,4.71,-74.07,ssp245,2084,24.346,21.452,27.276,7.862,7.0
Bogota,4.71,-74.07,ssp245,2085,24.633,21.678,27.586,7.691,7.0
Bogota,4.71,-74.07,ssp245,2086,24.706,21.731,27.838,7.761,7.0
Bogota,4.71,-74.07,ssp245,2087,24.226,21.163,26.593,8.416,7.0
Bogota,4.71,-74.07,ssp245,2088,24.195,21.624,26.423,7.38,7.0
Bogota,4.71,-74.07,ssp245,2089,24.681,22.299,27.121,8.166,7.0
Bogota,4.71,-74.07,ssp245,2090,24.491,21.58,27.497,8.237,7.0
Bogota,4.71,-74.07,ssp245,2091,24.228,21.187,26.702,7.454,7.0
Bogota,4.71,-74.07,ssp245,2092,24.431,21.642,26.726,8.51,7.0
Bogota,4.71,-74.07,ssp245,2093,24.458,21.517,26.986,8.124,7.0
Bogota,4.71,-74.07,ssp245,2094,24.408,21.545,27.035,7.78,7.0
Bogota,4.71,-74.07,ssp245,2095,24.6,21.933,27.169,8.152,7.0
Bogota,4.71,-74.07,ssp245,2096,24.45,21.489,26.86,8.47,7.0
Bogota,4.71,-74.07,ssp245,2097,24.407,21.985,26.643,8.207,7.0
Bogota,4.71,-74.07,ssp245,2098,24.54,22.18,26.786,7.767,7.0
Bogota,4.71,-74.07,ssp245,2099,24.817,21.657,27.624,8.13,7.0
Bogota,4.71,-74.07,ssp245,2100,24.426,21.499,26.413,7.641,7.0
Bogota,4.71,-74.07,ssp585,2015,21.881,19.748,23.519,9.922,8.0
Bogota,4.71,-74.07,ssp585,2016,21.714,19.842,23.836,9.529,8.0
Bogota,4.71,-74.07,ssp585,2017,21.622,19.969,23.35,9.684,8.0
Bogota,4.71,-74.07,ssp585,2018,21.998,20.391,23.902,8.652,8.0
Bogota,4.71,-74.07,ssp585,2019,22.697,20.913,24.386,8.53,8.0
Bogota,4.71,-74.07,ssp585,2020,22.11,20.153,23.891,9.194,8.0
Bogota,4.71,-74.07,ssp585,2021,21.876,19.979,23.61,9.002,8.0
Bogota,4.71,-74.07,ssp585,2022,22.053,20.045,23.922,9.067,8.0
Bogota,4.71,-74.07,ssp585,2023,22.243,20.257,23.925,8.954,8.0
Bogota,4.71,-74.07,ssp585,2024,22.071,20.136,23.555,9.321,8.0
Bogota,4.71,-74.07,ssp585,2025,22.36,20.7,23.873,8.549,8.0
Bogota,4.71,-74.07,ssp585,2026,22.454,20.864,24.283,9.457,8.0
Bogota,4.71,-74.07,ssp585,2027,22.701,20.175,24.948,9.223,8.0
Bogota,4.71,-74.07,ssp585,2028,22.45,20.554,23.968,9.557,8.0
Bogota,4.71,-74.07,ssp585,2029,22.265,20.379,23.812,9.167,8.0
Bogota,4.71,-74.07,ssp585,2030,22.436,20.373,24.064,8.905,8.0
Bogota,4.71,-74.07,ssp585,2031,22.788,20.826,24.332,8.415,8.0
Bogota,4.71,-74.07,ssp585,2032,22.586,21.057,23.975,9.422,8.0
Bogota,4.71,-74.07,ssp585,2033,22.647,20.464,24.418,9.535,8.0
Bogota,4.71,-74.07,ssp585,2034,22.431,20.199,24.764,9.568,8.0
Bogota,4.71,-74.07,ssp585,2035,22.736,20.496,24.593,9.169,8.0
Bogota,4.71,-74.07,ssp585,2036,22.67,21.038,24.297,8.711,8.0
Bogota,4.71,-74.07,ssp585,2037,23.107,21.085,24.908,8.831,8.0
Bogota,4.71,-74.07,ssp585,2038,22.694,20.578,25.191,9.404,8.0
Bogota,4.71,-74.07,ssp585,2039,22.869,20.848,24.858,8.391,8.0
Bogota,4.71,-74.07,ssp585,2040,23.398,21.408,25.211,8.908,8.0
Bogota,4.71,-74.07,ssp585,2041,23.249,20.917,25.343,9.062,8.0
Bogota,4.71,-74.07,ssp585,2042,22.812,20.506,25.213,9.163,8.0
Bogota,4.71,-74.07,ssp585,2043,23.306,20.782,25.35,9.354,8.0
Bogota,4.71,-74.07,ssp585,2044,23.366,21.204,25.398,8.742,8.0
Bogota,4.71,-74.07,ssp585,2045,23.296,21.344,25.613,9.021,8.0
Bogota,4.71,-74.07,ssp585,2046,23.616,21.508,25.688,8.596,8.0
Bogota,4.71,-74.07,ssp585,2047,23.636,21.773,25.907,8.959,8.0
Bogota,4.71,-74.07,ssp585,2048,23.519,21.585,25.644,9.273,8.0
Bogota,4.71,-74.07,ssp585,2049,23.611,21.328,25.618,8.752,8.0
Bogota,4.71,-74.07,ssp585,2050,23.685,20.989,25.866,8.992,8.0
Bogota,4.71,-74.07,ssp585,2051,23.83,21.276,26.625,9.002,8.0
Bogota,4.71,-74.07,ssp585,2052,23.954,21.474,26.498,8.823,8.0
Bogota,4.71,-74.07,ssp585,2053,23.823,21.261,25.769,9.068,8.0
Bogota,4.71,-74.07,ssp585,2054,23.745,21.472,25.974,9.411,8.0
Bogota,4.71,-74.07,ssp585,2055,23.852,21.194,26.523,9.44,8.0
Bogota,4.71,-74.07,ssp585,2056,24.08,21.625,26.543,8.755,8.0
Bogota,4.71,-74.07,ssp585,2057,24.113,21.703,26.295,8.07,8.0
Bogota,4.71,-74.07,ssp585,2058,24.317,22.033,26.068,9.159,8.0
Bogota,4.71,-74.07,ssp585,2059,24.168,21.524,26.341,9.148,8.0
Bogota,4.71,-74.07,ssp585,2060,24.327,21.287,27.249,8.728,8.0
Bogota,4.71,-74.07,ssp585,2061,24.669,21.97,27.328,8.711,8.0
Bogota,4.71,-74.07,ssp585,2062,24.607,22.209,27.044,8.577,8.0
Bogota,4.71,-74.07,ssp585,2063,24.733,22.402,27.233,8.5,8.0
Bogota,4.71,-74.07,ssp585,2064,24.564,22.149,27.29,9.056,8.0
Bogota,4.71,-74.07,ssp585,2065,24.419,21.905,27.262,9.169,8.0
Bogota,4.71,-74.07,ssp585,2066,24.882,22.5,27.585,8.564,8.0
Bogota,4.71,-74.07,ssp585,2067,25.152,22.519,27.915,9.411,8.0
Bogota,4.71,-74.07,ssp585,2068,24.628,21.741,27.475,9.258,8.0
Bogota,4.71,-74.07,ssp585,2069,24.841,22.134,27.749,8.84,8.0
Bogota,4.71,-74.07,ssp585,2070,25.405,22.65,28.484,8.204,8.0
Bogota,4.71,-74.07,ssp585,2071,25.633,23.227,28.231,8.378,8.0
Bogota,4.71,-74.07,ssp585,2072,25.206,22.127,28.587,8.948,8.0
Bogota,4.71,-74.07,ssp585,2073,25.317,22.545,27.939,8.683,8.0
Bogota,4.71,-74.07,ssp585,2074,25.644,23.332,27.741,8.456,8.0
Bogota,4.71,-74.07,ssp585,2075,25.705,23.091,28.164,9.29,8.0
Bogota,4.71,-74.07,ssp585,2076,25.456,21.797,28.845,9.372,8.0
Bogota,4.71,-74.07,ssp585,2077,25.336,22.447,28.394,8.792,8.0
Bogota,4.71,-74.07,ssp585,2078,25.496,22.684,28.424,9.135,8.0
Bogota,4.71,-74.07,ssp585,2079,26.111,23.415,29.218,8.162,8.0
Bogota,4.71,-74.07,ssp585,2080,25.905,22.317,29.16,9.338,8.0
Bogota,4.71,-74.07,ssp585,2081,26.073,23.421,29.044,8.935,8.0
Bogota,4.71,-74.07,ssp585,2082,25.958,23.468,28.945,9.134,8.0
Bogota,4.71,-74.07,ssp585,2083,26.181,23.286,29.43,8.796,8.0
Bogota,4.71,-74.07,ssp585,2084,26.12,22.723,29.547,9.363,8.0
Bogota,4.71,-74.07,ssp585,2085,26.093,22.801,29.274,9.412,8.0
Bogota,4.71,-74.07,ssp585,2086,26.368,23.646,29.114,8.509,8.0
Bogota,4.71,-74.07,ssp585,2087,26.551,23.428,29.203,9.065,8.0
Bogota,4.71,-74.07,ssp585,2088,26.362,22.706,29.844,8.784,8.0
Bogota,4.71,-74.07,ssp585,2089,26.659,23.105,30.413,8.676,8.0
Bogota,4.71,-74.07,ssp585,2090,26.813,23.422,30.496,7.86,8.0
Bogota,4.71,-74.07,ssp585,2091,27.004,24.253,29.908,7.928,8.0
Bogota,4.71,-74.07,ssp585,2092,26.916,23.497,29.768,9.314,8.0
Bogota,4.71,-74.07,ssp585,2093,26.861,23.151,29.799,8.904,8.0
Bogota,4.71,-74.07,ssp585,2094,27.096,23.306,30.69,8.519,8.0
Bogota,4.71,-74.07,ssp585,2095,27.159,23.737,30.461,8.216,8.0
Bogota,4.71,-74.07,ssp585,2096,27.28,24.365,30.276,9.012,8.0
Bogota,4.71,-74.07,ssp585,2097,27.151,23.12,31.004,8.95,8.0
Bogota,4.71,-74.07,ssp585,2098,27.288,23.305,31.106,9.449,8.0
Bogota,4.71,-74.07,ssp585,2099,27.567,24.177,30.458,9.041,8.0
Bogota,4.71,-74.07,ssp585,2100,27.363,23.5,30.808,9.343,8.0
Buenos Aires,-34.61,-58.38,historical,1850,17.744,16.099,20.311,2.186,8.0
Buenos Aires,-34.61,-58.38,historical,1851,17.211,15.907,19.214,2.56,8.0
Buenos Aires,-34.61,-58.38,historical,1852,17.577,16.047,19.447,2.298,8.0
Buenos Aires,-34.61,-58.38,historical,1853,17.477,15.919,19.664,2.611,8.0
Buenos Aires,-34.61,-58.38,historical,1854,17.147,15.799,19.005,2.729,8.0
Buenos Aires,-34.61,-58.38,historical,1855,17.8,15.653,19.953,2.313,8.0
Buenos Aires,-34.61,-58.38,historical,1856,17.317,15.736,19.842,2.354,8.0
Buenos Aires,-34.61,-58.38,historical,1857,17.284,15.93,18.881,2.748,8.0
Buenos Aires,-34.61,-58.38,historical,1858,17.477,16.146,18.933,2.514,8.0
Buenos Aires,-34.61,-58.38,historical,1859,17.099,15.905,18.74,2.716,8.0
Buenos Aires,-34.61,-58.38,historical,1860,17.266,15.798,19.389,2.535,8.0
Buenos Aires,-34.61,-58.38,historical,1861,17.378,15.687,19.755,2.409,8.0
Buenos Aires,-34.61,-58.38,historical,1862,17.217,15.561,19.275,2.289,8.0
Buenos Aires,-34.61,-58.38,historical,1863,17.175,15.567,18.879,2.4,8.0
Buenos Aires,-34.61,-58.38,historical,1864,17.699,16.341,19.591,2.54,8.0
Buenos Aires,-34.61,-58.38,historical,1865,16.969,15.332,19.081,2.638,8.0
Buenos Aires,-34.61,-58.38,historical,1866,17.288,15.97,19.757,2.511,8.0
Buenos Aires,-34.61,-58.38,historical,1867,17.6,16.018,19.227,2.463,8.0
Buenos Aires,-34.61,-58.38,historical,1868,17.361,15.736,18.894,2.292,8.0
Buenos Aires,-34.61,-58.38,historical,1869,17.461,16.119,19.283,2.489,8.0
Buenos Aires,-34.61,-58.38,historical,1870,17.49,16.062,19.255,2.431,8.0
Buenos Aires,-34.61,-58.38,historical,1871,17.298,15.895,19.343,2.492,8.0
Buenos Aires,-34.61,-58.38,historical,1872,17.505,15.933,19.186,2.629,8.0
Buenos Aires,-34.61,-58.38,historical,1873,17.506,16.084,19.214,2.175,8.0
Buenos Aires,-34.61,-58.38,historical,1874,17.233,15.58,18.745,2.68,8.0
Buenos Aires,-34.61,-58.38,historical,1875,17.037,15.638,18.886,2.469,8.0
Buenos Aires,-34.61,-58.38,historical,1876,17.583,15.48,19.96,2.346,8.0
Buenos Aires,-34.61,-58.38,historical,1877,17.535,16.017,19.327,2.285,8.0
Buenos Aires,-34.61,-58.38,historical,1878,17.343,15.59,19.209,2.462,8.0
Buenos Aires,-34.61,-58.38,historical,1879,17.769,16.361,19.774,2.232,8.0
Buenos Aires,-34.61,-58.38,historical,1880,17.767,16.092,19.638,2.459,8.0
Buenos Aires,-34.61,-58.38,historical,1881,17.054,15.822,18.975,2.435,8.0
Buenos Aires,-34.61,-58.38,historical,1882,17.578,15.857,19.977,2.26,8.0
Buenos Aires,-34.61,-58.38,historical,1883,17.476,16.086,19.172,2.469,8.0
Buenos Aires,-34.61,-58.38,historical,1884,17.072,15.653,19.345,2.474,8.0
Buenos Aires,-34.61,-58.38,historical,1885,16.996,15.788,18.782,2.417,8.0
Buenos Aires,-34.61,-58.38,historical,1886,17.513,16.206,19.56,2.212,8.0
Buenos Aires,-34.61,-58.38,historical,1887,17.496,16.201,19.274,2.395,8.0
Buenos Aires,-34.61,-58.38,historical,1888,17.393,15.538,19.514,2.418,8.0
Buenos Aires,-34.61,-58.38,historical,1889,17.447,15.833,19.703,2.544,8.0
Buenos Aires,-34.61,-58.38,historical,1890,17.584,15.972,19.401,2.266,8.0
Buenos Aires,-34.61,-58.38,historical,1891,17.478,15.962,19.474,2.491,8.0
Buenos Aires,-34.61,-58.38,historical,1892,17.62,16.283,18.934,2.434,8.0
Buenos Aires,-34.61,-58.38,historical,1893,17.507,15.987,19.15,2.747,8.0
Buenos Aires,-34.61,-58.38,historical,1894,17.479,15.463,19.176,2.515,8.0
Buenos Aires,-34.61,-58.38,historical,1895,17.425,15.966,18.862,2.24,8.0
Buenos Aires,-34.61,-58.38,historical,1896,17.464,15.757,19.271,2.474,8.0
Buenos Aires,-34.61,-58.38,historical,1897,17.302,15.791,18.785,2.225,8.0
Buenos Aires,-34.61,-58.38,historical,1898,17.77,16.508,19.617,2.361,8.0
Buenos Aires,-34.61,-58.38,historical,1899,17.782,16.087,19.35,2.598,8.0
Buenos Aires,-34.61,-58.38,historical,1900,17.639,16.027,19.64,2.302,8.0
Buenos Aires,-34.61,-58.38,historical,1901,17.319,16.193,18.866,2.311,8.0
Buenos Aires,-34.61,-58.38,historical,1902,17.616,16.417,19.066,2.293,8.0
Buenos Aires,-34.61,-58.38,historical,1903,17.577,16.134,19.036,2.554,8.0
Buenos Aires,-34.61,-58.38,historical,1904,17.658,16.114,19.253,2.594,8.0
Buenos Aires,-34.61,-58.38,historical,1905,17.247,15.617,18.477,2.396,8.0
Buenos Aires,-34.61,-58.38,historical,1906,17.37,15.894,18.906,2.207,8.0
Buenos Aires,-34.61,-58.38,historical,1907,17.51,16.192,18.776,2.496,8.0
Buenos Aires,-34.61,-58.38,historical,1908,17.254,15.689,18.947,2.509,8.0
Buenos Aires,-34.61,-58.38,historical,1909,17.553,16.224,18.982,2.311,8.0
Buenos Aires,-34.61,-58.38,historical,1910,17.552,16.116,18.788,2.63,8.0
Buenos Aires,-34.61,-58.38,historical,1911,17.579,16.443,18.689,2.196,8.0
Buenos Aires,-34.61,-58.38,historical,1912,17.278,15.695,18.951,2.543,8.0
Buenos Aires,-34.61,-58.38,historical,1913,17.311,16.131,19.227,2.454,8.0
Buenos Aires,-34.61,-58.38,historical,1914,17.831,16.239,19.601,2.129,8.0
Buenos Aires,-34.61,-58.38,historical,1915,17.372,16.093,18.865,2.45,8.0
Buenos Aires,-34.61,-58.38,historical,1916,17.164,15.464,18.919,2.455,8.0
Buenos Aires,-34.61,-58.38,historical,1917,17.624,15.963,19.551,2.478,8.0
Buenos Aires,-34.61,-58.38,historical,1918,17.761,16.403,19.301,2.601,8.0
Buenos Aires,-34.61,-58.38,historical,1919,17.3,15.574,19.382,2.71,8.0
Buenos Aires,-34.61,-58.38,historical,1920,17.583,15.952,19.025,2.602,8.0
Buenos Aires,-34.61,-58.38,historical,1921,17.895,15.945,20.515,2.325,8.0
Buenos Aires,-34.61,-58.38,historical,1922,17.715,16.118,20.5,2.286,8.0
Buenos Aires,-34.61,-58.38,historical,1923,17.421,16.251,18.813,2.512,8.0
Buenos Aires,-34.61,-58.38,historical,1924,17.929,16.208,19.476,2.46,8.0
Buenos Aires,-34.61,-58.38,historical,1925,17.513,15.711,19.687,2.552,8.0
Buenos Aires,-34.61,-58.38,historical,1926,17.637,16.028,19.79,2.424,8.0
Buenos Aires,-34.61,-58.38,historical,1927,17.691,16.241,19.759,2.489,8.0
Buenos Aires,-34.61,-58.38,historical,1928,17.195,15.925,18.706,2.489,8.0
Buenos Aires,-34.61,-58.38,historical,1929,17.567,16.337,19.58,2.512,8.0
Buenos Aires,-34.61,-58.38,historical,1930,17.616,15.466,19.592,2.504,8.0
Buenos Aires,-34.61,-58.38,historical,1931,17.622,15.963,19.232,2.414,8.0
Buenos Aires,-34.61,-58.38,historical,1932,17.316,15.9,18.935,2.564,8.0
Buenos Aires,-34.61,-58.38,historical,1933,17.556,16.29,19.253,2.276,8.0
Buenos Aires,-34.61,-58.38,historical,1934,17.655,16.362,19.215,2.357,8.0
Buenos Aires,-34.61,-58.38,historical,1935,17.46,15.78,19.26,2.728,8.0
Buenos Aires,-34.61,-58.38,historical,1936,17.509,15.758,19.074,2.525,8.0
Buenos Aires,-34.61,-58.38,historical,1937,17.414,15.743,18.937,2.383,8.0
Buenos Aires,-34.61,-58.38,historical,1938,17.371,15.84,19.07,2.324,8.0
Buenos Aires,-34.61,-58.38,historical,1939,17.79,15.961,19.594,2.306,8.0
Buenos Aires,-34.61,-58.38,historical,1940,17.853,16.42,19.613,2.572,8.0
Buenos Aires,-34.61,-58.38,historical,1941,17.867,16.373,19.908,2.33,8.0
Buenos Aires,-34.61,-58.38,historical,1942,17.492,16.27,19.368,2.38,8.0
Buenos Aires,-34.61,-58.38,historical,1943,17.914,16.546,19.145,2.413,8.0
Buenos Aires,-34.61,-58.38,historical,1944,17.824,16.157,19.983,2.47,8.0
Buenos Aires,-34.61,-58.38,historical,1945,17.577,15.936,20.149,2.356,8.0
Buenos Aires,-34.61,-58.38,historical,1946,17.834,16.181,19.702,2.256,8.0
Buenos Aires,-34.61,-58.38,historical,1947,17.587,16.26,19.491,2.467,8.0
Buenos Aires,-34.61,-58.38,historical,1948,17.37,16.156,18.786,2.583,8.0
Buenos Aires,-34.61,-58.38,historical,1949,17.244,16.28,18.534,2.629,8.0
Buenos Aires,-34.61,-58.38,historical,1950,17.506,15.851,19.781,2.373,8.0
Buenos Aires,-34.61,-58.38,historical,1951,17.369,15.597,19.021,2.571,8.0
Buenos Aires,-34.61,-58.38,historical,1952,17.564,16.175,18.978,2.539,8.0
Buenos Aires,-34.61,-58.38,historical,1953,17.614,16.188,19.184,2.46,8.0
Buenos Aires,-34.61,-58.38,historical,1954,17.616,15.696,19.824,2.356,8.0
Buenos Aires,-34.61,-58.38,historical,1955,17.188,15.579,18.808,2.558,8.0
Buenos Aires,-34.61,-58.38,historical,1956,17.474,15.811,18.81,2.415,8.0
Buenos Aires,-34.61,-58.38,historical,1957,17.467,16.236,19.052,2.63,8.0
Buenos Aires,-34.61,-58.38,historical,1958,17.593,15.799,19.629,2.414,8.0
Buenos Aires,-34.61,-58.38,historical,1959,17.847,16.141,19.744,2.525,8.0
Buenos Aires,-34.61,-58.38,historical,1960,17.928,16.72,19.889,2.594,8.0
Buenos Aires,-34.61,-58.38,historical,1961,17.715,16.117,19.664,2.37,8.0
Buenos Aires,-34.61,-58.38,historical,1962,17.599,16.416,19.359,2.537,8.0
Buenos Aires,-34.61,-58.38,historical,1963,17.48,16.184,19.061,2.641,8.0
Buenos Aires,-34.61,-58.38,historical,1964,16.916,15.551,18.646,2.45,8.0
Buenos Aires,-34.61,-58.38,historical,1965,17.401,15.315,19.361,2.507,8.0
Buenos Aires,-34.61,-58.38,historical,1966,17.439,15.943,19.12,2.397,8.0
Buenos Aires,-34.61,-58.38,historical,1967,17.558,16.401,18.98,2.369,8.0
Buenos Aires,-34.61,-58.38,historical,1968,17.583,15.949,19.08,2.574,8.0
Buenos Aires,-34.61,-58.38,historical,1969,17.598,16.242,19.388,2.4,8.0
Buenos Aires,-34.61,-58.38,historical,1970,17.456,15.968,19.008,2.65,8.0
Buenos Aires,-34.61,-58.38,historical,1971,17.447,15.801,19.244,2.711,8.0
Buenos Aires,-34.61,-58.38,historical,1972,17.172,15.769,18.722,2.631,8.0
Buenos Aires,-34.61,-58.38,historical,1973,17.894,16.121,19.673,2.492,8.0
Buenos Aires,-34.61,-58.38,historical,1974,17.6,16.273,19.431,2.327,8.0
Buenos Aires,-34.61,-58.38,historical,1975,17.764,16.384,20.114,2.238,8.0
Buenos Aires,-34.61,-58.38,historical,1976,17.951,15.801,20.167,2.519,8.0
Buenos Aires,-34.61,-58.38,historical,1977,17.833,16.356,19.568,2.645,8.0
Buenos Aires,-34.61,-58.38,historical,1978,17.387,16.071,18.734,2.567,8.0
Buenos Aires,-34.61,-58.38,historical,1979,17.752,16.14,19.621,2.632,8.0
Buenos Aires,-34.61,-58.38,historical,1980,17.754,16.388,19.543,2.517,8.0
Buenos Aires,-34.61,-58.38,historical,1981,17.942,16.554,19.874,2.525,8.0
Buenos Aires,-34.61,-58.38,historical,1982,17.648,16.182,19.378,2.491,8.0
Buenos Aires,-34.61,-58.38,historical,1983,17.52,15.958,19.229,2.587,8.0
Buenos Aires,-34.61,-58.38,historical,1984,17.606,15.91,19.576,2.982,8.0
Buenos Aires,-34.61,-58.38,historical,1985,17.536,16.295,19.729,2.256,8.0
Buenos Aires,-34.61,-58.38,historical,1986,17.703,16.177,19.919,2.305,8.0
Buenos Aires,-34.61,-58.38,historical,1987,17.918,16.726,19.378,2.171,8.0
Buenos Aires,-34.61,-58.38,historical,1988,17.789,16.282,19.367,2.374,8.0
Buenos Aires,-34.61,-58.38,historical,1989,17.882,16.214,19.469,2.677,8.0
Buenos Aires,-34.61,-58.38,historical,1990,17.691,16.232,19.411,2.464,8.0
Buenos Aires,-34.61,-58.38,historical,1991,17.609,16.18,19.711,2.383,8.0
Buenos Aires,-34.61,-58.38,historical,1992,17.824,15.949,19.666,2.446,8.0
Buenos Aires,-34.61,-58.38,historical,1993,17.606,16.336,19.233,2.683,8.0
Buenos Aires,-34.61,-58.38,historical,1994,17.3,16.072,19.048,2.497,8.0
Buenos Aires,-34.61,-58.38,historical,1995,17.93,16.772,19.168,2.388,8.0
Buenos Aires,-34.61,-58.38,historical,1996,17.867,16.389,19.983,2.44,8.0
Buenos Aires,-34.61,-58.38,historical,1997,18.011,16.557,20.159,2.432,8.0
Buenos Aires,-34.61,-58.38,historical,1998,18.285,17.197,19.638,2.386,8.0
Buenos Aires,-34.61,-58.38,historical,1999,18.29,16.48,20.922,2.201,8.0
Buenos Aires,-34.61,-58.38,historical,2000,18.218,16.523,20.971,2.541,8.0
Buenos Aires,-34.61,-58.38,historical,2001,18.075,16.045,20.502,2.553,8.0
Buenos Aires,-34.61,-58.38,historical,2002,17.972,16.799,19.485,2.851,8.0
Buenos Aires,-34.61,-58.38,historical,2003,17.965,16.272,19.85,2.474,8.0
Buenos Aires,-34.61,-58.38,historical,2004,18.127,16.961,20.186,2.727,8.0
Buenos Aires,-34.61,-58.38,historical,2005,18.26,16.408,20.56,2.597,8.0
Buenos Aires,-34.61,-58.38,historical,2006,18.256,16.559,19.84,2.393,8.0
Buenos Aires,-34.61,-58.38,historical,2007,18.364,16.865,20.367,2.417,8.0
Buenos Aires,-34.61,-58.38,historical,2008,18.136,16.626,20.286,2.55,8.0
Buenos Aires,-34.61,-58.38,historical,2009,18.423,16.882,20.037,2.612,8.0
Buenos Aires,-34.61,-58.38,historical,2010,18.077,16.192,20.186,2.514,8.0
Buenos Aires,-34.61,-58.38,historical,2011,18.165,16.978,19.973,2.558,8.0
Buenos Aires,-34.61,-58.38,historical,2012,18.375,16.561,20.758,2.625,8.0
Buenos Aires,-34.61,-58.38,historical,2013,18.237,16.762,19.978,2.487,8.0
Buenos Aires,-34.61,-58.38,historical,2014,17.998,16.871,19.464,2.722,8.0
Buenos Aires,-34.61,-58.38,ssp126,2015,18.288,16.869,19.762,2.391,8.0
Buenos Aires,-34.61,-58.38,ssp126,2016,18.145,16.791,19.541,2.674,8.0
Buenos Aires,-34.61,-58.38,ssp126,2017,18.245,16.79,19.882,2.674,8.0
Buenos Aires,-34.61,-58.38,ssp126,2018,18.187,16.668,19.915,2.495,8.0
Buenos Aires,-34.61,-58.38,ssp126,2019,18.241,17.147,19.739,2.497,8.0
Buenos Aires,-34.61,-58.38,ssp126,2020,18.502,17.159,20.473,2.484,8.0
Buenos Aires,-34.61,-58.38,ssp126,2021,18.341,17.101,19.697,2.53,8.0
Buenos Aires,-34.61,-58.38,ssp126,2022,18.509,17.004,20.673,2.647,8.0
Buenos Aires,-34.61,-58.38,ssp126,2023,18.513,16.689,20.56,2.307,8.0
Buenos Aires,-34.61,-58.38,ssp126,2024,18.603,17.266,20.101,2.587,8.0
Buenos Aires,-34.61,-58.38,ssp126,2025,18.38,16.551,19.842,2.647,8.0
Buenos Aires,-34.61,-58.38,ssp126,2026,18.538,16.861,20.576,2.534,8.0
Buenos Aires,-34.61,-58.38,ssp126,2027,18.826,17.171,20.456,2.308,8.0
Buenos Aires,-34.61,-58.38,ssp126,2028,18.561,17.066,20.138,2.511,8.0
Buenos Aires,-34.61,-58.38,ssp126,2029,18.44,16.728,20.03,2.681,8.0
Buenos Aires,-34.61,-58.38,ssp126,2030,18.275,17.015,20.305,2.805,8.0
Buenos Aires,-34.61,-58.38,ssp126,2031,18.28,17.081,19.667,2.509,8.0
Buenos Aires,-34.61,-58.38,ssp126,2032,18.55,16.755,20.263,2.658,8.0
Buenos Aires,-34.61,-58.38,ssp126,2033,18.599,16.627,20.825,2.696,8.0
Buenos Aires,-34.61,-58.38,ssp126,2034,18.65,17.096,20.2,2.583,8.0
Buenos Aires,-34.61,-58.38,ssp126,2035,18.837,17.22,20.615,2.866,8.0
Buenos Aires,-34.61,-58.38,ssp126,2036,18.324,16.948,19.51,2.765,8.0
Buenos Aires,-34.61,-58.38,ssp126,2037,18.699,17.337,20.339,2.704,8.0
Buenos Aires,-34.61,-58.38,ssp126,2038,19.023,17.161,21.302,2.754,8.0
Buenos Aires,-34.61,-58.38,ssp126,2039,18.832,17.209,20.372,2.669,8.0
Buenos Aires,-34.61,-58.38,ssp126,2040,18.495,17.29,19.778,2.825,8.0
Buenos Aires,-34.61,-58.38,ssp126,2041,19.025,17.86,20.106,2.464,8.0
Buenos Aires,-34.61,-58.38,ssp126,2042,18.413,17.309,20.178,2.705,8.0
Buenos Aires,-34.61,-58.38,ssp126,2043,18.522,17.184,20.442,2.657,8.0
Buenos Aires,-34.61,-58.38,ssp126,2044,18.779,16.804,20.387,2.707,8.0
Buenos Aires,-34.61,-58.38,ssp126,2045,18.971,17.27,20.633,2.469,8.0
Buenos Aires,-34.61,-58.38,ssp126,2046,19.027,17.496,21.045,2.603,8.0
Buenos Aires,-34.61,-58.38,ssp126,2047,18.772,17.705,19.925,2.844,8.0
Buenos Aires,-34.61,-58.38,ssp126,2048,19.066,17.314,20.785,2.56,8.0
Buenos Aires,-34.61,-58.38,ssp126,2049,18.703,17.125,20.533,2.664,8.0
Buenos Aires,-34.61,-58.38,ssp126,2050,19.239,17.441,21.311,2.302,8.0
Buenos Aires,-34.61,-58.38,ssp126,2051,18.689,17.378,20.094,2.584,8.0
Buenos Aires,-34.61,-58.38,ssp126,2052,19.046,17.68,20.594,2.691,8.0
Buenos Aires,-34.61,-58.38,ssp126,2053,18.814,17.128,20.432,2.676,8.0
Buenos Aires,-34.61,-58.38,ssp126,2054,18.674,17.106,19.814,2.694,8.0
Buenos Aires,-34.61,-58.38,ssp126,2055,18.895,17.535,20.329,2.464,8.0
Buenos Aires,-34.61,-58.38,ssp126,2056,18.732,17.557,20.039,2.56,8.0
Buenos Aires,-34.61,-58.38,ssp126,2057,19.138,17.889,20.688,2.391,8.0
Buenos Aires,-34.61,-58.38,ssp126,2058,19.188,17.627,20.894,2.727,8.0
Buenos Aires,-34.61,-58.38,ssp126,2059,18.966,18.008,19.951,2.717,8.0
Buenos Aires,-34.61,-58.38,ssp126,2060,19.048,17.315,21.071,2.624,8.0
Buenos Aires,-34.61,-58.38,ssp126,2061,18.853,17.236,21.005,2.819,8.0
Buenos Aires,-34.61,-58.38,ssp126,2062,18.693,17.294,19.924,2.67,8.0
Buenos Aires,-34.61,-58.38,ssp126,2063,19.001,17.682,20.506,2.455,8.0
Buenos Aires,-34.61,-58.38,ssp126,2064,18.899,16.936,20.288,2.523,8.0
Buenos Aires,-34.61,-58.38,ssp126,2065,19.272,17.364,20.468,2.537,8.0
Buenos Aires,-34.61,-58.38,ssp126,2066,18.738,17.565,19.904,2.661,8.0
Buenos Aires,-34.61,-58.38,ssp126,2067,18.915,17.036,20.515,2.645,8.0
Buenos Aires,-34.61,-58.38,ssp126,2068,18.865,17.485,20.381,2.598,8.0
Buenos Aires,-34.61,-58.38,ssp126,2069,18.773,17.245,20.318,2.876,8.0
Buenos Aires,-34.61,-58.38,ssp126,2070,19.003,17.757,20.463,2.372,8.0
Buenos Aires,-34.61,-58.38,ssp126,2071,19.374,17.847,20.796,2.388,8.0
Buenos Aires,-34.61,-58.38,ssp126,2072,19.281,17.13,20.799,2.59,8.0
Buenos Aires,-34.61,-58.38,ssp126,2073,19.228,17.383,21.243,2.516,8.0
Buenos Aires,-34.61,-58.38,ssp126,2074,19.01,17.62,20.562,2.738,8.0
Buenos Aires,-34.61,-58.38,ssp126,2075,18.858,17.653,19.957,2.751,8.0
Buenos Aires,-34.61,-58.38,ssp126,2076,18.85,17.255,20.411,2.731,8.0
Buenos Aires,-34.61,-58.38,ssp126,2077,18.964,17.062,20.547,2.517,8.0
Buenos Aires,-34.61,-58.38,ssp126,2078,18.616,17.189,20.161,2.917,8.0
Buenos Aires,-34.61,-58.38,ssp126,2079,18.862,17.09,20.452,2.402,8.0
Buenos Aires,-34.61,-58.38,ssp126,2080,19.065,16.926,20.9,2.823,8.0
Buenos Aires,-34.61,-58.38,ssp126,2081,19.012,18.01,20.135,2.647,8.0
Buenos Aires,-34.61,-58.38,ssp126,2082,18.947,16.8,21.024,2.512,8.0
Buenos Aires,-34.61,-58.38,ssp126,2083,18.942,16.896,20.749,2.44,8.0
Buenos Aires,-34.61,-58.38,ssp126,2084,19.014,17.421,21.558,2.523,8.0
Buenos Aires,-34.61,-58.38,ssp126,2085,19.156,17.992,20.563,2.54,8.0
Buenos Aires,-34.61,-58.38,ssp126,2086,19.081,17.988,20.044,2.552,8.0
Buenos Aires,-34.61,-58.38,ssp126,2087,18.927,16.98,21.124,2.756,8.0
Buenos Aires,-34.61,-58.38,ssp126,2088,18.846,17.055,20.419,2.414,8.0
Buenos Aires,-34.61,-58.38,ssp126,2089,18.932,17.411,20.745,2.752,8.0
Buenos Aires,-34.61,-58.38,ssp126,2090,19.022,17.67,20.561,2.749,8.0
Buenos Aires,-34.61,-58.38,ssp126,2091,18.945,17.215,20.694,2.585,8.0
Buenos Aires,-34.61,-58.38,ssp126,2092,18.538,17.232,19.792,2.756,8.0
Buenos Aires,-34.61,-58.38,ssp126,2093,18.744,17.63,20.128,2.76,8.0
Buenos Aires,-34.61,-58.38,ssp126,2094,19.224,17.64,21.153,2.244,8.0
Buenos Aires,-34.61,-58.38,ssp126,2095,18.971,17.096,21.119,2.713,8.0
Buenos Aires,-34.61,-58.38,ssp126,2096,18.685,17.312,20.329,2.712,8.0
Buenos Aires,-34.61,-58.38,ssp126,2097,19.003,17.441,20.825,2.584,8.0
Buenos Aires,-34.61,-58.38,ssp126,2098,19.172,17.634,21.135,2.612,8.0
Buenos Aires,-34.61,-58.38,ssp126,2099,18.76,17.074,20.554,2.785,8.0
Buenos Aires,-34.61,-58.38,ssp126,2100,18.48,16.866,19.861,2.441,8.0
Buenos Aires,-34.61,-58.38,ssp245,2015,18.354,17.055,20.319,2.293,8.0
Buenos Aires,-34.61,-58.38,ssp245,2016,18.38,17.285,20.095,2.581,8.0
Buenos Aires,-34.61,-58.38,ssp245,2017,18.133,16.464,19.745,2.606,8.0
Buenos Aires,-34.61,-58.38,ssp245,2018,18.18,16.894,20.188,2.405,8.0
Buenos Aires,-34.61,-58.38,ssp245,2019,18.366,16.648,19.661,2.426,8.0
Buenos Aires,-34.61,-58.38,ssp245,2020,18.506,17.451,19.963,2.304,8.0
Buenos Aires,-34.61,-58.38,ssp245,2021,18.821,17.369,21.067,2.455,8.0
Buenos Aires,-34.61,-58.38,ssp245,2022,18.614,17.218,20.346,2.481,8.0
Buenos Aires,-34.61,-58.38,ssp245,2023,18.476,16.931,20.418,2.467,8.0
Buenos Aires,-34.61,-58.38,ssp245,2024,18.214,16.902,19.873,2.772,8.0
Buenos Aires,-34.61,-58.38,ssp245,2025,18.407,16.839,19.928,2.277,8.0
Buenos Aires,-34.61,-58.38,ssp245,2026,18.74,17.054,20.576,2.425,8.0
Buenos Aires,-34.61,-58.38,ssp245,2027,18.837,17.605,20.574,2.569,8.0
Buenos Aires,-34.61,-58.38,ssp245,2028,18.653,16.574,20.877,2.25,8.0
Buenos Aires,-34.61,-58.38,ssp245,2029,18.646,17.193,20.199,2.476,8.0
Buenos Aires,-34.61,-58.38,ssp245,2030,18.566,17.176,20.344,2.618,8.0
Buenos Aires,-34.61,-58.38,ssp245,2031,18.532,17.046,20.36,2.402,8.0
Buenos Aires,-34.61,-58.38,ssp245,2032,18.665,17.363,20.217,2.692,8.0
Buenos Aires,-34.61,-58.38,ssp245,2033,18.697,17.114,20.112,2.389,8.0
Buenos Aires,-34.61,-58.38,ssp245,2034,18.79,17.398,20.516,2.752,8.0
Buenos Aires,-34.61,-58.38,ssp245,2035,18.663,17.055,20.262,2.551,8.0
Buenos Aires,-34.61,-58.38,ssp245,2036,18.773,17.465,20.76,2.724,8.0
Buenos Aires,-34.61,-58.38,ssp245,2037,18.892,17.437,20.305,2.552,8.0
Buenos Aires,-34.61,-58.38,ssp245,2038,19.125,17.803,20.8,2.48,8.0
Buenos Aires,-34.61,-58.38,ssp245,2039,18.851,17.52,20.059,2.569,8.0
Buenos Aires,-34.61,-58.38,ssp245,2040,17.928,16.797,18.9,2.806,7.0
Buenos Aires,-34.61,-58.38,ssp245,2041,18.329,17.025,19.773,2.71,7.0
Buenos Aires,-34.61,-58.38,ssp245,2042,18.558,17.407,20.108,2.619,7.0
Buenos Aires,-34.61,-58.38,ssp245,2043,18.539,17.002,19.986,2.735,7.0
Buenos Aires,-34.61,-58.38,ssp245,2044,18.568,17.389,19.466,2.61,7.0
Buenos Aires,-34.61,-58.38,ssp245,2045,18.348,17.29,19.479,2.605,7.0
Buenos Aires,-34.61,-58.38,ssp245,2046,18.18,16.924,19.396,2.708,7.0
Buenos Aires,-34.61,-58.38,ssp245,2047,18.545,17.228,19.688,2.552,7.0
Buenos Aires,-34.61,-58.38,ssp245,2048,18.725,17.428,19.611,2.532,7.0
Buenos Aires,-34.61,-58.38,ssp245,2049,18.951,17.69,20.059,2.578,7.0
Buenos Aires,-34.61,-58.38,ssp245,2050,18.699,17.803,19.455,2.789,7.0
Buenos Aires,-34.61,-58.38,ssp245,2051,18.747,17.536,19.969,2.852,7.0
Buenos Aires,-34.61,-58.38,ssp245,2052,18.773,17.575,19.975,2.812,7.0
Buenos Aires,-34.61,-58.38,ssp245,2053,18.315,16.887,19.399,2.775,7.0
Buenos Aires,-34.61,-58.38,ssp245,2054,19.18,17.885,20.577,2.553,7.0
Buenos Aires,-34.61,-58.38,ssp245,2055,19.061,17.771,20.044,2.61,7.0
Buenos Aires,-34.61,-58.38,ssp245,2056,18.578,17.336,19.662,2.891,7.0
Buenos Aires,-34.61,-58.38,ssp245,2057,18.911,17.361,19.933,2.64,7.0
Buenos Aires,-34.61,-58.38,ssp245,2058,19.081,17.872,20.496,2.697,7.0
Buenos Aires,-34.61,-58.38,ssp245,2059,19.292,17.921,20.929,2.419,7.0
Buenos Aires,-34.61,-58.38,ssp245,2060,18.915,17.697,19.896,2.958,7.0
Buenos Aires,-34.61,-58.38,ssp245,2061,18.536,17.477,19.666,3.066,7.0
Buenos Aires,-34.61,-58.38,ssp245,2062,18.63,17.711,19.618,2.722,7.0
Buenos Aires,-34.61,-58.38,ssp245,2063,19.186,18.195,20.164,2.746,7.0
Buenos Aires,-34.61,-58.38,ssp245,2064,18.731,17.735,19.744,2.761,7.0
Buenos Aires,-34.61,-58.38,ssp245,2065,18.981,18.052,19.985,2.808,7.0
Buenos Aires,-34.61,-58.38,ssp245,2066,19.025,18.046,20.054,2.699,7.0
Buenos Aires,-34.61,-58.38,ssp245,2067,18.914,17.869,20.036,2.758,7.0
Buenos Aires,-34.61,-58.38,ssp245,2068,18.902,17.745,20.006,2.698,7.0
Buenos Aires,-34.61,-58.38,ssp245,2069,19.022,17.607,20.172,2.683,7.0
Buenos Aires,-34.61,-58.38,ssp245,2070,18.979,18.458,19.699,2.689,7.0
Buenos Aires,-34.61,-58.38,ssp245,2071,18.997,18.186,20.093,2.633,7.0
Buenos Aires,-34.61,-58.38,ssp245,2072,19.223,17.777,20.269,2.623,7.0
Buenos Aires,-34.61,-58.38,ssp245,2073,19.102,17.619,20.268,2.981,7.0
Buenos Aires,-34.61,-58.38,ssp245,2074,19.291,17.871,20.27,2.594,7.0
Buenos Aires,-34.61,-58.38,ssp245,2075,19.404,18.45,20.259,2.603,7.0
Buenos Aires,-34.61,-58.38,ssp245,2076,19.389,18.372,20.498,2.593,7.0
Buenos Aires,-34.61,-58.38,ssp245,2077,19.134,17.612,20.474,2.828,7.0
Buenos Aires,-34.61,-58.38,ssp245,2078,19.018,17.868,20.169,2.766,7.0
Buenos Aires,-34.61,-58.38,ssp245,2079,18.963,18.087,20.057,2.966,7.0
Buenos Aires,-34.61,-58.38,ssp245,2080,19.38,18.202,20.328,2.781,7.0
Buenos Aires,-34.61,-58.38,ssp245,2081,19.325,18.036,20.318,2.864,7.0
Buenos Aires,-34.61,-58.38,ssp245,2082,19.29,17.774,20.607,2.947,7.0
Buenos Aires,-34.61,-58.38,ssp245,2083,19.441,18.053,20.427,2.519,7.0
Buenos Aires,-34.61,-58.38,ssp245,2084,19.539,18.247,21.172,2.738,7.0
Buenos Aires,-34.61,-58.38,ssp245,2085,18.997,17.729,20.032,2.936,7.0
Buenos Aires,-34.61,-58.38,ssp245,2086,19.405,17.727,20.763,2.493,7.0
Buenos Aires,-34.61,-58.38,ssp245,2087,19.498,18.284,20.383,2.642,7.0
Buenos Aires,-34.61,-58.38,ssp245,2088,19.628,18.657,20.869,2.853,7.0
Buenos Aires,-34.61,-58.38,ssp245,2089,19.202,18.404,20.078,2.998,7.0
Buenos Aires,-34.61,-58.38,ssp245,2090,19.428,18.432,20.205,2.819,7.0
Buenos Aires,-34.61,-58.38,ssp245,2091,19.509,18.084,21.087,2.946,7.0
Buenos Aires,-34.61,-58.38,ssp245,2092,19.588,18.186,20.543,2.557,7.0
Buenos Aires,-34.61,-58.38,ssp245,2093,19.502,18.514,20.815,2.563,7.0
Buenos Aires,-34.61,-58.38,ssp245,2094,19.581,18.211,20.671,2.787,7.0
Buenos Aires,-34.61,-58.38,ssp245,2095,19.419,18.253,20.636,3.074,7.0
Buenos Aires,-34.61,-58.38,ssp245,2096,19.407,18.273,20.287,2.928,7.0
Buenos Aires,-34.61,-58.38,ssp245,2097,19.808,18.717,20.682,2.62,7.0
Buenos Aires,-34.61,-58.38,ssp245,2098,19.767,17.995,21.786,2.687,7.0
Buenos Aires,-34.61,-58.38,ssp245,2099,19.455,18.09,20.707,2.524,7.0
Buenos Aires,-34.61,-58.38,ssp245,2100,19.462,18.24,20.716,3.101,7.0
Buenos Aires,-34.61,-58.38,ssp585,2015,18.392,17.138,19.998,2.399,8.0
Buenos Aires,-34.61,-58.38,ssp585,2016,18.28,16.983,19.791,2.2,8.0
Buenos Aires,-34.61,-58.38,ssp585,2017,18.419,17.073,19.949,2.491,8.0
Buenos Aires,-34.61,-58.38,ssp585,2018,18.648,17.127,20.582,2.634,8.0
Buenos Aires,-34.61,-58.38,ssp585,2019,18.106,16.838,19.654,2.442,8.0
Buenos Aires,-34.61,-58.38,ssp585,2020,18.558,17.129,20.206,2.309,8.0
Buenos Aires,-34.61,-58.38,ssp585,2021,18.835,17.371,20.845,2.404,8.0
Buenos Aires,-34.61,-58.38,ssp585,2022,18.315,16.885,20.462,2.814,8.0
Buenos Aires,-34.61,-58.38,ssp585,2023,18.607,16.902,20.054,2.284,8.0
Buenos Aires,-34.61,-58.38,ssp585,2024,18.448,17.171,20.054,2.323,8.0
Buenos Aires,-34.61,-58.38,ssp585,2025,18.899,17.433,20.529,2.342,8.0
Buenos Aires,-34.61,-58.38,ssp585,2026,18.511,16.99,20.078,2.589,8.0
Buenos Aires,-34.61,-58.38,ssp585,2027,18.48,16.911,20.256,2.64,8.0
Buenos Aires,-34.61,-58.38,ssp585,2028,18.63,17.361,20.155,2.358,8.0
Buenos Aires,-34.61,-58.38,ssp585,2029,18.729,17.706,20.241,2.665,8.0
Buenos Aires,-34.61,-58.38,ssp585,2030,18.767,17.423,20.824,2.45,8.0
Buenos Aires,-34.61,-58.38,ssp585,2031,18.573,16.796,20.831,2.572,8.0
Buenos Aires,-34.61,-58.38,ssp585,2032,19.02,16.821,21.175,2.526,8.0
Buenos Aires,-34.61,-58.38,ssp585,2033,18.785,17.376,20.644,2.561,8.0
Buenos Aires,-34.61,-58.38,ssp585,2034,19.069,17.267,21.992,2.256,8.0
Buenos Aires,-34.61,-58.38,ssp585,2035,18.843,17.298,20.351,2.735,8.0
Buenos Aires,-34.61,-58.38,ssp585,2036,18.981,17.215,20.469,2.519,8.0
Buenos Aires,-34.61,-58.38,ssp585,2037,18.825,17.37,20.548,2.633,8.0
Buenos Aires,-34.61,-58.38,ssp585,2038,19.368,17.3,21.14,2.421,8.0
Buenos Aires,-34.61,-58.38,ssp585,2039,19.158,17.502,20.863,2.985,8.0
Buenos Aires,-34.61,-58.38,ssp585,2040,18.887,17.697,20.005,2.923,8.0
Buenos Aires,-34.61,-58.38,ssp585,2041,18.876,17.744,19.89,2.673,8.0
Buenos Aires,-34.61,-58.38,ssp585,2042,19.137,17.882,20.674,2.475,8.0
Buenos Aires,-34.61,-58.38,ssp585,2043,19.09,17.984,20.627,2.407,8.0
Buenos Aires,-34.61,-58.38,ssp585,2044,19.578,18.039,21.226,2.438,8.0
Buenos Aires,-34.61,-58.38,ssp585,2045,19.418,17.667,20.879,2.393,8.0
Buenos Aires,-34.61,-58.38,ssp585,2046,19.197,17.645,20.973,2.594,8.0
Buenos Aires,-34.61,-58.38,ssp585,2047,19.684,18.083,21.312,2.711,8.0
Buenos Aires,-34.61,-58.38,ssp585,2048,19.416,18.421,20.934,2.549,8.0
Buenos Aires,-34.61,-58.38,ssp585,2049,19.203,17.247,21.297,2.761,8.0
Buenos Aires,-34.61,-58.38,ssp585,2050,19.512,18.442,21.034,2.6,8.0
Buenos Aires,-34.61,-58.38,ssp585,2051,19.479,17.492,21.529,2.627,8.0
Buenos Aires,-34.61,-58.38,ssp585,2052,19.788,18.113,21.849,2.474,8.0
Buenos Aires,-34.61,-58.38,ssp585,2053,19.725,18.171,21.254,2.477,8.0
Buenos Aires,-34.61,-58.38,ssp585,2054,19.994,18.837,21.285,2.53,8.0
Buenos Aires,-34.61,-58.38,ssp585,2055,20.023,18.303,21.831,2.534,8.0
Buenos Aires,-34.61,-58.38,ssp585,2056,19.872,18.383,21.821,2.696,8.0
Buenos Aires,-34.61,-58.38,ssp585,2057,19.984,18.398,22.161,2.48,8.0
Buenos Aires,-34.61,-58.38,ssp585,2058,19.895,18.296,21.318,2.73,8.0
Buenos Aires,-34.61,-58.38,ssp585,2059,20.169,18.73,21.934,2.506,8.0
Buenos Aires,-34.61,-58.38,ssp585,2060,19.851,17.954,21.39,2.621,8.0
Buenos Aires,-34.61,-58.38,ssp585,2061,20.122,18.457,21.903,2.777,8.0
Buenos Aires,-34.61,-58.38,ssp585,2062,20.004,18.407,21.569,2.957,8.0
Buenos Aires,-34.61,-58.38,ssp585,2063,20.168,18.394,22.132,2.704,8.0
Buenos Aires,-34.61,-58.38,ssp585,2064,20.431,18.763,22.512,2.459,8.0
Buenos Aires,-34.61,-58.38,ssp585,2065,20.096,18.112,21.675,2.681,8.0
Buenos Aires,-34.61,-58.38,ssp585,2066,20.49,18.887,22.09,2.547,8.0
Buenos Aires,-34.61,-58.38,ssp585,2067,19.904,18.486,21.303,3.156,8.0
Buenos Aires,-34.61,-58.38,ssp585,2068,20.873,19.033,22.407,2.449,8.0
Buenos Aires,-34.61,-58.38,ssp585,2069,20.356,18.959,21.961,2.886,8.0
Buenos Aires,-34.61,-58.38,ssp585,2070,20.552,19.18,21.793,2.837,8.0
Buenos Aires,-34.61,-58.38,ssp585,2071,20.302,19.162,21.434,2.81,8.0
Buenos Aires,-34.61,-58.38,ssp585,2072,20.766,19.471,21.963,2.612,8.0
Buenos Aires,-34.61,-58.38,ssp585,2073,20.675,19.233,22.112,2.858,8.0
Buenos Aires,-34.61,-58.38,ssp585,2074,20.695,19.64,21.813,2.65,8.0
Buenos Aires,-34.61,-58.38,ssp585,2075,20.963,19.278,22.758,2.64,8.0
Buenos Aires,-34.61,-58.38,ssp585,2076,20.895,19.084,22.388,2.603,8.0
Buenos Aires,-34.61,-58.38,ssp585,2077,21.452,20.244,22.62,2.659,8.0
Buenos Aires,-34.61,-58.38,ssp585,2078,21.006,19.434,22.552,2.602,8.0
Buenos Aires,-34.61,-58.38,ssp585,2079,21.227,20.385,22.073,2.918,8.0
Buenos Aires,-34.61,-58.38,ssp585,2080,21.296,20.176,22.637,2.733,8.0
Buenos Aires,-34.61,-58.38,ssp585,2081,21.241,19.951,23.003,2.761,8.0
Buenos Aires,-34.61,-58.38,ssp585,2082,21.26,20.042,22.701,2.668,8.0
Buenos Aires,-34.61,-58.38,ssp585,2083,21.35,20.226,22.152,2.564,8.0
Buenos Aires,-34.61,-58.38,ssp585,2084,21.274,19.539,22.638,2.881,8.0
Buenos Aires,-34.61,-58.38,ssp585,2085,21.55,19.91,23.557,2.569,8.0
Buenos Aires,-34.61,-58.38,ssp585,2086,21.397,20.053,22.488,2.708,8.0
Buenos Aires,-34.61,-58.38,ssp585,2087,21.58,20.047,22.846,2.547,8.0
Buenos Aires,-34.61,-58.38,ssp585,2088,21.937,20.106,23.888,2.557,8.0
Buenos Aires,-34.61,-58.38,ssp585,2089,21.825,20.349,23.17,2.846,8.0
Buenos Aires,-34.61,-58.38,ssp585,2090,21.631,20.512,22.857,3.071,8.0
Buenos Aires,-34.61,-58.38,ssp585,2091,21.731,20.376,23.227,2.873,8.0
Buenos Aires,-34.61,-58.38,ssp585,2092,21.902,20.756,23.14,2.812,8.0
Buenos Aires,-34.61,-58.38,ssp585,2093,22.166,20.613,23.911,2.548,8.0
Buenos Aires,-34.61,-58.38,ssp585,2094,22.05,20.279,23.549,2.967,8.0
Buenos Aires,-34.61,-58.38,ssp585,2095,21.841,20.735,23.059,2.838,8.0
Buenos Aires,-34.61,-58.38,ssp585,2096,22.445,21.207,23.807,2.552,8.0
Buenos Aires,-34.61,-58.38,ssp585,2097,22.242,21.065,23.705,2.81,8.0
Buenos Aires,-34.61,-58.38,ssp585,2098,22.289,21.12,23.628,2.766,8.0
Buenos Aires,-34.61,-58.38,ssp585,2099,22.109,20.647,23.776,2.812,8.0
Buenos Aires,-34.61,-58.38,ssp585,2100,22.261,21.358,23.128,2.897,8.0
Cairo,30.04,31.24,historical,1850,20.693,19.416,22.351,0.243,8.0
Cairo,30.04,31.24,historical,1851,20.67,19.488,22.362,0.318,8.0
Cairo,30.04,31.24,historical,1852,20.766,19.47,22.748,0.305,8.0
Cairo,30.04,31.24,historical,1853,20.742,19.675,22.153,0.277,8.0
Cairo,30.04,31.24,historical,1854,20.549,19.339,21.984,0.257,8.0
Cairo,30.04,31.24,historical,1855,20.684,19.394,22.149,0.243,8.0
Cairo,30.04,31.24,historical,1856,20.841,19.4,22.84,0.268,8.0
Cairo,30.04,31.24,historical,1857,20.644,19.403,22.44,0.275,8.0
Cairo,30.04,31.24,historical,1858,20.718,19.418,22.473,0.284,8.0
Cairo,30.04,31.24,historical,1859,20.781,19.405,22.357,0.286,8.0
Cairo,30.04,31.24,historical,1860,20.769,19.549,22.289,0.24,8.0
Cairo,30.04,31.24,historical,1861,20.71,19.461,22.306,0.271,8.0
Cairo,30.04,31.24,historical,1862,20.415,19.286,22.115,0.273,8.0
Cairo,30.04,31.24,historical,1863,20.676,19.344,22.586,0.272,8.0
Cairo,30.04,31.24,historical,1864,20.762,19.328,22.708,0.253,8.0
Cairo,30.04,31.24,historical,1865,20.794,19.278,22.636,0.277,8.0
Cairo,30.04,31.24,historical,1866,20.705,19.426,22.414,0.273,8.0
Cairo,30.04,31.24,historical,1867,20.568,19.137,22.505,0.306,8.0
Cairo,30.04,31.24,historical,1868,20.666,19.596,22.338,0.235,8.0
Cairo,30.04,31.24,historical,1869,20.81,19.546,22.537,0.277,8.0
Cairo,30.04,31.24,historical,1870,20.724,19.508,22.459,0.285,8.0
Cairo,30.04,31.24,historical,1871,20.571,19.327,22.374,0.311,8.0
Cairo,30.04,31.24,historical,1872,20.702,19.443,22.081,0.243,8.0
Cairo,30.04,31.24,historical,1873,20.812,19.682,22.696,0.226,8.0
Cairo,30.04,31.24,historical,1874,20.617,19.106,22.669,0.317,8.0
Cairo,30.04,31.24,historical,1875,20.802,19.639,22.52,0.209,8.0
Cairo,30.04,31.24,historical,1876,20.793,19.175,23.14,0.266,8.0
Cairo,30.04,31.24,historical,1877,20.7,19.256,22.447,0.248,8.0
Cairo,30.04,31.24,historical,1878,20.697,19.339,22.281,0.301,8.0
Cairo,30.04,31.24,historical,1879,20.848,19.508,22.919,0.285,8.0
Cairo,30.04,31.24,historical,1880,20.68,19.35,22.372,0.277,8.0
Cairo,30.04,31.24,historical,1881,20.868,19.538,22.847,0.33,8.0
Cairo,30.04,31.24,historical,1882,20.749,19.378,22.817,0.287,8.0
Cairo,30.04,31.24,historical,1883,20.368,18.957,22.186,0.279,8.0
Cairo,30.04,31.24,historical,1884,20.26,18.642,21.74,0.305,8.0
Cairo,30.04,31.24,historical,1885,20.274,19.144,21.446,0.264,8.0
Cairo,30.04,31.24,historical,1886,20.418,19.431,22.118,0.315,8.0
Cairo,30.04,31.24,historical,1887,20.647,19.361,22.164,0.241,8.0
Cairo,30.04,31.24,historical,1888,20.393,19.16,22.195,0.244,8.0
Cairo,30.04,31.24,historical,1889,20.553,19.143,22.259,0.287,8.0
Cairo,30.04,31.24,historical,1890,20.65,19.312,22.487,0.228,8.0
Cairo,30.04,31.24,historical,1891,20.599,19.284,22.454,0.277,8.0
Cairo,30.04,31.24,historical,1892,20.68,19.305,22.201,0.257,8.0
Cairo,30.04,31.24,historical,1893,20.697,19.115,22.706,0.302,8.0
Cairo,30.04,31.24,historical,1894,20.692,19.284,22.381,0.221,8.0
Cairo,30.04,31.24,historical,1895,20.784,19.548,22.535,0.31,8.0
Cairo,30.04,31.24,historical,1896,20.764,19.543,22.839,0.262,8.0
Cairo,30.04,31.24,historical,1897,20.733,19.233,22.728,0.268,8.0
Cairo,30.04,31.24,historical,1898,20.867,19.45,22.46,0.271,8.0
Cairo,30.04,31.24,historical,1899,20.606,19.216,22.444,0.271,8.0
Cairo,30.04,31.24,historical,1900,20.798,19.471,23.068,0.251,8.0
Cairo,30.04,31.24,historical,1901,20.769,19.72,22.51,0.273,8.0
Cairo,30.04,31.24,historical,1902,20.731,19.489,22.546,0.296,8.0
Cairo,30.04,31.24,historical,1903,20.271,19.027,22.167,0.307,8.0
Cairo,30.04,31.24,historical,1904,20.584,19.338,22.479,0.25,8.0
Cairo,30.04,31.24,historical,1905,20.589,19.527,21.978,0.266,8.0
Cairo,30.04,31.24,historical,1906,20.833,19.699,22.528,0.326,8.0
Cairo,30.04,31.24,historical,1907,20.534,19.294,22.356,0.289,8.0
Cairo,30.04,31.24,historical,1908,20.662,19.36,22.307,0.307,8.0
Cairo,30.04,31.24,historical,1909,20.427,19.155,22.037,0.247,8.0
Cairo,30.04,31.24,historical,1910,20.458,19.38,21.834,0.278,8.0
Cairo,30.04,31.24,historical,1911,20.758,19.695,22.012,0.319,8.0
Cairo,30.04,31.24,historical,1912,20.516,19.414,22.038,0.279,8.0
Cairo,30.04,31.24,historical,1913,20.502,19.459,22.109,0.312,8.0
Cairo,30.04,31.24,historical,1914,20.657,19.328,23.031,0.312,8.0
Cairo,30.04,31.24,historical,1915,20.593,19.015,22.627,0.328,8.0
Cairo,30.04,31.24,historical,1916,20.319,18.888,22.382,0.253,8.0
Cairo,30.04,31.24,historical,1917,20.379,18.948,22.499,0.284,8.0
Cairo,30.04,31.24,historical,1918,20.723,19.533,22.669,0.298,8.0
Cairo,30.04,31.24,historical,1919,20.511,19.235,22.075,0.29,8.0
Cairo,30.04,31.24,historical,1920,20.744,19.656,22.532,0.259,8.0
Cairo,30.04,31.24,historical,1921,20.636,19.275,22.65,0.276,8.0
Cairo,30.04,31.24,historical,1922,20.688,19.206,22.663,0.244,8.0
Cairo,30.04,31.24,historical,1923,20.873,19.675,22.55,0.329,8.0
Cairo,30.04,31.24,historical,1924,20.669,19.516,22.367,0.273,8.0
Cairo,30.04,31.24,historical,1925,20.912,19.546,22.649,0.207,8.0
Cairo,30.04,31.24,historical,1926,20.675,19.547,22.096,0.244,8.0
Cairo,30.04,31.24,historical,1927,20.663,19.704,22.059,0.32,8.0
Cairo,30.04,31.24,historical,1928,20.747,19.628,22.316,0.262,8.0
Cairo,30.04,31.24,historical,1929,20.751,19.298,22.655,0.275,8.0
Cairo,30.04,31.24,historical,1930,20.612,19.495,22.223,0.254,8.0
Cairo,30.04,31.24,historical,1931,20.435,19.323,21.677,0.249,8.0
Cairo,30.04,31.24,historical,1932,20.798,19.703,22.49,0.264,8.0
Cairo,30.04,31.24,historical,1933,20.745,19.622,22.984,0.294,8.0
Cairo,30.04,31.24,historical,1934,20.61,19.4,22.367,0.302,8.0
Cairo,30.04,31.24,historical,1935,20.66,19.046,22.38,0.244,8.0
Cairo,30.04,31.24,historical,1936,20.632,19.32,22.435,0.233,8.0
Cairo,30.04,31.24,historical,1937,20.591,19.005,22.24,0.306,8.0
Cairo,30.04,31.24,historical,1938,20.687,19.311,22.44,0.284,8.0
Cairo,30.04,31.24,historical,1939,20.787,19.616,22.102,0.271,8.0
Cairo,30.04,31.24,historical,1940,20.942,19.145,22.984,0.259,8.0
Cairo,30.04,31.24,historical,1941,20.769,19.637,22.474,0.266,8.0
Cairo,30.04,31.24,historical,1942,20.622,19.465,22.08,0.28,8.0
Cairo,30.04,31.24,historical,1943,20.654,19.146,22.389,0.251,8.0
Cairo,30.04,31.24,historical,1944,20.72,19.279,22.466,0.25,8.0
Cairo,30.04,31.24,historical,1945,21.164,19.838,23.263,0.28,8.0
Cairo,30.04,31.24,historical,1946,20.813,19.446,22.5,0.287,8.0
Cairo,30.04,31.24,historical,1947,20.73,19.457,22.062,0.295,8.0
Cairo,30.04,31.24,historical,1948,20.702,19.338,22.39,0.276,8.0
Cairo,30.04,31.24,historical,1949,20.757,19.642,22.149,0.228,8.0
Cairo,30.04,31.24,historical,1950,20.541,19.314,22.294,0.296,8.0
Cairo,30.04,31.24,historical,1951,20.708,19.315,22.324,0.239,8.0
Cairo,30.04,31.24,historical,1952,20.668,19.738,21.819,0.293,8.0
Cairo,30.04,31.24,historical,1953,20.815,19.522,22.325,0.266,8.0
Cairo,30.04,31.24,historical,1954,20.695,19.519,22.426,0.292,8.0
Cairo,30.04,31.24,historical,1955,20.663,19.599,22.155,0.312,8.0
Cairo,30.04,31.24,historical,1956,20.611,19.161,22.185,0.285,8.0
Cairo,30.04,31.24,historical,1957,20.858,19.471,22.902,0.262,8.0
Cairo,30.04,31.24,historical,1958,20.562,19.335,21.93,0.221,8.0
Cairo,30.04,31.24,historical,1959,20.638,19.47,22.043,0.255,8.0
Cairo,30.04,31.24,historical,1960,20.76,19.482,22.143,0.22,8.0
Cairo,30.04,31.24,historical,1961,20.514,19.333,21.965,0.284,8.0
Cairo,30.04,31.24,historical,1962,20.909,19.691,22.414,0.275,8.0
Cairo,30.04,31.24,historical,1963,20.725,19.737,22.196,0.281,8.0
Cairo,30.04,31.24,historical,1964,20.686,19.552,22.114,0.302,8.0
Cairo,30.04,31.24,historical,1965,20.57,19.342,22.077,0.261,8.0
Cairo,30.04,31.24,historical,1966,20.508,19.004,22.188,0.25,8.0
Cairo,30.04,31.24,historical,1967,20.535,18.927,22.78,0.287,8.0
Cairo,30.04,31.24,historical,1968,20.675,19.063,22.242,0.245,8.0
Cairo,30.04,31.24,historical,1969,20.532,19.316,22.163,0.234,8.0
Cairo,30.04,31.24,historical,1970,20.779,19.747,22.071,0.255,8.0
Cairo,30.04,31.24,historical,1971,20.597,19.209,22.535,0.271,8.0
Cairo,30.04,31.24,historical,1972,20.556,19.533,21.941,0.27,8.0
Cairo,30.04,31.24,historical,1973,20.552,19.697,21.623,0.284,8.0
Cairo,30.04,31.24,historical,1974,20.643,19.385,22.133,0.242,8.0
Cairo,30.04,31.24,historical,1975,20.473,19.185,22.126,0.287,8.0
Cairo,30.04,31.24,historical,1976,20.386,19.44,22.105,0.262,8.0
Cairo,30.04,31.24,historical,1977,20.712,19.702,22.227,0.228,8.0
Cairo,30.04,31.24,historical,1978,20.949,19.552,23.115,0.295,8.0
Cairo,30.04,31.24,historical,1979,20.661,19.187,22.602,0.285,8.0
Cairo,30.04,31.24,historical,1980,20.847,19.705,22.154,0.248,8.0
Cairo,30.04,31.24,historical,1981,20.743,19.65,21.969,0.238,8.0
Cairo,30.04,31.24,historical,1982,20.754,19.744,22.023,0.259,8.0
Cairo,30.04,31.24,historical,1983,20.6,19.353,21.969,0.258,8.0
Cairo,30.04,31.24,historical,1984,20.575,19.389,22.216,0.248,8.0
Cairo,30.04,31.24,historical,1985,20.779,19.347,22.74,0.222,8.0
Cairo,30.04,31.24,historical,1986,20.85,19.61,22.438,0.275,8.0
Cairo,30.04,31.24,historical,1987,20.518,19.407,22.263,0.24,8.0
Cairo,30.04,31.24,historical,1988,20.854,19.536,22.394,0.222,8.0
Cairo,30.04,31.24,historical,1989,20.684,19.728,22.037,0.269,8.0
Cairo,30.04,31.24,historical,1990,21.103,19.892,22.498,0.253,8.0
Cairo,30.04,31.24,historical,1991,20.872,19.79,22.043,0.226,8.0
Cairo,30.04,31.24,historical,1992,20.612,19.732,22.097,0.284,8.0
Cairo,30.04,31.24,historical,1993,20.811,19.523,22.823,0.283,8.0
Cairo,30.04,31.24,historical,1994,20.849,19.596,23.127,0.279,8.0
Cairo,30.04,31.24,historical,1995,20.944,19.604,22.671,0.227,8.0
Cairo,30.04,31.24,historical,1996,21.293,20.251,23.138,0.296,8.0
Cairo,30.04,31.24,historical,1997,21.259,20.043,22.678,0.195,8.0
Cairo,30.04,31.24,historical,1998,21.322,20.337,22.835,0.257,8.0
Cairo,30.04,31.24,historical,1999,21.244,19.965,23.078,0.253,8.0
Cairo,30.04,31.24,historical,2000,21.517,20.432,23.224,0.246,8.0
Cairo,30.04,31.24,historical,2001,21.198,19.807,22.909,0.241,8.0
Cairo,30.04,31.24,historical,2002,21.229,19.983,23.133,0.208,8.0
Cairo,30.04,31.24,historical,2003,21.351,20.069,22.808,0.279,8.0
Cairo,30.04,31.24,historical,2004,21.609,20.481,23.452,0.24,8.0
Cairo,30.04,31.24,historical,2005,21.627,20.478,23.504,0.267,8.0
Cairo,30.04,31.24,historical,2006,21.549,20.363,23.606,0.297,8.0
Cairo,30.04,31.24,historical,2007,21.489,20.056,23.35,0.252,8.0
Cairo,30.04,31.24,historical,2008,21.584,20.313,23.528,0.3,8.0
Cairo,30.04,31.24,historical,2009,21.498,20.054,23.803,0.246,8.0
Cairo,30.04,31.24,historical,2010,21.708,20.292,23.731,0.249,8.0
Cairo,30.04,31.24,historical,2011,21.723,20.551,23.421,0.224,8.0
Cairo,30.04,31.24,historical,2012,21.916,20.62,23.367,0.283,8.0
Cairo,30.04,31.24,historical,2013,21.847,20.544,23.809,0.238,8.0
Cairo,30.04,31.24,historical,2014,22.053,20.986,23.392,0.28,8.0
Cairo,30.04,31.24,ssp126,2015,21.756,20.035,23.747,0.264,8.0
Cairo,30.04,31.24,ssp126,2016,21.841,20.489,23.693,0.306,8.0
Cairo,30.04,31.24,ssp126,2017,21.84,20.456,23.646,0.261,8.0
Cairo,30.04,31.24,ssp126,2018,21.93,20.596,23.463,0.273,8.0
Cairo,30.04,31.24,ssp126,2019,22.215,20.931,23.889,0.213,8.0
Cairo,30.04,31.24,ssp126,2020,21.974,20.573,23.603,0.24,8.0
Cairo,30.04,31.24,ssp126,2021,22.174,20.748,23.634,0.272,8.0
Cairo,30.04,31.24,ssp126,2022,22.064,20.893,23.848,0.231,8.0
Cairo,30.04,31.24,ssp126,2023,22.055,20.866,23.638,0.235,8.0
Cairo,30.04,31.24,ssp126,2024,22.059,20.735,23.697,0.308,8.0
Cairo,30.04,31.24,ssp126,2025,22.294,21.085,23.97,0.274,8.0
Cairo,30.04,31.24,ssp126,2026,22.235,20.824,23.987,0.262,8.0
Cairo,30.04,31.24,ssp126,2027,22.168,20.339,24.269,0.263,8.0
Cairo,30.04,31.24,ssp126,2028,22.414,20.834,24.201,0.231,8.0
Cairo,30.04,31.24,ssp126,2029,22.35,21.038,24.301,0.253,8.0
Cairo,30.04,31.24,ssp126,2030,22.341,20.796,24.209,0.261,8.0
Cairo,30.04,31.24,ssp126,2031,22.581,21.366,24.097,0.243,8.0
Cairo,30.04,31.24,ssp126,2032,22.371,20.857,23.906,0.241,8.0
Cairo,30.04,31.24,ssp126,2033,22.476,21.205,23.955,0.218,8.0
Cairo,30.04,31.24,ssp126,2034,22.744,21.45,24.56,0.227,8.0
Cairo,30.04,31.24,ssp126,2035,22.607,21.089,24.487,0.279,8.0
Cairo,30.04,31.24,ssp126,2036,22.615,20.974,24.882,0.274,8.0
Cairo,30.04,31.24,ssp126,2037,22.629,21.418,24.782,0.215,8.0
Cairo,30.04,31.24,ssp126,2038,22.722,21.34,24.758,0.247,8.0
Cairo,30.04,31.24,ssp126,2039,22.655,21.217,24.313,0.263,8.0
Cairo,30.04,31.24,ssp126,2040,22.283,20.9,23.86,0.268,8.0
Cairo,30.04,31.24,ssp126,2041,22.537,21.129,24.16,0.227,8.0
Cairo,30.04,31.24,ssp126,2042,22.754,21.383,24.358,0.231,8.0
Cairo,30.04,31.24,ssp126,2043,22.711,21.511,24.593,0.296,8.0
Cairo,30.04,31.24,ssp126,2044,22.707,21.431,24.802,0.201,8.0
Cairo,30.04,31.24,ssp126,2045,22.76,21.65,24.369,0.261,8.0
Cairo,30.04,31.24,ssp126,2046,22.694,21.39,24.126,0.263,8.0
Cairo,30.04,31.24,ssp126,2047,22.908,21.518,24.74,0.212,8.0
Cairo,30.04,31.24,ssp126,2048,22.735,21.214,24.218,0.219,8.0
Cairo,30.04,31.24,ssp126,2049,22.794,21.704,24.48,0.221,8.0
Cairo,30.04,31.24,ssp126,2050,22.81,21.647,24.412,0.215,8.0
Cairo,30.04,31.24,ssp126,2051,23.068,22.081,24.8,0.2,8.0
Cairo,30.04,31.24,ssp126,2052,22.965,21.833,24.442,0.235,8.0
Cairo,30.04,31.24,ssp126,2053,22.856,21.413,24.81,0.21,8.0
Cairo,30.04,31.24,ssp126,2054,23.057,21.943,24.521,0.255,8.0
Cairo,30.04,31.24,ssp126,2055,22.638,21.542,24.093,0.267,8.0
Cairo,30.04,31.24,ssp126,2056,22.993,21.334,24.847,0.271,8.0
Cairo,30.04,31.24,ssp126,2057,22.843,21.683,24.249,0.262,8.0
Cairo,30.04,31.24,ssp126,2058,23.078,21.741,24.724,0.236,8.0
Cairo,30.04,31.24,ssp126,2059,22.699,21.209,24.355,0.285,8.0
Cairo,30.04,31.24,ssp126,2060,22.897,21.303,24.446,0.215,8.0
Cairo,30.04,31.24,ssp126,2061,23.027,21.704,24.858,0.26,8.0
Cairo,30.04,31.24,ssp126,2062,22.802,21.239,25.109,0.207,8.0
Cairo,30.04,31.24,ssp126,2063,22.848,21.387,24.176,0.203,8.0
Cairo,30.04,31.24,ssp126,2064,23.081,21.826,24.506,0.207,8.0
Cairo,30.04,31.24,ssp126,2065,22.977,21.586,24.625,0.241,8.0
Cairo,30.04,31.24,ssp126,2066,23.026,21.568,24.883,0.243,8.0
Cairo,30.04,31.24,ssp126,2067,23.003,21.745,24.363,0.234,8.0
Cairo,30.04,31.24,ssp126,2068,22.969,21.67,24.403,0.301,8.0
Cairo,30.04,31.24,ssp126,2069,22.758,21.429,24.503,0.265,8.0
Cairo,30.04,31.24,ssp126,2070,22.754,21.421,24.171,0.266,8.0
Cairo,30.04,31.24,ssp126,2071,22.72,20.988,24.344,0.191,8.0
Cairo,30.04,31.24,ssp126,2072,22.826,21.477,24.517,0.299,8.0
Cairo,30.04,31.24,ssp126,2073,22.983,21.543,24.402,0.209,8.0
Cairo,30.04,31.24,ssp126,2074,22.934,21.305,24.935,0.24,8.0
Cairo,30.04,31.24,ssp126,2075,22.965,21.455,24.554,0.239,8.0
Cairo,30.04,31.24,ssp126,2076,22.799,21.477,24.515,0.248,8.0
Cairo,30.04,31.24,ssp126,2077,22.542,21.403,24.031,0.257,8.0
Cairo,30.04,31.24,ssp126,2078,22.741,21.307,24.397,0.273,8.0
Cairo,30.04,31.24,ssp126,2079,22.853,21.495,24.224,0.253,8.0
Cairo,30.04,31.24,ssp126,2080,22.828,21.334,24.588,0.225,8.0
Cairo,30.04,31.24,ssp126,2081,22.801,21.348,24.535,0.249,8.0
Cairo,30.04,31.24,ssp126,2082,23.039,21.557,24.879,0.23,8.0
Cairo,30.04,31.24,ssp126,2083,22.951,21.318,24.523,0.208,8.0
Cairo,30.04,31.24,ssp126,2084,23.101,21.87,24.726,0.206,8.0
Cairo,30.04,31.24,ssp126,2085,23.051,21.644,24.622,0.265,8.0
Cairo,30.04,31.24,ssp126,2086,22.698,21.359,24.282,0.239,8.0
Cairo,30.04,31.24,ssp126,2087,22.931,21.534,24.558,0.224,8.0
Cairo,30.04,31.24,ssp126,2088,22.883,21.279,24.54,0.284,8.0
Cairo,30.04,31.24,ssp126,2089,22.691,21.414,24.734,0.232,8.0
Cairo,30.04,31.24,ssp126,2090,22.705,21.642,24.361,0.256,8.0
Cairo,30.04,31.24,ssp126,2091,22.967,21.772,24.568,0.229,8.0
Cairo,30.04,31.24,ssp126,2092,22.761,21.41,24.516,0.239,8.0
Cairo,30.04,31.24,ssp126,2093,22.838,21.633,24.405,0.232,8.0
Cairo,30.04,31.24,ssp126,2094,22.844,21.307,24.54,0.21,8.0
Cairo,30.04,31.24,ssp126,2095,22.96,21.298,24.598,0.225,8.0
Cairo,30.04,31.24,ssp126,2096,22.925,21.51,24.475,0.24,8.0
Cairo,30.04,31.24,ssp126,2097,22.882,21.709,24.408,0.265,8.0
Cairo,30.04,31.24,ssp126,2098,22.613,20.912,24.249,0.253,8.0
Cairo,30.04,31.24,ssp126,2099,22.964,21.743,24.459,0.244,8.0
Cairo,30.04,31.24,ssp126,2100,22.9,21.38,24.798,0.293,8.0
Cairo,30.04,31.24,ssp245,2015,21.808,20.389,23.647,0.251,8.0
Cairo,30.04,31.24,ssp245,2016,21.77,20.619,23.541,0.293,8.0
Cairo,30.04,31.24,ssp245,2017,22.094,20.884,23.939,0.243,8.0
Cairo,30.04,31.24,ssp245,2018,21.807,20.162,23.542,0.271,8.0
Cairo,30.04,31.24,ssp245,2019,21.856,20.639,23.519,0.227,8.0
Cairo,30.04,31.24,ssp245,2020,22.001,20.807,23.877,0.212,8.0
Cairo,30.04,31.24,ssp245,2021,22.0,20.718,23.452,0.262,8.0
Cairo,30.04,31.24,ssp245,2022,22.315,21.056,23.997,0.258,8.0
Cairo,30.04,31.24,ssp245,2023,22.279,21.057,23.695,0.198,8.0
Cairo,30.04,31.24,ssp245,2024,22.098,20.776,23.669,0.258,8.0
Cairo,30.04,31.24,ssp245,2025,22.43,21.289,23.834,0.201,8.0
Cairo,30.04,31.24,ssp245,2026,22.17,20.947,23.811,0.217,8.0
Cairo,30.04,31.24,ssp245,2027,22.284,21.449,23.383,0.213,8.0
Cairo,30.04,31.24,ssp245,2028,22.513,21.086,23.929,0.218,8.0
Cairo,30.04,31.24,ssp245,2029,22.509,21.218,24.032,0.273,8.0
Cairo,30.04,31.24,ssp245,2030,22.24,21.116,23.628,0.239,8.0
Cairo,30.04,31.24,ssp245,2031,22.261,21.212,24.087,0.268,8.0
Cairo,30.04,31.24,ssp245,2032,22.403,21.097,24.02,0.236,8.0
Cairo,30.04,31.24,ssp245,2033,22.51,21.285,24.384,0.255,8.0
Cairo,30.04,31.24,ssp245,2034,22.53,21.281,24.111,0.228,8.0
Cairo,30.04,31.24,ssp245,2035,22.806,21.413,24.5,0.25,8.0
Cairo,30.04,31.24,ssp245,2036,22.583,21.311,24.103,0.283,8.0
Cairo,30.04,31.24,ssp245,2037,22.612,21.278,24.29,0.242,8.0
Cairo,30.04,31.24,ssp245,2038,22.725,21.737,23.943,0.227,8.0
Cairo,30.04,31.24,ssp245,2039,22.784,21.677,24.177,0.206,8.0
Cairo,30.04,31.24,ssp245,2040,22.291,21.48,23.06,0.252,7.0
Cairo,30.04,31.24,ssp245,2041,22.035,21.3,22.663,0.273,7.0
Cairo,30.04,31.24,ssp245,2042,22.187,21.491,23.056,0.258,7.0
Cairo,30.04,31.24,ssp245,2043,21.998,21.265,22.979,0.226,7.0
Cairo,30.04,31.24,ssp245,2044,22.151,21.309,23.164,0.27,7.0
Cairo,30.04,31.24,ssp245,2045,22.405,21.646,23.172,0.23,7.0
Cairo,30.04,31.24,ssp245,2046,22.231,21.353,23.251,0.229,7.0
Cairo,30.04,31.24,ssp245,2047,22.542,21.422,23.571,0.219,7.0
Cairo,30.04,31.24,ssp245,2048,22.4,21.741,23.127,0.273,7.0
Cairo,30.04,31.24,ssp245,2049,22.374,21.598,23.736,0.261,7.0
Cairo,30.04,31.24,ssp245,2050,22.498,21.975,23.391,0.27,7.0
Cairo,30.04,31.24,ssp245,2051,22.498,21.993,23.267,0.237,7.0
Cairo,30.04,31.24,ssp245,2052,22.542,21.643,23.593,0.248,7.0
Cairo,30.04,31.24,ssp245,2053,22.666,22.277,23.48,0.236,7.0
Cairo,30.04,31.24,ssp245,2054,22.642,21.772,23.795,0.292,7.0
Cairo,30.04,31.24,ssp245,2055,22.792,21.904,23.882,0.239,7.0
Cairo,30.04,31.24,ssp245,2056,22.59,21.557,23.694,0.247,7.0
Cairo,30.04,31.24,ssp245,2057,22.684,21.728,24.025,0.224,7.0
Cairo,30.04,31.24,ssp245,2058,22.726,21.878,23.687,0.242,7.0
Cairo,30.04,31.24,ssp245,2059,22.683,21.849,23.71,0.258,7.0
Cairo,30.04,31.24,ssp245,2060,22.775,22.022,23.927,0.221,7.0
Cairo,30.04,31.24,ssp245,2061,22.713,22.065,23.784,0.276,7.0
Cairo,30.04,31.24,ssp245,2062,22.503,21.553,23.143,0.219,7.0
Cairo,30.04,31.24,ssp245,2063,22.804,22.201,23.607,0.214,7.0
Cairo,30.04,31.24,ssp245,2064,22.862,22.271,23.491,0.198,7.0
Cairo,30.04,31.24,ssp245,2065,23.09,22.334,23.803,0.278,7.0
Cairo,30.04,31.24,ssp245,2066,22.73,21.876,23.535,0.264,7.0
Cairo,30.04,31.24,ssp245,2067,22.734,22.1,23.654,0.272,7.0
Cairo,30.04,31.24,ssp245,2068,22.744,21.911,23.981,0.284,7.0
Cairo,30.04,31.24,ssp245,2069,23.062,22.24,24.051,0.237,7.0
Cairo,30.04,31.24,ssp245,2070,23.066,21.993,24.334,0.263,7.0
Cairo,30.04,31.24,ssp245,2071,23.287,22.493,24.009,0.213,7.0
Cairo,30.04,31.24,ssp245,2072,23.108,22.429,23.864,0.227,7.0
Cairo,30.04,31.24,ssp245,2073,22.856,22.072,24.218,0.268,7.0
Cairo,30.04,31.24,ssp245,2074,23.324,22.411,24.084,0.239,7.0
Cairo,30.04,31.24,ssp245,2075,23.256,21.839,24.241,0.207,7.0
Cairo,30.04,31.24,ssp245,2076,23.026,22.256,24.248,0.227,7.0
Cairo,30.04,31.24,ssp245,2077,23.301,22.451,24.272,0.267,7.0
Cairo,30.04,31.24,ssp245,2078,23.086,22.136,23.809,0.248,7.0
Cairo,30.04,31.24,ssp245,2079,23.052,22.079,23.977,0.227,7.0
Cairo,30.04,31.24,ssp245,2080,23.23,22.207,24.025,0.215,7.0
Cairo,30.04,31.24,ssp245,2081,23.394,22.388,24.185,0.221,7.0
Cairo,30.04,31.24,ssp245,2082,23.183,22.44,23.906,0.303,7.0
Cairo,30.04,31.24,ssp245,2083,23.317,22.326,24.175,0.259,7.0
Cairo,30.04,31.24,ssp245,2084,23.326,22.309,24.457,0.234,7.0
Cairo,30.04,31.24,ssp245,2085,23.575,22.622,24.402,0.22,7.0
Cairo,30.04,31.24,ssp245,2086,23.46,22.15,24.659,0.19,7.0
Cairo,30.04,31.24,ssp245,2087,23.414,22.278,24.639,0.248,7.0
Cairo,30.04,31.24,ssp245,2088,23.306,22.885,23.753,0.226,7.0
Cairo,30.04,31.24,ssp245,2089,23.792,22.983,24.482,0.252,7.0
Cairo,30.04,31.24,ssp245,2090,23.529,22.51,24.55,0.194,7.0
Cairo,30.04,31.24,ssp245,2091,23.46,22.248,24.481,0.269,7.0
Cairo,30.04,31.24,ssp245,2092,23.515,22.545,24.56,0.216,7.0
Cairo,30.04,31.24,ssp245,2093,23.524,22.562,24.282,0.254,7.0
Cairo,30.04,31.24,ssp245,2094,23.564,22.537,24.327,0.241,7.0
Cairo,30.04,31.24,ssp245,2095,23.511,22.362,24.822,0.258,7.0
Cairo,30.04,31.24,ssp245,2096,23.536,22.328,24.294,0.204,7.0
Cairo,30.04,31.24,ssp245,2097,23.455,22.597,24.329,0.259,7.0
Cairo,30.04,31.24,ssp245,2098,23.295,22.027,24.558,0.257,7.0
Cairo,30.04,31.24,ssp245,2099,23.523,22.281,24.843,0.224,7.0
Cairo,30.04,31.24,ssp245,2100,23.638,22.688,24.427,0.188,7.0
Cairo,30.04,31.24,ssp585,2015,21.973,21.028,23.139,0.263,8.0
Cairo,30.04,31.24,ssp585,2016,21.712,20.758,23.096,0.251,8.0
Cairo,30.04,31.24,ssp585,2017,21.774,20.571,23.414,0.269,8.0
Cairo,30.04,31.24,ssp585,2018,21.848,20.872,23.244,0.25,8.0
Cairo,30.04,31.24,ssp585,2019,22.239,20.886,23.796,0.248,8.0
Cairo,30.04,31.24,ssp585,2020,22.106,21.044,23.665,0.221,8.0
Cairo,30.04,31.24,ssp585,2021,22.138,20.669,23.768,0.222,8.0
Cairo,30.04,31.24,ssp585,2022,22.153,21.088,23.547,0.262,8.0
Cairo,30.04,31.24,ssp585,2023,22.249,21.021,23.843,0.249,8.0
Cairo,30.04,31.24,ssp585,2024,22.016,20.749,23.437,0.247,8.0
Cairo,30.04,31.24,ssp585,2025,22.358,21.071,23.813,0.265,8.0
Cairo,30.04,31.24,ssp585,2026,22.24,21.02,23.751,0.248,8.0
Cairo,30.04,31.24,ssp585,2027,22.362,21.1,24.192,0.248,8.0
Cairo,30.04,31.24,ssp585,2028,22.434,21.011,24.185,0.209,8.0
Cairo,30.04,31.24,ssp585,2029,22.35,21.099,24.053,0.249,8.0
Cairo,30.04,31.24,ssp585,2030,22.558,21.262,24.827,0.226,8.0
Cairo,30.04,31.24,ssp585,2031,22.486,21.401,24.126,0.273,8.0
Cairo,30.04,31.24,ssp585,2032,22.429,21.191,24.127,0.229,8.0
Cairo,30.04,31.24,ssp585,2033,22.437,21.04,23.947,0.203,8.0
Cairo,30.04,31.24,ssp585,2034,22.736,21.302,24.18,0.201,8.0
Cairo,30.04,31.24,ssp585,2035,22.705,21.159,24.985,0.251,8.0
Cairo,30.04,31.24,ssp585,2036,22.711,21.629,24.468,0.245,8.0
Cairo,30.04,31.24,ssp585,2037,22.677,21.414,24.694,0.251,8.0
Cairo,30.04,31.24,ssp585,2038,22.989,21.496,24.826,0.258,8.0
Cairo,30.04,31.24,ssp585,2039,22.653,21.201,24.614,0.228,8.0
Cairo,30.04,31.24,ssp585,2040,22.725,21.574,23.987,0.279,8.0
Cairo,30.04,31.24,ssp585,2041,23.159,22.135,24.736,0.204,8.0
Cairo,30.04,31.24,ssp585,2042,22.987,21.565,24.883,0.197,8.0
Cairo,30.04,31.24,ssp585,2043,23.357,21.865,25.45,0.256,8.0
Cairo,30.04,31.24,ssp585,2044,22.957,21.679,24.585,0.253,8.0
Cairo,30.04,31.24,ssp585,2045,23.064,21.941,24.641,0.255,8.0
Cairo,30.04,31.24,ssp585,2046,23.127,21.914,24.734,0.237,8.0
Cairo,30.04,31.24,ssp585,2047,23.193,21.428,24.902,0.226,8.0
Cairo,30.04,31.24,ssp585,2048,23.373,21.94,25.028,0.246,8.0
Cairo,30.04,31.24,ssp585,2049,23.569,22.239,25.369,0.206,8.0
Cairo,30.04,31.24,ssp585,2050,23.397,21.826,25.581,0.222,8.0
Cairo,30.04,31.24,ssp585,2051,23.609,22.318,25.37,0.229,8.0
Cairo,30.04,31.24,ssp585,2052,23.863,22.685,25.511,0.196,8.0
Cairo,30.04,31.24,ssp585,2053,23.641,22.31,25.188,0.223,8.0
Cairo,30.04,31.24,ssp585,2054,23.84,22.551,25.787,0.229,8.0
Cairo,30.04,31.24,ssp585,2055,23.573,21.941,25.558,0.251,8.0
Cairo,30.04,31.24,ssp585,2056,23.824,22.577,25.631,0.212,8.0
Cairo,30.04,31.24,ssp585,2057,23.957,22.224,25.948,0.226,8.0
Cairo,30.04,31.24,ssp585,2058,24.096,22.768,25.794,0.204,8.0
Cairo,30.04,31.24,ssp585,2059,24.063,22.462,25.842,0.209,8.0
Cairo,30.04,31.24,ssp585,2060,24.277,22.963,25.877,0.261,8.0
Cairo,30.04,31.24,ssp585,2061,24.347,22.838,26.008,0.24,8.0
Cairo,30.04,31.24,ssp585,2062,24.129,22.818,25.702,0.233,8.0
Cairo,30.04,31.24,ssp585,2063,24.266,22.665,26.063,0.237,8.0
Cairo,30.04,31.24,ssp585,2064,24.251,22.929,25.986,0.226,8.0
Cairo,30.04,31.24,ssp585,2065,24.086,22.494,26.017,0.259,8.0
Cairo,30.04,31.24,ssp585,2066,24.566,22.746,26.617,0.212,8.0
Cairo,30.04,31.24,ssp585,2067,24.747,22.815,26.538,0.188,8.0
Cairo,30.04,31.24,ssp585,2068,24.536,22.89,26.517,0.198,8.0
Cairo,30.04,31.24,ssp585,2069,24.745,23.112,26.937,0.182,8.0
Cairo,30.04,31.24,ssp585,2070,24.828,23.385,26.737,0.219,8.0
Cairo,30.04,31.24,ssp585,2071,25.042,23.389,26.952,0.229,8.0
Cairo,30.04,31.24,ssp585,2072,25.074,23.393,26.866,0.237,8.0
Cairo,30.04,31.24,ssp585,2073,25.086,23.37,27.142,0.185,8.0
Cairo,30.04,31.24,ssp585,2074,25.253,23.263,27.419,0.225,8.0
Cairo,30.04,31.24,ssp585,2075,25.227,23.852,26.982,0.19,8.0
Cairo,30.04,31.24,ssp585,2076,25.259,23.43,27.464,0.164,8.0
Cairo,30.04,31.24,ssp585,2077,25.22,23.741,27.028,0.203,8.0
Cairo,30.04,31.24,ssp585,2078,25.235,23.379,27.382,0.237,8.0
Cairo,30.04,31.24,ssp585,2079,25.31,23.491,27.701,0.192,8.0
Cairo,30.04,31.24,ssp585,2080,25.224,23.5,27.122,0.23,8.0
Cairo,30.04,31.24,ssp585,2081,25.718,24.102,27.946,0.202,8.0
Cairo,30.04,31.24,ssp585,2082,25.638,24.232,27.594,0.215,8.0
Cairo,30.04,31.24,ssp585,2083,25.813,24.252,27.83,0.226,8.0
Cairo,30.04,31.24,ssp585,2084,25.697,23.755,27.503,0.262,8.0
Cairo,30.04,31.24,ssp585,2085,25.885,24.383,27.556,0.182,8.0
Cairo,30.04,31.24,ssp585,2086,25.772,23.991,28.017,0.208,8.0
Cairo,30.04,31.24,ssp585,2087,26.144,24.088,28.285,0.178,8.0
Cairo,30.04,31.24,ssp585,2088,26.165,24.261,28.32,0.185,8.0
Cairo,30.04,31.24,ssp585,2089,26.263,24.281,28.238,0.193,8.0
Cairo,30.04,31.24,ssp585,2090,26.241,23.854,28.264,0.191,8.0
Cairo,30.04,31.24,ssp585,2091,26.433,24.074,28.84,0.212,8.0
Cairo,30.04,31.24,ssp585,2092,26.773,24.226,28.905,0.176,8.0
Cairo,30.04,31.24,ssp585,2093,26.528,24.622,28.489,0.197,8.0
Cairo,30.04,31.24,ssp585,2094,26.693,24.223,28.979,0.168,8.0
Cairo,30.04,31.24,ssp585,2095,26.997,24.686,29.171,0.162,8.0
Cairo,30.04,31.24,ssp585,2096,26.999,24.616,29.277,0.207,8.0
Cairo,30.04,31.24,ssp585,2097,26.844,24.612,28.772,0.239,8.0
Cairo,30.04,31.24,ssp585,2098,27.075,24.997,29.082,0.19,8.0
Cairo,30.04,31.24,ssp585,2099,27.018,24.899,29.672,0.209,8.0
Cairo,30.04,31.24,ssp585,2100,27.286,24.85,29.425,0.183,8.0
Cape Town,-33.92,18.42,historical,1850,16.936,16.418,17.754,1.34,8.0
Cape Town,-33.92,18.42,historical,1851,17.009,16.182,17.922,1.386,8.0
Cape Town,-33.92,18.42,historical,1852,17.251,16.783,17.728,1.328,8.0
Cape Town,-33.92,18.42,historical,1853,17.085,16.39,18.029,1.335,8.0
Cape Town,-33.92,18.42,historical,1854,17.019,15.984,17.908,1.384,8.0
Cape Town,-33.92,18.42,historical,1855,17.196,16.562,18.033,1.27,8.0
Cape Town,-33.92,18.42,historical,1856,17.231,16.558,18.329,1.39,8.0
Cape Town,-33.92,18.42,historical,1857,17.097,16.314,17.926,1.429,8.0
Cape Town,-33.92,18.42,historical,1858,17.3,16.233,18.052,1.383,8.0
Cape Town,-33.92,18.42,historical,1859,17.173,16.324,17.938,1.41,8.0
Cape Town,-33.92,18.42,historical,1860,17.066,16.402,17.975,1.387,8.0
Cape Town,-33.92,18.42,historical,1861,17.008,16.095,17.868,1.364,8.0
Cape Town,-33.92,18.42,historical,1862,16.822,16.121,17.674,1.469,8.0
Cape Town,-33.92,18.42,historical,1863,16.711,16.038,17.343,1.37,8.0
Cape Town,-33.92,18.42,historical,1864,17.073,16.449,17.692,1.374,8.0
Cape Town,-33.92,18.42,historical,1865,17.051,16.299,17.92,1.226,8.0
Cape Town,-33.92,18.42,historical,1866,17.164,16.372,18.251,1.262,8.0
Cape Town,-33.92,18.42,historical,1867,17.041,16.28,18.105,1.316,8.0
Cape Town,-33.92,18.42,historical,1868,17.234,16.316,17.896,1.392,8.0
Cape Town,-33.92,18.42,historical,1869,17.259,16.499,18.157,1.299,8.0
Cape Town,-33.92,18.42,historical,1870,16.945,16.12,17.649,1.522,8.0
Cape Town,-33.92,18.42,historical,1871,17.08,16.472,17.816,1.35,8.0
Cape Town,-33.92,18.42,historical,1872,17.053,16.395,17.879,1.345,8.0
Cape Town,-33.92,18.42,historical,1873,17.154,16.101,18.158,1.261,8.0
Cape Town,-33.92,18.42,historical,1874,17.041,16.115,17.883,1.423,8.0
Cape Town,-33.92,18.42,historical,1875,17.038,16.356,17.881,1.371,8.0
Cape Town,-33.92,18.42,historical,1876,17.133,16.394,17.851,1.42,8.0
Cape Town,-33.92,18.42,historical,1877,17.088,16.104,17.921,1.322,8.0
Cape Town,-33.92,18.42,historical,1878,17.1,16.484,17.869,1.397,8.0
Cape Town,-33.92,18.42,historical,1879,17.045,16.312,17.564,1.338,8.0
Cape Town,-33.92,18.42,historical,1880,17.17,16.337,17.977,1.267,8.0
Cape Town,-33.92,18.42,historical,1881,17.21,16.211,18.058,1.377,8.0
Cape Town,-33.92,18.42,historical,1882,17.073,16.262,17.791,1.419,8.0
Cape Town,-33.92,18.42,historical,1883,17.135,16.594,17.824,1.348,8.0
Cape Town,-33.92,18.42,historical,1884,17.057,16.224,18.018,1.337,8.0
Cape Town,-33.92,18.42,historical,1885,17.001,16.123,18.114,1.438,8.0
Cape Town,-33.92,18.42,historical,1886,17.117,16.032,18.121,1.334,8.0
Cape Town,-33.92,18.42,historical,1887,17.037,15.994,17.807,1.479,8.0
Cape Town,-33.92,18.42,historical,1888,17.089,16.336,17.719,1.355,8.0
Cape Town,-33.92,18.42,historical,1889,17.064,16.599,17.612,1.397,8.0
Cape Town,-33.92,18.42,historical,1890,17.158,16.636,17.683,1.271,8.0
Cape Town,-33.92,18.42,historical,1891,17.293,16.572,17.906,1.312,8.0
Cape Town,-33.92,18.42,historical,1892,17.025,16.037,17.886,1.372,8.0
Cape Town,-33.92,18.42,historical,1893,17.361,16.783,18.021,1.335,8.0
Cape Town,-33.92,18.42,historical,1894,17.208,16.556,18.06,1.346,8.0
Cape Town,-33.92,18.42,historical,1895,17.232,16.45,18.308,1.274,8.0
Cape Town,-33.92,18.42,historical,1896,17.201,16.609,18.04,1.431,8.0
Cape Town,-33.92,18.42,historical,1897,17.097,16.553,17.7,1.312,8.0
Cape Town,-33.92,18.42,historical,1898,17.236,16.606,17.893,1.396,8.0
Cape Town,-33.92,18.42,historical,1899,17.253,16.486,18.086,1.399,8.0
Cape Town,-33.92,18.42,historical,1900,17.183,16.459,18.296,1.424,8.0
Cape Town,-33.92,18.42,historical,1901,17.35,16.488,18.095,1.458,8.0
Cape Town,-33.92,18.42,historical,1902,17.265,16.794,17.99,1.296,8.0
Cape Town,-33.92,18.42,historical,1903,17.144,16.363,18.339,1.462,8.0
Cape Town,-33.92,18.42,historical,1904,17.147,16.328,18.073,1.324,8.0
Cape Town,-33.92,18.42,historical,1905,17.239,16.61,17.963,1.341,8.0
Cape Town,-33.92,18.42,historical,1906,17.244,16.562,18.209,1.312,8.0
Cape Town,-33.92,18.42,historical,1907,17.276,16.489,18.078,1.382,8.0
Cape Town,-33.92,18.42,historical,1908,17.308,16.582,18.282,1.463,8.0
Cape Town,-33.92,18.42,historical,1909,17.231,16.354,18.106,1.475,8.0
Cape Town,-33.92,18.42,historical,1910,17.238,16.231,18.163,1.361,8.0
Cape Town,-33.92,18.42,historical,1911,17.182,16.449,17.877,1.447,8.0
Cape Town,-33.92,18.42,historical,1912,17.152,16.076,17.965,1.417,8.0
Cape Town,-33.92,18.42,historical,1913,17.277,16.299,17.971,1.323,8.0
Cape Town,-33.92,18.42,historical,1914,17.371,16.798,18.088,1.434,8.0
Cape Town,-33.92,18.42,historical,1915,17.26,16.577,18.079,1.307,8.0
Cape Town,-33.92,18.42,historical,1916,17.146,16.451,17.94,1.325,8.0
Cape Town,-33.92,18.42,historical,1917,17.207,16.587,18.115,1.363,8.0
Cape Town,-33.92,18.42,historical,1918,17.291,16.524,18.161,1.404,8.0
Cape Town,-33.92,18.42,historical,1919,17.423,16.69,18.14,1.35,8.0
Cape Town,-33.92,18.42,historical,1920,17.388,16.725,18.428,1.393,8.0
Cape Town,-33.92,18.42,historical,1921,17.464,16.626,18.46,1.277,8.0
Cape Town,-33.92,18.42,historical,1922,17.321,16.549,18.28,1.316,8.0
Cape Town,-33.92,18.42,historical,1923,17.257,16.549,18.267,1.33,8.0
Cape Town,-33.92,18.42,historical,1924,17.118,16.325,18.204,1.419,8.0
Cape Town,-33.92,18.42,historical,1925,17.347,16.63,18.039,1.335,8.0
Cape Town,-33.92,18.42,historical,1926,17.368,16.434,18.664,1.349,8.0
Cape Town,-33.92,18.42,historical,1927,17.375,16.525,18.405,1.335,8.0
Cape Town,-33.92,18.42,historical,1928,17.491,16.92,18.329,1.344,8.0
Cape Town,-33.92,18.42,historical,1929,17.364,16.856,18.349,1.287,8.0
Cape Town,-33.92,18.42,historical,1930,17.434,16.675,18.212,1.329,8.0
Cape Town,-33.92,18.42,historical,1931,17.241,16.637,18.071,1.373,8.0
Cape Town,-33.92,18.42,historical,1932,17.248,16.856,17.955,1.413,8.0
Cape Town,-33.92,18.42,historical,1933,17.254,16.597,18.035,1.3,8.0
Cape Town,-33.92,18.42,historical,1934,17.24,16.387,18.04,1.34,8.0
Cape Town,-33.92,18.42,historical,1935,17.28,16.433,18.1,1.349,8.0
Cape Town,-33.92,18.42,historical,1936,17.378,16.555,18.41,1.369,8.0
Cape Town,-33.92,18.42,historical,1937,17.367,16.625,18.287,1.374,8.0
Cape Town,-33.92,18.42,historical,1938,17.204,16.44,18.099,1.379,8.0
Cape Town,-33.92,18.42,historical,1939,17.331,16.602,18.08,1.419,8.0
Cape Town,-33.92,18.42,historical,1940,17.456,16.628,18.748,1.3,8.0
Cape Town,-33.92,18.42,historical,1941,17.453,16.756,18.461,1.278,8.0
Cape Town,-33.92,18.42,historical,1942,17.417,16.466,18.401,1.305,8.0
Cape Town,-33.92,18.42,historical,1943,17.22,16.361,18.124,1.315,8.0
Cape Town,-33.92,18.42,historical,1944,17.429,16.628,18.622,1.268,8.0
Cape Town,-33.92,18.42,historical,1945,17.243,16.372,18.047,1.341,8.0
Cape Town,-33.92,18.42,historical,1946,17.273,16.444,17.964,1.37,8.0
Cape Town,-33.92,18.42,historical,1947,17.268,16.314,18.247,1.279,8.0
Cape Town,-33.92,18.42,historical,1948,17.353,16.359,18.417,1.271,8.0
Cape Town,-33.92,18.42,historical,1949,17.375,16.467,18.199,1.272,8.0
Cape Town,-33.92,18.42,historical,1950,17.206,16.559,18.069,1.384,8.0
Cape Town,-33.92,18.42,historical,1951,17.412,16.351,18.478,1.329,8.0
Cape Town,-33.92,18.42,historical,1952,17.386,16.57,18.252,1.344,8.0
Cape Town,-33.92,18.42,historical,1953,17.296,16.728,17.997,1.258,8.0
Cape Town,-33.92,18.42,historical,1954,17.434,16.618,18.178,1.404,8.0
Cape Town,-33.92,18.42,historical,1955,17.301,16.501,18.296,1.456,8.0
Cape Town,-33.92,18.42,historical,1956,17.179,16.337,17.954,1.412,8.0
Cape Town,-33.92,18.42,historical,1957,17.379,16.643,18.396,1.381,8.0
Cape Town,-33.92,18.42,historical,1958,17.437,16.544,18.374,1.193,8.0
Cape Town,-33.92,18.42,historical,1959,17.313,16.451,18.133,1.21,8.0
Cape Town,-33.92,18.42,historical,1960,17.426,16.575,18.095,1.303,8.0
Cape Town,-33.92,18.42,historical,1961,17.34,16.456,18.277,1.287,8.0
Cape Town,-33.92,18.42,historical,1962,17.346,16.719,18.126,1.242,8.0
Cape Town,-33.92,18.42,historical,1963,17.216,16.502,18.31,1.35,8.0
Cape Town,-33.92,18.42,historical,1964,17.158,16.383,18.0,1.322,8.0
Cape Town,-33.92,18.42,historical,1965,17.15,16.218,18.424,1.392,8.0
Cape Town,-33.92,18.42,historical,1966,17.258,16.341,18.341,1.342,8.0
Cape Town,-33.92,18.42,historical,1967,17.37,16.642,18.597,1.2,8.0
Cape Town,-33.92,18.42,historical,1968,17.401,16.393,18.541,1.29,8.0
Cape Town,-33.92,18.42,historical,1969,17.311,16.663,18.064,1.305,8.0
Cape Town,-33.92,18.42,historical,1970,17.395,16.687,17.975,1.39,8.0
Cape Town,-33.92,18.42,historical,1971,17.232,16.417,18.276,1.391,8.0
Cape Town,-33.92,18.42,historical,1972,17.409,16.863,18.359,1.401,8.0
Cape Town,-33.92,18.42,historical,1973,17.698,16.909,18.639,1.293,8.0
Cape Town,-33.92,18.42,historical,1974,17.46,16.604,18.266,1.333,8.0
Cape Town,-33.92,18.42,historical,1975,17.434,16.637,18.509,1.314,8.0
Cape Town,-33.92,18.42,historical,1976,17.48,16.845,18.511,1.178,8.0
Cape Town,-33.92,18.42,historical,1977,17.629,17.061,18.439,1.247,8.0
Cape Town,-33.92,18.42,historical,1978,17.587,16.977,18.48,1.286,8.0
Cape Town,-33.92,18.42,historical,1979,17.499,16.714,18.386,1.37,8.0
Cape Town,-33.92,18.42,historical,1980,17.562,16.597,18.512,1.276,8.0
Cape Town,-33.92,18.42,historical,1981,17.561,16.971,18.143,1.318,8.0
Cape Town,-33.92,18.42,historical,1982,17.554,17.073,18.526,1.217,8.0
Cape Town,-33.92,18.42,historical,1983,17.543,16.809,18.528,1.418,8.0
Cape Town,-33.92,18.42,historical,1984,17.464,16.625,18.42,1.308,8.0
Cape Town,-33.92,18.42,historical,1985,17.722,16.637,18.781,1.317,8.0
Cape Town,-33.92,18.42,historical,1986,17.515,16.481,18.488,1.363,8.0
Cape Town,-33.92,18.42,historical,1987,17.589,16.743,18.74,1.249,8.0
Cape Town,-33.92,18.42,historical,1988,17.47,16.721,18.239,1.29,8.0
Cape Town,-33.92,18.42,historical,1989,17.489,16.775,18.372,1.324,8.0
Cape Town,-33.92,18.42,historical,1990,17.834,17.225,18.615,1.221,8.0
Cape Town,-33.92,18.42,historical,1991,17.638,16.758,18.553,1.248,8.0
Cape Town,-33.92,18.42,historical,1992,17.413,16.404,18.218,1.401,8.0
Cape Town,-33.92,18.42,historical,1993,17.596,16.815,17.994,1.303,8.0
Cape Town,-33.92,18.42,historical,1994,17.516,16.908,18.384,1.366,8.0
Cape Town,-33.92,18.42,historical,1995,17.515,16.853,18.404,1.246,8.0
Cape Town,-33.92,18.42,historical,1996,17.69,16.881,18.523,1.428,8.0
Cape Town,-33.92,18.42,historical,1997,17.64,16.826,18.793,1.245,8.0
Cape Town,-33.92,18.42,historical,1998,17.778,16.957,18.683,1.187,8.0
Cape Town,-33.92,18.42,historical,1999,17.562,16.925,18.433,1.313,8.0
Cape Town,-33.92,18.42,historical,2000,17.708,16.931,18.495,1.323,8.0
Cape Town,-33.92,18.42,historical,2001,17.743,16.938,18.865,1.25,8.0
Cape Town,-33.92,18.42,historical,2002,17.977,17.399,18.842,1.175,8.0
Cape Town,-33.92,18.42,historical,2003,17.884,17.018,18.984,1.221,8.0
Cape Town,-33.92,18.42,historical,2004,17.739,16.946,18.765,1.295,8.0
Cape Town,-33.92,18.42,historical,2005,17.772,17.002,18.601,1.139,8.0
Cape Town,-33.92,18.42,historical,2006,18.083,17.365,19.174,1.118,8.0
Cape Town,-33.92,18.42,historical,2007,17.958,17.149,19.066,1.33,8.0
Cape Town,-33.92,18.42,historical,2008,18.026,17.348,18.854,1.249,8.0
Cape Town,-33.92,18.42,historical,2009,17.801,16.911,18.832,1.208,8.0
Cape Town,-33.92,18.42,historical,2010,18.059,17.4,18.905,1.318,8.0
Cape Town,-33.92,18.42,historical,2011,18.03,17.135,19.22,1.211,8.0
Cape Town,-33.92,18.42,historical,2012,17.824,17.203,18.828,1.401,8.0
Cape Town,-33.92,18.42,historical,2013,17.915,16.959,18.98,1.199,8.0
Cape Town,-33.92,18.42,historical,2014,18.105,17.42,18.947,1.272,8.0
Cape Town,-33.92,18.42,ssp126,2015,18.01,16.932,18.884,1.238,8.0
Cape Town,-33.92,18.42,ssp126,2016,18.062,17.05,19.196,1.226,8.0
Cape Town,-33.92,18.42,ssp126,2017,18.144,17.213,19.211,1.197,8.0
Cape Town,-33.92,18.42,ssp126,2018,18.086,17.104,19.134,1.263,8.0
Cape Town,-33.92,18.42,ssp126,2019,18.161,17.447,19.307,1.242,8.0
Cape Town,-33.92,18.42,ssp126,2020,17.899,17.088,18.931,1.372,8.0
Cape Town,-33.92,18.42,ssp126,2021,18.196,17.394,18.96,1.252,8.0
Cape Town,-33.92,18.42,ssp126,2022,18.403,17.636,19.057,1.088,8.0
Cape Town,-33.92,18.42,ssp126,2023,18.154,17.415,18.85,1.158,8.0
Cape Town,-33.92,18.42,ssp126,2024,18.27,17.481,19.125,1.262,8.0
Cape Town,-33.92,18.42,ssp126,2025,18.159,17.27,19.329,1.272,8.0
Cape Town,-33.92,18.42,ssp126,2026,18.242,17.524,18.873,1.377,8.0
Cape Town,-33.92,18.42,ssp126,2027,18.315,17.402,19.244,1.22,8.0
Cape Town,-33.92,18.42,ssp126,2028,18.072,17.107,19.075,1.324,8.0
Cape Town,-33.92,18.42,ssp126,2029,18.332,17.672,19.074,1.205,8.0
Cape Town,-33.92,18.42,ssp126,2030,18.321,17.563,19.004,1.216,8.0
Cape Town,-33.92,18.42,ssp126,2031,18.42,17.725,19.333,1.177,8.0
Cape Town,-33.92,18.42,ssp126,2032,18.507,17.789,19.269,1.144,8.0
Cape Town,-33.92,18.42,ssp126,2033,18.335,17.627,19.298,1.239,8.0
Cape Town,-33.92,18.42,ssp126,2034,18.575,17.966,19.397,1.153,8.0
Cape Town,-33.92,18.42,ssp126,2035,18.447,17.762,19.506,1.215,8.0
Cape Town,-33.92,18.42,ssp126,2036,18.568,17.56,19.463,1.175,8.0
Cape Town,-33.92,18.42,ssp126,2037,18.532,17.648,19.335,1.115,8.0
Cape Town,-33.92,18.42,ssp126,2038,18.411,17.348,19.22,1.248,8.0
Cape Town,-33.92,18.42,ssp126,2039,18.492,17.492,19.312,1.269,8.0
Cape Town,-33.92,18.42,ssp126,2040,18.703,17.918,19.411,1.288,8.0
Cape Town,-33.92,18.42,ssp126,2041,18.641,17.563,19.393,1.267,8.0
Cape Town,-33.92,18.42,ssp126,2042,18.598,17.849,19.658,1.174,8.0
Cape Town,-33.92,18.42,ssp126,2043,18.39,17.7,19.122,1.245,8.0
Cape Town,-33.92,18.42,ssp126,2044,18.585,17.779,19.346,1.213,8.0
Cape Town,-33.92,18.42,ssp126,2045,18.337,17.276,19.199,1.217,8.0
Cape Town,-33.92,18.42,ssp126,2046,18.71,17.812,19.7,1.126,8.0
Cape Town,-33.92,18.42,ssp126,2047,18.587,17.712,19.441,1.282,8.0
Cape Town,-33.92,18.42,ssp126,2048,18.526,17.555,19.549,1.297,8.0
Cape Town,-33.92,18.42,ssp126,2049,18.714,17.985,19.66,1.117,8.0
Cape Town,-33.92,18.42,ssp126,2050,18.628,17.54,19.594,1.113,8.0
Cape Town,-33.92,18.42,ssp126,2051,18.624,17.591,19.511,1.133,8.0
Cape Town,-33.92,18.42,ssp126,2052,18.689,17.843,19.745,1.289,8.0
Cape Town,-33.92,18.42,ssp126,2053,18.546,17.756,19.343,1.228,8.0
Cape Town,-33.92,18.42,ssp126,2054,18.681,17.844,19.599,1.24,8.0
Cape Town,-33.92,18.42,ssp126,2055,18.651,17.704,19.683,1.204,8.0
Cape Town,-33.92,18.42,ssp126,2056,18.723,17.815,19.348,1.143,8.0
Cape Town,-33.92,18.42,ssp126,2057,18.912,18.103,19.79,1.119,8.0
Cape Town,-33.92,18.42,ssp126,2058,18.586,17.672,19.479,1.228,8.0
Cape Town,-33.92,18.42,ssp126,2059,18.705,18.013,19.579,1.181,8.0
Cape Town,-33.92,18.42,ssp126,2060,18.609,17.925,19.57,1.212,8.0
Cape Town,-33.92,18.42,ssp126,2061,18.669,17.959,19.538,1.161,8.0
Cape Town,-33.92,18.42,ssp126,2062,18.743,17.925,19.408,1.097,8.0
Cape Town,-33.92,18.42,ssp126,2063,18.729,18.001,19.634,1.11,8.0
Cape Town,-33.92,18.42,ssp126,2064,18.685,17.835,19.512,1.059,8.0
Cape Town,-33.92,18.42,ssp126,2065,18.644,17.862,19.607,1.098,8.0
Cape Town,-33.92,18.42,ssp126,2066,18.664,17.869,19.701,1.232,8.0
Cape Town,-33.92,18.42,ssp126,2067,18.604,18.028,19.661,1.282,8.0
Cape Town,-33.92,18.42,ssp126,2068,18.758,17.832,19.786,1.158,8.0
Cape Town,-33.92,18.42,ssp126,2069,18.729,17.942,19.782,1.215,8.0
Cape Town,-33.92,18.42,ssp126,2070,18.639,17.862,19.555,1.316,8.0
Cape Town,-33.92,18.42,ssp126,2071,18.646,18.094,19.341,1.137,8.0
Cape Town,-33.92,18.42,ssp126,2072,18.787,18.033,19.461,1.154,8.0
Cape Town,-33.92,18.42,ssp126,2073,18.623,18.067,19.347,1.154,8.0
Cape Town,-33.92,18.42,ssp126,2074,18.672,17.656,19.515,1.179,8.0
Cape Town,-33.92,18.42,ssp126,2075,18.638,17.849,19.469,1.244,8.0
Cape Town,-33.92,18.42,ssp126,2076,18.607,17.781,19.452,1.148,8.0
Cape Town,-33.92,18.42,ssp126,2077,18.806,18.052,19.76,1.172,8.0
Cape Town,-33.92,18.42,ssp126,2078,18.829,18.076,19.667,1.114,8.0
Cape Town,-33.92,18.42,ssp126,2079,18.673,17.658,19.421,1.27,8.0
Cape Town,-33.92,18.42,ssp126,2080,18.701,17.657,19.684,1.156,8.0
Cape Town,-33.92,18.42,ssp126,2081,18.828,18.012,19.736,1.374,8.0
Cape Town,-33.92,18.42,ssp126,2082,18.608,17.631,19.644,1.2,8.0
Cape Town,-33.92,18.42,ssp126,2083,18.65,17.759,19.424,1.196,8.0
Cape Town,-33.92,18.42,ssp126,2084,18.64,17.85,19.323,1.05,8.0
Cape Town,-33.92,18.42,ssp126,2085,18.729,17.714,19.608,1.2,8.0
Cape Town,-33.92,18.42,ssp126,2086,18.726,18.334,19.265,1.164,8.0
Cape Town,-33.92,18.42,ssp126,2087,18.755,17.927,19.376,1.041,8.0
Cape Town,-33.92,18.42,ssp126,2088,18.698,17.952,19.678,1.1,8.0
Cape Town,-33.92,18.42,ssp126,2089,18.786,18.0,19.428,1.245,8.0
Cape Town,-33.92,18.42,ssp126,2090,18.671,18.032,19.551,1.253,8.0
Cape Town,-33.92,18.42,ssp126,2091,18.7,17.699,19.504,1.084,8.0
Cape Town,-33.92,18.42,ssp126,2092,18.517,17.573,19.191,1.258,8.0
Cape Town,-33.92,18.42,ssp126,2093,18.8,18.004,19.891,1.132,8.0
Cape Town,-33.92,18.42,ssp126,2094,18.549,17.742,19.394,1.282,8.0
Cape Town,-33.92,18.42,ssp126,2095,18.662,17.866,19.534,1.124,8.0
Cape Town,-33.92,18.42,ssp126,2096,18.67,17.707,19.271,1.237,8.0
Cape Town,-33.92,18.42,ssp126,2097,18.814,17.995,19.588,1.248,8.0
Cape Town,-33.92,18.42,ssp126,2098,18.541,17.833,19.336,1.243,8.0
Cape Town,-33.92,18.42,ssp126,2099,18.744,17.966,19.424,1.092,8.0
Cape Town,-33.92,18.42,ssp126,2100,18.593,17.861,19.62,1.198,8.0
Cape Town,-33.92,18.42,ssp245,2015,18.103,17.374,19.048,1.106,8.0
Cape Town,-33.92,18.42,ssp245,2016,17.936,17.019,19.038,1.187,8.0
Cape Town,-33.92,18.42,ssp245,2017,18.444,17.612,19.192,1.262,8.0
Cape Town,-33.92,18.42,ssp245,2018,18.071,17.24,18.951,1.173,8.0
Cape Town,-33.92,18.42,ssp245,2019,18.034,17.174,19.0,1.145,8.0
Cape Town,-33.92,18.42,ssp245,2020,18.017,17.357,18.622,1.183,8.0
Cape Town,-33.92,18.42,ssp245,2021,18.03,17.231,19.001,1.234,8.0
Cape Town,-33.92,18.42,ssp245,2022,18.06,17.29,18.827,1.193,8.0
Cape Town,-33.92,18.42,ssp245,2023,18.392,17.529,19.238,1.297,8.0
Cape Town,-33.92,18.42,ssp245,2024,18.393,17.476,19.191,1.164,8.0
Cape Town,-33.92,18.42,ssp245,2025,18.168,17.324,18.97,1.282,8.0
Cape Town,-33.92,18.42,ssp245,2026,18.484,17.814,19.491,1.068,8.0
Cape Town,-33.92,18.42,ssp245,2027,18.481,17.806,19.289,1.172,8.0
Cape Town,-33.92,18.42,ssp245,2028,18.224,17.493,19.139,1.162,8.0
Cape Town,-33.92,18.42,ssp245,2029,18.317,17.565,19.285,1.127,8.0
Cape Town,-33.92,18.42,ssp245,2030,18.55,17.829,19.448,1.221,8.0
Cape Town,-33.92,18.42,ssp245,2031,18.319,17.667,18.931,1.171,8.0
Cape Town,-33.92,18.42,ssp245,2032,18.364,17.762,19.066,1.25,8.0
Cape Town,-33.92,18.42,ssp245,2033,18.348,17.547,19.232,1.173,8.0
Cape Town,-33.92,18.42,ssp245,2034,18.362,17.439,19.309,1.212,8.0
Cape Town,-33.92,18.42,ssp245,2035,18.494,17.634,19.279,1.066,8.0
Cape Town,-33.92,18.42,ssp245,2036,18.528,17.393,19.634,1.099,8.0
Cape Town,-33.92,18.42,ssp245,2037,18.539,17.562,19.35,1.123,8.0
Cape Town,-33.92,18.42,ssp245,2038,18.45,17.635,19.392,1.206,8.0
Cape Town,-33.92,18.42,ssp245,2039,18.549,17.51,19.336,1.11,8.0
Cape Town,-33.92,18.42,ssp245,2040,18.499,17.506,19.56,1.057,7.0
Cape Town,-33.92,18.42,ssp245,2041,18.422,17.696,19.527,1.189,7.0
Cape Town,-33.92,18.42,ssp245,2042,18.642,18.009,19.404,1.104,7.0
Cape Town,-33.92,18.42,ssp245,2043,18.654,17.94,19.45,1.052,7.0
Cape Town,-33.92,18.42,ssp245,2044,18.63,17.669,19.293,1.09,7.0
Cape Town,-33.92,18.42,ssp245,2045,18.555,17.698,19.46,1.115,7.0
Cape Town,-33.92,18.42,ssp245,2046,18.648,17.765,19.559,1.121,7.0
Cape Town,-33.92,18.42,ssp245,2047,18.612,17.647,19.484,1.095,7.0
Cape Town,-33.92,18.42,ssp245,2048,18.685,17.711,19.506,1.192,7.0
Cape Town,-33.92,18.42,ssp245,2049,18.683,17.867,19.495,1.193,7.0
Cape Town,-33.92,18.42,ssp245,2050,18.831,17.869,19.62,1.011,7.0
Cape Town,-33.92,18.42,ssp245,2051,18.822,17.987,19.678,1.099,7.0
Cape Town,-33.92,18.42,ssp245,2052,18.745,18.294,19.387,1.302,7.0
Cape Town,-33.92,18.42,ssp245,2053,18.925,17.977,19.897,1.119,7.0
Cape Town,-33.92,18.42,ssp245,2054,18.688,18.177,19.362,1.11,7.0
Cape Town,-33.92,18.42,ssp245,2055,18.759,18.098,19.376,1.218,7.0
Cape Town,-33.92,18.42,ssp245,2056,18.84,17.952,19.716,1.094,7.0
Cape Town,-33.92,18.42,ssp245,2057,18.745,18.051,19.515,1.116,7.0
Cape Town,-33.92,18.42,ssp245,2058,18.928,17.887,20.043,1.099,7.0
Cape Town,-33.92,18.42,ssp245,2059,18.941,17.856,19.724,1.157,7.0
Cape Town,-33.92,18.42,ssp245,2060,18.814,17.831,19.563,1.141,7.0
Cape Town,-33.92,18.42,ssp245,2061,18.996,18.173,19.814,1.11,7.0
Cape Town,-33.92,18.42,ssp245,2062,19.164,18.524,19.952,0.969,7.0
Cape Town,-33.92,18.42,ssp245,2063,18.866,18.337,19.472,1.244,7.0
Cape Town,-33.92,18.42,ssp245,2064,19.052,18.238,19.838,0.944,7.0
Cape Town,-33.92,18.42,ssp245,2065,18.924,17.772,19.883,1.056,7.0
Cape Town,-33.92,18.42,ssp245,2066,18.923,17.932,19.943,1.072,7.0
Cape Town,-33.92,18.42,ssp245,2067,19.232,18.325,20.071,1.064,7.0
Cape Town,-33.92,18.42,ssp245,2068,19.167,18.561,19.971,1.3,7.0
Cape Town,-33.92,18.42,ssp245,2069,19.047,18.286,19.925,1.059,7.0
Cape Town,-33.92,18.42,ssp245,2070,18.962,18.039,19.746,1.129,7.0
Cape Town,-33.92,18.42,ssp245,2071,19.051,18.424,20.023,1.067,7.0
Cape Town,-33.92,18.42,ssp245,2072,19.127,18.323,19.94,1.107,7.0
Cape Town,-33.92,18.42,ssp245,2073,19.234,18.449,20.278,1.201,7.0
Cape Town,-33.92,18.42,ssp245,2074,19.282,18.184,20.311,1.129,7.0
Cape Town,-33.92,18.42,ssp245,2075,19.38,18.297,20.71,1.01,7.0
Cape Town,-33.92,18.42,ssp245,2076,19.082,18.081,20.152,1.025,7.0
Cape Town,-33.92,18.42,ssp245,2077,19.279,18.287,20.118,0.915,7.0
Cape Town,-33.92,18.42,ssp245,2078,19.185,18.517,19.95,1.062,7.0
Cape Town,-33.92,18.42,ssp245,2079,19.209,18.41,20.168,0.978,7.0
Cape Town,-33.92,18.42,ssp245,2080,19.3,18.514,20.282,1.061,7.0
Cape Town,-33.92,18.42,ssp245,2081,19.302,18.53,20.097,0.988,7.0
Cape Town,-33.92,18.42,ssp245,2082,19.356,18.631,20.277,0.992,7.0
Cape Town,-33.92,18.42,ssp245,2083,19.27,18.497,20.171,0.999,7.0
Cape Town,-33.92,18.42,ssp245,2084,19.384,18.492,20.586,1.128,7.0
Cape Town,-33.92,18.42,ssp245,2085,19.392,18.462,20.313,1.097,7.0
Cape Town,-33.92,18.42,ssp245,2086,19.4,18.732,20.195,1.038,7.0
Cape Town,-33.92,18.42,ssp245,2087,19.343,18.515,20.373,1.057,7.0
Cape Town,-33.92,18.42,ssp245,2088,19.141,18.367,19.706,1.134,7.0
Cape Town,-33.92,18.42,ssp245,2089,19.386,18.304,20.392,1.091,7.0
Cape Town,-33.92,18.42,ssp245,2090,19.421,18.433,20.382,1.034,7.0
Cape Town,-33.92,18.42,ssp245,2091,19.238,18.503,20.142,1.087,7.0
Cape Town,-33.92,18.42,ssp245,2092,19.63,18.899,20.518,1.019,7.0
Cape Town,-33.92,18.42,ssp245,2093,19.368,18.362,20.203,1.144,7.0
Cape Town,-33.92,18.42,ssp245,2094,19.427,18.722,20.583,0.987,7.0
Cape Town,-33.92,18.42,ssp245,2095,19.412,18.648,20.369,1.165,7.0
Cape Town,-33.92,18.42,ssp245,2096,19.345,18.439,20.047,1.067,7.0
Cape Town,-33.92,18.42,ssp245,2097,19.487,18.39,20.311,1.007,7.0
Cape Town,-33.92,18.42,ssp245,2098,19.775,19.031,20.497,0.893,7.0
Cape Town,-33.92,18.42,ssp245,2099,19.463,18.534,20.311,1.011,7.0
Cape Town,-33.92,18.42,ssp245,2100,19.567,18.867,20.516,1.065,7.0
Cape Town,-33.92,18.42,ssp585,2015,17.932,16.998,18.757,1.234,8.0
Cape Town,-33.92,18.42,ssp585,2016,18.024,17.231,18.807,1.176,8.0
Cape Town,-33.92,18.42,ssp585,2017,17.931,17.018,18.787,1.22,8.0
Cape Town,-33.92,18.42,ssp585,2018,17.966,17.096,19.41,1.236,8.0
Cape Town,-33.92,18.42,ssp585,2019,18.223,17.439,19.045,1.141,8.0
Cape Town,-33.92,18.42,ssp585,2020,18.166,17.311,19.198,1.091,8.0
Cape Town,-33.92,18.42,ssp585,2021,18.123,17.41,19.085,1.229,8.0
Cape Town,-33.92,18.42,ssp585,2022,18.186,17.508,18.806,1.262,8.0
Cape Town,-33.92,18.42,ssp585,2023,18.244,17.404,19.015,1.157,8.0
Cape Town,-33.92,18.42,ssp585,2024,18.242,17.549,19.119,1.162,8.0
Cape Town,-33.92,18.42,ssp585,2025,18.247,17.22,19.619,1.222,8.0
Cape Town,-33.92,18.42,ssp585,2026,18.284,17.582,19.339,1.241,8.0
Cape Town,-33.92,18.42,ssp585,2027,18.58,17.57,19.602,1.213,8.0
Cape Town,-33.92,18.42,ssp585,2028,18.476,17.712,19.407,1.135,8.0
Cape Town,-33.92,18.42,ssp585,2029,18.324,17.613,18.964,1.206,8.0
Cape Town,-33.92,18.42,ssp585,2030,18.382,17.399,19.456,1.3,8.0
Cape Town,-33.92,18.42,ssp585,2031,18.508,17.67,19.409,1.225,8.0
Cape Town,-33.92,18.42,ssp585,2032,18.472,17.865,19.237,1.239,8.0
Cape Town,-33.92,18.42,ssp585,2033,18.552,17.827,19.597,1.197,8.0
Cape Town,-33.92,18.42,ssp585,2034,18.636,17.584,19.5,1.356,8.0
Cape Town,-33.92,18.42,ssp585,2035,18.53,17.796,19.463,1.109,8.0
Cape Town,-33.92,18.42,ssp585,2036,18.668,17.805,19.588,1.139,8.0
Cape Town,-33.92,18.42,ssp585,2037,18.54,17.725,19.333,1.167,8.0
Cape Town,-33.92,18.42,ssp585,2038,18.562,17.811,19.44,1.199,8.0
Cape Town,-33.92,18.42,ssp585,2039,18.831,18.07,19.643,1.203,8.0
Cape Town,-33.92,18.42,ssp585,2040,18.687,17.646,19.618,1.128,8.0
Cape Town,-33.92,18.42,ssp585,2041,18.785,17.535,19.696,1.168,8.0
Cape Town,-33.92,18.42,ssp585,2042,18.63,17.666,19.428,1.333,8.0
Cape Town,-33.92,18.42,ssp585,2043,18.749,17.587,19.543,1.253,8.0
Cape Town,-33.92,18.42,ssp585,2044,18.675,17.949,19.646,1.171,8.0
Cape Town,-33.92,18.42,ssp585,2045,18.766,17.941,19.69,1.114,8.0
Cape Town,-33.92,18.42,ssp585,2046,19.026,18.313,19.712,1.031,8.0
Cape Town,-33.92,18.42,ssp585,2047,19.056,17.976,20.026,1.007,8.0
Cape Town,-33.92,18.42,ssp585,2048,19.063,18.127,19.886,1.04,8.0
Cape Town,-33.92,18.42,ssp585,2049,19.192,18.293,19.903,1.075,8.0
Cape Town,-33.92,18.42,ssp585,2050,19.109,17.957,19.885,1.248,8.0
Cape Town,-33.92,18.42,ssp585,2051,19.092,18.057,20.273,1.134,8.0
Cape Town,-33.92,18.42,ssp585,2052,19.124,18.31,20.071,1.004,8.0
Cape Town,-33.92,18.42,ssp585,2053,19.332,18.616,20.154,1.034,8.0
Cape Town,-33.92,18.42,ssp585,2054,19.147,18.097,19.985,1.089,8.0
Cape Town,-33.92,18.42,ssp585,2055,19.275,18.324,19.957,1.127,8.0
Cape Town,-33.92,18.42,ssp585,2056,19.398,18.508,20.324,0.992,8.0
Cape Town,-33.92,18.42,ssp585,2057,19.504,18.666,20.34,1.052,8.0
Cape Town,-33.92,18.42,ssp585,2058,19.495,18.65,20.242,1.099,8.0
Cape Town,-33.92,18.42,ssp585,2059,19.593,18.509,20.431,1.078,8.0
Cape Town,-33.92,18.42,ssp585,2060,19.529,18.319,20.337,1.098,8.0
Cape Town,-33.92,18.42,ssp585,2061,19.473,18.608,20.34,1.069,8.0
Cape Town,-33.92,18.42,ssp585,2062,19.728,18.528,20.56,1.045,8.0
Cape Town,-33.92,18.42,ssp585,2063,19.599,18.564,20.358,1.107,8.0
Cape Town,-33.92,18.42,ssp585,2064,19.636,18.652,20.79,0.941,8.0
Cape Town,-33.92,18.42,ssp585,2065,19.679,18.536,20.701,0.995,8.0
Cape Town,-33.92,18.42,ssp585,2066,19.678,18.627,20.531,0.967,8.0
Cape Town,-33.92,18.42,ssp585,2067,19.858,18.939,20.686,0.893,8.0
Cape Town,-33.92,18.42,ssp585,2068,19.836,18.892,20.682,1.011,8.0
Cape Town,-33.92,18.42,ssp585,2069,19.926,19.262,20.912,1.005,8.0
Cape Town,-33.92,18.42,ssp585,2070,20.105,19.094,21.151,0.903,8.0
Cape Town,-33.92,18.42,ssp585,2071,20.03,19.146,21.005,0.961,8.0
Cape Town,-33.92,18.42,ssp585,2072,20.01,19.021,21.167,0.997,8.0
Cape Town,-33.92,18.42,ssp585,2073,20.218,19.091,21.281,1.022,8.0
Cape Town,-33.92,18.42,ssp585,2074,20.066,18.698,20.953,1.056,8.0
Cape Town,-33.92,18.42,ssp585,2075,20.23,19.499,20.878,0.889,8.0
Cape Town,-33.92,18.42,ssp585,2076,20.207,19.063,21.418,0.988,8.0
Cape Town,-33.92,18.42,ssp585,2077,20.174,18.942,21.003,0.924,8.0
Cape Town,-33.92,18.42,ssp585,2078,20.284,19.366,21.198,1.018,8.0
Cape Town,-33.92,18.42,ssp585,2079,20.531,19.768,21.195,0.944,8.0
Cape Town,-33.92,18.42,ssp585,2080,20.556,19.671,21.295,0.973,8.0
Cape Town,-33.92,18.42,ssp585,2081,20.587,19.511,21.498,0.947,8.0
Cape Town,-33.92,18.42,ssp585,2082,20.559,19.662,21.322,0.953,8.0
Cape Town,-33.92,18.42,ssp585,2083,20.599,19.414,21.644,0.99,8.0
Cape Town,-33.92,18.42,ssp585,2084,20.459,19.37,21.729,0.967,8.0
Cape Town,-33.92,18.42,ssp585,2085,20.632,19.832,21.731,0.96,8.0
Cape Town,-33.92,18.42,ssp585,2086,20.618,19.376,21.855,0.971,8.0
Cape Town,-33.92,18.42,ssp585,2087,20.798,19.395,21.988,0.891,8.0
Cape Town,-33.92,18.42,ssp585,2088,20.903,19.652,21.965,0.944,8.0
Cape Town,-33.92,18.42,ssp585,2089,20.976,19.837,22.283,0.987,8.0
Cape Town,-33.92,18.42,ssp585,2090,20.804,19.484,21.907,0.877,8.0
Cape Town,-33.92,18.42,ssp585,2091,20.999,19.714,22.123,1.017,8.0
Cape Town,-33.92,18.42,ssp585,2092,21.175,19.993,22.444,0.84,8.0
Cape Town,-33.92,18.42,ssp585,2093,21.137,20.131,22.456,0.89,8.0
Cape Town,-33.92,18.42,ssp585,2094,21.011,20.013,21.987,0.856,8.0
Cape Town,-33.92,18.42,ssp585,2095,21.275,20.279,22.465,0.803,8.0
Cape Town,-33.92,18.42,ssp585,2096,21.235,20.093,22.38,0.876,8.0
Cape Town,-33.92,18.42,ssp585,2097,21.06,19.69,22.388,0.986,8.0
Cape Town,-33.92,18.42,ssp585,2098,21.215,20.181,22.335,0.949,8.0
Cape Town,-33.92,18.42,ssp585,2099,21.304,20.166,22.352,0.869,8.0
Cape Town,-33.92,18.42,ssp585,2100,21.553,20.35,22.798,0.868,8.0
Chicago,41.88,-87.63,historical,1850,9.239,7.711,11.818,3.098,8.0
Chicago,41.88,-87.63,historical,1851,9.668,7.85,11.638,2.938,8.0
Chicago,41.88,-87.63,historical,1852,9.556,7.066,12.586,2.871,8.0
Chicago,41.88,-87.63,historical,1853,9.094,7.179,12.585,2.858,8.0
Chicago,41.88,-87.63,historical,1854,9.558,7.593,12.301,2.95,8.0
Chicago,41.88,-87.63,historical,1855,9.029,7.025,12.258,2.973,8.0
Chicago,41.88,-87.63,historical,1856,9.235,7.778,11.284,3.064,8.0
Chicago,41.88,-87.63,historical,1857,9.86,8.302,12.653,2.956,8.0
Chicago,41.88,-87.63,historical,1858,9.093,7.297,10.768,2.921,8.0
Chicago,41.88,-87.63,historical,1859,9.174,7.241,12.61,2.842,8.0
Chicago,41.88,-87.63,historical,1860,9.522,8.047,11.612,3.014,8.0
Chicago,41.88,-87.63,historical,1861,9.702,7.465,12.359,2.675,8.0
Chicago,41.88,-87.63,historical,1862,9.408,7.618,12.005,2.791,8.0
Chicago,41.88,-87.63,historical,1863,9.239,7.452,11.59,2.898,8.0
Chicago,41.88,-87.63,historical,1864,9.028,7.284,11.542,2.709,8.0
Chicago,41.88,-87.63,historical,1865,9.111,7.187,11.84,2.871,8.0
Chicago,41.88,-87.63,historical,1866,9.039,7.024,12.305,3.15,8.0
Chicago,41.88,-87.63,historical,1867,9.074,6.888,11.267,2.964,8.0
Chicago,41.88,-87.63,historical,1868,9.143,6.355,12.322,3.056,8.0
Chicago,41.88,-87.63,historical,1869,9.252,7.212,11.881,2.807,8.0
Chicago,41.88,-87.63,historical,1870,9.534,8.263,11.4,2.814,8.0
Chicago,41.88,-87.63,historical,1871,9.65,7.886,12.408,2.759,8.0
Chicago,41.88,-87.63,historical,1872,9.611,7.618,12.389,2.831,8.0
Chicago,41.88,-87.63,historical,1873,8.71,7.23,11.066,3.0,8.0
Chicago,41.88,-87.63,historical,1874,9.531,8.096,12.979,2.964,8.0
Chicago,41.88,-87.63,historical,1875,9.588,8.191,12.866,3.009,8.0
Chicago,41.88,-87.63,historical,1876,9.135,7.243,11.452,2.866,8.0
Chicago,41.88,-87.63,historical,1877,9.143,6.827,11.461,2.932,8.0
Chicago,41.88,-87.63,historical,1878,9.193,7.641,12.027,2.897,8.0
Chicago,41.88,-87.63,historical,1879,8.779,7.064,11.142,2.983,8.0
Chicago,41.88,-87.63,historical,1880,9.124,7.004,11.747,2.802,8.0
Chicago,41.88,-87.63,historical,1881,8.793,6.903,11.755,2.968,8.0
Chicago,41.88,-87.63,historical,1882,9.498,7.414,12.486,2.91,8.0
Chicago,41.88,-87.63,historical,1883,9.247,7.696,10.964,3.045,8.0
Chicago,41.88,-87.63,historical,1884,8.125,6.672,10.677,2.945,8.0
Chicago,41.88,-87.63,historical,1885,8.607,6.638,11.67,2.978,8.0
Chicago,41.88,-87.63,historical,1886,9.067,7.857,10.526,2.671,8.0
Chicago,41.88,-87.63,historical,1887,8.786,6.796,11.014,2.755,8.0
Chicago,41.88,-87.63,historical,1888,9.147,7.001,12.249,2.66,8.0
Chicago,41.88,-87.63,historical,1889,9.097,6.735,11.486,3.038,8.0
Chicago,41.88,-87.63,historical,1890,8.609,6.171,11.343,2.733,8.0
Chicago,41.88,-87.63,historical,1891,8.677,7.275,11.213,2.787,8.0
Chicago,41.88,-87.63,historical,1892,8.743,6.956,11.442,3.041,8.0
Chicago,41.88,-87.63,historical,1893,9.864,8.25,12.149,2.72,8.0
Chicago,41.88,-87.63,historical,1894,8.679,6.887,11.775,2.774,8.0
Chicago,41.88,-87.63,historical,1895,9.165,7.604,11.306,2.873,8.0
Chicago,41.88,-87.63,historical,1896,9.061,7.624,10.561,2.787,8.0
Chicago,41.88,-87.63,historical,1897,8.779,6.892,11.963,2.738,8.0
Chicago,41.88,-87.63,historical,1898,9.444,7.616,11.765,2.943,8.0
Chicago,41.88,-87.63,historical,1899,9.031,7.407,11.373,2.871,8.0
Chicago,41.88,-87.63,historical,1900,9.102,7.699,10.653,2.852,8.0
Chicago,41.88,-87.63,historical,1901,8.777,7.393,10.272,2.685,8.0
Chicago,41.88,-87.63,historical,1902,9.157,7.464,11.196,2.814,8.0
Chicago,41.88,-87.63,historical,1903,8.075,6.548,10.085,2.714,8.0
Chicago,41.88,-87.63,historical,1904,8.429,7.249,10.136,2.826,8.0
Chicago,41.88,-87.63,historical,1905,8.806,7.131,11.587,2.719,8.0
Chicago,41.88,-87.63,historical,1906,9.387,7.883,10.946,2.657,8.0
Chicago,41.88,-87.63,historical,1907,8.854,7.359,10.535,3.021,8.0
Chicago,41.88,-87.63,historical,1908,8.763,7.546,10.762,2.805,8.0
Chicago,41.88,-87.63,historical,1909,9.045,7.364,12.316,2.82,8.0
Chicago,41.88,-87.63,historical,1910,9.385,7.524,12.976,2.975,8.0
Chicago,41.88,-87.63,historical,1911,8.545,6.782,10.761,2.691,8.0
Chicago,41.88,-87.63,historical,1912,8.585,7.027,10.403,2.998,8.0
Chicago,41.88,-87.63,historical,1913,8.205,5.795,11.28,2.916,8.0
Chicago,41.88,-87.63,historical,1914,8.813,7.138,11.156,2.772,8.0
Chicago,41.88,-87.63,historical,1915,8.312,6.609,10.73,2.895,8.0
Chicago,41.88,-87.63,historical,1916,9.305,8.219,11.296,2.643,8.0
Chicago,41.88,-87.63,historical,1917,9.277,7.699,11.349,2.834,8.0
Chicago,41.88,-87.63,historical,1918,8.472,6.489,11.56,2.831,8.0
Chicago,41.88,-87.63,historical,1919,9.05,7.56,11.273,2.899,8.0
Chicago,41.88,-87.63,historical,1920,8.859,6.453,11.722,2.838,8.0
Chicago,41.88,-87.63,historical,1921,8.558,6.422,11.844,2.832,8.0
Chicago,41.88,-87.63,historical,1922,9.13,7.405,12.732,2.715,8.0
Chicago,41.88,-87.63,historical,1923,8.993,7.577,11.783,2.871,8.0
Chicago,41.88,-87.63,historical,1924,8.435,6.362,11.391,2.868,8.0
Chicago,41.88,-87.63,historical,1925,8.463,6.327,11.07,2.812,8.0
Chicago,41.88,-87.63,historical,1926,8.762,7.206,11.53,2.82,8.0
Chicago,41.88,-87.63,historical,1927,8.971,7.516,10.874,2.878,8.0
Chicago,41.88,-87.63,historical,1928,8.592,6.44,11.627,2.928,8.0
Chicago,41.88,-87.63,historical,1929,8.825,6.957,10.723,2.871,8.0
Chicago,41.88,-87.63,historical,1930,8.754,7.346,10.697,2.996,8.0
Chicago,41.88,-87.63,historical,1931,9.367,7.881,11.917,2.842,8.0
Chicago,41.88,-87.63,historical,1932,8.559,7.236,10.047,2.809,8.0
Chicago,41.88,-87.63,historical,1933,8.982,7.914,10.643,2.927,8.0
Chicago,41.88,-87.63,historical,1934,9.054,7.306,11.047,2.775,8.0
Chicago,41.88,-87.63,historical,1935,8.927,7.298,10.573,2.771,8.0
Chicago,41.88,-87.63,historical,1936,9.234,7.084,12.081,2.775,8.0
Chicago,41.88,-87.63,historical,1937,8.578,7.224,11.399,3.067,8.0
Chicago,41.88,-87.63,historical,1938,9.097,7.41,12.021,2.798,8.0
Chicago,41.88,-87.63,historical,1939,8.549,7.048,10.878,2.842,8.0
Chicago,41.88,-87.63,historical,1940,8.641,7.403,10.744,2.942,8.0
Chicago,41.88,-87.63,historical,1941,8.015,6.601,10.058,2.904,8.0
Chicago,41.88,-87.63,historical,1942,9.324,8.27,10.636,3.134,8.0
Chicago,41.88,-87.63,historical,1943,9.29,7.723,11.281,2.875,8.0
Chicago,41.88,-87.63,historical,1944,8.663,7.131,11.414,2.814,8.0
Chicago,41.88,-87.63,historical,1945,8.235,6.812,10.169,2.639,8.0
Chicago,41.88,-87.63,historical,1946,7.971,5.787,11.231,2.816,8.0
Chicago,41.88,-87.63,historical,1947,8.293,6.838,11.066,2.645,8.0
Chicago,41.88,-87.63,historical,1948,8.71,7.398,10.933,3.031,8.0
Chicago,41.88,-87.63,historical,1949,9.231,7.746,12.208,2.941,8.0
Chicago,41.88,-87.63,historical,1950,8.941,7.472,10.862,2.698,8.0
Chicago,41.88,-87.63,historical,1951,8.919,7.098,11.187,2.924,8.0
Chicago,41.88,-87.63,historical,1952,8.654,6.897,10.801,2.93,8.0
Chicago,41.88,-87.63,historical,1953,8.637,6.823,11.231,2.781,8.0
Chicago,41.88,-87.63,historical,1954,8.759,7.144,11.373,2.828,8.0
Chicago,41.88,-87.63,historical,1955,9.247,7.866,11.433,2.843,8.0
Chicago,41.88,-87.63,historical,1956,8.92,7.602,10.006,3.07,8.0
Chicago,41.88,-87.63,historical,1957,9.524,7.144,11.12,2.548,8.0
Chicago,41.88,-87.63,historical,1958,9.04,7.244,10.987,2.811,8.0
Chicago,41.88,-87.63,historical,1959,8.649,6.776,10.732,3.079,8.0
Chicago,41.88,-87.63,historical,1960,8.615,6.865,11.24,3.005,8.0
Chicago,41.88,-87.63,historical,1961,8.585,7.107,11.262,2.981,8.0
Chicago,41.88,-87.63,historical,1962,8.846,7.542,11.505,2.944,8.0
Chicago,41.88,-87.63,historical,1963,8.834,7.154,10.864,2.944,8.0
Chicago,41.88,-87.63,historical,1964,8.237,6.404,10.676,2.886,8.0
Chicago,41.88,-87.63,historical,1965,8.396,6.302,11.733,2.812,8.0
Chicago,41.88,-87.63,historical,1966,8.557,7.163,10.365,3.014,8.0
Chicago,41.88,-87.63,historical,1967,8.674,7.022,11.132,2.855,8.0
Chicago,41.88,-87.63,historical,1968,8.891,7.091,11.551,2.929,8.0
Chicago,41.88,-87.63,historical,1969,8.674,7.266,10.252,3.008,8.0
Chicago,41.88,-87.63,historical,1970,8.749,7.338,10.178,2.734,8.0
Chicago,41.88,-87.63,historical,1971,8.72,7.195,11.815,2.754,8.0
Chicago,41.88,-87.63,historical,1972,8.265,7.039,10.423,3.044,8.0
Chicago,41.88,-87.63,historical,1973,8.465,6.771,11.121,2.728,8.0
Chicago,41.88,-87.63,historical,1974,8.688,6.799,10.905,2.896,8.0
Chicago,41.88,-87.63,historical,1975,8.904,7.386,10.88,2.704,8.0
Chicago,41.88,-87.63,historical,1976,9.254,7.742,10.411,2.84,8.0
Chicago,41.88,-87.63,historical,1977,8.559,7.29,10.659,2.935,8.0
Chicago,41.88,-87.63,historical,1978,8.844,7.314,11.003,2.876,8.0
Chicago,41.88,-87.63,historical,1979,9.24,7.432,10.937,2.875,8.0
Chicago,41.88,-87.63,historical,1980,8.97,7.02,10.715,2.883,8.0
Chicago,41.88,-87.63,historical,1981,8.853,7.702,11.371,2.883,8.0
Chicago,41.88,-87.63,historical,1982,8.492,6.747,10.259,2.901,8.0
Chicago,41.88,-87.63,historical,1983,8.379,6.912,10.065,2.953,8.0
Chicago,41.88,-87.63,historical,1984,9.304,7.746,11.473,2.866,8.0
Chicago,41.88,-87.63,historical,1985,8.941,6.907,11.749,2.83,8.0
Chicago,41.88,-87.63,historical,1986,8.847,7.694,10.897,2.658,8.0
Chicago,41.88,-87.63,historical,1987,8.955,7.76,10.577,2.768,8.0
Chicago,41.88,-87.63,historical,1988,9.286,7.911,11.151,2.994,8.0
Chicago,41.88,-87.63,historical,1989,9.502,7.428,12.336,2.982,8.0
Chicago,41.88,-87.63,historical,1990,9.599,7.937,12.464,2.697,8.0
Chicago,41.88,-87.63,historical,1991,9.47,7.166,12.55,2.84,8.0
Chicago,41.88,-87.63,historical,1992,8.412,6.309,10.346,2.876,8.0
Chicago,41.88,-87.63,historical,1993,8.674,7.236,11.2,2.825,8.0
Chicago,41.88,-87.63,historical,1994,8.547,7.292,10.951,2.711,8.0
Chicago,41.88,-87.63,historical,1995,9.096,6.926,11.822,3.077,8.0
Chicago,41.88,-87.63,historical,1996,9.22,7.75,11.843,2.946,8.0
Chicago,41.88,-87.63,historical,1997,9.592,8.283,11.753,3.045,8.0
Chicago,41.88,-87.63,historical,1998,9.095,7.147,11.433,2.667,8.0
Chicago,41.88,-87.63,historical,1999,9.135,7.17,12.309,2.964,8.0
Chicago,41.88,-87.63,historical,2000,9.393,8.136,11.215,2.817,8.0
Chicago,41.88,-87.63,historical,2001,9.597,8.597,11.139,2.985,8.0
Chicago,41.88,-87.63,historical,2002,9.599,8.428,11.765,2.923,8.0
Chicago,41.88,-87.63,historical,2003,9.735,7.795,13.156,2.968,8.0
Chicago,41.88,-87.63,historical,2004,9.779,8.267,11.736,2.848,8.0
Chicago,41.88,-87.63,historical,2005,9.536,7.771,11.674,3.133,8.0
Chicago,41.88,-87.63,historical,2006,10.0,8.847,11.159,2.892,8.0
Chicago,41.88,-87.63,historical,2007,9.588,8.061,11.259,2.926,8.0
Chicago,41.88,-87.63,historical,2008,9.476,8.016,11.386,3.21,8.0
Chicago,41.88,-87.63,historical,2009,10.17,8.561,12.974,3.121,8.0
Chicago,41.88,-87.63,historical,2010,10.599,8.215,13.604,2.961,8.0
Chicago,41.88,-87.63,historical,2011,9.935,8.361,12.558,3.021,8.0
Chicago,41.88,-87.63,historical,2012,10.132,8.272,12.865,2.959,8.0
Chicago,41.88,-87.63,historical,2013,10.496,8.571,12.807,2.58,8.0
Chicago,41.88,-87.63,historical,2014,10.362,8.597,13.135,2.686,8.0
Chicago,41.88,-87.63,ssp126,2015,10.506,8.528,14.284,2.856,8.0
Chicago,41.88,-87.63,ssp126,2016,11.111,9.322,13.429,3.044,8.0
Chicago,41.88,-87.63,ssp126,2017,10.581,9.415,12.616,3.083,8.0
Chicago,41.88,-87.63,ssp126,2018,10.616,8.885,12.965,3.242,8.0
Chicago,41.88,-87.63,ssp126,2019,10.394,8.624,12.838,2.77,8.0
Chicago,41.88,-87.63,ssp126,2020,10.694,8.642,13.807,2.852,8.0
Chicago,41.88,-87.63,ssp126,2021,11.035,9.52,12.908,2.96,8.0
Chicago,41.88,-87.63,ssp126,2022,10.633,9.183,12.679,2.977,8.0
Chicago,41.88,-87.63,ssp126,2023,11.046,9.433,13.656,3.045,8.0
Chicago,41.88,-87.63,ssp126,2024,11.132,8.979,14.587,3.047,8.0
Chicago,41.88,-87.63,ssp126,2025,11.146,9.433,13.553,2.804,8.0
Chicago,41.88,-87.63,ssp126,2026,11.155,9.535,13.582,3.024,8.0
Chicago,41.88,-87.63,ssp126,2027,10.978,9.56,13.563,3.025,8.0
Chicago,41.88,-87.63,ssp126,2028,10.821,8.74,12.985,3.007,8.0
Chicago,41.88,-87.63,ssp126,2029,10.918,8.226,13.802,2.964,8.0
Chicago,41.88,-87.63,ssp126,2030,10.629,8.964,13.108,3.013,8.0
Chicago,41.88,-87.63,ssp126,2031,11.185,9.601,12.727,2.824,8.0
Chicago,41.88,-87.63,ssp126,2032,11.225,9.43,14.338,3.095,8.0
Chicago,41.88,-87.63,ssp126,2033,11.81,9.964,15.229,3.01,8.0
Chicago,41.88,-87.63,ssp126,2034,11.43,9.568,14.111,2.762,8.0
Chicago,41.88,-87.63,ssp126,2035,11.54,9.29,13.392,3.0,8.0
Chicago,41.88,-87.63,ssp126,2036,11.136,9.138,14.521,3.006,8.0
Chicago,41.88,-87.63,ssp126,2037,11.542,9.699,13.887,3.124,8.0
Chicago,41.88,-87.63,ssp126,2038,11.368,10.048,13.371,2.849,8.0
Chicago,41.88,-87.63,ssp126,2039,11.35,9.493,14.316,2.975,8.0
Chicago,41.88,-87.63,ssp126,2040,11.944,10.251,14.705,2.892,8.0
Chicago,41.88,-87.63,ssp126,2041,11.64,8.855,15.049,3.11,8.0
Chicago,41.88,-87.63,ssp126,2042,11.639,9.657,14.25,3.083,8.0
Chicago,41.88,-87.63,ssp126,2043,11.737,10.089,14.052,3.094,8.0
Chicago,41.88,-87.63,ssp126,2044,11.202,9.775,12.584,3.135,8.0
Chicago,41.88,-87.63,ssp126,2045,11.722,9.528,14.128,3.016,8.0
Chicago,41.88,-87.63,ssp126,2046,11.625,10.588,13.142,2.894,8.0
Chicago,41.88,-87.63,ssp126,2047,11.615,10.13,13.663,3.099,8.0
Chicago,41.88,-87.63,ssp126,2048,11.795,9.64,14.306,3.169,8.0
Chicago,41.88,-87.63,ssp126,2049,12.124,10.881,13.561,2.932,8.0
Chicago,41.88,-87.63,ssp126,2050,12.091,10.05,14.49,2.943,8.0
Chicago,41.88,-87.63,ssp126,2051,12.235,10.064,15.173,3.091,8.0
Chicago,41.88,-87.63,ssp126,2052,11.532,10.35,13.536,3.017,8.0
Chicago,41.88,-87.63,ssp126,2053,11.847,10.084,14.328,2.99,8.0
Chicago,41.88,-87.63,ssp126,2054,12.381,10.359,14.527,3.022,8.0
Chicago,41.88,-87.63,ssp126,2055,11.984,10.305,14.832,3.102,8.0
Chicago,41.88,-87.63,ssp126,2056,12.275,10.206,14.09,3.11,8.0
Chicago,41.88,-87.63,ssp126,2057,12.235,10.251,14.38,3.094,8.0
Chicago,41.88,-87.63,ssp126,2058,11.708,9.891,13.64,3.22,8.0
Chicago,41.88,-87.63,ssp126,2059,12.529,10.633,15.243,3.021,8.0
Chicago,41.88,-87.63,ssp126,2060,11.983,9.534,15.016,2.793,8.0
Chicago,41.88,-87.63,ssp126,2061,11.777,10.384,14.301,2.951,8.0
Chicago,41.88,-87.63,ssp126,2062,12.146,10.316,13.739,3.123,8.0
Chicago,41.88,-87.63,ssp126,2063,12.162,10.269,14.322,3.271,8.0
Chicago,41.88,-87.63,ssp126,2064,11.646,10.051,14.493,2.991,8.0
Chicago,41.88,-87.63,ssp126,2065,11.683,10.241,13.688,3.173,8.0
Chicago,41.88,-87.63,ssp126,2066,12.259,10.334,14.058,2.953,8.0
Chicago,41.88,-87.63,ssp126,2067,12.063,9.553,15.149,2.919,8.0
Chicago,41.88,-87.63,ssp126,2068,11.772,10.149,13.047,2.997,8.0
Chicago,41.88,-87.63,ssp126,2069,12.059,9.772,13.859,2.828,8.0
Chicago,41.88,-87.63,ssp126,2070,12.238,10.342,15.251,3.112,8.0
Chicago,41.88,-87.63,ssp126,2071,12.136,10.424,14.25,2.964,8.0
Chicago,41.88,-87.63,ssp126,2072,11.858,9.957,13.973,3.014,8.0
Chicago,41.88,-87.63,ssp126,2073,11.547,9.724,13.932,3.058,8.0
Chicago,41.88,-87.63,ssp126,2074,12.068,9.604,14.402,3.163,8.0
Chicago,41.88,-87.63,ssp126,2075,11.945,9.89,14.362,2.977,8.0
Chicago,41.88,-87.63,ssp126,2076,12.818,11.071,15.067,3.022,8.0
Chicago,41.88,-87.63,ssp126,2077,12.468,10.628,14.935,2.939,8.0
Chicago,41.88,-87.63,ssp126,2078,11.426,9.996,13.436,3.204,8.0
Chicago,41.88,-87.63,ssp126,2079,11.873,10.006,13.581,2.955,8.0
Chicago,41.88,-87.63,ssp126,2080,11.814,10.027,14.076,3.314,8.0
Chicago,41.88,-87.63,ssp126,2081,12.202,10.553,13.982,2.981,8.0
Chicago,41.88,-87.63,ssp126,2082,12.1,10.511,14.097,2.977,8.0
Chicago,41.88,-87.63,ssp126,2083,12.055,10.392,13.419,3.023,8.0
Chicago,41.88,-87.63,ssp126,2084,11.917,9.628,14.825,2.997,8.0
Chicago,41.88,-87.63,ssp126,2085,12.103,10.269,13.599,2.971,8.0
Chicago,41.88,-87.63,ssp126,2086,12.13,9.948,15.541,2.914,8.0
Chicago,41.88,-87.63,ssp126,2087,12.078,10.431,14.378,3.035,8.0
Chicago,41.88,-87.63,ssp126,2088,11.879,10.084,13.779,3.058,8.0
Chicago,41.88,-87.63,ssp126,2089,11.763,10.269,13.569,3.213,8.0
Chicago,41.88,-87.63,ssp126,2090,12.294,10.772,14.335,2.913,8.0
Chicago,41.88,-87.63,ssp126,2091,12.078,9.711,14.505,3.044,8.0
Chicago,41.88,-87.63,ssp126,2092,12.505,10.826,13.805,3.148,8.0
Chicago,41.88,-87.63,ssp126,2093,12.313,10.456,14.533,3.237,8.0
Chicago,41.88,-87.63,ssp126,2094,11.667,9.719,14.264,3.02,8.0
Chicago,41.88,-87.63,ssp126,2095,11.862,9.706,14.986,3.429,8.0
Chicago,41.88,-87.63,ssp126,2096,12.096,10.677,14.12,3.005,8.0
Chicago,41.88,-87.63,ssp126,2097,12.175,9.798,14.353,3.063,8.0
Chicago,41.88,-87.63,ssp126,2098,12.019,10.038,14.751,3.059,8.0
Chicago,41.88,-87.63,ssp126,2099,12.243,9.983,14.422,2.866,8.0
Chicago,41.88,-87.63,ssp126,2100,12.023,10.391,14.497,3.252,8.0
Chicago,41.88,-87.63,ssp245,2015,10.518,8.816,12.432,2.996,8.0
Chicago,41.88,-87.63,ssp245,2016,10.307,8.634,12.796,2.855,8.0
Chicago,41.88,-87.63,ssp245,2017,10.561,8.823,13.028,3.01,8.0
Chicago,41.88,-87.63,ssp245,2018,10.794,9.458,12.355,3.023,8.0
Chicago,41.88,-87.63,ssp245,2019,10.122,7.791,13.023,3.023,8.0
Chicago,41.88,-87.63,ssp245,2020,10.783,8.756,13.383,2.83,8.0
Chicago,41.88,-87.63,ssp245,2021,10.835,9.016,12.969,2.89,8.0
Chicago,41.88,-87.63,ssp245,2022,10.397,8.667,12.54,2.975,8.0
Chicago,41.88,-87.63,ssp245,2023,11.026,9.724,13.579,3.006,8.0
Chicago,41.88,-87.63,ssp245,2024,11.481,9.47,13.467,2.752,8.0
Chicago,41.88,-87.63,ssp245,2025,11.031,9.426,13.245,3.079,8.0
Chicago,41.88,-87.63,ssp245,2026,10.865,8.744,13.643,2.804,8.0
Chicago,41.88,-87.63,ssp245,2027,11.245,9.376,13.881,2.607,8.0
Chicago,41.88,-87.63,ssp245,2028,10.89,9.253,13.62,2.785,8.0
Chicago,41.88,-87.63,ssp245,2029,11.233,9.738,13.285,2.623,8.0
Chicago,41.88,-87.63,ssp245,2030,11.019,9.488,13.034,3.053,8.0
Chicago,41.88,-87.63,ssp245,2031,11.18,9.082,13.174,2.743,8.0
Chicago,41.88,-87.63,ssp245,2032,11.414,10.198,13.318,3.096,8.0
Chicago,41.88,-87.63,ssp245,2033,11.489,9.61,13.704,3.006,8.0
Chicago,41.88,-87.63,ssp245,2034,11.361,9.638,13.336,3.139,8.0
Chicago,41.88,-87.63,ssp245,2035,11.134,9.105,13.985,3.127,8.0
Chicago,41.88,-87.63,ssp245,2036,11.48,9.482,14.079,3.301,8.0
Chicago,41.88,-87.63,ssp245,2037,11.233,9.42,13.594,2.779,8.0
Chicago,41.88,-87.63,ssp245,2038,11.797,10.067,14.536,2.781,8.0
Chicago,41.88,-87.63,ssp245,2039,11.803,9.453,14.087,3.037,8.0
Chicago,41.88,-87.63,ssp245,2040,11.602,9.743,13.951,3.039,7.0
Chicago,41.88,-87.63,ssp245,2041,11.252,9.983,12.981,2.889,7.0
Chicago,41.88,-87.63,ssp245,2042,11.529,10.123,13.113,3.072,7.0
Chicago,41.88,-87.63,ssp245,2043,11.168,9.451,13.035,3.058,7.0
Chicago,41.88,-87.63,ssp245,2044,11.407,9.449,13.895,2.994,7.0
Chicago,41.88,-87.63,ssp245,2045,11.466,10.69,12.993,3.066,7.0
Chicago,41.88,-87.63,ssp245,2046,11.897,10.609,13.733,2.836,7.0
Chicago,41.88,-87.63,ssp245,2047,11.779,10.689,13.141,2.87,7.0
Chicago,41.88,-87.63,ssp245,2048,11.765,10.033,13.882,2.913,7.0
Chicago,41.88,-87.63,ssp245,2049,12.418,10.748,14.146,3.051,7.0
Chicago,41.88,-87.63,ssp245,2050,11.968,9.71,13.934,3.352,7.0
Chicago,41.88,-87.63,ssp245,2051,11.931,9.856,13.83,3.084,7.0
Chicago,41.88,-87.63,ssp245,2052,11.856,9.996,13.44,2.906,7.0
Chicago,41.88,-87.63,ssp245,2053,11.936,9.734,13.809,3.23,7.0
Chicago,41.88,-87.63,ssp245,2054,11.977,10.715,13.217,3.083,7.0
Chicago,41.88,-87.63,ssp245,2055,11.559,9.722,13.448,3.134,7.0
Chicago,41.88,-87.63,ssp245,2056,11.773,10.249,13.961,3.148,7.0
Chicago,41.88,-87.63,ssp245,2057,12.224,10.223,14.579,3.263,7.0
Chicago,41.88,-87.63,ssp245,2058,12.326,10.192,14.63,2.873,7.0
Chicago,41.88,-87.63,ssp245,2059,12.226,10.34,14.339,2.883,7.0
Chicago,41.88,-87.63,ssp245,2060,12.443,10.793,15.409,3.163,7.0
Chicago,41.88,-87.63,ssp245,2061,12.539,10.653,14.419,3.051,7.0
Chicago,41.88,-87.63,ssp245,2062,12.585,10.457,14.09,3.076,7.0
Chicago,41.88,-87.63,ssp245,2063,12.526,10.962,14.724,3.12,7.0
Chicago,41.88,-87.63,ssp245,2064,12.324,10.986,13.67,3.188,7.0
Chicago,41.88,-87.63,ssp245,2065,12.146,10.114,14.424,3.128,7.0
Chicago,41.88,-87.63,ssp245,2066,12.672,10.687,14.117,2.971,7.0
Chicago,41.88,-87.63,ssp245,2067,12.38,10.784,14.054,3.129,7.0
Chicago,41.88,-87.63,ssp245,2068,12.823,10.512,15.41,2.913,7.0
Chicago,41.88,-87.63,ssp245,2069,12.611,10.763,15.044,3.214,7.0
Chicago,41.88,-87.63,ssp245,2070,12.479,10.863,14.797,3.247,7.0
Chicago,41.88,-87.63,ssp245,2071,12.241,10.108,14.363,3.291,7.0
Chicago,41.88,-87.63,ssp245,2072,12.738,10.688,14.748,3.199,7.0
Chicago,41.88,-87.63,ssp245,2073,13.249,10.985,15.127,3.173,7.0
Chicago,41.88,-87.63,ssp245,2074,12.707,10.564,15.154,3.115,7.0
Chicago,41.88,-87.63,ssp245,2075,13.073,11.221,14.79,3.175,7.0
Chicago,41.88,-87.63,ssp245,2076,12.948,11.031,15.198,3.024,7.0
Chicago,41.88,-87.63,ssp245,2077,12.914,11.077,14.722,3.169,7.0
Chicago,41.88,-87.63,ssp245,2078,12.573,10.733,14.652,3.177,7.0
Chicago,41.88,-87.63,ssp245,2079,12.949,10.925,15.146,3.105,7.0
Chicago,41.88,-87.63,ssp245,2080,12.962,11.433,14.995,3.177,7.0
Chicago,41.88,-87.63,ssp245,2081,13.156,11.851,14.974,3.204,7.0
Chicago,41.88,-87.63,ssp245,2082,13.015,10.999,14.926,3.326,7.0
Chicago,41.88,-87.63,ssp245,2083,13.326,11.815,15.306,3.258,7.0
Chicago,41.88,-87.63,ssp245,2084,13.186,11.36,14.863,3.237,7.0
Chicago,41.88,-87.63,ssp245,2085,12.907,11.445,14.942,2.96,7.0
Chicago,41.88,-87.63,ssp245,2086,13.388,11.639,15.594,2.929,7.0
Chicago,41.88,-87.63,ssp245,2087,13.77,12.012,16.242,3.231,7.0
Chicago,41.88,-87.63,ssp245,2088,13.193,10.335,15.878,3.047,7.0
Chicago,41.88,-87.63,ssp245,2089,12.652,10.86,14.354,3.318,7.0
Chicago,41.88,-87.63,ssp245,2090,13.357,11.467,15.609,2.982,7.0
Chicago,41.88,-87.63,ssp245,2091,13.262,11.177,14.93,3.128,7.0
Chicago,41.88,-87.63,ssp245,2092,13.463,11.725,15.588,3.115,7.0
Chicago,41.88,-87.63,ssp245,2093,13.09,11.156,14.798,3.197,7.0
Chicago,41.88,-87.63,ssp245,2094,13.033,11.209,15.08,3.284,7.0
Chicago,41.88,-87.63,ssp245,2095,13.392,11.145,15.74,3.021,7.0
Chicago,41.88,-87.63,ssp245,2096,13.019,11.117,14.56,3.169,7.0
Chicago,41.88,-87.63,ssp245,2097,13.496,11.397,15.531,3.009,7.0
Chicago,41.88,-87.63,ssp245,2098,13.443,11.412,15.603,3.265,7.0
Chicago,41.88,-87.63,ssp245,2099,13.218,11.359,15.313,3.077,7.0
Chicago,41.88,-87.63,ssp245,2100,13.099,11.824,15.228,3.236,7.0
Chicago,41.88,-87.63,ssp585,2015,10.158,7.957,13.476,2.972,8.0
Chicago,41.88,-87.63,ssp585,2016,10.335,8.734,13.017,2.934,8.0
Chicago,41.88,-87.63,ssp585,2017,10.978,9.172,13.592,2.915,8.0
Chicago,41.88,-87.63,ssp585,2018,10.186,8.133,13.239,2.877,8.0
Chicago,41.88,-87.63,ssp585,2019,10.161,8.286,13.79,2.719,8.0
Chicago,41.88,-87.63,ssp585,2020,10.482,8.212,13.49,3.103,8.0
Chicago,41.88,-87.63,ssp585,2021,11.047,9.155,13.569,2.683,8.0
Chicago,41.88,-87.63,ssp585,2022,11.156,9.918,13.236,2.858,8.0
Chicago,41.88,-87.63,ssp585,2023,10.21,8.199,12.808,2.825,8.0
Chicago,41.88,-87.63,ssp585,2024,11.139,9.621,12.671,3.052,8.0
Chicago,41.88,-87.63,ssp585,2025,11.032,9.816,13.61,3.133,8.0
Chicago,41.88,-87.63,ssp585,2026,10.648,9.096,12.645,3.062,8.0
Chicago,41.88,-87.63,ssp585,2027,11.022,8.931,13.423,3.046,8.0
Chicago,41.88,-87.63,ssp585,2028,11.244,9.292,13.137,2.701,8.0
Chicago,41.88,-87.63,ssp585,2029,11.624,9.805,14.373,2.794,8.0
Chicago,41.88,-87.63,ssp585,2030,11.601,9.836,13.789,3.024,8.0
Chicago,41.88,-87.63,ssp585,2031,11.801,9.976,14.437,2.941,8.0
Chicago,41.88,-87.63,ssp585,2032,12.025,10.675,14.48,2.814,8.0
Chicago,41.88,-87.63,ssp585,2033,11.805,9.959,14.189,3.018,8.0
Chicago,41.88,-87.63,ssp585,2034,11.692,10.211,14.141,2.944,8.0
Chicago,41.88,-87.63,ssp585,2035,11.753,9.847,13.922,2.794,8.0
Chicago,41.88,-87.63,ssp585,2036,11.992,10.364,13.556,2.886,8.0
Chicago,41.88,-87.63,ssp585,2037,12.222,9.773,14.388,2.939,8.0
Chicago,41.88,-87.63,ssp585,2038,11.831,9.721,14.564,2.997,8.0
Chicago,41.88,-87.63,ssp585,2039,11.97,10.163,14.059,2.924,8.0
Chicago,41.88,-87.63,ssp585,2040,11.923,10.001,14.629,3.034,8.0
Chicago,41.88,-87.63,ssp585,2041,12.04,9.795,14.216,2.797,8.0
Chicago,41.88,-87.63,ssp585,2042,12.255,9.778,14.188,2.998,8.0
Chicago,41.88,-87.63,ssp585,2043,11.663,9.546,14.907,3.009,8.0
Chicago,41.88,-87.63,ssp585,2044,12.383,10.52,14.773,2.881,8.0
Chicago,41.88,-87.63,ssp585,2045,12.289,9.681,14.575,2.862,8.0
Chicago,41.88,-87.63,ssp585,2046,12.74,11.225,14.694,3.042,8.0
Chicago,41.88,-87.63,ssp585,2047,12.816,11.091,15.601,3.033,8.0
Chicago,41.88,-87.63,ssp585,2048,12.945,10.562,15.603,2.892,8.0
Chicago,41.88,-87.63,ssp585,2049,12.505,10.515,14.725,2.906,8.0
Chicago,41.88,-87.63,ssp585,2050,13.316,11.068,15.469,3.067,8.0
Chicago,41.88,-87.63,ssp585,2051,13.171,11.278,15.7,3.099,8.0
Chicago,41.88,-87.63,ssp585,2052,13.094,11.451,15.431,2.895,8.0
Chicago,41.88,-87.63,ssp585,2053,13.402,10.949,16.345,3.238,8.0
Chicago,41.88,-87.63,ssp585,2054,13.273,10.798,15.572,3.049,8.0
Chicago,41.88,-87.63,ssp585,2055,13.06,11.597,15.013,3.222,8.0
Chicago,41.88,-87.63,ssp585,2056,13.462,10.47,16.181,3.134,8.0
Chicago,41.88,-87.63,ssp585,2057,13.404,11.526,15.457,3.101,8.0
Chicago,41.88,-87.63,ssp585,2058,13.634,10.956,15.822,3.098,8.0
Chicago,41.88,-87.63,ssp585,2059,13.667,11.802,15.883,2.884,8.0
Chicago,41.88,-87.63,ssp585,2060,13.507,11.169,16.13,2.936,8.0
Chicago,41.88,-87.63,ssp585,2061,13.857,11.773,15.773,3.013,8.0
Chicago,41.88,-87.63,ssp585,2062,13.741,11.786,15.87,3.102,8.0
Chicago,41.88,-87.63,ssp585,2063,13.61,11.768,14.996,3.123,8.0
Chicago,41.88,-87.63,ssp585,2064,14.097,12.337,16.464,3.195,8.0
Chicago,41.88,-87.63,ssp585,2065,14.122,12.075,15.746,3.216,8.0
Chicago,41.88,-87.63,ssp585,2066,14.12,11.879,16.222,3.239,8.0
Chicago,41.88,-87.63,ssp585,2067,14.562,12.298,16.454,2.997,8.0
Chicago,41.88,-87.63,ssp585,2068,14.376,12.104,16.122,3.104,8.0
Chicago,41.88,-87.63,ssp585,2069,14.63,12.275,16.504,3.193,8.0
Chicago,41.88,-87.63,ssp585,2070,14.639,12.281,16.843,3.055,8.0
Chicago,41.88,-87.63,ssp585,2071,14.633,12.194,16.634,2.898,8.0
Chicago,41.88,-87.63,ssp585,2072,14.591,12.198,16.64,3.211,8.0
Chicago,41.88,-87.63,ssp585,2073,14.783,12.341,16.86,3.107,8.0
Chicago,41.88,-87.63,ssp585,2074,14.842,12.094,17.208,3.277,8.0
Chicago,41.88,-87.63,ssp585,2075,15.288,12.831,17.02,3.009,8.0
Chicago,41.88,-87.63,ssp585,2076,15.623,12.964,17.728,3.028,8.0
Chicago,41.88,-87.63,ssp585,2077,15.139,12.6,17.549,3.313,8.0
Chicago,41.88,-87.63,ssp585,2078,15.621,12.764,18.047,3.199,8.0
Chicago,41.88,-87.63,ssp585,2079,15.275,12.411,17.475,3.095,8.0
Chicago,41.88,-87.63,ssp585,2080,15.792,13.102,17.753,3.253,8.0
Chicago,41.88,-87.63,ssp585,2081,15.367,13.105,16.902,3.052,8.0
Chicago,41.88,-87.63,ssp585,2082,16.495,14.053,18.713,3.169,8.0
Chicago,41.88,-87.63,ssp585,2083,15.882,12.917,17.647,2.874,8.0
Chicago,41.88,-87.63,ssp585,2084,15.815,13.503,17.791,2.979,8.0
Chicago,41.88,-87.63,ssp585,2085,16.194,13.498,18.711,3.257,8.0
Chicago,41.88,-87.63,ssp585,2086,15.898,12.295,18.476,3.323,8.0
Chicago,41.88,-87.63,ssp585,2087,16.186,13.39,18.299,3.359,8.0
Chicago,41.88,-87.63,ssp585,2088,16.279,13.711,18.638,3.307,8.0
Chicago,41.88,-87.63,ssp585,2089,16.393,13.537,18.621,3.115,8.0
Chicago,41.88,-87.63,ssp585,2090,16.854,14.252,19.082,2.959,8.0
Chicago,41.88,-87.63,ssp585,2091,16.513,13.798,18.673,3.101,8.0
Chicago,41.88,-87.63,ssp585,2092,16.838,13.131,19.01,2.945,8.0
Chicago,41.88,-87.63,ssp585,2093,16.656,14.034,19.178,3.279,8.0
Chicago,41.88,-87.63,ssp585,2094,16.684,14.162,19.236,3.055,8.0
Chicago,41.88,-87.63,ssp585,2095,16.909,13.739,19.423,3.02,8.0
Chicago,41.88,-87.63,ssp585,2096,17.07,14.236,19.244,3.441,8.0
Chicago,41.88,-87.63,ssp585,2097,17.146,13.71,19.42,3.051,8.0
Chicago,41.88,-87.63,ssp585,2098,17.26,13.896,19.584,3.235,8.0
Chicago,41.88,-87.63,ssp585,2099,17.423,14.107,19.83,3.293,8.0
Chicago,41.88,-87.63,ssp585,2100,17.578,14.665,20.621,3.118,8.0
Delhi,28.61,77.21,historical,1850,23.574,17.81,27.608,1.128,8.0
Delhi,28.61,77.21,historical,1851,23.442,17.948,27.179,1.175,8.0
Delhi,28.61,77.21,historical,1852,23.929,18.224,28.178,1.027,8.0
Delhi,28.61,77.21,historical,1853,24.091,18.511,27.852,1.063,8.0
Delhi,28.61,77.21,historical,1854,23.83,18.687,27.187,1.121,8.0
Delhi,28.61,77.21,historical,1855,24.037,18.698,28.222,0.987,8.0
Delhi,28.61,77.21,historical,1856,23.983,18.514,27.779,0.973,8.0
Delhi,28.61,77.21,historical,1857,23.919,18.585,27.456,1.12,8.0
Delhi,28.61,77.21,historical,1858,24.061,18.156,28.638,0.981,8.0
Delhi,28.61,77.21,historical,1859,24.084,18.755,28.074,1.161,8.0
Delhi,28.61,77.21,historical,1860,23.874,18.26,28.406,1.104,8.0
Delhi,28.61,77.21,historical,1861,23.977,19.029,28.278,1.257,8.0
Delhi,28.61,77.21,historical,1862,23.379,18.072,26.732,1.257,8.0
Delhi,28.61,77.21,historical,1863,23.872,18.451,27.273,1.142,8.0
Delhi,28.61,77.21,historical,1864,23.771,18.522,27.523,1.082,8.0
Delhi,28.61,77.21,historical,1865,24.01,18.346,27.347,1.214,8.0
Delhi,28.61,77.21,historical,1866,23.859,18.464,27.59,1.191,8.0
Delhi,28.61,77.21,historical,1867,23.803,18.503,26.921,1.161,8.0
Delhi,28.61,77.21,historical,1868,23.931,18.627,28.178,1.102,8.0
Delhi,28.61,77.21,historical,1869,23.868,19.187,27.152,1.091,8.0
Delhi,28.61,77.21,historical,1870,23.961,19.124,28.035,1.329,8.0
Delhi,28.61,77.21,historical,1871,24.022,18.249,28.168,1.119,8.0
Delhi,28.61,77.21,historical,1872,23.972,18.309,27.476,1.094,8.0
Delhi,28.61,77.21,historical,1873,23.755,18.647,27.241,1.09,8.0
Delhi,28.61,77.21,historical,1874,24.134,19.05,28.556,1.04,8.0
Delhi,28.61,77.21,historical,1875,23.982,18.497,27.353,1.248,8.0
Delhi,28.61,77.21,historical,1876,23.765,18.174,27.464,1.263,8.0
Delhi,28.61,77.21,historical,1877,24.053,18.162,27.385,1.053,8.0
Delhi,28.61,77.21,historical,1878,23.614,17.861,27.137,1.133,8.0
Delhi,28.61,77.21,historical,1879,23.978,18.218,28.114,1.135,8.0
Delhi,28.61,77.21,historical,1880,23.699,18.255,28.046,1.065,8.0
Delhi,28.61,77.21,historical,1881,24.044,18.908,27.809,1.176,8.0
Delhi,28.61,77.21,historical,1882,23.792,18.191,27.495,1.194,8.0
Delhi,28.61,77.21,historical,1883,23.807,18.118,28.429,1.021,8.0
Delhi,28.61,77.21,historical,1884,23.235,17.45,27.36,0.906,8.0
Delhi,28.61,77.21,historical,1885,23.611,18.188,27.344,0.987,8.0
Delhi,28.61,77.21,historical,1886,23.681,18.77,28.268,1.201,8.0
Delhi,28.61,77.21,historical,1887,23.752,18.319,27.547,1.141,8.0
Delhi,28.61,77.21,historical,1888,23.822,18.102,27.666,1.043,8.0
Delhi,28.61,77.21,historical,1889,24.244,18.998,28.466,0.874,8.0
Delhi,28.61,77.21,historical,1890,23.551,18.724,27.453,1.29,8.0
Delhi,28.61,77.21,historical,1891,23.789,18.456,27.949,1.032,8.0
Delhi,28.61,77.21,historical,1892,23.593,17.751,27.737,1.136,8.0
Delhi,28.61,77.21,historical,1893,23.762,18.147,27.689,1.01,8.0
Delhi,28.61,77.21,historical,1894,24.219,18.687,28.331,0.895,8.0
Delhi,28.61,77.21,historical,1895,24.004,18.752,27.966,1.012,8.0
Delhi,28.61,77.21,historical,1896,23.847,18.291,28.371,1.002,8.0
Delhi,28.61,77.21,historical,1897,24.213,19.022,28.458,0.983,8.0
Delhi,28.61,77.21,historical,1898,24.24,18.621,27.485,1.002,8.0
Delhi,28.61,77.21,historical,1899,24.004,18.42,27.824,1.087,8.0
Delhi,28.61,77.21,historical,1900,23.911,19.04,27.656,1.193,8.0
Delhi,28.61,77.21,historical,1901,23.545,18.404,27.627,1.323,8.0
Delhi,28.61,77.21,historical,1902,23.991,18.452,27.98,1.13,8.0
Delhi,28.61,77.21,historical,1903,23.315,17.364,27.325,1.074,8.0
Delhi,28.61,77.21,historical,1904,23.536,18.104,27.598,1.119,8.0
Delhi,28.61,77.21,historical,1905,23.89,18.473,27.586,1.116,8.0
Delhi,28.61,77.21,historical,1906,23.555,18.081,27.818,1.181,8.0
Delhi,28.61,77.21,historical,1907,23.67,18.613,27.976,1.056,8.0
Delhi,28.61,77.21,historical,1908,24.24,19.103,28.403,0.848,8.0
Delhi,28.61,77.21,historical,1909,23.899,18.489,27.681,1.077,8.0
Delhi,28.61,77.21,historical,1910,23.983,17.938,28.186,1.004,8.0
Delhi,28.61,77.21,historical,1911,23.976,19.034,27.884,1.138,8.0
Delhi,28.61,77.21,historical,1912,24.204,19.087,27.761,0.883,8.0
Delhi,28.61,77.21,historical,1913,24.338,18.775,28.477,0.909,8.0
Delhi,28.61,77.21,historical,1914,24.324,18.613,28.4,0.898,8.0
Delhi,28.61,77.21,historical,1915,23.992,18.416,27.763,1.034,8.0
Delhi,28.61,77.21,historical,1916,24.022,18.367,28.042,1.058,8.0
Delhi,28.61,77.21,historical,1917,23.878,18.824,27.549,1.079,8.0
Delhi,28.61,77.21,historical,1918,24.056,18.652,28.001,1.115,8.0
Delhi,28.61,77.21,historical,1919,24.16,18.915,27.966,0.965,8.0
Delhi,28.61,77.21,historical,1920,24.061,18.388,28.122,0.985,8.0
Delhi,28.61,77.21,historical,1921,23.997,18.242,27.892,1.065,8.0
Delhi,28.61,77.21,historical,1922,24.552,19.107,28.316,0.885,8.0
Delhi,28.61,77.21,historical,1923,24.478,19.009,28.125,1.072,8.0
Delhi,28.61,77.21,historical,1924,23.98,18.631,27.997,1.099,8.0
Delhi,28.61,77.21,historical,1925,23.762,18.37,27.613,1.14,8.0
Delhi,28.61,77.21,historical,1926,24.171,18.65,28.446,1.225,8.0
Delhi,28.61,77.21,historical,1927,24.347,18.599,28.113,0.855,8.0
Delhi,28.61,77.21,historical,1928,24.297,18.722,28.886,1.025,8.0
Delhi,28.61,77.21,historical,1929,24.347,18.632,28.567,0.994,8.0
Delhi,28.61,77.21,historical,1930,24.18,18.753,27.844,1.03,8.0
Delhi,28.61,77.21,historical,1931,23.979,18.701,27.985,1.012,8.0
Delhi,28.61,77.21,historical,1932,23.811,18.144,27.947,1.07,8.0
Delhi,28.61,77.21,historical,1933,23.669,18.218,27.454,1.133,8.0
Delhi,28.61,77.21,historical,1934,24.332,18.879,28.257,1.089,8.0
Delhi,28.61,77.21,historical,1935,24.422,18.958,28.128,0.992,8.0
Delhi,28.61,77.21,historical,1936,24.115,18.585,27.325,1.031,8.0
Delhi,28.61,77.21,historical,1937,23.949,18.376,27.62,1.175,8.0
Delhi,28.61,77.21,historical,1938,23.669,18.878,26.985,1.334,8.0
Delhi,28.61,77.21,historical,1939,24.433,18.826,28.232,1.114,8.0
Delhi,28.61,77.21,historical,1940,24.463,19.497,28.129,1.143,8.0
Delhi,28.61,77.21,historical,1941,23.928,19.154,28.003,1.334,8.0
Delhi,28.61,77.21,historical,1942,24.201,18.498,28.099,1.007,8.0
Delhi,28.61,77.21,historical,1943,23.991,18.591,27.664,1.091,8.0
Delhi,28.61,77.21,historical,1944,24.053,18.966,27.709,1.169,8.0
Delhi,28.61,77.21,historical,1945,23.864,18.923,28.07,1.067,8.0
Delhi,28.61,77.21,historical,1946,24.118,18.543,27.828,1.001,8.0
Delhi,28.61,77.21,historical,1947,24.426,19.25,27.504,1.183,8.0
Delhi,28.61,77.21,historical,1948,24.581,19.458,28.317,0.926,8.0
Delhi,28.61,77.21,historical,1949,24.427,19.227,28.335,1.084,8.0
Delhi,28.61,77.21,historical,1950,24.004,18.84,27.536,1.184,8.0
Delhi,28.61,77.21,historical,1951,24.3,19.49,27.508,1.043,8.0
Delhi,28.61,77.21,historical,1952,24.027,18.464,27.539,1.152,8.0
Delhi,28.61,77.21,historical,1953,24.186,19.205,28.189,1.108,8.0
Delhi,28.61,77.21,historical,1954,24.059,18.368,27.668,1.112,8.0
Delhi,28.61,77.21,historical,1955,24.178,18.597,28.378,1.062,8.0
Delhi,28.61,77.21,historical,1956,24.177,19.117,27.506,1.046,8.0
Delhi,28.61,77.21,historical,1957,24.483,19.293,27.823,0.99,8.0
Delhi,28.61,77.21,historical,1958,24.489,19.62,27.487,0.988,8.0
Delhi,28.61,77.21,historical,1959,24.25,19.179,27.631,1.101,8.0
Delhi,28.61,77.21,historical,1960,24.124,19.157,27.78,1.262,8.0
Delhi,28.61,77.21,historical,1961,24.032,18.894,27.718,1.181,8.0
Delhi,28.61,77.21,historical,1962,24.222,19.477,28.082,1.02,8.0
Delhi,28.61,77.21,historical,1963,24.172,18.871,28.602,1.217,8.0
Delhi,28.61,77.21,historical,1964,23.433,18.245,27.385,1.293,8.0
Delhi,28.61,77.21,historical,1965,24.021,18.967,27.991,0.979,8.0
Delhi,28.61,77.21,historical,1966,23.992,18.756,27.743,1.118,8.0
Delhi,28.61,77.21,historical,1967,24.0,18.515,26.965,1.232,8.0
Delhi,28.61,77.21,historical,1968,24.052,18.574,27.496,1.156,8.0
Delhi,28.61,77.21,historical,1969,23.954,18.831,27.8,1.096,8.0
Delhi,28.61,77.21,historical,1970,24.244,18.281,28.115,1.159,8.0
Delhi,28.61,77.21,historical,1971,24.15,18.841,28.18,0.983,8.0
Delhi,28.61,77.21,historical,1972,23.792,18.612,27.217,1.074,8.0
Delhi,28.61,77.21,historical,1973,24.325,19.065,28.149,0.962,8.0
Delhi,28.61,77.21,historical,1974,24.254,18.836,28.441,0.92,8.0
Delhi,28.61,77.21,historical,1975,24.098,18.79,28.102,1.15,8.0
Delhi,28.61,77.21,historical,1976,23.775,18.423,26.962,1.217,8.0
Delhi,28.61,77.21,historical,1977,23.937,18.478,27.487,1.261,8.0
Delhi,28.61,77.21,historical,1978,24.461,18.628,28.8,0.853,8.0
Delhi,28.61,77.21,historical,1979,24.334,18.887,27.778,1.152,8.0
Delhi,28.61,77.21,historical,1980,24.358,19.456,27.741,0.884,8.0
Delhi,28.61,77.21,historical,1981,24.153,18.795,27.667,1.092,8.0
Delhi,28.61,77.21,historical,1982,23.89,18.768,27.591,1.29,8.0
Delhi,28.61,77.21,historical,1983,24.005,18.992,27.096,0.783,8.0
Delhi,28.61,77.21,historical,1984,24.435,19.287,27.679,1.044,8.0
Delhi,28.61,77.21,historical,1985,24.523,19.636,27.837,1.041,8.0
Delhi,28.61,77.21,historical,1986,24.44,19.712,27.772,1.147,8.0
Delhi,28.61,77.21,historical,1987,24.512,19.726,28.31,1.061,8.0
Delhi,28.61,77.21,historical,1988,24.41,19.464,27.507,1.229,8.0
Delhi,28.61,77.21,historical,1989,24.437,19.414,28.334,1.002,8.0
Delhi,28.61,77.21,historical,1990,24.778,19.797,28.092,1.256,8.0
Delhi,28.61,77.21,historical,1991,24.394,19.138,27.552,1.205,8.0
Delhi,28.61,77.21,historical,1992,23.734,19.01,26.725,1.17,8.0
Delhi,28.61,77.21,historical,1993,23.798,19.131,27.167,1.136,8.0
Delhi,28.61,77.21,historical,1994,24.175,19.055,28.104,1.324,8.0
Delhi,28.61,77.21,historical,1995,24.148,19.423,27.444,1.192,8.0
Delhi,28.61,77.21,historical,1996,24.309,19.289,27.757,1.08,8.0
Delhi,28.61,77.21,historical,1997,24.459,20.24,27.294,1.206,8.0
Delhi,28.61,77.21,historical,1998,24.296,19.839,27.595,1.342,8.0
Delhi,28.61,77.21,historical,1999,24.513,19.514,27.752,1.243,8.0
Delhi,28.61,77.21,historical,2000,24.262,19.801,27.476,1.264,8.0
Delhi,28.61,77.21,historical,2001,24.582,20.219,28.028,1.241,8.0
Delhi,28.61,77.21,historical,2002,24.965,20.288,28.896,1.131,8.0
Delhi,28.61,77.21,historical,2003,24.42,20.128,28.135,1.274,8.0
Delhi,28.61,77.21,historical,2004,24.854,19.945,28.137,0.958,8.0
Delhi,28.61,77.21,historical,2005,24.665,20.186,27.793,1.101,8.0
Delhi,28.61,77.21,historical,2006,24.95,20.634,28.378,1.121,8.0
Delhi,28.61,77.21,historical,2007,24.954,20.5,28.541,0.913,8.0
Delhi,28.61,77.21,historical,2008,24.467,20.304,27.507,1.243,8.0
Delhi,28.61,77.21,historical,2009,24.74,20.016,27.624,1.154,8.0
Delhi,28.61,77.21,historical,2010,24.736,20.16,28.804,1.016,8.0
Delhi,28.61,77.21,historical,2011,25.093,21.161,28.177,1.078,8.0
Delhi,28.61,77.21,historical,2012,24.744,20.399,28.223,1.26,8.0
Delhi,28.61,77.21,historical,2013,24.584,20.474,27.886,1.205,8.0
Delhi,28.61,77.21,historical,2014,24.934,20.353,28.76,1.179,8.0
Delhi,28.61,77.21,ssp126,2015,25.13,20.898,28.694,1.116,8.0
Delhi,28.61,77.21,ssp126,2016,24.586,20.477,28.013,1.437,8.0
Delhi,28.61,77.21,ssp126,2017,24.638,20.162,28.411,1.014,8.0
Delhi,28.61,77.21,ssp126,2018,24.809,20.384,28.256,1.156,8.0
Delhi,28.61,77.21,ssp126,2019,25.098,20.763,28.569,1.109,8.0
Delhi,28.61,77.21,ssp126,2020,25.246,21.46,27.637,1.191,8.0
Delhi,28.61,77.21,ssp126,2021,25.35,21.113,28.598,1.06,8.0
Delhi,28.61,77.21,ssp126,2022,25.186,20.864,28.3,1.153,8.0
Delhi,28.61,77.21,ssp126,2023,24.792,21.145,28.129,1.416,8.0
Delhi,28.61,77.21,ssp126,2024,24.977,20.878,28.624,1.434,8.0
Delhi,28.61,77.21,ssp126,2025,25.342,21.086,29.326,1.055,8.0
Delhi,28.61,77.21,ssp126,2026,25.137,21.302,28.433,1.383,8.0
Delhi,28.61,77.21,ssp126,2027,25.037,21.118,28.177,1.311,8.0
Delhi,28.61,77.21,ssp126,2028,25.587,21.349,28.666,1.181,8.0
Delhi,28.61,77.21,ssp126,2029,24.883,20.622,28.527,1.449,8.0
Delhi,28.61,77.21,ssp126,2030,25.525,21.457,29.036,1.083,8.0
Delhi,28.61,77.21,ssp126,2031,25.787,21.36,29.288,1.198,8.0
Delhi,28.61,77.21,ssp126,2032,25.052,21.728,27.839,1.56,8.0
Delhi,28.61,77.21,ssp126,2033,25.093,21.139,28.026,1.425,8.0
Delhi,28.61,77.21,ssp126,2034,25.276,21.509,28.525,1.283,8.0
Delhi,28.61,77.21,ssp126,2035,25.62,21.166,29.157,1.111,8.0
Delhi,28.61,77.21,ssp126,2036,25.707,21.143,29.956,1.279,8.0
Delhi,28.61,77.21,ssp126,2037,26.132,21.696,29.6,1.13,8.0
Delhi,28.61,77.21,ssp126,2038,25.778,22.074,28.923,1.225,8.0
Delhi,28.61,77.21,ssp126,2039,25.563,21.638,29.331,1.273,8.0
Delhi,28.61,77.21,ssp126,2040,25.696,21.898,29.575,1.16,8.0
Delhi,28.61,77.21,ssp126,2041,25.573,22.048,28.851,1.518,8.0
Delhi,28.61,77.21,ssp126,2042,25.347,21.51,28.416,1.556,8.0
Delhi,28.61,77.21,ssp126,2043,26.086,21.299,29.94,0.991,8.0
Delhi,28.61,77.21,ssp126,2044,25.767,22.257,28.977,1.554,8.0
Delhi,28.61,77.21,ssp126,2045,25.701,21.524,28.654,1.376,8.0
Delhi,28.61,77.21,ssp126,2046,26.341,21.848,29.516,1.229,8.0
Delhi,28.61,77.21,ssp126,2047,25.728,21.784,29.11,1.43,8.0
Delhi,28.61,77.21,ssp126,2048,26.464,22.049,30.339,0.98,8.0
Delhi,28.61,77.21,ssp126,2049,25.923,22.202,29.216,1.547,8.0
Delhi,28.61,77.21,ssp126,2050,26.053,22.204,30.325,1.272,8.0
Delhi,28.61,77.21,ssp126,2051,26.533,22.339,29.587,0.976,8.0
Delhi,28.61,77.21,ssp126,2052,26.033,22.255,30.002,1.353,8.0
Delhi,28.61,77.21,ssp126,2053,26.113,21.851,29.464,1.246,8.0
Delhi,28.61,77.21,ssp126,2054,26.118,22.314,28.925,1.571,8.0
Delhi,28.61,77.21,ssp126,2055,25.942,21.854,29.054,1.329,8.0
Delhi,28.61,77.21,ssp126,2056,25.916,22.287,29.17,1.296,8.0
Delhi,28.61,77.21,ssp126,2057,26.126,22.188,29.262,1.335,8.0
Delhi,28.61,77.21,ssp126,2058,26.031,22.229,29.36,1.178,8.0
Delhi,28.61,77.21,ssp126,2059,26.612,22.586,30.073,1.087,8.0
Delhi,28.61,77.21,ssp126,2060,26.168,21.937,29.529,1.42,8.0
Delhi,28.61,77.21,ssp126,2061,26.353,21.964,30.008,1.07,8.0
Delhi,28.61,77.21,ssp126,2062,25.956,21.849,29.112,1.346,8.0
Delhi,28.61,77.21,ssp126,2063,25.786,22.062,29.039,1.336,8.0
Delhi,28.61,77.21,ssp126,2064,26.141,21.954,29.907,1.182,8.0
Delhi,28.61,77.21,ssp126,2065,26.36,23.105,29.17,1.303,8.0
Delhi,28.61,77.21,ssp126,2066,26.478,22.756,29.951,1.299,8.0
Delhi,28.61,77.21,ssp126,2067,26.338,22.083,29.736,1.142,8.0
Delhi,28.61,77.21,ssp126,2068,25.923,21.616,29.734,1.421,8.0
Delhi,28.61,77.21,ssp126,2069,26.444,22.356,29.853,1.125,8.0
Delhi,28.61,77.21,ssp126,2070,25.965,22.235,28.598,1.38,8.0
Delhi,28.61,77.21,ssp126,2071,25.917,21.97,29.649,1.397,8.0
Delhi,28.61,77.21,ssp126,2072,26.241,21.781,30.575,1.199,8.0
Delhi,28.61,77.21,ssp126,2073,26.244,21.899,29.711,1.242,8.0
Delhi,28.61,77.21,ssp126,2074,26.159,22.623,29.055,1.409,8.0
Delhi,28.61,77.21,ssp126,2075,26.641,22.689,30.187,1.017,8.0
Delhi,28.61,77.21,ssp126,2076,26.292,22.037,30.305,1.28,8.0
Delhi,28.61,77.21,ssp126,2077,26.269,22.22,29.528,1.297,8.0
Delhi,28.61,77.21,ssp126,2078,26.411,22.664,29.377,1.254,8.0
Delhi,28.61,77.21,ssp126,2079,26.368,22.81,29.719,1.246,8.0
Delhi,28.61,77.21,ssp126,2080,26.343,22.649,29.649,1.189,8.0
Delhi,28.61,77.21,ssp126,2081,26.323,21.749,29.811,1.235,8.0
Delhi,28.61,77.21,ssp126,2082,26.297,21.825,30.022,1.391,8.0
Delhi,28.61,77.21,ssp126,2083,26.154,21.896,29.55,1.197,8.0
Delhi,28.61,77.21,ssp126,2084,26.587,22.591,29.442,1.138,8.0
Delhi,28.61,77.21,ssp126,2085,26.449,22.311,29.864,1.234,8.0
Delhi,28.61,77.21,ssp126,2086,26.378,22.167,30.204,1.329,8.0
Delhi,28.61,77.21,ssp126,2087,25.964,21.83,29.35,1.195,8.0
Delhi,28.61,77.21,ssp126,2088,25.71,21.315,29.189,1.561,8.0
Delhi,28.61,77.21,ssp126,2089,25.858,21.863,29.289,1.41,8.0
Delhi,28.61,77.21,ssp126,2090,26.369,22.001,29.454,1.119,8.0
Delhi,28.61,77.21,ssp126,2091,26.402,21.712,29.652,1.013,8.0
Delhi,28.61,77.21,ssp126,2092,26.38,21.587,29.998,1.204,8.0
Delhi,28.61,77.21,ssp126,2093,25.942,22.178,28.823,1.457,8.0
Delhi,28.61,77.21,ssp126,2094,26.222,22.204,29.692,1.233,8.0
Delhi,28.61,77.21,ssp126,2095,26.025,21.674,30.148,1.351,8.0
Delhi,28.61,77.21,ssp126,2096,26.327,22.333,30.193,1.151,8.0
Delhi,28.61,77.21,ssp126,2097,25.948,21.968,29.681,1.299,8.0
Delhi,28.61,77.21,ssp126,2098,25.936,21.755,29.301,1.364,8.0
Delhi,28.61,77.21,ssp126,2099,26.084,21.856,29.421,1.205,8.0
Delhi,28.61,77.21,ssp126,2100,26.14,21.628,29.565,1.3,8.0
Delhi,28.61,77.21,ssp245,2015,24.546,20.525,27.859,1.292,8.0
Delhi,28.61,77.21,ssp245,2016,24.822,20.845,27.292,1.028,8.0
Delhi,28.61,77.21,ssp245,2017,24.841,20.701,28.905,1.226,8.0
Delhi,28.61,77.21,ssp245,2018,25.131,20.859,28.721,1.247,8.0
Delhi,28.61,77.21,ssp245,2019,24.989,21.349,27.727,1.199,8.0
Delhi,28.61,77.21,ssp245,2020,24.941,20.573,28.48,1.37,8.0
Delhi,28.61,77.21,ssp245,2021,24.885,21.215,27.7,1.45,8.0
Delhi,28.61,77.21,ssp245,2022,24.763,20.948,27.976,1.211,8.0
Delhi,28.61,77.21,ssp245,2023,25.265,21.548,27.832,1.189,8.0
Delhi,28.61,77.21,ssp245,2024,25.071,21.069,28.18,1.263,8.0
Delhi,28.61,77.21,ssp245,2025,25.063,21.051,28.143,1.379,8.0
Delhi,28.61,77.21,ssp245,2026,25.395,21.184,28.495,1.025,8.0
Delhi,28.61,77.21,ssp245,2027,25.048,20.941,28.691,1.131,8.0
Delhi,28.61,77.21,ssp245,2028,25.176,21.305,28.621,1.22,8.0
Delhi,28.61,77.21,ssp245,2029,25.187,21.659,28.067,1.262,8.0
Delhi,28.61,77.21,ssp245,2030,25.252,21.474,28.01,1.281,8.0
Delhi,28.61,77.21,ssp245,2031,25.215,20.892,28.358,1.182,8.0
Delhi,28.61,77.21,ssp245,2032,25.379,21.725,28.494,1.229,8.0
Delhi,28.61,77.21,ssp245,2033,25.51,21.802,28.311,1.252,8.0
Delhi,28.61,77.21,ssp245,2034,25.407,21.588,28.748,1.181,8.0
Delhi,28.61,77.21,ssp245,2035,25.183,21.069,28.529,1.429,8.0
Delhi,28.61,77.21,ssp245,2036,25.285,21.177,28.362,1.385,8.0
Delhi,28.61,77.21,ssp245,2037,25.332,21.773,28.259,1.17,8.0
Delhi,28.61,77.21,ssp245,2038,25.576,22.215,28.493,1.117,8.0
Delhi,28.61,77.21,ssp245,2039,25.722,21.576,29.433,1.045,8.0
Delhi,28.61,77.21,ssp245,2040,25.024,21.031,28.117,1.202,7.0
Delhi,28.61,77.21,ssp245,2041,24.915,21.69,27.777,1.391,7.0
Delhi,28.61,77.21,ssp245,2042,25.4,21.724,28.798,1.054,7.0
Delhi,28.61,77.21,ssp245,2043,25.349,22.148,28.269,1.136,7.0
Delhi,28.61,77.21,ssp245,2044,25.341,22.246,28.397,1.187,7.0
Delhi,28.61,77.21,ssp245,2045,24.985,21.717,28.084,1.256,7.0
Delhi,28.61,77.21,ssp245,2046,25.459,21.768,28.398,1.325,7.0
Delhi,28.61,77.21,ssp245,2047,25.333,21.576,28.661,1.446,7.0
Delhi,28.61,77.21,ssp245,2048,25.095,21.553,28.328,1.412,7.0
Delhi,28.61,77.21,ssp245,2049,25.75,22.451,28.02,1.121,7.0
Delhi,28.61,77.21,ssp245,2050,25.47,21.761,28.392,1.246,7.0
Delhi,28.61,77.21,ssp245,2051,25.622,21.91,28.269,1.29,7.0
Delhi,28.61,77.21,ssp245,2052,25.783,22.515,28.512,1.232,7.0
Delhi,28.61,77.21,ssp245,2053,25.891,22.298,28.777,1.029,7.0
Delhi,28.61,77.21,ssp245,2054,25.685,22.325,28.918,1.244,7.0
Delhi,28.61,77.21,ssp245,2055,25.69,21.971,29.365,1.224,7.0
Delhi,28.61,77.21,ssp245,2056,26.268,22.747,29.364,1.084,7.0
Delhi,28.61,77.21,ssp245,2057,26.1,22.975,29.501,1.211,7.0
Delhi,28.61,77.21,ssp245,2058,25.808,23.138,28.59,1.462,7.0
Delhi,28.61,77.21,ssp245,2059,25.945,22.253,29.431,1.252,7.0
Delhi,28.61,77.21,ssp245,2060,25.645,22.17,28.38,1.648,7.0
Delhi,28.61,77.21,ssp245,2061,25.745,22.373,29.589,1.246,7.0
Delhi,28.61,77.21,ssp245,2062,26.225,22.818,29.32,1.204,7.0
Delhi,28.61,77.21,ssp245,2063,25.792,22.196,28.94,1.512,7.0
Delhi,28.61,77.21,ssp245,2064,26.535,23.213,29.618,1.011,7.0
Delhi,28.61,77.21,ssp245,2065,26.145,22.907,28.884,1.493,7.0
Delhi,28.61,77.21,ssp245,2066,25.89,22.634,29.173,1.374,7.0
Delhi,28.61,77.21,ssp245,2067,26.564,23.345,29.836,1.143,7.0
Delhi,28.61,77.21,ssp245,2068,26.382,23.087,29.281,1.265,7.0
Delhi,28.61,77.21,ssp245,2069,26.416,23.007,29.61,1.266,7.0
Delhi,28.61,77.21,ssp245,2070,26.226,22.868,29.41,1.313,7.0
Delhi,28.61,77.21,ssp245,2071,26.55,22.798,29.348,1.262,7.0
Delhi,28.61,77.21,ssp245,2072,26.332,23.127,29.518,1.285,7.0
Delhi,28.61,77.21,ssp245,2073,26.131,22.31,29.447,1.394,7.0
Delhi,28.61,77.21,ssp245,2074,26.233,22.968,29.24,1.227,7.0
Delhi,28.61,77.21,ssp245,2075,26.69,23.422,30.03,1.277,7.0
Delhi,28.61,77.21,ssp245,2076,26.244,22.713,29.886,1.378,7.0
Delhi,28.61,77.21,ssp245,2077,26.511,23.018,29.765,1.379,7.0
Delhi,28.61,77.21,ssp245,2078,26.424,22.895,29.456,1.33,7.0
Delhi,28.61,77.21,ssp245,2079,26.906,23.575,29.983,1.079,7.0
Delhi,28.61,77.21,ssp245,2080,26.629,23.392,29.775,1.34,7.0
Delhi,28.61,77.21,ssp245,2081,26.756,23.2,30.149,1.413,7.0
Delhi,28.61,77.21,ssp245,2082,26.682,23.212,29.812,1.221,7.0
Delhi,28.61,77.21,ssp245,2083,26.726,23.361,29.77,1.462,7.0
Delhi,28.61,77.21,ssp245,2084,27.009,23.879,30.079,0.94,7.0
Delhi,28.61,77.21,ssp245,2085,27.158,23.945,30.316,1.422,7.0
Delhi,28.61,77.21,ssp245,2086,26.728,23.587,29.966,1.395,7.0
Delhi,28.61,77.21,ssp245,2087,26.601,23.574,29.877,1.563,7.0
Delhi,28.61,77.21,ssp245,2088,26.287,23.336,29.186,1.512,7.0
Delhi,28.61,77.21,ssp245,2089,26.95,23.708,30.135,1.279,7.0
Delhi,28.61,77.21,ssp245,2090,26.999,23.788,30.116,1.291,7.0
Delhi,28.61,77.21,ssp245,2091,26.66,23.149,30.177,1.262,7.0
Delhi,28.61,77.21,ssp245,2092,26.99,23.728,30.129,1.234,7.0
Delhi,28.61,77.21,ssp245,2093,26.679,22.871,29.82,1.472,7.0
Delhi,28.61,77.21,ssp245,2094,27.165,23.916,30.082,1.226,7.0
Delhi,28.61,77.21,ssp245,2095,26.947,23.336,30.167,1.289,7.0
Delhi,28.61,77.21,ssp245,2096,27.011,23.876,30.308,1.345,7.0
Delhi,28.61,77.21,ssp245,2097,27.069,23.866,30.063,1.441,7.0
Delhi,28.61,77.21,ssp245,2098,27.052,23.702,29.739,1.218,7.0
Delhi,28.61,77.21,ssp245,2099,27.377,24.535,29.944,1.428,7.0
Delhi,28.61,77.21,ssp245,2100,27.31,24.155,30.306,1.132,7.0
Delhi,28.61,77.21,ssp585,2015,24.753,20.459,27.89,1.255,8.0
Delhi,28.61,77.21,ssp585,2016,24.66,20.608,27.54,1.243,8.0
Delhi,28.61,77.21,ssp585,2017,24.375,20.393,27.58,1.464,8.0
Delhi,28.61,77.21,ssp585,2018,24.753,20.514,27.747,1.276,8.0
Delhi,28.61,77.21,ssp585,2019,24.854,20.859,27.739,1.26,8.0
Delhi,28.61,77.21,ssp585,2020,25.273,20.986,28.693,1.133,8.0
Delhi,28.61,77.21,ssp585,2021,24.74,20.731,28.022,1.288,8.0
Delhi,28.61,77.21,ssp585,2022,24.882,20.852,28.44,0.983,8.0
Delhi,28.61,77.21,ssp585,2023,25.462,21.172,28.875,1.042,8.0
Delhi,28.61,77.21,ssp585,2024,24.857,21.142,27.72,1.517,8.0
Delhi,28.61,77.21,ssp585,2025,25.158,21.118,28.21,1.279,8.0
Delhi,28.61,77.21,ssp585,2026,25.111,20.997,28.462,1.28,8.0
Delhi,28.61,77.21,ssp585,2027,25.449,21.693,28.264,1.084,8.0
Delhi,28.61,77.21,ssp585,2028,25.53,21.458,28.88,1.251,8.0
Delhi,28.61,77.21,ssp585,2029,25.08,20.861,28.18,1.297,8.0
Delhi,28.61,77.21,ssp585,2030,24.712,20.802,28.551,1.711,8.0
Delhi,28.61,77.21,ssp585,2031,25.39,21.751,28.586,1.417,8.0
Delhi,28.61,77.21,ssp585,2032,25.314,21.085,28.683,1.192,8.0
Delhi,28.61,77.21,ssp585,2033,25.352,21.396,28.596,1.274,8.0
Delhi,28.61,77.21,ssp585,2034,25.357,21.2,28.847,1.192,8.0
Delhi,28.61,77.21,ssp585,2035,25.602,21.338,29.643,1.274,8.0
Delhi,28.61,77.21,ssp585,2036,25.488,20.945,28.707,1.27,8.0
Delhi,28.61,77.21,ssp585,2037,25.789,21.516,29.388,1.239,8.0
Delhi,28.61,77.21,ssp585,2038,25.609,21.971,29.064,1.381,8.0
Delhi,28.61,77.21,ssp585,2039,25.776,22.028,28.903,1.126,8.0
Delhi,28.61,77.21,ssp585,2040,25.964,22.443,29.188,1.06,8.0
Delhi,28.61,77.21,ssp585,2041,26.128,22.37,29.61,1.12,8.0
Delhi,28.61,77.21,ssp585,2042,25.757,22.232,29.074,1.334,8.0
Delhi,28.61,77.21,ssp585,2043,26.399,22.809,29.446,1.284,8.0
Delhi,28.61,77.21,ssp585,2044,25.921,22.23,28.882,1.415,8.0
Delhi,28.61,77.21,ssp585,2045,26.116,22.709,29.431,1.351,8.0
Delhi,28.61,77.21,ssp585,2046,26.374,22.337,30.465,1.336,8.0
Delhi,28.61,77.21,ssp585,2047,26.275,22.34,30.074,1.311,8.0
Delhi,28.61,77.21,ssp585,2048,26.287,22.513,29.71,1.278,8.0
Delhi,28.61,77.21,ssp585,2049,26.525,22.516,29.934,1.382,8.0
Delhi,28.61,77.21,ssp585,2050,26.608,23.29,29.522,1.269,8.0
Delhi,28.61,77.21,ssp585,2051,26.835,23.359,29.713,1.139,8.0
Delhi,28.61,77.21,ssp585,2052,26.779,22.534,29.763,1.392,8.0
Delhi,28.61,77.21,ssp585,2053,26.856,22.394,30.225,1.214,8.0
Delhi,28.61,77.21,ssp585,2054,26.905,22.505,30.277,1.396,8.0
Delhi,28.61,77.21,ssp585,2055,27.094,23.143,30.517,1.223,8.0
Delhi,28.61,77.21,ssp585,2056,26.987,23.561,29.851,1.473,8.0
Delhi,28.61,77.21,ssp585,2057,27.431,23.51,31.333,1.093,8.0
Delhi,28.61,77.21,ssp585,2058,27.514,23.583,31.333,1.147,8.0
Delhi,28.61,77.21,ssp585,2059,27.334,24.133,30.306,1.455,8.0
Delhi,28.61,77.21,ssp585,2060,27.145,23.744,29.967,1.435,8.0
Delhi,28.61,77.21,ssp585,2061,27.713,23.554,30.736,1.362,8.0
Delhi,28.61,77.21,ssp585,2062,27.62,24.115,30.92,1.225,8.0
Delhi,28.61,77.21,ssp585,2063,28.062,24.16,31.591,1.152,8.0
Delhi,28.61,77.21,ssp585,2064,28.114,23.886,31.336,1.421,8.0
Delhi,28.61,77.21,ssp585,2065,27.754,23.897,31.344,1.206,8.0
Delhi,28.61,77.21,ssp585,2066,27.883,24.434,31.233,1.284,8.0
Delhi,28.61,77.21,ssp585,2067,28.417,24.768,31.948,1.426,8.0
Delhi,28.61,77.21,ssp585,2068,27.678,24.258,30.36,1.723,8.0
Delhi,28.61,77.21,ssp585,2069,28.148,23.909,31.236,1.279,8.0
Delhi,28.61,77.21,ssp585,2070,28.505,25.12,31.865,1.333,8.0
Delhi,28.61,77.21,ssp585,2071,28.279,24.852,31.361,1.547,8.0
Delhi,28.61,77.21,ssp585,2072,28.251,25.292,31.163,1.412,8.0
Delhi,28.61,77.21,ssp585,2073,28.742,24.253,31.481,1.219,8.0
Delhi,28.61,77.21,ssp585,2074,28.688,25.538,31.105,1.323,8.0
Delhi,28.61,77.21,ssp585,2075,28.598,25.317,31.574,1.496,8.0
Delhi,28.61,77.21,ssp585,2076,28.516,24.901,31.593,1.606,8.0
Delhi,28.61,77.21,ssp585,2077,28.83,25.369,31.828,1.193,8.0
Delhi,28.61,77.21,ssp585,2078,28.853,24.221,32.008,1.442,8.0
Delhi,28.61,77.21,ssp585,2079,29.215,25.456,31.808,1.181,8.0
Delhi,28.61,77.21,ssp585,2080,29.059,25.428,31.563,1.593,8.0
Delhi,28.61,77.21,ssp585,2081,29.358,25.842,31.989,1.468,8.0
Delhi,28.61,77.21,ssp585,2082,28.982,25.232,31.884,1.709,8.0
Delhi,28.61,77.21,ssp585,2083,29.117,25.63,31.885,1.321,8.0
Delhi,28.61,77.21,ssp585,2084,29.491,25.645,32.292,1.585,8.0
Delhi,28.61,77.21,ssp585,2085,29.593,25.817,32.557,1.619,8.0
Delhi,28.61,77.21,ssp585,2086,29.861,26.392,32.895,1.288,8.0
Delhi,28.61,77.21,ssp585,2087,29.705,26.71,32.78,1.497,8.0
Delhi,28.61,77.21,ssp585,2088,29.695,26.373,32.286,1.515,8.0
Delhi,28.61,77.21,ssp585,2089,29.684,25.978,32.307,1.676,8.0
Delhi,28.61,77.21,ssp585,2090,29.822,25.43,32.911,1.47,8.0
Delhi,28.61,77.21,ssp585,2091,30.427,26.706,32.896,1.308,8.0
Delhi,28.61,77.21,ssp585,2092,30.06,27.145,33.003,1.855,8.0
Delhi,28.61,77.21,ssp585,2093,30.604,27.982,32.807,1.418,8.0
Delhi,28.61,77.21,ssp585,2094,30.471,26.878,32.979,1.638,8.0
Delhi,28.61,77.21,ssp585,2095,30.666,26.665,33.541,1.549,8.0
Delhi,28.61,77.21,ssp585,2096,30.965,27.149,34.122,1.405,8.0
Delhi,28.61,77.21,ssp585,2097,30.653,27.239,33.609,1.556,8.0
Delhi,28.61,77.21,ssp585,2098,30.979,27.23,33.943,1.555,8.0
Delhi,28.61,77.21,ssp585,2099,31.057,27.683,33.781,1.596,8.0
Delhi,28.61,77.21,ssp585,2100,30.676,27.727,33.728,1.735,8.0
Dubai,25.2,55.27,historical,1850,26.82,23.882,29.572,0.188,8.0
Dubai,25.2,55.27,historical,1851,26.594,23.84,29.282,0.206,8.0
Dubai,25.2,55.27,historical,1852,26.755,23.848,29.644,0.272,8.0
Dubai,25.2,55.27,historical,1853,26.912,24.225,29.661,0.197,8.0
Dubai,25.2,55.27,historical,1854,26.879,24.063,29.415,0.144,8.0
Dubai,25.2,55.27,historical,1855,26.898,24.422,29.564,0.211,8.0
Dubai,25.2,55.27,historical,1856,26.813,23.656,29.156,0.21,8.0
Dubai,25.2,55.27,historical,1857,26.884,24.107,29.354,0.166,8.0
Dubai,25.2,55.27,historical,1858,26.877,23.928,29.644,0.2,8.0
Dubai,25.2,55.27,historical,1859,26.943,24.283,29.744,0.258,8.0
Dubai,25.2,55.27,historical,1860,26.795,23.716,29.481,0.204,8.0
Dubai,25.2,55.27,historical,1861,26.807,24.111,29.333,0.21,8.0
Dubai,25.2,55.27,historical,1862,26.651,23.803,29.45,0.178,8.0
Dubai,25.2,55.27,historical,1863,26.725,23.913,29.8,0.229,8.0
Dubai,25.2,55.27,historical,1864,26.844,23.97,29.487,0.343,8.0
Dubai,25.2,55.27,historical,1865,26.964,23.998,29.889,0.209,8.0
Dubai,25.2,55.27,historical,1866,26.92,24.215,29.719,0.144,8.0
Dubai,25.2,55.27,historical,1867,27.017,24.323,30.049,0.183,8.0
Dubai,25.2,55.27,historical,1868,27.08,24.477,29.909,0.143,8.0
Dubai,25.2,55.27,historical,1869,27.095,24.639,29.781,0.176,8.0
Dubai,25.2,55.27,historical,1870,26.919,24.123,29.432,0.211,8.0
Dubai,25.2,55.27,historical,1871,26.916,23.953,29.35,0.148,8.0
Dubai,25.2,55.27,historical,1872,26.888,24.106,29.494,0.165,8.0
Dubai,25.2,55.27,historical,1873,26.978,24.256,29.467,0.213,8.0
Dubai,25.2,55.27,historical,1874,26.984,24.252,29.292,0.226,8.0
Dubai,25.2,55.27,historical,1875,26.749,23.819,29.502,0.153,8.0
Dubai,25.2,55.27,historical,1876,27.161,24.127,29.967,0.204,8.0
Dubai,25.2,55.27,historical,1877,26.966,23.909,29.477,0.203,8.0
Dubai,25.2,55.27,historical,1878,26.721,23.672,29.209,0.174,8.0
Dubai,25.2,55.27,historical,1879,26.948,24.392,29.141,0.229,8.0
Dubai,25.2,55.27,historical,1880,26.745,23.663,29.491,0.278,8.0
Dubai,25.2,55.27,historical,1881,27.078,24.431,29.873,0.187,8.0
Dubai,25.2,55.27,historical,1882,26.732,24.327,29.207,0.212,8.0
Dubai,25.2,55.27,historical,1883,26.994,24.532,29.535,0.157,8.0
Dubai,25.2,55.27,historical,1884,26.387,23.799,28.968,0.166,8.0
Dubai,25.2,55.27,historical,1885,26.518,24.025,29.183,0.175,8.0
Dubai,25.2,55.27,historical,1886,26.801,24.365,29.392,0.161,8.0
Dubai,25.2,55.27,historical,1887,27.024,24.521,29.496,0.154,8.0
Dubai,25.2,55.27,historical,1888,26.743,23.844,29.21,0.267,8.0
Dubai,25.2,55.27,historical,1889,26.831,24.09,29.202,0.201,8.0
Dubai,25.2,55.27,historical,1890,26.655,23.924,29.199,0.214,8.0
Dubai,25.2,55.27,historical,1891,26.733,23.65,29.469,0.152,8.0
Dubai,25.2,55.27,historical,1892,26.868,24.08,29.286,0.222,8.0
Dubai,25.2,55.27,historical,1893,26.925,24.21,29.44,0.158,8.0
Dubai,25.2,55.27,historical,1894,26.903,24.164,29.649,0.199,8.0
Dubai,25.2,55.27,historical,1895,26.887,23.707,29.531,0.133,8.0
Dubai,25.2,55.27,historical,1896,26.974,23.986,29.854,0.188,8.0
Dubai,25.2,55.27,historical,1897,26.98,24.078,29.689,0.153,8.0
Dubai,25.2,55.27,historical,1898,27.034,24.096,29.635,0.279,8.0
Dubai,25.2,55.27,historical,1899,27.089,24.102,29.904,0.164,8.0
Dubai,25.2,55.27,historical,1900,27.159,24.514,29.312,0.21,8.0
Dubai,25.2,55.27,historical,1901,26.861,23.747,29.718,0.233,8.0
Dubai,25.2,55.27,historical,1902,26.819,23.819,29.543,0.144,8.0
Dubai,25.2,55.27,historical,1903,26.478,23.816,28.878,0.157,8.0
Dubai,25.2,55.27,historical,1904,26.806,24.015,29.491,0.206,8.0
Dubai,25.2,55.27,historical,1905,27.017,24.279,29.695,0.197,8.0
Dubai,25.2,55.27,historical,1906,27.09,24.273,29.833,0.201,8.0
Dubai,25.2,55.27,historical,1907,26.857,23.965,29.384,0.196,8.0
Dubai,25.2,55.27,historical,1908,26.726,23.895,29.646,0.184,8.0
Dubai,25.2,55.27,historical,1909,26.815,23.562,29.633,0.228,8.0
Dubai,25.2,55.27,historical,1910,26.898,23.896,29.588,0.214,8.0
Dubai,25.2,55.27,historical,1911,26.938,24.219,29.524,0.229,8.0
Dubai,25.2,55.27,historical,1912,26.837,23.795,29.435,0.261,8.0
Dubai,25.2,55.27,historical,1913,26.718,23.888,29.668,0.254,8.0
Dubai,25.2,55.27,historical,1914,26.949,24.284,29.907,0.206,8.0
Dubai,25.2,55.27,historical,1915,26.827,24.013,29.474,0.228,8.0
Dubai,25.2,55.27,historical,1916,27.096,23.901,29.956,0.198,8.0
Dubai,25.2,55.27,historical,1917,26.896,23.912,29.558,0.222,8.0
Dubai,25.2,55.27,historical,1918,26.918,23.878,29.583,0.257,8.0
Dubai,25.2,55.27,historical,1919,26.83,24.091,29.325,0.203,8.0
Dubai,25.2,55.27,historical,1920,26.912,24.252,29.288,0.225,8.0
Dubai,25.2,55.27,historical,1921,26.926,23.985,29.528,0.224,8.0
Dubai,25.2,55.27,historical,1922,27.157,24.709,29.697,0.223,8.0
Dubai,25.2,55.27,historical,1923,27.123,24.577,29.589,0.22,8.0
Dubai,25.2,55.27,historical,1924,26.845,24.28,29.468,0.255,8.0
Dubai,25.2,55.27,historical,1925,27.111,24.512,29.713,0.173,8.0
Dubai,25.2,55.27,historical,1926,27.14,24.458,29.53,0.181,8.0
Dubai,25.2,55.27,historical,1927,27.112,24.347,29.846,0.156,8.0
Dubai,25.2,55.27,historical,1928,26.962,24.164,29.744,0.239,8.0
Dubai,25.2,55.27,historical,1929,27.11,24.263,29.612,0.15,8.0
Dubai,25.2,55.27,historical,1930,26.806,24.607,29.134,0.209,8.0
Dubai,25.2,55.27,historical,1931,26.81,24.228,29.462,0.147,8.0
Dubai,25.2,55.27,historical,1932,26.936,24.163,29.712,0.161,8.0
Dubai,25.2,55.27,historical,1933,26.907,23.875,29.661,0.202,8.0
Dubai,25.2,55.27,historical,1934,27.259,24.927,30.037,0.291,8.0
Dubai,25.2,55.27,historical,1935,27.076,24.164,29.799,0.259,8.0
Dubai,25.2,55.27,historical,1936,27.084,24.563,29.376,0.181,8.0
Dubai,25.2,55.27,historical,1937,27.171,24.202,29.63,0.209,8.0
Dubai,25.2,55.27,historical,1938,26.904,24.611,29.151,0.259,8.0
Dubai,25.2,55.27,historical,1939,27.181,24.059,29.899,0.259,8.0
Dubai,25.2,55.27,historical,1940,27.145,24.231,29.733,0.203,8.0
Dubai,25.2,55.27,historical,1941,27.31,24.429,29.877,0.179,8.0
Dubai,25.2,55.27,historical,1942,27.135,24.421,29.761,0.189,8.0
Dubai,25.2,55.27,historical,1943,27.024,23.998,29.789,0.248,8.0
Dubai,25.2,55.27,historical,1944,27.244,24.728,29.9,0.162,8.0
Dubai,25.2,55.27,historical,1945,27.284,24.415,30.101,0.191,8.0
Dubai,25.2,55.27,historical,1946,27.171,24.232,29.71,0.233,8.0
Dubai,25.2,55.27,historical,1947,27.113,24.666,29.722,0.199,8.0
Dubai,25.2,55.27,historical,1948,27.201,24.246,29.636,0.234,8.0
Dubai,25.2,55.27,historical,1949,27.24,24.572,29.687,0.161,8.0
Dubai,25.2,55.27,historical,1950,27.106,24.645,29.65,0.196,8.0
Dubai,25.2,55.27,historical,1951,27.059,24.64,29.572,0.158,8.0
Dubai,25.2,55.27,historical,1952,27.414,24.869,29.918,0.22,8.0
Dubai,25.2,55.27,historical,1953,26.95,24.425,29.631,0.203,8.0
Dubai,25.2,55.27,historical,1954,27.103,24.534,29.607,0.174,8.0
Dubai,25.2,55.27,historical,1955,27.195,24.251,29.829,0.206,8.0
Dubai,25.2,55.27,historical,1956,27.054,24.368,29.931,0.154,8.0
Dubai,25.2,55.27,historical,1957,27.118,24.278,29.643,0.261,8.0
Dubai,25.2,55.27,historical,1958,27.037,24.333,29.674,0.193,8.0
Dubai,25.2,55.27,historical,1959,27.055,24.547,29.602,0.213,8.0
Dubai,25.2,55.27,historical,1960,27.165,24.282,29.767,0.217,8.0
Dubai,25.2,55.27,historical,1961,27.019,24.431,29.545,0.243,8.0
Dubai,25.2,55.27,historical,1962,27.053,24.63,29.808,0.24,8.0
Dubai,25.2,55.27,historical,1963,27.069,24.225,29.97,0.241,8.0
Dubai,25.2,55.27,historical,1964,26.926,24.477,29.952,0.19,8.0
Dubai,25.2,55.27,historical,1965,26.953,24.688,29.893,0.217,8.0
Dubai,25.2,55.27,historical,1966,26.777,24.161,29.604,0.247,8.0
Dubai,25.2,55.27,historical,1967,26.914,23.984,29.804,0.262,8.0
Dubai,25.2,55.27,historical,1968,26.982,24.039,29.934,0.137,8.0
Dubai,25.2,55.27,historical,1969,27.055,24.56,29.766,0.23,8.0
Dubai,25.2,55.27,historical,1970,27.125,24.566,30.187,0.206,8.0
Dubai,25.2,55.27,historical,1971,27.131,24.843,29.911,0.253,8.0
Dubai,25.2,55.27,historical,1972,26.874,24.195,29.79,0.269,8.0
Dubai,25.2,55.27,historical,1973,26.95,24.368,29.819,0.264,8.0
Dubai,25.2,55.27,historical,1974,27.001,24.655,29.373,0.211,8.0
Dubai,25.2,55.27,historical,1975,26.753,24.07,29.423,0.204,8.0
Dubai,25.2,55.27,historical,1976,27.123,24.459,29.701,0.133,8.0
Dubai,25.2,55.27,historical,1977,26.979,24.492,29.57,0.22,8.0
Dubai,25.2,55.27,historical,1978,27.329,24.47,30.634,0.237,8.0
Dubai,25.2,55.27,historical,1979,27.018,24.677,29.64,0.232,8.0
Dubai,25.2,55.27,historical,1980,27.208,24.652,30.175,0.226,8.0
Dubai,25.2,55.27,historical,1981,27.064,24.386,30.065,0.168,8.0
Dubai,25.2,55.27,historical,1982,26.931,24.136,29.593,0.155,8.0
Dubai,25.2,55.27,historical,1983,26.977,24.536,29.941,0.218,8.0
Dubai,25.2,55.27,historical,1984,27.059,24.664,29.669,0.235,8.0
Dubai,25.2,55.27,historical,1985,27.268,24.671,29.83,0.159,8.0
Dubai,25.2,55.27,historical,1986,27.287,24.368,30.065,0.223,8.0
Dubai,25.2,55.27,historical,1987,27.354,24.899,30.287,0.154,8.0
Dubai,25.2,55.27,historical,1988,27.504,25.29,30.47,0.249,8.0
Dubai,25.2,55.27,historical,1989,27.416,24.88,30.68,0.281,8.0
Dubai,25.2,55.27,historical,1990,27.589,24.97,30.566,0.328,8.0
Dubai,25.2,55.27,historical,1991,27.38,24.627,30.271,0.15,8.0
Dubai,25.2,55.27,historical,1992,27.2,24.649,29.996,0.188,8.0
Dubai,25.2,55.27,historical,1993,27.215,24.897,30.067,0.293,8.0
Dubai,25.2,55.27,historical,1994,27.509,24.794,30.259,0.217,8.0
Dubai,25.2,55.27,historical,1995,27.518,24.54,30.251,0.167,8.0
Dubai,25.2,55.27,historical,1996,27.493,24.735,30.233,0.204,8.0
Dubai,25.2,55.27,historical,1997,27.594,25.259,30.448,0.218,8.0
Dubai,25.2,55.27,historical,1998,27.604,25.233,30.17,0.211,8.0
Dubai,25.2,55.27,historical,1999,27.917,25.554,30.245,0.217,8.0
Dubai,25.2,55.27,historical,2000,27.72,25.039,30.385,0.23,8.0
Dubai,25.2,55.27,historical,2001,27.813,25.338,30.51,0.306,8.0
Dubai,25.2,55.27,historical,2002,27.808,25.055,30.916,0.245,8.0
Dubai,25.2,55.27,historical,2003,27.905,25.191,30.649,0.288,8.0
Dubai,25.2,55.27,historical,2004,28.02,25.804,30.701,0.224,8.0
Dubai,25.2,55.27,historical,2005,28.015,25.456,30.587,0.171,8.0
Dubai,25.2,55.27,historical,2006,28.056,25.126,30.785,0.202,8.0
Dubai,25.2,55.27,historical,2007,27.999,25.17,30.581,0.202,8.0
Dubai,25.2,55.27,historical,2008,28.03,25.573,30.603,0.19,8.0
Dubai,25.2,55.27,historical,2009,27.91,25.388,30.715,0.177,8.0
Dubai,25.2,55.27,historical,2010,28.1,25.23,31.087,0.162,8.0
Dubai,25.2,55.27,historical,2011,28.407,25.593,31.236,0.18,8.0
Dubai,25.2,55.27,historical,2012,28.165,24.952,30.724,0.183,8.0
Dubai,25.2,55.27,historical,2013,28.213,25.832,30.658,0.195,8.0
Dubai,25.2,55.27,historical,2014,28.529,25.429,31.295,0.16,8.0
Dubai,25.2,55.27,ssp126,2015,28.456,26.024,30.912,0.308,8.0
Dubai,25.2,55.27,ssp126,2016,28.154,25.23,30.667,0.236,8.0
Dubai,25.2,55.27,ssp126,2017,28.203,25.404,31.03,0.186,8.0
Dubai,25.2,55.27,ssp126,2018,28.19,25.408,30.846,0.186,8.0
Dubai,25.2,55.27,ssp126,2019,28.422,25.844,30.829,0.207,8.0
Dubai,25.2,55.27,ssp126,2020,28.678,26.185,31.344,0.186,8.0
Dubai,25.2,55.27,ssp126,2021,28.716,25.681,31.347,0.142,8.0
Dubai,25.2,55.27,ssp126,2022,28.523,26.108,31.059,0.246,8.0
Dubai,25.2,55.27,ssp126,2023,28.523,26.238,31.58,0.183,8.0
Dubai,25.2,55.27,ssp126,2024,28.931,26.241,31.319,0.214,8.0
Dubai,25.2,55.27,ssp126,2025,28.737,26.273,31.596,0.252,8.0
Dubai,25.2,55.27,ssp126,2026,28.689,26.076,31.275,0.255,8.0
Dubai,25.2,55.27,ssp126,2027,28.782,25.695,31.321,0.174,8.0
Dubai,25.2,55.27,ssp126,2028,28.772,26.002,31.344,0.294,8.0
Dubai,25.2,55.27,ssp126,2029,28.85,26.38,31.892,0.232,8.0
Dubai,25.2,55.27,ssp126,2030,29.127,26.44,31.688,0.261,8.0
Dubai,25.2,55.27,ssp126,2031,29.019,26.421,31.982,0.127,8.0
Dubai,25.2,55.27,ssp126,2032,28.821,26.402,32.018,0.228,8.0
Dubai,25.2,55.27,ssp126,2033,28.943,26.177,31.704,0.246,8.0
Dubai,25.2,55.27,ssp126,2034,28.929,26.288,31.893,0.277,8.0
Dubai,25.2,55.27,ssp126,2035,29.052,25.99,31.712,0.316,8.0
Dubai,25.2,55.27,ssp126,2036,29.047,26.299,32.264,0.304,8.0
Dubai,25.2,55.27,ssp126,2037,29.38,26.909,32.043,0.175,8.0
Dubai,25.2,55.27,ssp126,2038,29.338,26.733,32.001,0.159,8.0
Dubai,25.2,55.27,ssp126,2039,29.082,26.857,31.676,0.261,8.0
Dubai,25.2,55.27,ssp126,2040,29.097,26.681,31.524,0.21,8.0
Dubai,25.2,55.27,ssp126,2041,29.106,26.836,31.586,0.245,8.0
Dubai,25.2,55.27,ssp126,2042,29.227,26.832,31.985,0.255,8.0
Dubai,25.2,55.27,ssp126,2043,29.477,26.645,32.32,0.179,8.0
Dubai,25.2,55.27,ssp126,2044,29.486,27.16,31.781,0.208,8.0
Dubai,25.2,55.27,ssp126,2045,29.223,26.844,31.811,0.269,8.0
Dubai,25.2,55.27,ssp126,2046,29.578,26.817,32.244,0.246,8.0
Dubai,25.2,55.27,ssp126,2047,29.392,26.251,32.134,0.185,8.0
Dubai,25.2,55.27,ssp126,2048,29.202,26.348,31.444,0.276,8.0
Dubai,25.2,55.27,ssp126,2049,29.272,26.815,32.022,0.254,8.0
Dubai,25.2,55.27,ssp126,2050,29.516,26.716,32.042,0.208,8.0
Dubai,25.2,55.27,ssp126,2051,29.346,27.069,31.911,0.144,8.0
Dubai,25.2,55.27,ssp126,2052,29.47,27.267,31.915,0.248,8.0
Dubai,25.2,55.27,ssp126,2053,29.467,26.772,32.243,0.189,8.0
Dubai,25.2,55.27,ssp126,2054,29.443,27.298,31.752,0.232,8.0
Dubai,25.2,55.27,ssp126,2055,29.218,26.768,32.07,0.322,8.0
Dubai,25.2,55.27,ssp126,2056,29.285,26.747,32.059,0.388,8.0
Dubai,25.2,55.27,ssp126,2057,29.427,27.05,32.027,0.173,8.0
Dubai,25.2,55.27,ssp126,2058,29.148,26.782,31.459,0.212,8.0
Dubai,25.2,55.27,ssp126,2059,29.437,27.064,31.889,0.246,8.0
Dubai,25.2,55.27,ssp126,2060,29.268,26.832,31.79,0.266,8.0
Dubai,25.2,55.27,ssp126,2061,29.477,26.39,32.205,0.189,8.0
Dubai,25.2,55.27,ssp126,2062,29.145,26.685,31.382,0.216,8.0
Dubai,25.2,55.27,ssp126,2063,29.175,26.633,31.62,0.248,8.0
Dubai,25.2,55.27,ssp126,2064,29.506,26.677,32.248,0.202,8.0
Dubai,25.2,55.27,ssp126,2065,29.631,27.419,31.952,0.166,8.0
Dubai,25.2,55.27,ssp126,2066,29.536,27.063,32.035,0.217,8.0
Dubai,25.2,55.27,ssp126,2067,29.393,26.424,32.223,0.273,8.0
Dubai,25.2,55.27,ssp126,2068,29.577,26.792,32.614,0.208,8.0
Dubai,25.2,55.27,ssp126,2069,29.484,26.894,32.095,0.241,8.0
Dubai,25.2,55.27,ssp126,2070,29.402,27.135,31.939,0.273,8.0
Dubai,25.2,55.27,ssp126,2071,29.119,26.355,31.819,0.128,8.0
Dubai,25.2,55.27,ssp126,2072,29.305,26.992,31.906,0.252,8.0
Dubai,25.2,55.27,ssp126,2073,29.226,26.763,31.881,0.28,8.0
Dubai,25.2,55.27,ssp126,2074,29.258,27.012,31.714,0.222,8.0
Dubai,25.2,55.27,ssp126,2075,29.696,27.205,32.663,0.166,8.0
Dubai,25.2,55.27,ssp126,2076,29.291,26.803,32.165,0.167,8.0
Dubai,25.2,55.27,ssp126,2077,29.251,26.894,32.147,0.206,8.0
Dubai,25.2,55.27,ssp126,2078,29.576,26.943,32.455,0.261,8.0
Dubai,25.2,55.27,ssp126,2079,29.421,27.163,31.974,0.237,8.0
Dubai,25.2,55.27,ssp126,2080,29.254,26.671,32.157,0.174,8.0
Dubai,25.2,55.27,ssp126,2081,29.421,26.444,32.445,0.265,8.0
Dubai,25.2,55.27,ssp126,2082,29.589,26.888,32.509,0.191,8.0
Dubai,25.2,55.27,ssp126,2083,29.399,26.948,32.53,0.125,8.0
Dubai,25.2,55.27,ssp126,2084,29.516,27.15,32.262,0.279,8.0
Dubai,25.2,55.27,ssp126,2085,29.435,27.332,31.935,0.179,8.0
Dubai,25.2,55.27,ssp126,2086,29.5,27.137,32.221,0.185,8.0
Dubai,25.2,55.27,ssp126,2087,29.222,26.564,32.061,0.214,8.0
Dubai,25.2,55.27,ssp126,2088,29.412,27.118,32.323,0.162,8.0
Dubai,25.2,55.27,ssp126,2089,29.333,26.96,32.066,0.224,8.0
Dubai,25.2,55.27,ssp126,2090,29.347,26.962,32.077,0.201,8.0
Dubai,25.2,55.27,ssp126,2091,29.327,26.794,31.74,0.228,8.0
Dubai,25.2,55.27,ssp126,2092,29.167,26.15,32.328,0.194,8.0
Dubai,25.2,55.27,ssp126,2093,29.262,26.174,32.069,0.296,8.0
Dubai,25.2,55.27,ssp126,2094,29.429,27.114,32.095,0.179,8.0
Dubai,25.2,55.27,ssp126,2095,29.372,26.87,32.079,0.216,8.0
Dubai,25.2,55.27,ssp126,2096,29.42,26.934,32.318,0.189,8.0
Dubai,25.2,55.27,ssp126,2097,29.324,27.058,32.279,0.216,8.0
Dubai,25.2,55.27,ssp126,2098,29.328,26.678,32.156,0.229,8.0
Dubai,25.2,55.27,ssp126,2099,29.255,26.7,31.971,0.138,8.0
Dubai,25.2,55.27,ssp126,2100,29.283,26.587,32.494,0.258,8.0
Dubai,25.2,55.27,ssp245,2015,28.495,25.622,31.133,0.208,8.0
Dubai,25.2,55.27,ssp245,2016,28.356,26.177,30.965,0.207,8.0
Dubai,25.2,55.27,ssp245,2017,28.44,25.802,31.242,0.262,8.0
Dubai,25.2,55.27,ssp245,2018,28.311,25.359,30.661,0.293,8.0
Dubai,25.2,55.27,ssp245,2019,28.418,25.864,31.119,0.204,8.0
Dubai,25.2,55.27,ssp245,2020,28.519,25.708,31.194,0.221,8.0
Dubai,25.2,55.27,ssp245,2021,28.623,25.932,31.166,0.251,8.0
Dubai,25.2,55.27,ssp245,2022,28.522,26.004,30.954,0.223,8.0
Dubai,25.2,55.27,ssp245,2023,28.801,26.595,31.502,0.225,8.0
Dubai,25.2,55.27,ssp245,2024,28.659,26.292,31.051,0.166,8.0
Dubai,25.2,55.27,ssp245,2025,28.805,26.276,31.19,0.271,8.0
Dubai,25.2,55.27,ssp245,2026,28.7,25.953,31.537,0.201,8.0
Dubai,25.2,55.27,ssp245,2027,28.626,26.381,31.064,0.256,8.0
Dubai,25.2,55.27,ssp245,2028,28.722,26.027,31.568,0.149,8.0
Dubai,25.2,55.27,ssp245,2029,28.866,26.447,31.228,0.244,8.0
Dubai,25.2,55.27,ssp245,2030,28.606,26.374,30.868,0.336,8.0
Dubai,25.2,55.27,ssp245,2031,28.629,26.209,31.592,0.297,8.0
Dubai,25.2,55.27,ssp245,2032,28.961,26.633,31.637,0.189,8.0
Dubai,25.2,55.27,ssp245,2033,28.964,26.583,31.429,0.321,8.0
Dubai,25.2,55.27,ssp245,2034,29.039,26.492,31.893,0.263,8.0
Dubai,25.2,55.27,ssp245,2035,28.895,26.238,31.464,0.202,8.0
Dubai,25.2,55.27,ssp245,2036,29.004,26.103,32.321,0.255,8.0
Dubai,25.2,55.27,ssp245,2037,28.995,26.261,32.023,0.186,8.0
Dubai,25.2,55.27,ssp245,2038,29.077,26.573,31.935,0.317,8.0
Dubai,25.2,55.27,ssp245,2039,29.308,26.638,31.919,0.171,8.0
Dubai,25.2,55.27,ssp245,2040,28.052,26.659,29.401,0.245,7.0
Dubai,25.2,55.27,ssp245,2041,27.944,26.416,29.531,0.211,7.0
Dubai,25.2,55.27,ssp245,2042,28.306,26.493,29.822,0.333,7.0
Dubai,25.2,55.27,ssp245,2043,28.447,26.935,29.714,0.16,7.0
Dubai,25.2,55.27,ssp245,2044,28.464,26.98,29.604,0.16,7.0
Dubai,25.2,55.27,ssp245,2045,28.313,26.68,30.009,0.218,7.0
Dubai,25.2,55.27,ssp245,2046,28.434,26.944,29.743,0.198,7.0
Dubai,25.2,55.27,ssp245,2047,28.457,26.723,29.922,0.262,7.0
Dubai,25.2,55.27,ssp245,2048,28.534,26.935,29.88,0.184,7.0
Dubai,25.2,55.27,ssp245,2049,28.459,26.853,30.04,0.28,7.0
Dubai,25.2,55.27,ssp245,2050,28.554,26.865,30.178,0.213,7.0
Dubai,25.2,55.27,ssp245,2051,28.628,26.756,30.214,0.082,7.0
Dubai,25.2,55.27,ssp245,2052,28.566,27.373,29.638,0.168,7.0
Dubai,25.2,55.27,ssp245,2053,28.728,27.32,29.851,0.239,7.0
Dubai,25.2,55.27,ssp245,2054,28.706,27.154,30.141,0.163,7.0
Dubai,25.2,55.27,ssp245,2055,28.471,26.68,29.754,0.261,7.0
Dubai,25.2,55.27,ssp245,2056,28.751,27.158,29.915,0.249,7.0
Dubai,25.2,55.27,ssp245,2057,28.729,27.328,29.924,0.331,7.0
Dubai,25.2,55.27,ssp245,2058,28.808,27.392,29.959,0.195,7.0
Dubai,25.2,55.27,ssp245,2059,28.723,27.234,30.071,0.144,7.0
Dubai,25.2,55.27,ssp245,2060,28.718,27.234,30.383,0.188,7.0
Dubai,25.2,55.27,ssp245,2061,28.63,26.903,30.075,0.241,7.0
Dubai,25.2,55.27,ssp245,2062,28.945,27.569,30.052,0.235,7.0
Dubai,25.2,55.27,ssp245,2063,28.903,27.406,30.353,0.135,7.0
Dubai,25.2,55.27,ssp245,2064,29.124,27.867,30.404,0.194,7.0
Dubai,25.2,55.27,ssp245,2065,29.094,27.957,30.417,0.239,7.0
Dubai,25.2,55.27,ssp245,2066,28.954,27.345,30.322,0.265,7.0
Dubai,25.2,55.27,ssp245,2067,29.073,27.532,30.409,0.196,7.0
Dubai,25.2,55.27,ssp245,2068,28.927,27.689,30.378,0.211,7.0
Dubai,25.2,55.27,ssp245,2069,28.851,26.878,30.079,0.201,7.0
Dubai,25.2,55.27,ssp245,2070,28.983,27.497,30.53,0.176,7.0
Dubai,25.2,55.27,ssp245,2071,28.876,27.04,30.649,0.311,7.0
Dubai,25.2,55.27,ssp245,2072,28.95,27.642,30.141,0.167,7.0
Dubai,25.2,55.27,ssp245,2073,28.835,27.108,30.262,0.287,7.0
Dubai,25.2,55.27,ssp245,2074,29.215,27.702,30.75,0.239,7.0
Dubai,25.2,55.27,ssp245,2075,29.278,27.679,30.672,0.238,7.0
Dubai,25.2,55.27,ssp245,2076,29.003,27.608,30.164,0.195,7.0
Dubai,25.2,55.27,ssp245,2077,29.266,28.098,30.638,0.277,7.0
Dubai,25.2,55.27,ssp245,2078,29.13,27.918,30.284,0.18,7.0
Dubai,25.2,55.27,ssp245,2079,29.493,28.197,30.774,0.194,7.0
Dubai,25.2,55.27,ssp245,2080,29.338,27.858,30.619,0.22,7.0
Dubai,25.2,55.27,ssp245,2081,29.47,27.974,30.859,0.161,7.0
Dubai,25.2,55.27,ssp245,2082,29.481,28.278,30.717,0.251,7.0
Dubai,25.2,55.27,ssp245,2083,29.47,27.955,30.705,0.208,7.0
Dubai,25.2,55.27,ssp245,2084,29.419,28.082,30.685,0.153,7.0
Dubai,25.2,55.27,ssp245,2085,29.656,28.068,31.059,0.289,7.0
Dubai,25.2,55.27,ssp245,2086,29.558,28.355,30.732,0.225,7.0
Dubai,25.2,55.27,ssp245,2087,29.58,28.176,30.864,0.166,7.0
Dubai,25.2,55.27,ssp245,2088,29.336,28.05,30.824,0.193,7.0
Dubai,25.2,55.27,ssp245,2089,29.625,28.396,30.791,0.375,7.0
Dubai,25.2,55.27,ssp245,2090,29.65,28.128,30.998,0.247,7.0
Dubai,25.2,55.27,ssp245,2091,29.45,27.857,30.966,0.21,7.0
Dubai,25.2,55.27,ssp245,2092,29.564,28.378,30.871,0.241,7.0
Dubai,25.2,55.27,ssp245,2093,29.444,28.021,30.891,0.194,7.0
Dubai,25.2,55.27,ssp245,2094,29.715,28.265,30.897,0.222,7.0
Dubai,25.2,55.27,ssp245,2095,29.54,28.324,30.998,0.255,7.0
Dubai,25.2,55.27,ssp245,2096,29.548,28.056,30.77,0.313,7.0
Dubai,25.2,55.27,ssp245,2097,29.565,28.275,30.642,0.272,7.0
Dubai,25.2,55.27,ssp245,2098,29.685,28.426,31.052,0.227,7.0
Dubai,25.2,55.27,ssp245,2099,29.904,28.678,31.025,0.312,7.0
Dubai,25.2,55.27,ssp245,2100,29.86,28.652,31.022,0.256,7.0
Dubai,25.2,55.27,ssp585,2015,28.485,25.899,31.032,0.304,8.0
Dubai,25.2,55.27,ssp585,2016,28.351,25.804,30.784,0.149,8.0
Dubai,25.2,55.27,ssp585,2017,28.265,25.542,30.879,0.164,8.0
Dubai,25.2,55.27,ssp585,2018,28.563,25.848,31.069,0.197,8.0
Dubai,25.2,55.27,ssp585,2019,28.697,25.986,31.186,0.289,8.0
Dubai,25.2,55.27,ssp585,2020,28.989,26.442,31.647,0.188,8.0
Dubai,25.2,55.27,ssp585,2021,28.627,26.014,30.913,0.178,8.0
Dubai,25.2,55.27,ssp585,2022,28.744,26.303,31.386,0.204,8.0
Dubai,25.2,55.27,ssp585,2023,28.902,25.919,31.387,0.239,8.0
Dubai,25.2,55.27,ssp585,2024,28.424,25.934,31.164,0.239,8.0
Dubai,25.2,55.27,ssp585,2025,28.668,26.379,31.418,0.335,8.0
Dubai,25.2,55.27,ssp585,2026,28.74,25.895,31.632,0.211,8.0
Dubai,25.2,55.27,ssp585,2027,28.881,26.61,31.229,0.257,8.0
Dubai,25.2,55.27,ssp585,2028,28.793,26.514,31.205,0.225,8.0
Dubai,25.2,55.27,ssp585,2029,28.795,26.365,31.333,0.145,8.0
Dubai,25.2,55.27,ssp585,2030,28.889,26.4,31.735,0.279,8.0
Dubai,25.2,55.27,ssp585,2031,28.905,26.779,31.16,0.234,8.0
Dubai,25.2,55.27,ssp585,2032,29.013,26.339,31.631,0.245,8.0
Dubai,25.2,55.27,ssp585,2033,29.204,26.355,31.853,0.234,8.0
Dubai,25.2,55.27,ssp585,2034,29.295,26.8,31.952,0.127,8.0
Dubai,25.2,55.27,ssp585,2035,29.302,26.798,31.759,0.231,8.0
Dubai,25.2,55.27,ssp585,2036,29.103,26.564,31.812,0.341,8.0
Dubai,25.2,55.27,ssp585,2037,29.414,26.844,32.147,0.276,8.0
Dubai,25.2,55.27,ssp585,2038,29.47,27.111,32.088,0.21,8.0
Dubai,25.2,55.27,ssp585,2039,29.381,27.007,32.135,0.319,8.0
Dubai,25.2,55.27,ssp585,2040,29.492,27.234,32.004,0.281,8.0
Dubai,25.2,55.27,ssp585,2041,29.68,27.275,32.391,0.204,8.0
Dubai,25.2,55.27,ssp585,2042,29.694,27.28,32.173,0.159,8.0
Dubai,25.2,55.27,ssp585,2043,29.716,27.442,32.517,0.219,8.0
Dubai,25.2,55.27,ssp585,2044,29.675,27.466,32.028,0.197,8.0
Dubai,25.2,55.27,ssp585,2045,29.6,27.15,32.202,0.18,8.0
Dubai,25.2,55.27,ssp585,2046,29.687,27.18,32.424,0.273,8.0
Dubai,25.2,55.27,ssp585,2047,29.95,27.556,32.792,0.223,8.0
Dubai,25.2,55.27,ssp585,2048,29.973,27.409,33.057,0.236,8.0
Dubai,25.2,55.27,ssp585,2049,30.278,28.108,32.889,0.265,8.0
Dubai,25.2,55.27,ssp585,2050,30.311,28.103,32.637,0.257,8.0
Dubai,25.2,55.27,ssp585,2051,30.168,27.388,33.279,0.267,8.0
Dubai,25.2,55.27,ssp585,2052,30.165,27.782,33.066,0.308,8.0
Dubai,25.2,55.27,ssp585,2053,30.338,28.098,32.845,0.236,8.0
Dubai,25.2,55.27,ssp585,2054,30.659,28.436,33.242,0.187,8.0
Dubai,25.2,55.27,ssp585,2055,30.332,28.042,33.561,0.149,8.0
Dubai,25.2,55.27,ssp585,2056,30.655,28.006,33.518,0.282,8.0
Dubai,25.2,55.27,ssp585,2057,30.571,28.084,33.624,0.269,8.0
Dubai,25.2,55.27,ssp585,2058,31.069,28.785,34.099,0.156,8.0
Dubai,25.2,55.27,ssp585,2059,30.865,28.248,33.901,0.412,8.0
Dubai,25.2,55.27,ssp585,2060,30.488,28.127,33.186,0.233,8.0
Dubai,25.2,55.27,ssp585,2061,31.063,28.768,33.847,0.32,8.0
Dubai,25.2,55.27,ssp585,2062,30.928,28.279,33.803,0.297,8.0
Dubai,25.2,55.27,ssp585,2063,31.199,28.746,33.845,0.296,8.0
Dubai,25.2,55.27,ssp585,2064,31.056,28.771,34.305,0.292,8.0
Dubai,25.2,55.27,ssp585,2065,31.145,28.477,34.167,0.24,8.0
Dubai,25.2,55.27,ssp585,2066,31.259,29.049,34.137,0.257,8.0
Dubai,25.2,55.27,ssp585,2067,31.634,29.0,34.574,0.272,8.0
Dubai,25.2,55.27,ssp585,2068,31.226,29.192,34.399,0.245,8.0
Dubai,25.2,55.27,ssp585,2069,31.58,29.105,34.178,0.237,8.0
Dubai,25.2,55.27,ssp585,2070,31.319,29.096,34.289,0.244,8.0
Dubai,25.2,55.27,ssp585,2071,31.56,29.096,34.645,0.329,8.0
Dubai,25.2,55.27,ssp585,2072,31.536,29.287,34.649,0.253,8.0
Dubai,25.2,55.27,ssp585,2073,31.781,29.444,34.716,0.245,8.0
Dubai,25.2,55.27,ssp585,2074,31.701,29.437,34.185,0.31,8.0
Dubai,25.2,55.27,ssp585,2075,32.097,30.021,34.603,0.33,8.0
Dubai,25.2,55.27,ssp585,2076,32.145,29.534,35.155,0.217,8.0
Dubai,25.2,55.27,ssp585,2077,31.968,29.999,34.656,0.188,8.0
Dubai,25.2,55.27,ssp585,2078,32.073,29.986,34.887,0.301,8.0
Dubai,25.2,55.27,ssp585,2079,32.315,29.992,35.388,0.258,8.0
Dubai,25.2,55.27,ssp585,2080,32.205,30.014,35.248,0.315,8.0
Dubai,25.2,55.27,ssp585,2081,32.476,29.983,35.493,0.298,8.0
Dubai,25.2,55.27,ssp585,2082,32.539,30.425,35.17,0.274,8.0
Dubai,25.2,55.27,ssp585,2083,32.338,30.102,35.023,0.335,8.0
Dubai,25.2,55.27,ssp585,2084,32.899,30.797,35.702,0.225,8.0
Dubai,25.2,55.27,ssp585,2085,32.667,30.352,35.411,0.314,8.0
Dubai,25.2,55.27,ssp585,2086,32.998,30.679,35.944,0.245,8.0
Dubai,25.2,55.27,ssp585,2087,32.901,30.551,35.409,0.316,8.0
Dubai,25.2,55.27,ssp585,2088,33.042,30.904,36.139,0.24,8.0
Dubai,25.2,55.27,ssp585,2089,32.968,30.917,36.057,0.374,8.0
Dubai,25.2,55.27,ssp585,2090,32.945,30.902,36.045,0.268,8.0
Dubai,25.2,55.27,ssp585,2091,33.139,31.177,35.842,0.344,8.0
Dubai,25.2,55.27,ssp585,2092,33.509,31.086,36.29,0.22,8.0
Dubai,25.2,55.27,ssp585,2093,33.614,31.413,36.532,0.233,8.0
Dubai,25.2,55.27,ssp585,2094,33.567,31.263,36.467,0.308,8.0
Dubai,25.2,55.27,ssp585,2095,33.656,31.635,36.626,0.393,8.0
Dubai,25.2,55.27,ssp585,2096,33.924,31.799,36.988,0.359,8.0
Dubai,25.2,55.27,ssp585,2097,33.884,31.546,37.107,0.268,8.0
Dubai,25.2,55.27,ssp585,2098,34.021,31.763,37.213,0.412,8.0
Dubai,25.2,55.27,ssp585,2099,33.889,31.807,36.308,0.351,8.0
Dubai,25.2,55.27,ssp585,2100,34.053,31.994,36.903,0.389,8.0
Helsinki,60.17,24.94,historical,1850,2.903,0.541,5.311,1.882,8.0
Helsinki,60.17,24.94,historical,1851,3.305,1.705,5.174,1.936,8.0
Helsinki,60.17,24.94,historical,1852,2.79,1.037,4.385,1.823,8.0
Helsinki,60.17,24.94,historical,1853,2.439,0.73,4.168,1.89,8.0
Helsinki,60.17,24.94,historical,1854,3.394,1.835,4.852,1.89,8.0
Helsinki,60.17,24.94,historical,1855,3.075,1.435,4.649,1.769,8.0
Helsinki,60.17,24.94,historical,1856,3.174,1.229,4.4,1.898,8.0
Helsinki,60.17,24.94,historical,1857,3.419,1.495,5.364,1.897,8.0
Helsinki,60.17,24.94,historical,1858,3.543,2.264,4.712,1.941,8.0
Helsinki,60.17,24.94,historical,1859,3.267,0.873,5.813,1.902,8.0
Helsinki,60.17,24.94,historical,1860,3.351,0.611,5.758,1.969,8.0
Helsinki,60.17,24.94,historical,1861,3.596,2.071,4.641,2.057,8.0
Helsinki,60.17,24.94,historical,1862,3.413,2.094,5.099,1.877,8.0
Helsinki,60.17,24.94,historical,1863,3.25,1.816,4.626,1.924,8.0
Helsinki,60.17,24.94,historical,1864,3.312,2.09,4.56,1.951,8.0
Helsinki,60.17,24.94,historical,1865,3.202,1.831,4.406,1.96,8.0
Helsinki,60.17,24.94,historical,1866,2.926,1.403,4.987,1.842,8.0
Helsinki,60.17,24.94,historical,1867,3.034,1.352,4.776,1.807,8.0
Helsinki,60.17,24.94,historical,1868,3.218,1.415,5.543,1.991,8.0
Helsinki,60.17,24.94,historical,1869,3.263,1.467,5.463,1.829,8.0
Helsinki,60.17,24.94,historical,1870,3.294,0.935,5.513,2.002,8.0
Helsinki,60.17,24.94,historical,1871,3.624,2.293,5.201,1.999,8.0
Helsinki,60.17,24.94,historical,1872,3.762,1.073,6.081,1.903,8.0
Helsinki,60.17,24.94,historical,1873,3.665,0.844,6.72,1.917,8.0
Helsinki,60.17,24.94,historical,1874,3.994,2.705,5.213,1.861,8.0
Helsinki,60.17,24.94,historical,1875,3.503,1.177,5.774,1.917,8.0
Helsinki,60.17,24.94,historical,1876,3.066,0.932,6.027,1.851,8.0
Helsinki,60.17,24.94,historical,1877,3.13,-0.124,5.306,2.015,8.0
Helsinki,60.17,24.94,historical,1878,3.424,0.493,6.025,1.966,8.0
Helsinki,60.17,24.94,historical,1879,3.679,0.873,6.763,1.881,8.0
Helsinki,60.17,24.94,historical,1880,4.344,1.974,6.868,1.981,8.0
Helsinki,60.17,24.94,historical,1881,3.748,0.533,6.626,1.825,8.0
Helsinki,60.17,24.94,historical,1882,3.382,0.293,6.333,1.836,8.0
Helsinki,60.17,24.94,historical,1883,3.58,1.058,6.084,1.864,8.0
Helsinki,60.17,24.94,historical,1884,3.109,0.686,5.388,1.769,8.0
Helsinki,60.17,24.94,historical,1885,2.749,0.815,4.335,1.949,8.0
Helsinki,60.17,24.94,historical,1886,2.868,1.205,4.339,1.799,8.0
Helsinki,60.17,24.94,historical,1887,2.891,-0.241,5.146,1.766,8.0
Helsinki,60.17,24.94,historical,1888,3.421,1.083,5.548,1.906,8.0
Helsinki,60.17,24.94,historical,1889,3.859,1.758,5.813,1.841,8.0
Helsinki,60.17,24.94,historical,1890,3.181,0.685,4.79,1.921,8.0
Helsinki,60.17,24.94,historical,1891,3.216,-0.112,5.442,1.917,8.0
Helsinki,60.17,24.94,historical,1892,3.784,1.256,6.176,1.854,8.0
Helsinki,60.17,24.94,historical,1893,3.856,2.472,5.604,1.873,8.0
Helsinki,60.17,24.94,historical,1894,3.431,1.378,4.792,1.886,8.0
Helsinki,60.17,24.94,historical,1895,3.652,1.838,5.637,1.897,8.0
Helsinki,60.17,24.94,historical,1896,3.209,0.627,5.244,1.757,8.0
Helsinki,60.17,24.94,historical,1897,3.817,2.342,5.649,1.977,8.0
Helsinki,60.17,24.94,historical,1898,3.958,2.198,5.532,1.877,8.0
Helsinki,60.17,24.94,historical,1899,3.521,1.296,5.729,1.907,8.0
Helsinki,60.17,24.94,historical,1900,3.395,1.835,4.626,1.852,8.0
Helsinki,60.17,24.94,historical,1901,3.38,1.578,4.699,1.907,8.0
Helsinki,60.17,24.94,historical,1902,3.865,2.785,5.056,1.905,8.0
Helsinki,60.17,24.94,historical,1903,3.242,1.372,5.096,1.791,8.0
Helsinki,60.17,24.94,historical,1904,2.576,1.363,3.79,1.903,8.0
Helsinki,60.17,24.94,historical,1905,3.297,0.804,4.961,1.873,8.0
Helsinki,60.17,24.94,historical,1906,3.271,1.485,4.728,1.831,8.0
Helsinki,60.17,24.94,historical,1907,3.615,1.437,5.67,2.008,8.0
Helsinki,60.17,24.94,historical,1908,3.189,1.633,4.59,1.924,8.0
Helsinki,60.17,24.94,historical,1909,3.651,0.945,5.916,1.91,8.0
Helsinki,60.17,24.94,historical,1910,4.04,1.791,6.356,1.922,8.0
Helsinki,60.17,24.94,historical,1911,3.468,0.469,5.998,1.913,8.0
Helsinki,60.17,24.94,historical,1912,2.896,0.977,4.582,1.949,8.0
Helsinki,60.17,24.94,historical,1913,3.219,1.126,4.729,1.84,8.0
Helsinki,60.17,24.94,historical,1914,3.026,1.298,4.857,1.83,8.0
Helsinki,60.17,24.94,historical,1915,3.036,0.839,4.532,2.029,8.0
Helsinki,60.17,24.94,historical,1916,3.205,0.968,5.045,1.787,8.0
Helsinki,60.17,24.94,historical,1917,3.365,0.925,5.794,1.88,8.0
Helsinki,60.17,24.94,historical,1918,3.19,0.088,5.716,1.901,8.0
Helsinki,60.17,24.94,historical,1919,3.144,1.148,5.126,1.991,8.0
Helsinki,60.17,24.94,historical,1920,3.666,1.268,5.967,1.894,8.0
Helsinki,60.17,24.94,historical,1921,3.791,1.042,6.29,1.835,8.0
Helsinki,60.17,24.94,historical,1922,3.496,1.399,5.762,1.87,8.0
Helsinki,60.17,24.94,historical,1923,3.067,1.595,5.279,1.829,8.0
Helsinki,60.17,24.94,historical,1924,2.908,1.261,4.614,1.872,8.0
Helsinki,60.17,24.94,historical,1925,3.123,1.159,5.033,1.992,8.0
Helsinki,60.17,24.94,historical,1926,2.57,0.742,5.008,1.954,8.0
Helsinki,60.17,24.94,historical,1927,3.913,2.357,5.404,1.803,8.0
Helsinki,60.17,24.94,historical,1928,3.872,1.621,5.829,1.871,8.0
Helsinki,60.17,24.94,historical,1929,3.176,1.364,4.761,1.933,8.0
Helsinki,60.17,24.94,historical,1930,3.304,1.36,5.096,1.933,8.0
Helsinki,60.17,24.94,historical,1931,4.594,3.318,5.765,1.952,8.0
Helsinki,60.17,24.94,historical,1932,3.566,1.257,6.25,1.886,8.0
Helsinki,60.17,24.94,historical,1933,3.438,1.086,5.152,2.036,8.0
Helsinki,60.17,24.94,historical,1934,3.853,2.482,5.163,1.77,8.0
Helsinki,60.17,24.94,historical,1935,3.586,1.294,5.6,1.729,8.0
Helsinki,60.17,24.94,historical,1936,3.169,1.218,4.691,1.874,8.0
Helsinki,60.17,24.94,historical,1937,3.508,1.128,5.472,1.988,8.0
Helsinki,60.17,24.94,historical,1938,3.144,1.3,4.885,1.885,8.0
Helsinki,60.17,24.94,historical,1939,2.988,0.354,4.843,1.987,8.0
Helsinki,60.17,24.94,historical,1940,3.568,2.281,5.163,2.03,8.0
Helsinki,60.17,24.94,historical,1941,2.323,0.528,3.95,1.829,8.0
Helsinki,60.17,24.94,historical,1942,3.407,1.2,5.522,1.842,8.0
Helsinki,60.17,24.94,historical,1943,3.963,1.503,6.013,1.97,8.0
Helsinki,60.17,24.94,historical,1944,3.825,2.51,5.585,1.716,8.0
Helsinki,60.17,24.94,historical,1945,2.53,1.23,3.871,1.862,8.0
Helsinki,60.17,24.94,historical,1946,3.154,0.11,5.577,1.702,8.0
Helsinki,60.17,24.94,historical,1947,3.068,0.759,5.011,1.838,8.0
Helsinki,60.17,24.94,historical,1948,3.694,1.523,5.651,1.856,8.0
Helsinki,60.17,24.94,historical,1949,3.198,0.686,4.945,1.866,8.0
Helsinki,60.17,24.94,historical,1950,3.177,0.254,5.376,1.897,8.0
Helsinki,60.17,24.94,historical,1951,3.344,1.77,4.86,1.946,8.0
Helsinki,60.17,24.94,historical,1952,3.395,2.257,5.318,1.787,8.0
Helsinki,60.17,24.94,historical,1953,3.105,1.124,5.231,1.814,8.0
Helsinki,60.17,24.94,historical,1954,3.381,1.487,4.806,1.946,8.0
Helsinki,60.17,24.94,historical,1955,4.004,2.07,5.929,1.901,8.0
Helsinki,60.17,24.94,historical,1956,3.474,1.66,5.432,1.822,8.0
Helsinki,60.17,24.94,historical,1957,3.622,1.44,5.484,1.936,8.0
Helsinki,60.17,24.94,historical,1958,3.265,0.622,5.493,1.941,8.0
Helsinki,60.17,24.94,historical,1959,3.55,2.275,4.808,1.919,8.0
Helsinki,60.17,24.94,historical,1960,3.739,2.213,6.376,1.871,8.0
Helsinki,60.17,24.94,historical,1961,3.749,1.236,5.818,2.087,8.0
Helsinki,60.17,24.94,historical,1962,3.214,0.909,4.839,1.766,8.0
Helsinki,60.17,24.94,historical,1963,3.882,0.708,6.162,1.927,8.0
Helsinki,60.17,24.94,historical,1964,3.931,0.908,5.671,1.934,8.0
Helsinki,60.17,24.94,historical,1965,2.842,0.962,4.759,1.923,8.0
Helsinki,60.17,24.94,historical,1966,3.387,0.475,4.78,1.888,8.0
Helsinki,60.17,24.94,historical,1967,3.26,1.583,4.389,1.893,8.0
Helsinki,60.17,24.94,historical,1968,3.514,1.121,5.15,1.885,8.0
Helsinki,60.17,24.94,historical,1969,3.185,1.664,4.757,1.892,8.0
Helsinki,60.17,24.94,historical,1970,2.761,0.921,4.649,1.795,8.0
Helsinki,60.17,24.94,historical,1971,3.385,1.507,4.992,1.892,8.0
Helsinki,60.17,24.94,historical,1972,2.891,1.594,4.487,1.874,8.0
Helsinki,60.17,24.94,historical,1973,3.11,1.146,4.66,1.895,8.0
Helsinki,60.17,24.94,historical,1974,3.577,1.87,4.92,1.825,8.0
Helsinki,60.17,24.94,historical,1975,3.124,1.117,4.705,1.863,8.0
Helsinki,60.17,24.94,historical,1976,3.421,1.127,5.088,1.826,8.0
Helsinki,60.17,24.94,historical,1977,3.329,0.781,5.198,1.766,8.0
Helsinki,60.17,24.94,historical,1978,2.403,0.18,4.075,1.915,8.0
Helsinki,60.17,24.94,historical,1979,3.114,0.908,4.823,1.818,8.0
Helsinki,60.17,24.94,historical,1980,3.247,1.356,5.421,1.897,8.0
Helsinki,60.17,24.94,historical,1981,3.124,-0.099,6.008,1.841,8.0
Helsinki,60.17,24.94,historical,1982,3.31,0.485,5.69,1.843,8.0
Helsinki,60.17,24.94,historical,1983,3.66,1.808,5.283,1.771,8.0
Helsinki,60.17,24.94,historical,1984,3.515,2.344,4.806,1.891,8.0
Helsinki,60.17,24.94,historical,1985,3.461,2.15,4.533,1.983,8.0
Helsinki,60.17,24.94,historical,1986,3.725,1.375,5.733,1.971,8.0
Helsinki,60.17,24.94,historical,1987,3.62,0.965,5.496,1.883,8.0
Helsinki,60.17,24.94,historical,1988,3.301,1.265,4.597,1.917,8.0
Helsinki,60.17,24.94,historical,1989,3.963,2.75,5.133,2.007,8.0
Helsinki,60.17,24.94,historical,1990,3.884,1.227,6.052,2.048,8.0
Helsinki,60.17,24.94,historical,1991,4.186,1.347,7.241,1.866,8.0
Helsinki,60.17,24.94,historical,1992,3.376,1.973,5.091,1.877,8.0
Helsinki,60.17,24.94,historical,1993,3.398,0.038,5.754,1.879,8.0
Helsinki,60.17,24.94,historical,1994,3.621,1.263,5.741,1.923,8.0
Helsinki,60.17,24.94,historical,1995,3.925,2.489,5.243,2.013,8.0
Helsinki,60.17,24.94,historical,1996,4.049,2.592,5.078,1.984,8.0
Helsinki,60.17,24.94,historical,1997,3.7,2.263,5.295,1.906,8.0
Helsinki,60.17,24.94,historical,1998,4.208,1.776,5.639,1.883,8.0
Helsinki,60.17,24.94,historical,1999,4.008,1.067,6.173,1.844,8.0
Helsinki,60.17,24.94,historical,2000,4.78,2.162,7.437,2.069,8.0
Helsinki,60.17,24.94,historical,2001,4.634,3.087,6.894,1.83,8.0
Helsinki,60.17,24.94,historical,2002,4.328,1.486,6.185,1.979,8.0
Helsinki,60.17,24.94,historical,2003,4.154,1.665,6.18,1.899,8.0
Helsinki,60.17,24.94,historical,2004,4.208,1.839,6.263,1.901,8.0
Helsinki,60.17,24.94,historical,2005,4.527,2.81,5.677,2.015,8.0
Helsinki,60.17,24.94,historical,2006,4.867,2.625,6.594,2.025,8.0
Helsinki,60.17,24.94,historical,2007,4.946,2.104,7.125,1.972,8.0
Helsinki,60.17,24.94,historical,2008,5.283,3.127,7.655,2.09,8.0
Helsinki,60.17,24.94,historical,2009,5.001,2.029,7.392,2.07,8.0
Helsinki,60.17,24.94,historical,2010,5.246,2.209,6.833,1.979,8.0
Helsinki,60.17,24.94,historical,2011,5.256,3.477,6.681,1.99,8.0
Helsinki,60.17,24.94,historical,2012,5.237,2.895,8.068,1.936,8.0
Helsinki,60.17,24.94,historical,2013,5.028,4.079,6.19,1.94,8.0
Helsinki,60.17,24.94,historical,2014,5.276,2.865,7.49,2.029,8.0
Helsinki,60.17,24.94,ssp126,2015,5.156,3.075,7.682,2.107,8.0
Helsinki,60.17,24.94,ssp126,2016,6.027,4.008,8.486,1.915,8.0
Helsinki,60.17,24.94,ssp126,2017,5.126,3.354,7.69,1.935,8.0
Helsinki,60.17,24.94,ssp126,2018,5.471,3.824,7.512,2.067,8.0
Helsinki,60.17,24.94,ssp126,2019,5.691,3.804,7.317,2.017,8.0
Helsinki,60.17,24.94,ssp126,2020,5.623,3.92,8.296,2.012,8.0
Helsinki,60.17,24.94,ssp126,2021,5.034,2.692,7.205,2.035,8.0
Helsinki,60.17,24.94,ssp126,2022,5.252,3.3,7.115,1.92,8.0
Helsinki,60.17,24.94,ssp126,2023,5.73,3.619,7.871,1.958,8.0
Helsinki,60.17,24.94,ssp126,2024,5.959,4.09,7.482,1.984,8.0
Helsinki,60.17,24.94,ssp126,2025,5.551,4.592,6.313,1.964,8.0
Helsinki,60.17,24.94,ssp126,2026,5.167,2.594,7.741,1.964,8.0
Helsinki,60.17,24.94,ssp126,2027,5.631,3.759,7.4,2.142,8.0
Helsinki,60.17,24.94,ssp126,2028,6.22,4.164,7.894,1.977,8.0
Helsinki,60.17,24.94,ssp126,2029,6.321,5.202,7.595,2.037,8.0
Helsinki,60.17,24.94,ssp126,2030,5.942,4.497,7.608,2.158,8.0
Helsinki,60.17,24.94,ssp126,2031,6.28,4.598,7.92,2.204,8.0
Helsinki,60.17,24.94,ssp126,2032,5.939,4.288,7.209,2.056,8.0
Helsinki,60.17,24.94,ssp126,2033,6.509,4.132,8.735,2.024,8.0
Helsinki,60.17,24.94,ssp126,2034,5.796,3.924,7.641,2.067,8.0
Helsinki,60.17,24.94,ssp126,2035,6.01,4.316,8.606,2.058,8.0
Helsinki,60.17,24.94,ssp126,2036,5.327,3.315,6.981,1.974,8.0
Helsinki,60.17,24.94,ssp126,2037,5.599,3.834,7.586,1.92,8.0
Helsinki,60.17,24.94,ssp126,2038,5.982,4.495,7.459,2.15,8.0
Helsinki,60.17,24.94,ssp126,2039,5.434,2.688,8.299,2.029,8.0
Helsinki,60.17,24.94,ssp126,2040,6.337,4.057,8.547,1.946,8.0
Helsinki,60.17,24.94,ssp126,2041,6.956,5.112,8.554,1.994,8.0
Helsinki,60.17,24.94,ssp126,2042,7.051,4.7,8.481,2.02,8.0
Helsinki,60.17,24.94,ssp126,2043,5.995,3.33,9.094,2.153,8.0
Helsinki,60.17,24.94,ssp126,2044,6.404,3.983,8.158,2.045,8.0
Helsinki,60.17,24.94,ssp126,2045,6.426,4.322,8.103,1.94,8.0
Helsinki,60.17,24.94,ssp126,2046,6.262,4.618,7.99,2.069,8.0
Helsinki,60.17,24.94,ssp126,2047,6.001,4.446,7.513,2.02,8.0
Helsinki,60.17,24.94,ssp126,2048,6.327,4.537,7.789,1.999,8.0
Helsinki,60.17,24.94,ssp126,2049,6.635,5.314,8.086,2.072,8.0
Helsinki,60.17,24.94,ssp126,2050,6.495,3.867,8.865,1.908,8.0
Helsinki,60.17,24.94,ssp126,2051,5.893,3.671,8.034,1.948,8.0
Helsinki,60.17,24.94,ssp126,2052,6.646,5.278,8.128,1.975,8.0
Helsinki,60.17,24.94,ssp126,2053,6.709,4.138,8.856,2.147,8.0
Helsinki,60.17,24.94,ssp126,2054,6.546,4.422,8.363,2.075,8.0
Helsinki,60.17,24.94,ssp126,2055,6.894,5.503,8.329,1.9,8.0
Helsinki,60.17,24.94,ssp126,2056,6.616,4.723,8.504,2.157,8.0
Helsinki,60.17,24.94,ssp126,2057,6.778,5.229,8.296,1.983,8.0
Helsinki,60.17,24.94,ssp126,2058,6.624,4.341,9.125,2.024,8.0
Helsinki,60.17,24.94,ssp126,2059,7.216,5.331,9.155,1.912,8.0
Helsinki,60.17,24.94,ssp126,2060,6.47,4.771,7.825,2.075,8.0
Helsinki,60.17,24.94,ssp126,2061,6.327,3.92,7.915,1.961,8.0
Helsinki,60.17,24.94,ssp126,2062,7.065,5.06,8.741,2.25,8.0
Helsinki,60.17,24.94,ssp126,2063,6.852,4.939,8.594,2.169,8.0
Helsinki,60.17,24.94,ssp126,2064,6.567,4.221,8.53,1.973,8.0
Helsinki,60.17,24.94,ssp126,2065,6.45,4.913,7.644,1.791,8.0
Helsinki,60.17,24.94,ssp126,2066,6.784,4.893,8.462,1.956,8.0
Helsinki,60.17,24.94,ssp126,2067,6.421,3.975,8.822,2.04,8.0
Helsinki,60.17,24.94,ssp126,2068,7.29,5.798,9.123,2.108,8.0
Helsinki,60.17,24.94,ssp126,2069,6.297,3.923,8.885,1.951,8.0
Helsinki,60.17,24.94,ssp126,2070,6.845,4.796,8.748,2.059,8.0
Helsinki,60.17,24.94,ssp126,2071,6.775,4.247,9.092,2.016,8.0
Helsinki,60.17,24.94,ssp126,2072,6.316,4.137,8.286,2.165,8.0
Helsinki,60.17,24.94,ssp126,2073,6.274,4.704,7.685,2.103,8.0
Helsinki,60.17,24.94,ssp126,2074,6.481,4.972,7.825,1.983,8.0
Helsinki,60.17,24.94,ssp126,2075,6.599,5.018,8.361,2.241,8.0
Helsinki,60.17,24.94,ssp126,2076,6.837,5.545,8.503,2.169,8.0
Helsinki,60.17,24.94,ssp126,2077,6.865,4.246,8.31,1.913,8.0
Helsinki,60.17,24.94,ssp126,2078,6.745,5.225,7.998,1.984,8.0
Helsinki,60.17,24.94,ssp126,2079,6.996,5.559,8.351,2.068,8.0
Helsinki,60.17,24.94,ssp126,2080,6.932,5.619,7.931,2.143,8.0
Helsinki,60.17,24.94,ssp126,2081,6.08,3.603,7.741,1.945,8.0
Helsinki,60.17,24.94,ssp126,2082,6.795,4.42,8.384,1.969,8.0
Helsinki,60.17,24.94,ssp126,2083,6.726,5.189,8.654,2.048,8.0
Helsinki,60.17,24.94,ssp126,2084,6.792,5.15,8.273,2.013,8.0
Helsinki,60.17,24.94,ssp126,2085,6.5,4.701,7.993,2.235,8.0
Helsinki,60.17,24.94,ssp126,2086,6.519,4.567,8.402,2.022,8.0
Helsinki,60.17,24.94,ssp126,2087,6.808,4.707,8.851,2.105,8.0
Helsinki,60.17,24.94,ssp126,2088,6.647,4.502,9.188,2.07,8.0
Helsinki,60.17,24.94,ssp126,2089,6.587,5.165,8.128,2.023,8.0
Helsinki,60.17,24.94,ssp126,2090,6.625,5.064,8.173,2.008,8.0
Helsinki,60.17,24.94,ssp126,2091,6.413,4.912,7.74,2.192,8.0
Helsinki,60.17,24.94,ssp126,2092,6.699,5.467,8.051,2.046,8.0
Helsinki,60.17,24.94,ssp126,2093,6.814,5.362,8.426,2.138,8.0
Helsinki,60.17,24.94,ssp126,2094,5.887,4.305,7.04,1.95,8.0
Helsinki,60.17,24.94,ssp126,2095,6.46,4.334,8.558,1.775,8.0
Helsinki,60.17,24.94,ssp126,2096,6.795,4.899,8.361,2.102,8.0
Helsinki,60.17,24.94,ssp126,2097,6.516,4.893,8.193,2.169,8.0
Helsinki,60.17,24.94,ssp126,2098,5.886,3.612,8.444,1.994,8.0
Helsinki,60.17,24.94,ssp126,2099,6.725,4.68,8.603,2.109,8.0
Helsinki,60.17,24.94,ssp126,2100,6.422,4.417,8.293,2.078,8.0
Helsinki,60.17,24.94,ssp245,2015,5.173,3.0,7.249,1.952,8.0
Helsinki,60.17,24.94,ssp245,2016,5.046,3.48,6.631,1.979,8.0
Helsinki,60.17,24.94,ssp245,2017,5.408,4.275,6.74,1.892,8.0
Helsinki,60.17,24.94,ssp245,2018,4.98,2.64,7.07,1.968,8.0
Helsinki,60.17,24.94,ssp245,2019,4.983,2.83,6.76,2.029,8.0
Helsinki,60.17,24.94,ssp245,2020,5.551,3.35,7.189,2.106,8.0
Helsinki,60.17,24.94,ssp245,2021,4.648,2.939,6.35,2.014,8.0
Helsinki,60.17,24.94,ssp245,2022,5.923,4.97,6.939,2.061,8.0
Helsinki,60.17,24.94,ssp245,2023,5.083,2.958,6.921,1.943,8.0
Helsinki,60.17,24.94,ssp245,2024,5.878,2.485,7.808,1.964,8.0
Helsinki,60.17,24.94,ssp245,2025,5.867,3.405,7.946,2.01,8.0
Helsinki,60.17,24.94,ssp245,2026,5.794,4.107,7.35,2.053,8.0
Helsinki,60.17,24.94,ssp245,2027,5.682,3.106,7.828,1.935,8.0
Helsinki,60.17,24.94,ssp245,2028,5.427,3.409,7.044,2.024,8.0
Helsinki,60.17,24.94,ssp245,2029,5.698,4.161,7.795,2.061,8.0
Helsinki,60.17,24.94,ssp245,2030,6.608,5.025,8.186,2.025,8.0
Helsinki,60.17,24.94,ssp245,2031,6.638,4.436,8.611,2.055,8.0
Helsinki,60.17,24.94,ssp245,2032,5.986,4.525,7.951,2.07,8.0
Helsinki,60.17,24.94,ssp245,2033,5.408,4.289,6.686,2.059,8.0
Helsinki,60.17,24.94,ssp245,2034,5.924,4.322,7.876,1.966,8.0
Helsinki,60.17,24.94,ssp245,2035,5.947,3.574,7.444,1.991,8.0
Helsinki,60.17,24.94,ssp245,2036,6.549,4.111,8.435,1.943,8.0
Helsinki,60.17,24.94,ssp245,2037,6.858,4.774,9.324,2.15,8.0
Helsinki,60.17,24.94,ssp245,2038,6.502,3.981,9.111,1.948,8.0
Helsinki,60.17,24.94,ssp245,2039,6.703,3.922,9.069,1.983,8.0
Helsinki,60.17,24.94,ssp245,2040,6.321,4.167,8.195,2.097,7.0
Helsinki,60.17,24.94,ssp245,2041,6.188,4.927,7.367,2.236,7.0
Helsinki,60.17,24.94,ssp245,2042,6.622,4.991,8.815,1.895,7.0
Helsinki,60.17,24.94,ssp245,2043,6.242,4.607,7.586,1.934,7.0
Helsinki,60.17,24.94,ssp245,2044,6.321,4.139,7.961,2.047,7.0
Helsinki,60.17,24.94,ssp245,2045,6.36,4.288,8.567,2.002,7.0
Helsinki,60.17,24.94,ssp245,2046,6.376,4.492,8.684,2.197,7.0
Helsinki,60.17,24.94,ssp245,2047,6.993,5.6,8.481,2.147,7.0
Helsinki,60.17,24.94,ssp245,2048,7.069,5.118,8.9,2.063,7.0
Helsinki,60.17,24.94,ssp245,2049,6.219,4.653,7.48,1.992,7.0
Helsinki,60.17,24.94,ssp245,2050,6.535,4.669,8.567,1.9,7.0
Helsinki,60.17,24.94,ssp245,2051,6.781,5.032,9.131,1.94,7.0
Helsinki,60.17,24.94,ssp245,2052,6.588,4.58,8.371,2.137,7.0
Helsinki,60.17,24.94,ssp245,2053,6.507,4.342,8.286,2.077,7.0
Helsinki,60.17,24.94,ssp245,2054,6.807,4.39,8.55,2.169,7.0
Helsinki,60.17,24.94,ssp245,2055,6.716,5.21,8.487,2.078,7.0
Helsinki,60.17,24.94,ssp245,2056,7.028,5.153,9.356,2.036,7.0
Helsinki,60.17,24.94,ssp245,2057,6.616,5.326,8.177,2.137,7.0
Helsinki,60.17,24.94,ssp245,2058,6.643,4.69,8.599,2.132,7.0
Helsinki,60.17,24.94,ssp245,2059,7.419,5.677,9.783,2.128,7.0
Helsinki,60.17,24.94,ssp245,2060,7.448,5.609,9.693,2.102,7.0
Helsinki,60.17,24.94,ssp245,2061,7.127,5.785,8.945,2.091,7.0
Helsinki,60.17,24.94,ssp245,2062,7.3,5.515,9.071,2.227,7.0
Helsinki,60.17,24.94,ssp245,2063,7.462,5.549,10.064,2.09,7.0
Helsinki,60.17,24.94,ssp245,2064,6.99,4.219,9.467,2.03,7.0
Helsinki,60.17,24.94,ssp245,2065,6.672,4.48,8.805,2.175,7.0
Helsinki,60.17,24.94,ssp245,2066,6.991,4.922,8.548,2.091,7.0
Helsinki,60.17,24.94,ssp245,2067,7.188,5.62,9.115,2.024,7.0
Helsinki,60.17,24.94,ssp245,2068,7.742,5.134,9.641,2.258,7.0
Helsinki,60.17,24.94,ssp245,2069,7.269,4.328,9.567,2.164,7.0
Helsinki,60.17,24.94,ssp245,2070,8.007,5.522,10.174,2.14,7.0
Helsinki,60.17,24.94,ssp245,2071,7.418,5.021,9.825,2.098,7.0
Helsinki,60.17,24.94,ssp245,2072,7.675,5.246,9.611,2.154,7.0
Helsinki,60.17,24.94,ssp245,2073,6.887,4.23,9.261,2.08,7.0
Helsinki,60.17,24.94,ssp245,2074,7.117,5.137,9.312,2.09,7.0
Helsinki,60.17,24.94,ssp245,2075,7.179,4.433,9.496,2.125,7.0
Helsinki,60.17,24.94,ssp245,2076,7.58,6.432,8.666,2.041,7.0
Helsinki,60.17,24.94,ssp245,2077,7.551,4.957,9.316,2.29,7.0
Helsinki,60.17,24.94,ssp245,2078,7.48,4.973,9.577,2.199,7.0
Helsinki,60.17,24.94,ssp245,2079,8.194,5.934,9.906,2.072,7.0
Helsinki,60.17,24.94,ssp245,2080,7.829,5.914,9.669,2.236,7.0
Helsinki,60.17,24.94,ssp245,2081,7.663,5.655,9.942,2.157,7.0
Helsinki,60.17,24.94,ssp245,2082,7.693,5.94,9.177,2.04,7.0
Helsinki,60.17,24.94,ssp245,2083,7.531,5.457,9.22,2.188,7.0
Helsinki,60.17,24.94,ssp245,2084,7.902,5.655,9.671,2.129,7.0
Helsinki,60.17,24.94,ssp245,2085,7.812,6.307,9.963,2.127,7.0
Helsinki,60.17,24.94,ssp245,2086,7.22,5.292,8.847,2.078,7.0
Helsinki,60.17,24.94,ssp245,2087,7.56,5.816,9.276,2.024,7.0
Helsinki,60.17,24.94,ssp245,2088,7.723,5.008,10.218,2.079,7.0
Helsinki,60.17,24.94,ssp245,2089,7.301,4.706,9.851,2.3,7.0
Helsinki,60.17,24.94,ssp245,2090,7.025,4.614,9.454,2.063,7.0
Helsinki,60.17,24.94,ssp245,2091,7.664,5.389,9.32,2.25,7.0
Helsinki,60.17,24.94,ssp245,2092,7.835,6.043,9.049,2.099,7.0
Helsinki,60.17,24.94,ssp245,2093,8.187,6.537,9.233,2.133,7.0
Helsinki,60.17,24.94,ssp245,2094,7.721,5.723,9.529,2.196,7.0
Helsinki,60.17,24.94,ssp245,2095,7.579,5.832,9.308,2.06,7.0
Helsinki,60.17,24.94,ssp245,2096,8.007,5.947,9.692,2.109,7.0
Helsinki,60.17,24.94,ssp245,2097,7.986,5.919,9.498,2.074,7.0
Helsinki,60.17,24.94,ssp245,2098,7.669,5.158,9.664,2.153,7.0
Helsinki,60.17,24.94,ssp245,2099,7.558,5.767,9.175,2.214,7.0
Helsinki,60.17,24.94,ssp245,2100,7.99,6.497,9.259,2.216,7.0
Helsinki,60.17,24.94,ssp585,2015,4.522,2.704,6.918,1.8,8.0
Helsinki,60.17,24.94,ssp585,2016,5.083,2.341,7.515,1.78,8.0
Helsinki,60.17,24.94,ssp585,2017,5.117,3.358,6.848,1.891,8.0
Helsinki,60.17,24.94,ssp585,2018,5.301,3.451,7.105,1.993,8.0
Helsinki,60.17,24.94,ssp585,2019,4.902,3.17,6.52,2.019,8.0
Helsinki,60.17,24.94,ssp585,2020,4.766,2.661,6.562,1.872,8.0
Helsinki,60.17,24.94,ssp585,2021,6.06,4.675,7.501,1.967,8.0
Helsinki,60.17,24.94,ssp585,2022,5.795,4.001,8.064,2.034,8.0
Helsinki,60.17,24.94,ssp585,2023,5.631,3.394,7.977,1.917,8.0
Helsinki,60.17,24.94,ssp585,2024,5.756,4.023,7.524,2.161,8.0
Helsinki,60.17,24.94,ssp585,2025,5.601,3.478,7.471,2.024,8.0
Helsinki,60.17,24.94,ssp585,2026,5.37,2.955,6.98,2.008,8.0
Helsinki,60.17,24.94,ssp585,2027,5.583,3.782,7.845,2.072,8.0
Helsinki,60.17,24.94,ssp585,2028,5.791,3.194,7.627,2.147,8.0
Helsinki,60.17,24.94,ssp585,2029,5.757,2.255,8.385,1.978,8.0
Helsinki,60.17,24.94,ssp585,2030,6.327,4.84,7.764,2.092,8.0
Helsinki,60.17,24.94,ssp585,2031,5.773,3.537,7.368,2.125,8.0
Helsinki,60.17,24.94,ssp585,2032,5.895,3.722,7.891,1.879,8.0
Helsinki,60.17,24.94,ssp585,2033,5.413,2.828,7.733,2.069,8.0
Helsinki,60.17,24.94,ssp585,2034,6.591,3.996,8.874,2.004,8.0
Helsinki,60.17,24.94,ssp585,2035,6.729,4.707,8.251,2.129,8.0
Helsinki,60.17,24.94,ssp585,2036,6.983,4.609,9.032,1.977,8.0
Helsinki,60.17,24.94,ssp585,2037,6.773,4.778,8.513,2.1,8.0
Helsinki,60.17,24.94,ssp585,2038,6.503,4.853,8.599,2.019,8.0
Helsinki,60.17,24.94,ssp585,2039,6.971,5.253,9.104,2.124,8.0
Helsinki,60.17,24.94,ssp585,2040,6.494,4.78,8.231,1.947,8.0
Helsinki,60.17,24.94,ssp585,2041,6.908,4.471,9.641,2.093,8.0
Helsinki,60.17,24.94,ssp585,2042,7.109,5.585,9.296,2.123,8.0
Helsinki,60.17,24.94,ssp585,2043,6.999,5.248,9.333,2.183,8.0
Helsinki,60.17,24.94,ssp585,2044,7.12,3.996,9.049,2.09,8.0
Helsinki,60.17,24.94,ssp585,2045,7.367,5.562,9.402,2.08,8.0
Helsinki,60.17,24.94,ssp585,2046,7.237,4.994,8.885,2.162,8.0
Helsinki,60.17,24.94,ssp585,2047,7.354,5.702,9.182,2.083,8.0
Helsinki,60.17,24.94,ssp585,2048,7.489,5.214,9.98,2.204,8.0
Helsinki,60.17,24.94,ssp585,2049,6.855,4.715,9.235,1.988,8.0
Helsinki,60.17,24.94,ssp585,2050,7.609,4.644,9.643,2.084,8.0
Helsinki,60.17,24.94,ssp585,2051,8.128,6.067,9.976,1.948,8.0
Helsinki,60.17,24.94,ssp585,2052,7.51,6.314,8.993,2.044,8.0
Helsinki,60.17,24.94,ssp585,2053,7.841,6.127,9.473,2.044,8.0
Helsinki,60.17,24.94,ssp585,2054,7.935,5.647,10.044,2.108,8.0
Helsinki,60.17,24.94,ssp585,2055,7.722,5.589,9.697,2.047,8.0
Helsinki,60.17,24.94,ssp585,2056,7.654,6.129,10.19,2.159,8.0
Helsinki,60.17,24.94,ssp585,2057,8.362,6.377,9.654,2.068,8.0
Helsinki,60.17,24.94,ssp585,2058,7.587,5.909,9.833,2.09,8.0
Helsinki,60.17,24.94,ssp585,2059,7.986,6.149,9.641,2.118,8.0
Helsinki,60.17,24.94,ssp585,2060,8.767,6.752,10.303,2.093,8.0
Helsinki,60.17,24.94,ssp585,2061,8.25,5.791,10.216,2.125,8.0
Helsinki,60.17,24.94,ssp585,2062,8.279,6.109,9.83,2.372,8.0
Helsinki,60.17,24.94,ssp585,2063,8.315,6.413,10.057,2.252,8.0
Helsinki,60.17,24.94,ssp585,2064,8.507,5.487,10.788,2.219,8.0
Helsinki,60.17,24.94,ssp585,2065,9.129,6.486,11.077,2.0,8.0
Helsinki,60.17,24.94,ssp585,2066,8.198,5.945,10.173,2.044,8.0
Helsinki,60.17,24.94,ssp585,2067,8.601,6.844,10.01,2.277,8.0
Helsinki,60.17,24.94,ssp585,2068,8.619,6.256,10.946,2.166,8.0
Helsinki,60.17,24.94,ssp585,2069,8.776,6.328,10.818,2.226,8.0
Helsinki,60.17,24.94,ssp585,2070,9.218,6.589,11.616,2.13,8.0
Helsinki,60.17,24.94,ssp585,2071,9.31,7.757,10.634,2.196,8.0
Helsinki,60.17,24.94,ssp585,2072,9.688,7.534,11.744,2.348,8.0
Helsinki,60.17,24.94,ssp585,2073,9.299,7.578,11.148,2.113,8.0
Helsinki,60.17,24.94,ssp585,2074,9.342,7.479,11.312,2.313,8.0
Helsinki,60.17,24.94,ssp585,2075,9.07,6.247,11.694,2.269,8.0
Helsinki,60.17,24.94,ssp585,2076,9.602,8.037,11.686,2.184,8.0
Helsinki,60.17,24.94,ssp585,2077,9.637,6.661,11.822,2.204,8.0
Helsinki,60.17,24.94,ssp585,2078,9.64,6.54,11.75,2.085,8.0
Helsinki,60.17,24.94,ssp585,2079,9.525,6.609,12.159,2.271,8.0
Helsinki,60.17,24.94,ssp585,2080,9.731,7.436,11.599,2.092,8.0
Helsinki,60.17,24.94,ssp585,2081,9.711,7.734,12.025,2.277,8.0
Helsinki,60.17,24.94,ssp585,2082,9.579,6.648,12.623,2.113,8.0
Helsinki,60.17,24.94,ssp585,2083,9.929,7.713,12.272,2.196,8.0
Helsinki,60.17,24.94,ssp585,2084,10.14,7.55,12.536,2.035,8.0
Helsinki,60.17,24.94,ssp585,2085,10.11,7.841,12.207,2.189,8.0
Helsinki,60.17,24.94,ssp585,2086,10.675,7.898,13.086,2.19,8.0
Helsinki,60.17,24.94,ssp585,2087,10.959,8.49,12.886,2.349,8.0
Helsinki,60.17,24.94,ssp585,2088,11.042,9.434,12.516,2.138,8.0
Helsinki,60.17,24.94,ssp585,2089,10.922,8.051,13.149,2.266,8.0
Helsinki,60.17,24.94,ssp585,2090,11.336,9.049,13.169,2.269,8.0
Helsinki,60.17,24.94,ssp585,2091,11.389,9.532,12.709,2.389,8.0
Helsinki,60.17,24.94,ssp585,2092,11.18,9.549,13.446,2.367,8.0
Helsinki,60.17,24.94,ssp585,2093,11.378,8.443,13.53,2.202,8.0
Helsinki,60.17,24.94,ssp585,2094,11.377,9.043,13.895,2.38,8.0
Helsinki,60.17,24.94,ssp585,2095,11.196,8.352,13.334,2.451,8.0
Helsinki,60.17,24.94,ssp585,2096,11.536,8.843,13.802,2.251,8.0
Helsinki,60.17,24.94,ssp585,2097,11.489,8.612,14.072,2.333,8.0
Helsinki,60.17,24.94,ssp585,2098,11.576,8.569,14.467,2.023,8.0
Helsinki,60.17,24.94,ssp585,2099,11.814,9.886,13.75,2.402,8.0
Helsinki,60.17,24.94,ssp585,2100,11.66,8.913,13.686,2.298,8.0
Honolulu,21.31,-157.86,historical,1850,23.228,22.608,23.694,2.088,8.0
Honolulu,21.31,-157.86,historical,1851,23.135,22.276,23.967,2.101,8.0
Honolulu,21.31,-157.86,historical,1852,23.083,22.466,23.621,1.705,8.0
Honolulu,21.31,-157.86,historical,1853,23.173,22.567,23.743,1.664,8.0
Honolulu,21.31,-157.86,historical,1854,23.169,22.689,23.512,1.776,8.0
Honolulu,21.31,-157.86,historical,1855,23.346,22.782,23.945,1.852,8.0
Honolulu,21.31,-157.86,historical,1856,23.193,22.483,23.91,1.909,8.0
Honolulu,21.31,-157.86,historical,1857,23.263,22.575,24.039,2.03,8.0
Honolulu,21.31,-157.86,historical,1858,23.363,22.509,24.347,1.989,8.0
Honolulu,21.31,-157.86,historical,1859,23.129,22.497,23.659,1.822,8.0
Honolulu,21.31,-157.86,historical,1860,23.094,22.152,23.874,1.892,8.0
Honolulu,21.31,-157.86,historical,1861,22.878,22.403,23.517,1.756,8.0
Honolulu,21.31,-157.86,historical,1862,23.251,22.528,23.796,2.007,8.0
Honolulu,21.31,-157.86,historical,1863,23.2,22.667,23.837,2.06,8.0
Honolulu,21.31,-157.86,historical,1864,23.206,22.262,24.084,2.126,8.0
Honolulu,21.31,-157.86,historical,1865,23.119,22.59,23.735,1.774,8.0
Honolulu,21.31,-157.86,historical,1866,23.359,22.754,24.041,1.814,8.0
Honolulu,21.31,-157.86,historical,1867,23.24,22.631,23.74,2.024,8.0
Honolulu,21.31,-157.86,historical,1868,23.35,22.86,23.872,1.754,8.0
Honolulu,21.31,-157.86,historical,1869,23.394,22.749,24.145,1.696,8.0
Honolulu,21.31,-157.86,historical,1870,23.15,22.482,24.074,1.643,8.0
Honolulu,21.31,-157.86,historical,1871,23.217,22.633,24.034,1.633,8.0
Honolulu,21.31,-157.86,historical,1872,23.061,22.458,23.694,1.658,8.0
Honolulu,21.31,-157.86,historical,1873,23.3,22.521,24.258,1.869,8.0
Honolulu,21.31,-157.86,historical,1874,23.317,22.692,23.925,1.778,8.0
Honolulu,21.31,-157.86,historical,1875,23.11,22.657,23.904,1.843,8.0
Honolulu,21.31,-157.86,historical,1876,23.093,22.439,23.798,1.768,8.0
Honolulu,21.31,-157.86,historical,1877,23.124,22.56,23.525,1.643,8.0
Honolulu,21.31,-157.86,historical,1878,23.098,22.624,23.569,1.871,8.0
Honolulu,21.31,-157.86,historical,1879,23.372,22.637,24.238,1.752,8.0
Honolulu,21.31,-157.86,historical,1880,23.414,22.668,24.11,1.864,8.0
Honolulu,21.31,-157.86,historical,1881,23.431,22.807,24.217,1.913,8.0
Honolulu,21.31,-157.86,historical,1882,23.261,22.61,24.191,1.974,8.0
Honolulu,21.31,-157.86,historical,1883,23.121,22.627,23.893,1.711,8.0
Honolulu,21.31,-157.86,historical,1884,22.964,22.256,23.738,1.817,8.0
Honolulu,21.31,-157.86,historical,1885,23.075,22.476,23.679,1.781,8.0
Honolulu,21.31,-157.86,historical,1886,22.953,22.346,23.774,1.863,8.0
Honolulu,21.31,-157.86,historical,1887,23.178,22.488,23.924,1.471,8.0
Honolulu,21.31,-157.86,historical,1888,23.283,22.622,23.881,1.928,8.0
Honolulu,21.31,-157.86,historical,1889,23.17,22.641,23.704,1.94,8.0
Honolulu,21.31,-157.86,historical,1890,23.222,22.596,23.84,1.681,8.0
Honolulu,21.31,-157.86,historical,1891,23.26,22.744,24.012,2.007,8.0
Honolulu,21.31,-157.86,historical,1892,23.332,22.712,24.236,1.625,8.0
Honolulu,21.31,-157.86,historical,1893,23.061,22.525,23.652,1.613,8.0
Honolulu,21.31,-157.86,historical,1894,23.247,22.284,24.103,1.459,8.0
Honolulu,21.31,-157.86,historical,1895,23.479,22.937,24.118,2.02,8.0
Honolulu,21.31,-157.86,historical,1896,23.457,22.792,24.373,2.125,8.0
Honolulu,21.31,-157.86,historical,1897,23.354,22.711,24.066,1.908,8.0
Honolulu,21.31,-157.86,historical,1898,23.238,22.746,23.97,1.906,8.0
Honolulu,21.31,-157.86,historical,1899,23.246,22.842,23.811,1.644,8.0
Honolulu,21.31,-157.86,historical,1900,23.336,22.662,23.967,1.704,8.0
Honolulu,21.31,-157.86,historical,1901,23.293,22.533,24.246,1.778,8.0
Honolulu,21.31,-157.86,historical,1902,23.034,22.641,23.517,2.012,8.0
Honolulu,21.31,-157.86,historical,1903,23.193,22.824,23.633,1.784,8.0
Honolulu,21.31,-157.86,historical,1904,23.122,22.577,23.66,1.509,8.0
Honolulu,21.31,-157.86,historical,1905,23.136,22.364,23.815,1.69,8.0
Honolulu,21.31,-157.86,historical,1906,23.042,22.464,23.568,1.552,8.0
Honolulu,21.31,-157.86,historical,1907,23.165,22.573,23.723,2.013,8.0
Honolulu,21.31,-157.86,historical,1908,22.998,22.421,23.544,1.966,8.0
Honolulu,21.31,-157.86,historical,1909,23.294,22.22,24.278,1.916,8.0
Honolulu,21.31,-157.86,historical,1910,23.498,22.752,24.525,1.996,8.0
Honolulu,21.31,-157.86,historical,1911,23.423,22.903,24.176,1.788,8.0
Honolulu,21.31,-157.86,historical,1912,23.273,22.588,23.904,1.721,8.0
Honolulu,21.31,-157.86,historical,1913,23.054,22.414,23.721,1.627,8.0
Honolulu,21.31,-157.86,historical,1914,23.144,22.591,24.005,1.763,8.0
Honolulu,21.31,-157.86,historical,1915,23.2,22.512,23.877,2.163,8.0
Honolulu,21.31,-157.86,historical,1916,23.312,22.553,24.222,1.816,8.0
Honolulu,21.31,-157.86,historical,1917,23.41,22.782,24.18,2.233,8.0
Honolulu,21.31,-157.86,historical,1918,23.297,22.688,23.876,1.695,8.0
Honolulu,21.31,-157.86,historical,1919,23.477,22.832,24.011,2.199,8.0
Honolulu,21.31,-157.86,historical,1920,23.515,22.973,24.047,1.932,8.0
Honolulu,21.31,-157.86,historical,1921,23.407,22.822,23.911,1.687,8.0
Honolulu,21.31,-157.86,historical,1922,23.551,22.985,24.199,2.114,8.0
Honolulu,21.31,-157.86,historical,1923,23.384,22.815,23.933,1.738,8.0
Honolulu,21.31,-157.86,historical,1924,23.398,22.753,24.13,1.823,8.0
Honolulu,21.31,-157.86,historical,1925,23.327,22.42,24.086,1.717,8.0
Honolulu,21.31,-157.86,historical,1926,23.541,22.894,24.277,1.994,8.0
Honolulu,21.31,-157.86,historical,1927,23.506,22.811,24.391,2.107,8.0
Honolulu,21.31,-157.86,historical,1928,23.542,22.975,24.284,1.78,8.0
Honolulu,21.31,-157.86,historical,1929,23.351,22.909,23.966,1.735,8.0
Honolulu,21.31,-157.86,historical,1930,23.453,22.937,24.04,2.035,8.0
Honolulu,21.31,-157.86,historical,1931,23.35,22.943,23.852,1.912,8.0
Honolulu,21.31,-157.86,historical,1932,23.386,22.766,24.043,2.017,8.0
Honolulu,21.31,-157.86,historical,1933,23.502,23.109,24.08,2.026,8.0
Honolulu,21.31,-157.86,historical,1934,23.491,22.66,24.408,1.853,8.0
Honolulu,21.31,-157.86,historical,1935,23.466,22.821,24.159,1.599,8.0
Honolulu,21.31,-157.86,historical,1936,23.345,22.618,24.379,1.701,8.0
Honolulu,21.31,-157.86,historical,1937,23.436,22.718,24.163,2.037,8.0
Honolulu,21.31,-157.86,historical,1938,23.376,22.785,24.295,1.996,8.0
Honolulu,21.31,-157.86,historical,1939,23.372,22.866,24.015,1.662,8.0
Honolulu,21.31,-157.86,historical,1940,23.405,22.857,24.176,1.526,8.0
Honolulu,21.31,-157.86,historical,1941,23.487,22.925,24.184,2.103,8.0
Honolulu,21.31,-157.86,historical,1942,23.426,22.862,24.017,2.072,8.0
Honolulu,21.31,-157.86,historical,1943,23.427,22.806,24.111,1.872,8.0
Honolulu,21.31,-157.86,historical,1944,23.336,22.802,23.811,1.679,8.0
Honolulu,21.31,-157.86,historical,1945,23.329,22.899,23.823,1.836,8.0
Honolulu,21.31,-157.86,historical,1946,23.421,23.099,23.776,1.967,8.0
Honolulu,21.31,-157.86,historical,1947,23.505,22.998,24.095,1.658,8.0
Honolulu,21.31,-157.86,historical,1948,23.606,22.732,24.228,1.887,8.0
Honolulu,21.31,-157.86,historical,1949,23.255,22.361,23.994,1.641,8.0
Honolulu,21.31,-157.86,historical,1950,23.461,22.941,24.199,1.556,8.0
Honolulu,21.31,-157.86,historical,1951,23.607,23.02,24.245,2.054,8.0
Honolulu,21.31,-157.86,historical,1952,23.318,22.521,24.047,1.766,8.0
Honolulu,21.31,-157.86,historical,1953,23.336,22.805,23.964,1.798,8.0
Honolulu,21.31,-157.86,historical,1954,23.368,22.678,23.898,1.959,8.0
Honolulu,21.31,-157.86,historical,1955,23.459,22.559,24.117,1.924,8.0
Honolulu,21.31,-157.86,historical,1956,23.433,22.83,23.95,1.922,8.0
Honolulu,21.31,-157.86,historical,1957,23.187,22.544,23.857,1.746,8.0
Honolulu,21.31,-157.86,historical,1958,23.475,22.792,24.271,1.733,8.0
Honolulu,21.31,-157.86,historical,1959,23.461,22.882,23.993,2.103,8.0
Honolulu,21.31,-157.86,historical,1960,23.502,22.926,24.019,1.777,8.0
Honolulu,21.31,-157.86,historical,1961,23.485,22.802,24.297,1.861,8.0
Honolulu,21.31,-157.86,historical,1962,23.435,22.942,24.07,1.578,8.0
Honolulu,21.31,-157.86,historical,1963,23.441,22.794,23.854,1.986,8.0
Honolulu,21.31,-157.86,historical,1964,23.314,22.753,23.968,1.986,8.0
Honolulu,21.31,-157.86,historical,1965,23.253,22.798,23.837,1.605,8.0
Honolulu,21.31,-157.86,historical,1966,23.26,22.718,23.981,1.751,8.0
Honolulu,21.31,-157.86,historical,1967,23.236,22.677,23.881,2.042,8.0
Honolulu,21.31,-157.86,historical,1968,23.433,22.764,23.981,1.876,8.0
Honolulu,21.31,-157.86,historical,1969,23.406,22.787,24.098,1.687,8.0
Honolulu,21.31,-157.86,historical,1970,23.07,22.62,23.719,1.472,8.0
Honolulu,21.31,-157.86,historical,1971,23.356,22.559,24.158,1.649,8.0
Honolulu,21.31,-157.86,historical,1972,23.333,22.613,24.019,1.837,8.0
Honolulu,21.31,-157.86,historical,1973,23.537,22.962,24.131,1.742,8.0
Honolulu,21.31,-157.86,historical,1974,23.636,23.127,24.141,1.908,8.0
Honolulu,21.31,-157.86,historical,1975,23.212,22.656,23.935,1.944,8.0
Honolulu,21.31,-157.86,historical,1976,23.24,22.64,23.914,1.727,8.0
Honolulu,21.31,-157.86,historical,1977,23.454,22.246,24.367,1.783,8.0
Honolulu,21.31,-157.86,historical,1978,23.478,22.883,24.084,1.781,8.0
Honolulu,21.31,-157.86,historical,1979,23.381,22.66,24.027,1.957,8.0
Honolulu,21.31,-157.86,historical,1980,23.353,22.904,23.773,1.825,8.0
Honolulu,21.31,-157.86,historical,1981,23.398,22.931,24.059,1.955,8.0
Honolulu,21.31,-157.86,historical,1982,23.366,22.849,23.784,1.879,8.0
Honolulu,21.31,-157.86,historical,1983,23.579,23.163,23.921,1.791,8.0
Honolulu,21.31,-157.86,historical,1984,23.454,22.837,24.145,1.52,8.0
Honolulu,21.31,-157.86,historical,1985,23.231,22.413,23.96,1.636,8.0
Honolulu,21.31,-157.86,historical,1986,23.363,22.67,24.148,1.697,8.0
Honolulu,21.31,-157.86,historical,1987,23.558,22.975,24.064,1.873,8.0
Honolulu,21.31,-157.86,historical,1988,23.655,22.991,24.184,1.93,8.0
Honolulu,21.31,-157.86,historical,1989,23.68,22.996,24.598,1.856,8.0
Honolulu,21.31,-157.86,historical,1990,23.499,23.083,24.062,1.92,8.0
Honolulu,21.31,-157.86,historical,1991,23.521,23.028,24.515,1.734,8.0
Honolulu,21.31,-157.86,historical,1992,23.282,22.707,24.039,1.761,8.0
Honolulu,21.31,-157.86,historical,1993,23.137,22.483,23.85,1.928,8.0
Honolulu,21.31,-157.86,historical,1994,23.436,23.185,23.731,1.704,8.0
Honolulu,21.31,-157.86,historical,1995,23.687,23.24,24.218,1.666,8.0
Honolulu,21.31,-157.86,historical,1996,23.748,23.017,24.42,1.538,8.0
Honolulu,21.31,-157.86,historical,1997,23.632,22.717,24.718,1.773,8.0
Honolulu,21.31,-157.86,historical,1998,23.715,23.136,24.262,1.693,8.0
Honolulu,21.31,-157.86,historical,1999,23.814,23.352,24.276,1.926,8.0
Honolulu,21.31,-157.86,historical,2000,23.813,23.076,24.628,1.642,8.0
Honolulu,21.31,-157.86,historical,2001,24.03,23.09,24.888,1.676,8.0
Honolulu,21.31,-157.86,historical,2002,23.999,23.339,24.592,1.671,8.0
Honolulu,21.31,-157.86,historical,2003,24.065,23.577,24.58,1.653,8.0
Honolulu,21.31,-157.86,historical,2004,23.996,23.284,24.501,1.971,8.0
Honolulu,21.31,-157.86,historical,2005,23.988,23.401,24.529,2.107,8.0
Honolulu,21.31,-157.86,historical,2006,23.817,22.907,24.504,1.545,8.0
Honolulu,21.31,-157.86,historical,2007,24.217,23.281,24.83,1.542,8.0
Honolulu,21.31,-157.86,historical,2008,24.146,23.46,24.957,1.774,8.0
Honolulu,21.31,-157.86,historical,2009,23.992,22.905,24.975,2.001,8.0
Honolulu,21.31,-157.86,historical,2010,23.905,23.183,24.704,1.639,8.0
Honolulu,21.31,-157.86,historical,2011,23.987,23.39,24.536,1.996,8.0
Honolulu,21.31,-157.86,historical,2012,23.999,23.115,24.754,2.025,8.0
Honolulu,21.31,-157.86,historical,2013,23.953,23.223,24.603,1.645,8.0
Honolulu,21.31,-157.86,historical,2014,24.145,23.553,24.694,1.772,8.0
Honolulu,21.31,-157.86,ssp126,2015,24.005,23.32,24.99,1.626,8.0
Honolulu,21.31,-157.86,ssp126,2016,24.086,23.504,24.749,1.668,8.0
Honolulu,21.31,-157.86,ssp126,2017,24.009,23.363,24.575,1.714,8.0
Honolulu,21.31,-157.86,ssp126,2018,24.033,23.342,24.809,1.632,8.0
Honolulu,21.31,-157.86,ssp126,2019,24.216,23.572,24.999,1.602,8.0
Honolulu,21.31,-157.86,ssp126,2020,24.282,23.653,24.707,1.732,8.0
Honolulu,21.31,-157.86,ssp126,2021,24.288,23.621,25.155,1.7,8.0
Honolulu,21.31,-157.86,ssp126,2022,24.42,23.748,24.974,1.558,8.0
Honolulu,21.31,-157.86,ssp126,2023,24.404,23.847,24.948,1.866,8.0
Honolulu,21.31,-157.86,ssp126,2024,24.29,23.374,25.076,1.651,8.0
Honolulu,21.31,-157.86,ssp126,2025,24.572,23.819,25.372,1.73,8.0
Honolulu,21.31,-157.86,ssp126,2026,24.52,23.828,25.474,1.51,8.0
Honolulu,21.31,-157.86,ssp126,2027,24.798,24.103,25.541,1.691,8.0
Honolulu,21.31,-157.86,ssp126,2028,24.541,23.861,25.346,1.925,8.0
Honolulu,21.31,-157.86,ssp126,2029,24.283,23.631,24.937,1.597,8.0
Honolulu,21.31,-157.86,ssp126,2030,24.658,24.289,25.026,1.903,8.0
Honolulu,21.31,-157.86,ssp126,2031,24.395,23.876,25.238,1.699,8.0
Honolulu,21.31,-157.86,ssp126,2032,24.429,23.934,24.927,1.959,8.0
Honolulu,21.31,-157.86,ssp126,2033,24.489,23.465,25.195,1.778,8.0
Honolulu,21.31,-157.86,ssp126,2034,24.49,23.916,25.041,1.854,8.0
Honolulu,21.31,-157.86,ssp126,2035,24.712,24.095,25.415,1.877,8.0
Honolulu,21.31,-157.86,ssp126,2036,24.829,24.252,25.451,1.735,8.0
Honolulu,21.31,-157.86,ssp126,2037,24.708,24.017,25.298,1.708,8.0
Honolulu,21.31,-157.86,ssp126,2038,24.818,24.272,25.376,2.05,8.0
Honolulu,21.31,-157.86,ssp126,2039,24.753,24.404,25.229,1.981,8.0
Honolulu,21.31,-157.86,ssp126,2040,24.908,24.315,25.541,1.766,8.0
Honolulu,21.31,-157.86,ssp126,2041,24.82,24.158,25.511,1.758,8.0
Honolulu,21.31,-157.86,ssp126,2042,24.696,24.2,25.217,1.703,8.0
Honolulu,21.31,-157.86,ssp126,2043,24.672,23.656,25.501,1.686,8.0
Honolulu,21.31,-157.86,ssp126,2044,24.705,24.01,25.235,1.968,8.0
Honolulu,21.31,-157.86,ssp126,2045,24.889,24.42,25.26,1.652,8.0
Honolulu,21.31,-157.86,ssp126,2046,24.877,24.147,25.432,1.965,8.0
Honolulu,21.31,-157.86,ssp126,2047,24.721,23.869,25.394,1.727,8.0
Honolulu,21.31,-157.86,ssp126,2048,24.814,23.85,25.832,2.047,8.0
Honolulu,21.31,-157.86,ssp126,2049,24.836,24.052,25.665,1.769,8.0
Honolulu,21.31,-157.86,ssp126,2050,24.819,23.944,25.415,1.762,8.0
Honolulu,21.31,-157.86,ssp126,2051,25.038,24.401,25.789,1.958,8.0
Honolulu,21.31,-157.86,ssp126,2052,24.947,24.385,25.713,1.786,8.0
Honolulu,21.31,-157.86,ssp126,2053,24.933,24.251,25.77,1.858,8.0
Honolulu,21.31,-157.86,ssp126,2054,24.786,23.861,25.507,1.806,8.0
Honolulu,21.31,-157.86,ssp126,2055,25.072,24.514,25.622,2.13,8.0
Honolulu,21.31,-157.86,ssp126,2056,24.889,24.241,25.308,1.658,8.0
Honolulu,21.31,-157.86,ssp126,2057,24.727,24.094,25.449,1.465,8.0
Honolulu,21.31,-157.86,ssp126,2058,25.141,24.137,25.899,1.813,8.0
Honolulu,21.31,-157.86,ssp126,2059,24.95,24.051,25.731,1.936,8.0
Honolulu,21.31,-157.86,ssp126,2060,24.792,24.106,25.271,1.812,8.0
Honolulu,21.31,-157.86,ssp126,2061,24.943,24.417,25.432,2.056,8.0
Honolulu,21.31,-157.86,ssp126,2062,24.7,24.184,25.328,1.663,8.0
Honolulu,21.31,-157.86,ssp126,2063,24.953,24.171,25.666,1.911,8.0
Honolulu,21.31,-157.86,ssp126,2064,24.91,24.372,25.512,1.782,8.0
Honolulu,21.31,-157.86,ssp126,2065,25.099,24.427,25.656,2.005,8.0
Honolulu,21.31,-157.86,ssp126,2066,25.041,24.377,25.929,1.837,8.0
Honolulu,21.31,-157.86,ssp126,2067,25.049,24.252,25.956,1.763,8.0
Honolulu,21.31,-157.86,ssp126,2068,25.036,24.269,26.142,1.593,8.0
Honolulu,21.31,-157.86,ssp126,2069,25.324,24.46,26.57,1.854,8.0
Honolulu,21.31,-157.86,ssp126,2070,25.039,24.583,25.702,1.819,8.0
Honolulu,21.31,-157.86,ssp126,2071,24.971,24.409,25.371,1.9,8.0
Honolulu,21.31,-157.86,ssp126,2072,25.073,24.376,25.691,2.058,8.0
Honolulu,21.31,-157.86,ssp126,2073,24.946,24.139,25.678,1.438,8.0
Honolulu,21.31,-157.86,ssp126,2074,25.305,24.638,25.997,1.842,8.0
Honolulu,21.31,-157.86,ssp126,2075,24.952,24.324,25.743,1.55,8.0
Honolulu,21.31,-157.86,ssp126,2076,24.885,24.195,25.451,1.825,8.0
Honolulu,21.31,-157.86,ssp126,2077,25.054,24.402,25.554,1.984,8.0
Honolulu,21.31,-157.86,ssp126,2078,24.982,24.163,25.736,1.707,8.0
Honolulu,21.31,-157.86,ssp126,2079,24.954,24.32,25.513,1.62,8.0
Honolulu,21.31,-157.86,ssp126,2080,25.152,24.435,26.092,1.868,8.0
Honolulu,21.31,-157.86,ssp126,2081,25.089,24.36,26.047,1.642,8.0
Honolulu,21.31,-157.86,ssp126,2082,24.854,24.094,25.385,1.701,8.0
Honolulu,21.31,-157.86,ssp126,2083,25.014,23.904,25.833,1.896,8.0
Honolulu,21.31,-157.86,ssp126,2084,25.069,24.488,25.602,2.02,8.0
Honolulu,21.31,-157.86,ssp126,2085,25.062,24.349,26.017,1.843,8.0
Honolulu,21.31,-157.86,ssp126,2086,24.948,24.237,25.492,1.689,8.0
Honolulu,21.31,-157.86,ssp126,2087,24.935,24.056,25.546,1.597,8.0
Honolulu,21.31,-157.86,ssp126,2088,24.95,24.508,25.363,1.65,8.0
Honolulu,21.31,-157.86,ssp126,2089,25.209,24.404,25.971,1.831,8.0
Honolulu,21.31,-157.86,ssp126,2090,24.964,24.311,25.825,1.911,8.0
Honolulu,21.31,-157.86,ssp126,2091,25.115,24.368,25.857,1.792,8.0
Honolulu,21.31,-157.86,ssp126,2092,25.042,24.42,25.634,1.78,8.0
Honolulu,21.31,-157.86,ssp126,2093,24.865,24.035,25.521,1.658,8.0
Honolulu,21.31,-157.86,ssp126,2094,25.012,24.467,25.524,1.996,8.0
Honolulu,21.31,-157.86,ssp126,2095,24.904,24.121,25.554,1.701,8.0
Honolulu,21.31,-157.86,ssp126,2096,24.818,23.983,25.53,1.997,8.0
Honolulu,21.31,-157.86,ssp126,2097,24.717,24.251,25.174,1.666,8.0
Honolulu,21.31,-157.86,ssp126,2098,24.951,24.481,25.362,2.048,8.0
Honolulu,21.31,-157.86,ssp126,2099,24.983,24.3,25.655,2.078,8.0
Honolulu,21.31,-157.86,ssp126,2100,25.035,24.276,25.797,1.804,8.0
Honolulu,21.31,-157.86,ssp245,2015,24.042,23.286,25.035,1.629,8.0
Honolulu,21.31,-157.86,ssp245,2016,24.306,23.294,24.947,1.932,8.0
Honolulu,21.31,-157.86,ssp245,2017,24.395,23.919,24.949,2.045,8.0
Honolulu,21.31,-157.86,ssp245,2018,24.189,23.368,24.875,1.639,8.0
Honolulu,21.31,-157.86,ssp245,2019,24.373,23.566,25.19,2.016,8.0
Honolulu,21.31,-157.86,ssp245,2020,24.215,23.663,24.952,2.043,8.0
Honolulu,21.31,-157.86,ssp245,2021,24.204,23.602,24.768,2.025,8.0
Honolulu,21.31,-157.86,ssp245,2022,24.443,23.661,25.283,1.951,8.0
Honolulu,21.31,-157.86,ssp245,2023,24.234,23.532,24.9,1.842,8.0
Honolulu,21.31,-157.86,ssp245,2024,24.44,23.916,24.986,1.658,8.0
Honolulu,21.31,-157.86,ssp245,2025,24.418,23.457,25.206,1.86,8.0
Honolulu,21.31,-157.86,ssp245,2026,24.407,23.695,25.014,1.689,8.0
Honolulu,21.31,-157.86,ssp245,2027,24.322,23.727,24.761,1.529,8.0
Honolulu,21.31,-157.86,ssp245,2028,24.401,23.673,24.899,1.661,8.0
Honolulu,21.31,-157.86,ssp245,2029,24.59,24.01,25.374,1.909,8.0
Honolulu,21.31,-157.86,ssp245,2030,24.702,24.105,25.209,1.791,8.0
Honolulu,21.31,-157.86,ssp245,2031,24.544,24.114,25.126,1.891,8.0
Honolulu,21.31,-157.86,ssp245,2032,24.543,24.103,25.007,1.925,8.0
Honolulu,21.31,-157.86,ssp245,2033,24.785,24.197,25.223,1.641,8.0
Honolulu,21.31,-157.86,ssp245,2034,24.712,23.726,25.435,1.941,8.0
Honolulu,21.31,-157.86,ssp245,2035,24.696,23.376,25.876,1.757,8.0
Honolulu,21.31,-157.86,ssp245,2036,24.408,23.468,25.429,1.802,8.0
Honolulu,21.31,-157.86,ssp245,2037,24.82,24.115,25.403,1.844,8.0
Honolulu,21.31,-157.86,ssp245,2038,24.666,24.096,25.236,1.847,8.0
Honolulu,21.31,-157.86,ssp245,2039,24.778,24.322,25.527,1.698,8.0
Honolulu,21.31,-157.86,ssp245,2040,24.578,23.892,25.611,1.607,7.0
Honolulu,21.31,-157.86,ssp245,2041,24.584,24.185,25.175,1.704,7.0
Honolulu,21.31,-157.86,ssp245,2042,24.743,23.98,25.638,2.076,7.0
Honolulu,21.31,-157.86,ssp245,2043,24.563,24.041,25.033,1.227,7.0
Honolulu,21.31,-157.86,ssp245,2044,24.805,24.225,25.457,1.597,7.0
Honolulu,21.31,-157.86,ssp245,2045,24.843,24.168,25.388,1.583,7.0
Honolulu,21.31,-157.86,ssp245,2046,24.918,24.103,25.667,2.128,7.0
Honolulu,21.31,-157.86,ssp245,2047,24.975,24.238,25.831,1.668,7.0
Honolulu,21.31,-157.86,ssp245,2048,24.992,24.678,25.254,1.96,7.0
Honolulu,21.31,-157.86,ssp245,2049,24.917,24.359,25.435,1.753,7.0
Honolulu,21.31,-157.86,ssp245,2050,25.001,24.376,25.678,2.122,7.0
Honolulu,21.31,-157.86,ssp245,2051,24.99,24.345,25.666,1.981,7.0
Honolulu,21.31,-157.86,ssp245,2052,25.291,24.809,25.903,1.928,7.0
Honolulu,21.31,-157.86,ssp245,2053,25.036,24.459,25.629,1.816,7.0
Honolulu,21.31,-157.86,ssp245,2054,25.047,24.363,25.579,2.113,7.0
Honolulu,21.31,-157.86,ssp245,2055,25.104,24.411,26.025,2.005,7.0
Honolulu,21.31,-157.86,ssp245,2056,25.028,24.197,25.786,1.617,7.0
Honolulu,21.31,-157.86,ssp245,2057,25.458,24.564,26.073,1.979,7.0
Honolulu,21.31,-157.86,ssp245,2058,24.992,24.412,25.585,1.44,7.0
Honolulu,21.31,-157.86,ssp245,2059,25.131,24.229,26.072,2.146,7.0
Honolulu,21.31,-157.86,ssp245,2060,25.123,24.364,25.872,1.695,7.0
Honolulu,21.31,-157.86,ssp245,2061,25.546,24.775,26.539,2.152,7.0
Honolulu,21.31,-157.86,ssp245,2062,25.193,24.601,25.598,1.749,7.0
Honolulu,21.31,-157.86,ssp245,2063,25.4,24.831,26.248,2.039,7.0
Honolulu,21.31,-157.86,ssp245,2064,25.212,24.764,25.756,1.73,7.0
Honolulu,21.31,-157.86,ssp245,2065,25.308,24.713,25.885,1.65,7.0
Honolulu,21.31,-157.86,ssp245,2066,25.547,24.514,26.48,2.098,7.0
Honolulu,21.31,-157.86,ssp245,2067,25.451,24.927,26.211,1.924,7.0
Honolulu,21.31,-157.86,ssp245,2068,25.437,24.936,26.263,1.895,7.0
Honolulu,21.31,-157.86,ssp245,2069,25.32,24.519,25.919,1.706,7.0
Honolulu,21.31,-157.86,ssp245,2070,25.466,24.566,26.117,2.003,7.0
Honolulu,21.31,-157.86,ssp245,2071,25.408,24.522,26.317,1.78,7.0
Honolulu,21.31,-157.86,ssp245,2072,25.403,24.671,26.037,2.035,7.0
Honolulu,21.31,-157.86,ssp245,2073,25.695,24.818,26.33,1.862,7.0
Honolulu,21.31,-157.86,ssp245,2074,25.818,24.857,26.644,1.955,7.0
Honolulu,21.31,-157.86,ssp245,2075,25.393,24.694,26.015,1.763,7.0
Honolulu,21.31,-157.86,ssp245,2076,25.486,24.288,26.443,1.658,7.0
Honolulu,21.31,-157.86,ssp245,2077,25.535,24.622,26.437,1.84,7.0
Honolulu,21.31,-157.86,ssp245,2078,25.678,24.894,26.486,1.925,7.0
Honolulu,21.31,-157.86,ssp245,2079,25.716,25.068,26.302,1.784,7.0
Honolulu,21.31,-157.86,ssp245,2080,25.679,24.729,26.499,2.179,7.0
Honolulu,21.31,-157.86,ssp245,2081,25.531,24.549,26.362,1.793,7.0
Honolulu,21.31,-157.86,ssp245,2082,25.608,25.126,26.102,1.539,7.0
Honolulu,21.31,-157.86,ssp245,2083,25.475,24.772,26.366,1.673,7.0
Honolulu,21.31,-157.86,ssp245,2084,25.593,25.071,26.172,1.877,7.0
Honolulu,21.31,-157.86,ssp245,2085,25.472,24.517,26.227,2.088,7.0
Honolulu,21.31,-157.86,ssp245,2086,25.686,25.015,26.275,1.759,7.0
Honolulu,21.31,-157.86,ssp245,2087,25.707,24.759,26.836,1.864,7.0
Honolulu,21.31,-157.86,ssp245,2088,25.788,25.199,26.378,1.996,7.0
Honolulu,21.31,-157.86,ssp245,2089,25.798,25.091,26.494,1.849,7.0
Honolulu,21.31,-157.86,ssp245,2090,25.622,24.852,26.39,1.696,7.0
Honolulu,21.31,-157.86,ssp245,2091,25.663,24.865,26.321,1.897,7.0
Honolulu,21.31,-157.86,ssp245,2092,25.711,24.982,26.496,1.886,7.0
Honolulu,21.31,-157.86,ssp245,2093,25.654,25.064,26.444,1.853,7.0
Honolulu,21.31,-157.86,ssp245,2094,25.65,24.926,26.179,1.829,7.0
Honolulu,21.31,-157.86,ssp245,2095,25.827,25.03,26.361,1.998,7.0
Honolulu,21.31,-157.86,ssp245,2096,25.68,24.688,26.479,1.951,7.0
Honolulu,21.31,-157.86,ssp245,2097,25.663,24.824,26.34,1.699,7.0
Honolulu,21.31,-157.86,ssp245,2098,25.977,25.171,26.504,1.784,7.0
Honolulu,21.31,-157.86,ssp245,2099,25.794,25.192,26.51,1.724,7.0
Honolulu,21.31,-157.86,ssp245,2100,25.828,24.955,26.563,1.987,7.0
Honolulu,21.31,-157.86,ssp585,2015,23.979,23.272,24.537,1.903,8.0
Honolulu,21.31,-157.86,ssp585,2016,24.069,23.652,24.522,1.682,8.0
Honolulu,21.31,-157.86,ssp585,2017,24.134,23.48,25.047,2.063,8.0
Honolulu,21.31,-157.86,ssp585,2018,24.101,23.314,24.902,1.769,8.0
Honolulu,21.31,-157.86,ssp585,2019,24.1,23.416,24.841,1.423,8.0
Honolulu,21.31,-157.86,ssp585,2020,24.194,23.587,24.793,1.717,8.0
Honolulu,21.31,-157.86,ssp585,2021,24.297,23.609,25.06,1.757,8.0
Honolulu,21.31,-157.86,ssp585,2022,24.235,23.487,24.806,1.754,8.0
Honolulu,21.31,-157.86,ssp585,2023,24.466,23.577,25.194,1.681,8.0
Honolulu,21.31,-157.86,ssp585,2024,24.641,23.976,25.251,2.074,8.0
Honolulu,21.31,-157.86,ssp585,2025,24.614,23.99,25.413,2.142,8.0
Honolulu,21.31,-157.86,ssp585,2026,24.638,23.843,25.317,2.006,8.0
Honolulu,21.31,-157.86,ssp585,2027,24.903,24.142,25.536,1.564,8.0
Honolulu,21.31,-157.86,ssp585,2028,24.494,23.876,25.197,1.716,8.0
Honolulu,21.31,-157.86,ssp585,2029,24.46,23.894,25.082,1.638,8.0
Honolulu,21.31,-157.86,ssp585,2030,24.781,24.024,25.525,2.055,8.0
Honolulu,21.31,-157.86,ssp585,2031,24.653,23.561,25.618,1.621,8.0
Honolulu,21.31,-157.86,ssp585,2032,24.57,23.758,25.437,1.709,8.0
Honolulu,21.31,-157.86,ssp585,2033,24.436,23.897,25.14,1.457,8.0
Honolulu,21.31,-157.86,ssp585,2034,24.606,23.752,25.567,1.636,8.0
Honolulu,21.31,-157.86,ssp585,2035,24.739,23.797,25.326,1.725,8.0
Honolulu,21.31,-157.86,ssp585,2036,24.789,23.919,25.456,1.929,8.0
Honolulu,21.31,-157.86,ssp585,2037,24.857,24.206,25.424,1.333,8.0
Honolulu,21.31,-157.86,ssp585,2038,24.689,24.319,25.019,1.675,8.0
Honolulu,21.31,-157.86,ssp585,2039,24.953,24.498,25.563,2.039,8.0
Honolulu,21.31,-157.86,ssp585,2040,24.992,24.441,25.51,1.528,8.0
Honolulu,21.31,-157.86,ssp585,2041,25.011,24.139,25.764,1.529,8.0
Honolulu,21.31,-157.86,ssp585,2042,25.329,24.861,25.762,1.881,8.0
Honolulu,21.31,-157.86,ssp585,2043,25.152,24.528,25.722,1.94,8.0
Honolulu,21.31,-157.86,ssp585,2044,25.22,24.415,25.923,2.352,8.0
Honolulu,21.31,-157.86,ssp585,2045,25.087,24.419,25.926,2.027,8.0
Honolulu,21.31,-157.86,ssp585,2046,25.513,24.627,26.349,2.103,8.0
Honolulu,21.31,-157.86,ssp585,2047,25.286,24.538,26.118,1.466,8.0
Honolulu,21.31,-157.86,ssp585,2048,25.462,24.709,26.144,1.972,8.0
Honolulu,21.31,-157.86,ssp585,2049,25.645,24.88,26.35,1.814,8.0
Honolulu,21.31,-157.86,ssp585,2050,25.563,24.569,26.651,1.861,8.0
Honolulu,21.31,-157.86,ssp585,2051,25.515,24.573,26.41,1.877,8.0
Honolulu,21.31,-157.86,ssp585,2052,25.512,24.574,26.269,1.678,8.0
Honolulu,21.31,-157.86,ssp585,2053,25.541,24.396,26.444,1.72,8.0
Honolulu,21.31,-157.86,ssp585,2054,25.515,24.768,26.244,1.76,8.0
Honolulu,21.31,-157.86,ssp585,2055,25.703,24.818,26.28,1.908,8.0
Honolulu,21.31,-157.86,ssp585,2056,25.632,25.077,26.249,1.562,8.0
Honolulu,21.31,-157.86,ssp585,2057,26.068,25.143,26.865,1.956,8.0
Honolulu,21.31,-157.86,ssp585,2058,25.567,24.826,26.283,1.356,8.0
Honolulu,21.31,-157.86,ssp585,2059,25.713,24.907,26.399,1.66,8.0
Honolulu,21.31,-157.86,ssp585,2060,26.012,25.243,26.606,1.976,8.0
Honolulu,21.31,-157.86,ssp585,2061,26.222,25.09,27.155,1.897,8.0
Honolulu,21.31,-157.86,ssp585,2062,26.205,24.73,27.143,2.061,8.0
Honolulu,21.31,-157.86,ssp585,2063,26.077,25.422,26.853,2.035,8.0
Honolulu,21.31,-157.86,ssp585,2064,25.937,24.912,26.915,1.744,8.0
Honolulu,21.31,-157.86,ssp585,2065,26.387,25.523,27.138,1.599,8.0
Honolulu,21.31,-157.86,ssp585,2066,26.481,25.714,27.231,1.698,8.0
Honolulu,21.31,-157.86,ssp585,2067,26.138,25.167,27.471,1.727,8.0
Honolulu,21.31,-157.86,ssp585,2068,26.379,25.494,27.222,2.16,8.0
Honolulu,21.31,-157.86,ssp585,2069,26.339,25.519,27.331,1.648,8.0
Honolulu,21.31,-157.86,ssp585,2070,26.437,25.499,27.095,2.02,8.0
Honolulu,21.31,-157.86,ssp585,2071,26.582,25.699,27.538,1.942,8.0
Honolulu,21.31,-157.86,ssp585,2072,26.551,25.646,27.511,1.955,8.0
Honolulu,21.31,-157.86,ssp585,2073,26.589,25.626,27.558,2.07,8.0
Honolulu,21.31,-157.86,ssp585,2074,26.766,25.649,28.042,1.791,8.0
Honolulu,21.31,-157.86,ssp585,2075,26.841,25.339,28.205,1.917,8.0
Honolulu,21.31,-157.86,ssp585,2076,26.78,25.534,27.861,1.776,8.0
Honolulu,21.31,-157.86,ssp585,2077,26.93,25.422,28.199,2.457,8.0
Honolulu,21.31,-157.86,ssp585,2078,26.867,25.791,28.096,2.085,8.0
Honolulu,21.31,-157.86,ssp585,2079,27.182,26.005,28.033,1.734,8.0
Honolulu,21.31,-157.86,ssp585,2080,27.235,26.19,28.214,2.417,8.0
Honolulu,21.31,-157.86,ssp585,2081,27.02,26.025,28.12,2.194,8.0
Honolulu,21.31,-157.86,ssp585,2082,26.979,25.732,28.275,1.548,8.0
Honolulu,21.31,-157.86,ssp585,2083,27.276,26.19,28.512,2.066,8.0
Honolulu,21.31,-157.86,ssp585,2084,27.308,26.333,28.329,1.764,8.0
Honolulu,21.31,-157.86,ssp585,2085,27.254,26.127,28.488,1.849,8.0
Honolulu,21.31,-157.86,ssp585,2086,27.64,26.738,28.372,2.258,8.0
Honolulu,21.31,-157.86,ssp585,2087,27.535,26.706,28.367,2.088,8.0
Honolulu,21.31,-157.86,ssp585,2088,27.737,26.483,28.715,1.975,8.0
Honolulu,21.31,-157.86,ssp585,2089,27.511,26.002,28.585,1.974,8.0
Honolulu,21.31,-157.86,ssp585,2090,27.614,26.471,28.669,1.928,8.0
Honolulu,21.31,-157.86,ssp585,2091,27.811,26.608,29.121,2.361,8.0
Honolulu,21.31,-157.86,ssp585,2092,27.823,26.6,29.159,1.983,8.0
Honolulu,21.31,-157.86,ssp585,2093,27.85,26.099,29.021,2.377,8.0
Honolulu,21.31,-157.86,ssp585,2094,27.984,26.659,29.376,2.045,8.0
Honolulu,21.31,-157.86,ssp585,2095,27.916,26.398,29.036,1.945,8.0
Honolulu,21.31,-157.86,ssp585,2096,27.783,26.328,28.945,2.225,8.0
Honolulu,21.31,-157.86,ssp585,2097,28.033,26.593,29.26,2.217,8.0
Honolulu,21.31,-157.86,ssp585,2098,27.95,26.7,29.238,1.76,8.0
Honolulu,21.31,-157.86,ssp585,2099,28.345,26.535,30.029,2.014,8.0
Honolulu,21.31,-157.86,ssp585,2100,28.226,26.715,29.397,1.648,8.0
Lagos,6.52,3.38,historical,1850,26.378,25.163,27.598,4.219,8.0
Lagos,6.52,3.38,historical,1851,26.322,25.163,27.476,4.298,8.0
Lagos,6.52,3.38,historical,1852,26.696,25.373,27.904,4.55,8.0
Lagos,6.52,3.38,historical,1853,26.662,25.55,27.984,4.395,8.0
Lagos,6.52,3.38,historical,1854,26.471,25.342,27.876,4.298,8.0
Lagos,6.52,3.38,historical,1855,26.539,25.186,27.754,4.442,8.0
Lagos,6.52,3.38,historical,1856,26.582,25.266,27.671,4.611,8.0
Lagos,6.52,3.38,historical,1857,26.6,25.564,27.73,4.169,8.0
Lagos,6.52,3.38,historical,1858,26.53,25.2,27.695,4.364,8.0
Lagos,6.52,3.38,historical,1859,26.457,25.1,27.56,4.355,8.0
Lagos,6.52,3.38,historical,1860,26.381,25.22,27.257,4.293,8.0
Lagos,6.52,3.38,historical,1861,26.473,25.19,27.496,4.318,8.0
Lagos,6.52,3.38,historical,1862,26.416,25.148,27.454,4.202,8.0
Lagos,6.52,3.38,historical,1863,26.316,25.116,27.404,4.536,8.0
Lagos,6.52,3.38,historical,1864,26.446,25.414,27.511,4.524,8.0
Lagos,6.52,3.38,historical,1865,26.63,25.552,27.466,4.266,8.0
Lagos,6.52,3.38,historical,1866,26.515,25.476,27.547,4.291,8.0
Lagos,6.52,3.38,historical,1867,26.634,25.345,28.114,4.389,8.0
Lagos,6.52,3.38,historical,1868,26.581,25.658,27.351,3.907,8.0
Lagos,6.52,3.38,historical,1869,26.676,25.614,27.584,4.223,8.0
Lagos,6.52,3.38,historical,1870,26.551,25.448,27.594,4.677,8.0
Lagos,6.52,3.38,historical,1871,26.438,25.282,27.427,4.332,8.0
Lagos,6.52,3.38,historical,1872,26.608,25.551,27.65,4.174,8.0
Lagos,6.52,3.38,historical,1873,26.639,25.449,27.658,4.425,8.0
Lagos,6.52,3.38,historical,1874,26.61,25.562,27.558,4.329,8.0
Lagos,6.52,3.38,historical,1875,26.616,25.402,27.884,4.075,8.0
Lagos,6.52,3.38,historical,1876,26.583,25.358,27.456,4.381,8.0
Lagos,6.52,3.38,historical,1877,26.603,25.256,27.633,4.421,8.0
Lagos,6.52,3.38,historical,1878,26.327,25.42,27.136,4.598,8.0
Lagos,6.52,3.38,historical,1879,26.505,25.569,27.78,4.453,8.0
Lagos,6.52,3.38,historical,1880,26.56,25.442,27.498,4.297,8.0
Lagos,6.52,3.38,historical,1881,26.552,25.49,27.463,4.438,8.0
Lagos,6.52,3.38,historical,1882,26.442,25.252,27.498,4.706,8.0
Lagos,6.52,3.38,historical,1883,26.378,24.922,27.541,4.275,8.0
Lagos,6.52,3.38,historical,1884,26.052,24.767,27.102,4.333,8.0
Lagos,6.52,3.38,historical,1885,26.433,25.156,27.437,4.605,8.0
Lagos,6.52,3.38,historical,1886,26.404,25.195,27.503,4.537,8.0
Lagos,6.52,3.38,historical,1887,26.295,24.986,27.448,4.41,8.0
Lagos,6.52,3.38,historical,1888,26.463,25.508,27.543,4.346,8.0
Lagos,6.52,3.38,historical,1889,26.579,25.762,27.291,4.516,8.0
Lagos,6.52,3.38,historical,1890,26.461,25.49,27.292,4.48,8.0
Lagos,6.52,3.38,historical,1891,26.55,25.427,27.707,4.273,8.0
Lagos,6.52,3.38,historical,1892,26.512,25.342,27.483,4.633,8.0
Lagos,6.52,3.38,historical,1893,26.725,25.497,27.714,4.082,8.0
Lagos,6.52,3.38,historical,1894,26.636,25.589,27.78,4.614,8.0
Lagos,6.52,3.38,historical,1895,26.531,25.456,27.557,4.408,8.0
Lagos,6.52,3.38,historical,1896,26.564,25.413,27.525,4.391,8.0
Lagos,6.52,3.38,historical,1897,26.628,25.692,27.727,4.595,8.0
Lagos,6.52,3.38,historical,1898,26.589,25.482,27.885,4.387,8.0
Lagos,6.52,3.38,historical,1899,26.546,25.513,27.771,4.646,8.0
Lagos,6.52,3.38,historical,1900,26.667,25.726,27.389,4.351,8.0
Lagos,6.52,3.38,historical,1901,26.747,25.388,27.773,4.335,8.0
Lagos,6.52,3.38,historical,1902,26.512,25.203,27.484,4.427,8.0
Lagos,6.52,3.38,historical,1903,26.465,25.406,27.666,4.092,8.0
Lagos,6.52,3.38,historical,1904,26.62,25.736,27.731,4.161,8.0
Lagos,6.52,3.38,historical,1905,26.519,25.434,27.493,4.072,8.0
Lagos,6.52,3.38,historical,1906,26.479,25.276,27.867,4.345,8.0
Lagos,6.52,3.38,historical,1907,26.579,25.325,27.862,4.646,8.0
Lagos,6.52,3.38,historical,1908,26.64,25.313,27.912,4.247,8.0
Lagos,6.52,3.38,historical,1909,26.517,25.501,27.38,4.356,8.0
Lagos,6.52,3.38,historical,1910,26.682,25.705,27.688,4.114,8.0
Lagos,6.52,3.38,historical,1911,26.617,25.62,27.666,4.187,8.0
Lagos,6.52,3.38,historical,1912,26.701,25.64,27.732,4.155,8.0
Lagos,6.52,3.38,historical,1913,26.854,25.614,27.918,4.164,8.0
Lagos,6.52,3.38,historical,1914,26.72,25.642,27.543,4.619,8.0
Lagos,6.52,3.38,historical,1915,26.571,25.415,27.509,4.283,8.0
Lagos,6.52,3.38,historical,1916,26.539,25.373,27.879,4.335,8.0
Lagos,6.52,3.38,historical,1917,26.416,25.532,27.327,4.318,8.0
Lagos,6.52,3.38,historical,1918,26.692,25.559,27.654,4.313,8.0
Lagos,6.52,3.38,historical,1919,26.746,25.869,27.588,4.656,8.0
Lagos,6.52,3.38,historical,1920,26.745,25.83,27.56,4.32,8.0
Lagos,6.52,3.38,historical,1921,26.678,25.418,27.846,4.234,8.0
Lagos,6.52,3.38,historical,1922,26.756,25.74,27.822,4.171,8.0
Lagos,6.52,3.38,historical,1923,26.904,25.781,27.969,3.969,8.0
Lagos,6.52,3.38,historical,1924,26.635,25.527,27.656,4.485,8.0
Lagos,6.52,3.38,historical,1925,26.643,25.548,27.646,4.416,8.0
Lagos,6.52,3.38,historical,1926,26.711,25.703,27.562,4.654,8.0
Lagos,6.52,3.38,historical,1927,26.695,25.631,27.739,4.124,8.0
Lagos,6.52,3.38,historical,1928,26.865,25.679,28.204,4.349,8.0
Lagos,6.52,3.38,historical,1929,26.822,25.383,27.984,4.351,8.0
Lagos,6.52,3.38,historical,1930,26.702,25.805,27.656,4.463,8.0
Lagos,6.52,3.38,historical,1931,26.498,25.624,27.321,4.29,8.0
Lagos,6.52,3.38,historical,1932,26.641,25.635,27.471,4.56,8.0
Lagos,6.52,3.38,historical,1933,26.667,25.504,27.629,4.457,8.0
Lagos,6.52,3.38,historical,1934,26.847,25.868,27.833,4.219,8.0
Lagos,6.52,3.38,historical,1935,26.646,25.596,27.64,4.162,8.0
Lagos,6.52,3.38,historical,1936,26.791,25.738,27.769,4.559,8.0
Lagos,6.52,3.38,historical,1937,26.67,25.731,27.577,4.504,8.0
Lagos,6.52,3.38,historical,1938,26.704,25.438,27.655,4.342,8.0
Lagos,6.52,3.38,historical,1939,26.855,25.833,27.942,4.293,8.0
Lagos,6.52,3.38,historical,1940,26.871,25.874,27.96,4.421,8.0
Lagos,6.52,3.38,historical,1941,26.916,25.814,28.142,4.508,8.0
Lagos,6.52,3.38,historical,1942,26.736,25.637,27.966,4.184,8.0
Lagos,6.52,3.38,historical,1943,26.786,25.829,27.833,4.297,8.0
Lagos,6.52,3.38,historical,1944,26.838,25.832,27.806,4.347,8.0
Lagos,6.52,3.38,historical,1945,26.769,25.57,27.918,4.357,8.0
Lagos,6.52,3.38,historical,1946,26.626,25.558,27.725,4.594,8.0
Lagos,6.52,3.38,historical,1947,26.735,25.738,27.737,4.29,8.0
Lagos,6.52,3.38,historical,1948,26.834,25.863,27.855,4.154,8.0
Lagos,6.52,3.38,historical,1949,26.852,25.588,28.033,4.297,8.0
Lagos,6.52,3.38,historical,1950,26.822,25.944,27.695,4.285,8.0
Lagos,6.52,3.38,historical,1951,26.793,25.714,27.724,4.221,8.0
Lagos,6.52,3.38,historical,1952,26.903,25.765,28.185,4.327,8.0
Lagos,6.52,3.38,historical,1953,26.822,25.541,27.889,4.232,8.0
Lagos,6.52,3.38,historical,1954,26.779,25.568,27.929,4.399,8.0
Lagos,6.52,3.38,historical,1955,26.709,25.647,27.553,4.241,8.0
Lagos,6.52,3.38,historical,1956,26.747,25.725,27.646,4.324,8.0
Lagos,6.52,3.38,historical,1957,26.917,25.735,27.955,4.252,8.0
Lagos,6.52,3.38,historical,1958,26.861,26.042,27.813,4.144,8.0
Lagos,6.52,3.38,historical,1959,26.956,25.936,28.068,4.133,8.0
Lagos,6.52,3.38,historical,1960,26.786,25.524,27.788,4.356,8.0
Lagos,6.52,3.38,historical,1961,26.876,25.804,27.869,4.484,8.0
Lagos,6.52,3.38,historical,1962,26.841,25.935,27.656,4.267,8.0
Lagos,6.52,3.38,historical,1963,26.629,25.497,27.832,4.207,8.0
Lagos,6.52,3.38,historical,1964,26.579,25.329,27.481,4.553,8.0
Lagos,6.52,3.38,historical,1965,26.619,25.513,27.475,4.789,8.0
Lagos,6.52,3.38,historical,1966,26.63,25.671,27.467,4.207,8.0
Lagos,6.52,3.38,historical,1967,26.679,25.608,27.552,4.557,8.0
Lagos,6.52,3.38,historical,1968,26.7,25.73,27.73,4.444,8.0
Lagos,6.52,3.38,historical,1969,26.876,26.077,28.06,4.352,8.0
Lagos,6.52,3.38,historical,1970,26.821,25.875,27.562,4.232,8.0
Lagos,6.52,3.38,historical,1971,26.761,25.755,27.651,4.67,8.0
Lagos,6.52,3.38,historical,1972,26.86,25.958,27.835,4.496,8.0
Lagos,6.52,3.38,historical,1973,26.941,25.895,28.013,4.31,8.0
Lagos,6.52,3.38,historical,1974,26.884,25.967,27.745,4.053,8.0
Lagos,6.52,3.38,historical,1975,26.79,25.533,27.581,4.344,8.0
Lagos,6.52,3.38,historical,1976,26.65,25.793,27.663,4.442,8.0
Lagos,6.52,3.38,historical,1977,26.789,25.823,27.552,4.201,8.0
Lagos,6.52,3.38,historical,1978,27.109,26.099,28.004,4.407,8.0
Lagos,6.52,3.38,historical,1979,27.004,26.036,28.072,4.327,8.0
Lagos,6.52,3.38,historical,1980,26.912,25.787,27.779,4.629,8.0
Lagos,6.52,3.38,historical,1981,26.96,25.972,27.913,4.057,8.0
Lagos,6.52,3.38,historical,1982,26.87,26.065,27.979,4.487,8.0
Lagos,6.52,3.38,historical,1983,26.761,25.584,27.705,4.521,8.0
Lagos,6.52,3.38,historical,1984,26.908,25.582,28.015,4.001,8.0
Lagos,6.52,3.38,historical,1985,27.004,26.108,27.96,4.381,8.0
Lagos,6.52,3.38,historical,1986,27.011,26.211,27.729,4.744,8.0
Lagos,6.52,3.38,historical,1987,26.911,26.092,27.734,4.28,8.0
Lagos,6.52,3.38,historical,1988,26.921,25.661,27.843,4.227,8.0
Lagos,6.52,3.38,historical,1989,26.962,25.944,27.871,4.679,8.0
Lagos,6.52,3.38,historical,1990,27.129,26.169,28.02,4.321,8.0
Lagos,6.52,3.38,historical,1991,27.019,26.163,28.057,4.473,8.0
Lagos,6.52,3.38,historical,1992,26.578,25.735,27.319,4.48,8.0
Lagos,6.52,3.38,historical,1993,26.745,25.71,27.598,4.699,8.0
Lagos,6.52,3.38,historical,1994,26.94,26.056,28.067,4.575,8.0
Lagos,6.52,3.38,historical,1995,26.985,26.067,27.948,4.566,8.0
Lagos,6.52,3.38,historical,1996,27.053,25.835,28.034,4.573,8.0
Lagos,6.52,3.38,historical,1997,27.04,26.051,27.665,4.677,8.0
Lagos,6.52,3.38,historical,1998,27.049,26.102,27.943,4.39,8.0
Lagos,6.52,3.38,historical,1999,27.041,25.964,28.106,4.637,8.0
Lagos,6.52,3.38,historical,2000,27.055,26.036,28.254,4.447,8.0
Lagos,6.52,3.38,historical,2001,27.389,26.334,28.306,4.488,8.0
Lagos,6.52,3.38,historical,2002,27.469,26.515,28.297,4.448,8.0
Lagos,6.52,3.38,historical,2003,27.446,26.23,28.373,4.339,8.0
Lagos,6.52,3.38,historical,2004,27.431,26.62,28.093,4.709,8.0
Lagos,6.52,3.38,historical,2005,27.253,26.205,28.111,4.634,8.0
Lagos,6.52,3.38,historical,2006,27.386,26.155,28.083,4.596,8.0
Lagos,6.52,3.38,historical,2007,27.362,26.322,28.059,4.813,8.0
Lagos,6.52,3.38,historical,2008,27.295,26.506,27.926,4.656,8.0
Lagos,6.52,3.38,historical,2009,27.442,26.489,28.489,4.235,8.0
Lagos,6.52,3.38,historical,2010,27.398,26.4,28.469,4.578,8.0
Lagos,6.52,3.38,historical,2011,27.517,26.354,28.608,4.82,8.0
Lagos,6.52,3.38,historical,2012,27.425,26.562,28.441,4.884,8.0
Lagos,6.52,3.38,historical,2013,27.342,26.319,28.221,4.771,8.0
Lagos,6.52,3.38,historical,2014,27.61,26.51,28.857,4.383,8.0
Lagos,6.52,3.38,ssp126,2015,27.505,26.333,28.506,4.831,8.0
Lagos,6.52,3.38,ssp126,2016,27.436,26.22,28.695,4.832,8.0
Lagos,6.52,3.38,ssp126,2017,27.6,26.6,28.641,4.463,8.0
Lagos,6.52,3.38,ssp126,2018,27.606,26.483,28.518,4.521,8.0
Lagos,6.52,3.38,ssp126,2019,27.774,26.55,28.715,4.705,8.0
Lagos,6.52,3.38,ssp126,2020,27.921,26.85,28.822,4.408,8.0
Lagos,6.52,3.38,ssp126,2021,27.729,26.933,28.774,4.411,8.0
Lagos,6.52,3.38,ssp126,2022,27.705,26.775,28.862,4.461,8.0
Lagos,6.52,3.38,ssp126,2023,27.779,26.827,29.133,4.664,8.0
Lagos,6.52,3.38,ssp126,2024,27.79,26.651,29.203,4.814,8.0
Lagos,6.52,3.38,ssp126,2025,27.908,26.569,29.112,4.559,8.0
Lagos,6.52,3.38,ssp126,2026,27.979,26.877,28.854,4.485,8.0
Lagos,6.52,3.38,ssp126,2027,27.895,26.671,29.121,4.748,8.0
Lagos,6.52,3.38,ssp126,2028,27.982,26.835,29.275,4.961,8.0
Lagos,6.52,3.38,ssp126,2029,28.216,26.999,29.758,4.515,8.0
Lagos,6.52,3.38,ssp126,2030,28.151,27.076,29.509,4.782,8.0
Lagos,6.52,3.38,ssp126,2031,28.155,27.074,29.232,4.486,8.0
Lagos,6.52,3.38,ssp126,2032,28.04,26.913,29.341,4.92,8.0
Lagos,6.52,3.38,ssp126,2033,28.008,26.801,29.133,4.748,8.0
Lagos,6.52,3.38,ssp126,2034,28.0,26.945,28.975,4.577,8.0
Lagos,6.52,3.38,ssp126,2035,28.045,26.98,29.094,4.842,8.0
Lagos,6.52,3.38,ssp126,2036,28.372,26.993,29.391,4.649,8.0
Lagos,6.52,3.38,ssp126,2037,28.402,27.432,29.293,4.526,8.0
Lagos,6.52,3.38,ssp126,2038,28.29,27.437,29.367,4.549,8.0
Lagos,6.52,3.38,ssp126,2039,28.282,26.983,29.656,4.644,8.0
Lagos,6.52,3.38,ssp126,2040,28.334,26.985,29.753,4.861,8.0
Lagos,6.52,3.38,ssp126,2041,28.408,27.232,29.617,4.454,8.0
Lagos,6.52,3.38,ssp126,2042,28.324,27.401,29.488,4.363,8.0
Lagos,6.52,3.38,ssp126,2043,28.44,27.455,29.676,4.644,8.0
Lagos,6.52,3.38,ssp126,2044,28.355,27.207,29.253,4.553,8.0
Lagos,6.52,3.38,ssp126,2045,28.37,27.269,29.667,4.835,8.0
Lagos,6.52,3.38,ssp126,2046,28.444,27.36,29.882,4.495,8.0
Lagos,6.52,3.38,ssp126,2047,28.563,27.266,29.848,4.724,8.0
Lagos,6.52,3.38,ssp126,2048,28.378,27.062,29.855,4.965,8.0
Lagos,6.52,3.38,ssp126,2049,28.442,27.06,29.774,4.643,8.0
Lagos,6.52,3.38,ssp126,2050,28.47,27.323,29.592,4.875,8.0
Lagos,6.52,3.38,ssp126,2051,28.558,27.725,29.746,4.382,8.0
Lagos,6.52,3.38,ssp126,2052,28.511,27.352,29.566,4.675,8.0
Lagos,6.52,3.38,ssp126,2053,28.431,27.115,29.788,4.42,8.0
Lagos,6.52,3.38,ssp126,2054,28.445,27.074,29.873,4.641,8.0
Lagos,6.52,3.38,ssp126,2055,28.165,26.976,29.692,4.62,8.0
Lagos,6.52,3.38,ssp126,2056,28.599,27.323,30.367,4.631,8.0
Lagos,6.52,3.38,ssp126,2057,28.553,27.55,29.751,4.572,8.0
Lagos,6.52,3.38,ssp126,2058,28.208,27.158,29.418,4.799,8.0
Lagos,6.52,3.38,ssp126,2059,28.485,27.15,29.778,4.406,8.0
Lagos,6.52,3.38,ssp126,2060,28.626,27.299,30.098,4.75,8.0
Lagos,6.52,3.38,ssp126,2061,28.589,27.37,29.848,4.569,8.0
Lagos,6.52,3.38,ssp126,2062,28.635,27.538,30.085,4.399,8.0
Lagos,6.52,3.38,ssp126,2063,28.618,27.416,30.116,4.535,8.0
Lagos,6.52,3.38,ssp126,2064,28.567,27.125,30.215,4.702,8.0
Lagos,6.52,3.38,ssp126,2065,28.552,27.237,30.047,4.484,8.0
Lagos,6.52,3.38,ssp126,2066,28.747,27.422,30.145,4.361,8.0
Lagos,6.52,3.38,ssp126,2067,28.551,27.253,29.858,4.281,8.0
Lagos,6.52,3.38,ssp126,2068,28.532,27.133,30.271,4.698,8.0
Lagos,6.52,3.38,ssp126,2069,28.582,27.449,29.999,4.751,8.0
Lagos,6.52,3.38,ssp126,2070,28.596,27.298,30.043,4.478,8.0
Lagos,6.52,3.38,ssp126,2071,28.325,27.018,30.003,4.516,8.0
Lagos,6.52,3.38,ssp126,2072,28.353,27.206,29.545,4.278,8.0
Lagos,6.52,3.38,ssp126,2073,28.632,27.135,30.192,4.669,8.0
Lagos,6.52,3.38,ssp126,2074,28.539,27.065,30.08,4.632,8.0
Lagos,6.52,3.38,ssp126,2075,28.594,27.267,29.983,4.548,8.0
Lagos,6.52,3.38,ssp126,2076,28.455,26.944,30.091,4.489,8.0
Lagos,6.52,3.38,ssp126,2077,28.573,27.141,30.119,4.289,8.0
Lagos,6.52,3.38,ssp126,2078,28.737,27.423,30.186,4.311,8.0
Lagos,6.52,3.38,ssp126,2079,28.637,27.386,30.292,4.822,8.0
Lagos,6.52,3.38,ssp126,2080,28.344,27.169,29.688,4.957,8.0
Lagos,6.52,3.38,ssp126,2081,28.497,27.134,29.781,4.355,8.0
Lagos,6.52,3.38,ssp126,2082,28.718,27.442,30.089,4.528,8.0
Lagos,6.52,3.38,ssp126,2083,28.487,27.099,30.09,4.677,8.0
Lagos,6.52,3.38,ssp126,2084,28.446,27.254,29.811,4.823,8.0
Lagos,6.52,3.38,ssp126,2085,28.486,27.22,29.862,4.691,8.0
Lagos,6.52,3.38,ssp126,2086,28.657,27.096,29.899,4.474,8.0
Lagos,6.52,3.38,ssp126,2087,28.584,27.139,30.251,4.566,8.0
Lagos,6.52,3.38,ssp126,2088,28.561,27.129,30.315,4.6,8.0
Lagos,6.52,3.38,ssp126,2089,28.383,26.932,29.953,4.472,8.0
Lagos,6.52,3.38,ssp126,2090,28.502,27.131,30.191,4.679,8.0
Lagos,6.52,3.38,ssp126,2091,28.534,27.036,29.97,4.682,8.0
Lagos,6.52,3.38,ssp126,2092,28.475,27.009,30.107,4.564,8.0
Lagos,6.52,3.38,ssp126,2093,28.553,27.203,30.019,4.763,8.0
Lagos,6.52,3.38,ssp126,2094,28.448,27.202,29.984,4.618,8.0
Lagos,6.52,3.38,ssp126,2095,28.504,27.159,30.126,4.516,8.0
Lagos,6.52,3.38,ssp126,2096,28.479,27.029,30.026,4.843,8.0
Lagos,6.52,3.38,ssp126,2097,28.54,27.242,30.041,4.801,8.0
Lagos,6.52,3.38,ssp126,2098,28.383,26.786,29.974,4.707,8.0
Lagos,6.52,3.38,ssp126,2099,28.391,27.141,29.939,4.699,8.0
Lagos,6.52,3.38,ssp126,2100,28.697,27.384,30.206,4.647,8.0
Lagos,6.52,3.38,ssp245,2015,27.61,26.572,28.624,4.751,8.0
Lagos,6.52,3.38,ssp245,2016,27.406,26.516,28.599,4.663,8.0
Lagos,6.52,3.38,ssp245,2017,27.651,26.512,28.929,4.634,8.0
Lagos,6.52,3.38,ssp245,2018,27.712,26.68,28.798,4.575,8.0
Lagos,6.52,3.38,ssp245,2019,27.65,26.875,28.572,4.269,8.0
Lagos,6.52,3.38,ssp245,2020,27.689,26.622,28.729,4.557,8.0
Lagos,6.52,3.38,ssp245,2021,27.767,26.48,28.898,5.076,8.0
Lagos,6.52,3.38,ssp245,2022,27.73,26.829,29.068,4.872,8.0
Lagos,6.52,3.38,ssp245,2023,27.808,26.834,28.894,4.641,8.0
Lagos,6.52,3.38,ssp245,2024,27.914,26.912,28.926,4.487,8.0
Lagos,6.52,3.38,ssp245,2025,27.992,26.943,29.036,4.706,8.0
Lagos,6.52,3.38,ssp245,2026,27.942,26.973,28.89,4.239,8.0
Lagos,6.52,3.38,ssp245,2027,27.91,26.841,29.259,4.483,8.0
Lagos,6.52,3.38,ssp245,2028,27.967,26.763,29.353,4.494,8.0
Lagos,6.52,3.38,ssp245,2029,27.841,26.819,28.969,4.729,8.0
Lagos,6.52,3.38,ssp245,2030,28.024,27.038,29.239,4.865,8.0
Lagos,6.52,3.38,ssp245,2031,27.992,26.806,29.418,4.315,8.0
Lagos,6.52,3.38,ssp245,2032,27.986,26.984,29.089,4.469,8.0
Lagos,6.52,3.38,ssp245,2033,28.055,27.124,29.178,5.047,8.0
Lagos,6.52,3.38,ssp245,2034,28.096,26.939,29.12,4.766,8.0
Lagos,6.52,3.38,ssp245,2035,28.109,26.904,29.1,4.758,8.0
Lagos,6.52,3.38,ssp245,2036,28.134,27.055,29.484,4.973,8.0
Lagos,6.52,3.38,ssp245,2037,28.102,27.116,29.5,4.477,8.0
Lagos,6.52,3.38,ssp245,2038,28.333,27.378,29.193,4.571,8.0
Lagos,6.52,3.38,ssp245,2039,28.386,27.427,29.262,4.548,8.0
Lagos,6.52,3.38,ssp245,2040,28.311,27.21,29.481,4.335,7.0
Lagos,6.52,3.38,ssp245,2041,28.283,27.212,29.582,4.576,7.0
Lagos,6.52,3.38,ssp245,2042,28.387,27.203,29.927,4.586,7.0
Lagos,6.52,3.38,ssp245,2043,28.51,27.16,29.941,4.529,7.0
Lagos,6.52,3.38,ssp245,2044,28.421,27.267,29.562,4.615,7.0
Lagos,6.52,3.38,ssp245,2045,28.395,27.177,29.762,4.482,7.0
Lagos,6.52,3.38,ssp245,2046,28.422,27.246,29.923,4.594,7.0
Lagos,6.52,3.38,ssp245,2047,28.615,27.256,30.098,4.499,7.0
Lagos,6.52,3.38,ssp245,2048,28.527,27.381,29.824,4.492,7.0
Lagos,6.52,3.38,ssp245,2049,28.623,27.602,29.82,4.68,7.0
Lagos,6.52,3.38,ssp245,2050,28.591,27.417,29.852,4.415,7.0
Lagos,6.52,3.38,ssp245,2051,28.661,27.328,30.217,4.27,7.0
Lagos,6.52,3.38,ssp245,2052,28.556,27.249,29.934,4.919,7.0
Lagos,6.52,3.38,ssp245,2053,28.888,27.514,30.38,4.316,7.0
Lagos,6.52,3.38,ssp245,2054,28.793,27.427,30.177,4.309,7.0
Lagos,6.52,3.38,ssp245,2055,28.794,27.414,30.519,4.243,7.0
Lagos,6.52,3.38,ssp245,2056,29.002,27.652,30.279,4.213,7.0
Lagos,6.52,3.38,ssp245,2057,29.036,27.914,30.161,4.056,7.0
Lagos,6.52,3.38,ssp245,2058,28.894,27.693,30.355,4.484,7.0
Lagos,6.52,3.38,ssp245,2059,28.951,27.56,30.605,4.602,7.0
Lagos,6.52,3.38,ssp245,2060,28.871,27.741,30.018,4.213,7.0
Lagos,6.52,3.38,ssp245,2061,28.967,27.801,30.432,4.336,7.0
Lagos,6.52,3.38,ssp245,2062,29.052,27.677,30.841,4.324,7.0
Lagos,6.52,3.38,ssp245,2063,28.993,27.887,30.413,4.427,7.0
Lagos,6.52,3.38,ssp245,2064,29.265,28.137,30.457,4.02,7.0
Lagos,6.52,3.38,ssp245,2065,29.264,28.031,30.522,4.597,7.0
Lagos,6.52,3.38,ssp245,2066,28.901,27.627,30.18,4.616,7.0
Lagos,6.52,3.38,ssp245,2067,28.981,27.648,30.443,4.677,7.0
Lagos,6.52,3.38,ssp245,2068,29.143,27.937,30.528,4.258,7.0
Lagos,6.52,3.38,ssp245,2069,29.088,27.864,30.516,4.398,7.0
Lagos,6.52,3.38,ssp245,2070,29.281,27.812,30.863,4.349,7.0
Lagos,6.52,3.38,ssp245,2071,29.209,27.832,30.962,4.447,7.0
Lagos,6.52,3.38,ssp245,2072,29.282,28.01,30.878,4.808,7.0
Lagos,6.52,3.38,ssp245,2073,29.388,27.755,31.08,4.813,7.0
Lagos,6.52,3.38,ssp245,2074,29.304,28.065,30.586,4.559,7.0
Lagos,6.52,3.38,ssp245,2075,29.513,28.215,30.895,4.586,7.0
Lagos,6.52,3.38,ssp245,2076,29.428,28.234,30.963,4.589,7.0
Lagos,6.52,3.38,ssp245,2077,29.557,28.179,31.054,4.383,7.0
Lagos,6.52,3.38,ssp245,2078,29.523,27.929,31.04,3.849,7.0
Lagos,6.52,3.38,ssp245,2079,29.378,28.001,31.108,4.696,7.0
Lagos,6.52,3.38,ssp245,2080,29.444,28.038,30.876,4.071,7.0
Lagos,6.52,3.38,ssp245,2081,29.448,27.867,30.959,4.376,7.0
Lagos,6.52,3.38,ssp245,2082,29.438,28.168,30.812,4.49,7.0
Lagos,6.52,3.38,ssp245,2083,29.643,28.182,31.235,4.566,7.0
Lagos,6.52,3.38,ssp245,2084,29.546,27.871,31.362,4.528,7.0
Lagos,6.52,3.38,ssp245,2085,29.72,28.345,31.344,4.356,7.0
Lagos,6.52,3.38,ssp245,2086,29.722,28.204,31.203,4.122,7.0
Lagos,6.52,3.38,ssp245,2087,29.663,28.096,31.221,4.118,7.0
Lagos,6.52,3.38,ssp245,2088,29.508,28.227,31.007,4.425,7.0
Lagos,6.52,3.38,ssp245,2089,29.872,28.566,31.463,4.388,7.0
Lagos,6.52,3.38,ssp245,2090,29.777,28.153,31.418,4.391,7.0
Lagos,6.52,3.38,ssp245,2091,29.493,27.986,31.317,4.771,7.0
Lagos,6.52,3.38,ssp245,2092,29.689,28.188,31.242,4.606,7.0
Lagos,6.52,3.38,ssp245,2093,29.658,28.026,31.263,4.737,7.0
Lagos,6.52,3.38,ssp245,2094,29.543,28.109,30.868,4.432,7.0
Lagos,6.52,3.38,ssp245,2095,29.902,28.624,31.304,4.219,7.0
Lagos,6.52,3.38,ssp245,2096,29.796,28.139,31.471,4.288,7.0
Lagos,6.52,3.38,ssp245,2097,29.721,28.205,31.176,4.369,7.0
Lagos,6.52,3.38,ssp245,2098,29.777,28.647,31.175,4.382,7.0
Lagos,6.52,3.38,ssp245,2099,30.001,28.383,31.66,4.499,7.0
Lagos,6.52,3.38,ssp245,2100,29.806,28.063,31.415,4.315,7.0
Lagos,6.52,3.38,ssp585,2015,27.692,26.564,28.825,4.56,8.0
Lagos,6.52,3.38,ssp585,2016,27.482,26.572,28.889,4.493,8.0
Lagos,6.52,3.38,ssp585,2017,27.399,26.659,28.287,4.583,8.0
Lagos,6.52,3.38,ssp585,2018,27.553,26.475,28.557,4.905,8.0
Lagos,6.52,3.38,ssp585,2019,27.851,26.662,28.766,4.26,8.0
Lagos,6.52,3.38,ssp585,2020,27.73,26.433,29.023,4.824,8.0
Lagos,6.52,3.38,ssp585,2021,27.645,26.634,28.636,4.467,8.0
Lagos,6.52,3.38,ssp585,2022,27.631,26.762,28.743,4.555,8.0
Lagos,6.52,3.38,ssp585,2023,27.859,26.739,28.907,4.729,8.0
Lagos,6.52,3.38,ssp585,2024,27.749,26.742,28.639,4.624,8.0
Lagos,6.52,3.38,ssp585,2025,27.833,26.869,28.75,5.091,8.0
Lagos,6.52,3.38,ssp585,2026,27.967,26.689,29.04,4.787,8.0
Lagos,6.52,3.38,ssp585,2027,28.104,26.829,29.363,4.515,8.0
Lagos,6.52,3.38,ssp585,2028,28.163,27.062,29.219,4.642,8.0
Lagos,6.52,3.38,ssp585,2029,27.948,26.778,28.856,4.696,8.0
Lagos,6.52,3.38,ssp585,2030,27.976,26.881,28.931,5.141,8.0
Lagos,6.52,3.38,ssp585,2031,28.256,26.994,29.429,4.899,8.0
Lagos,6.52,3.38,ssp585,2032,28.218,27.259,28.894,4.552,8.0
Lagos,6.52,3.38,ssp585,2033,28.101,27.145,29.195,4.778,8.0
Lagos,6.52,3.38,ssp585,2034,28.12,26.9,29.328,4.824,8.0
Lagos,6.52,3.38,ssp585,2035,28.144,26.94,29.273,4.876,8.0
Lagos,6.52,3.38,ssp585,2036,28.258,27.047,29.52,4.634,8.0
Lagos,6.52,3.38,ssp585,2037,28.416,27.213,29.642,4.489,8.0
Lagos,6.52,3.38,ssp585,2038,28.13,26.727,29.438,4.939,8.0
Lagos,6.52,3.38,ssp585,2039,28.153,26.909,29.346,4.725,8.0
Lagos,6.52,3.38,ssp585,2040,28.588,27.443,29.752,4.375,8.0
Lagos,6.52,3.38,ssp585,2041,28.572,27.23,29.879,4.435,8.0
Lagos,6.52,3.38,ssp585,2042,28.333,27.066,29.509,4.463,8.0
Lagos,6.52,3.38,ssp585,2043,28.598,27.166,29.798,4.535,8.0
Lagos,6.52,3.38,ssp585,2044,28.465,27.225,29.762,4.957,8.0
Lagos,6.52,3.38,ssp585,2045,28.618,27.291,29.881,4.308,8.0
Lagos,6.52,3.38,ssp585,2046,28.73,27.397,29.933,4.531,8.0
Lagos,6.52,3.38,ssp585,2047,28.868,27.409,30.026,4.658,8.0
Lagos,6.52,3.38,ssp585,2048,28.805,27.56,30.032,4.497,8.0
Lagos,6.52,3.38,ssp585,2049,28.906,27.723,30.192,4.673,8.0
Lagos,6.52,3.38,ssp585,2050,28.891,27.3,30.382,4.908,8.0
Lagos,6.52,3.38,ssp585,2051,29.039,27.828,30.094,4.706,8.0
Lagos,6.52,3.38,ssp585,2052,29.13,27.656,30.595,4.687,8.0
Lagos,6.52,3.38,ssp585,2053,29.164,27.539,30.398,4.669,8.0
Lagos,6.52,3.38,ssp585,2054,29.059,27.616,30.448,4.65,8.0
Lagos,6.52,3.38,ssp585,2055,29.166,27.671,30.488,4.532,8.0
Lagos,6.52,3.38,ssp585,2056,29.291,27.477,30.857,4.829,8.0
Lagos,6.52,3.38,ssp585,2057,29.282,27.779,30.693,4.735,8.0
Lagos,6.52,3.38,ssp585,2058,29.517,27.763,30.836,4.41,8.0
Lagos,6.52,3.38,ssp585,2059,29.488,28.115,30.965,4.329,8.0
Lagos,6.52,3.38,ssp585,2060,29.401,27.878,30.869,4.971,8.0
Lagos,6.52,3.38,ssp585,2061,29.536,28.01,31.154,4.699,8.0
Lagos,6.52,3.38,ssp585,2062,29.651,27.949,31.2,4.443,8.0
Lagos,6.52,3.38,ssp585,2063,29.831,27.964,31.438,4.645,8.0
Lagos,6.52,3.38,ssp585,2064,29.73,28.467,31.504,4.802,8.0
Lagos,6.52,3.38,ssp585,2065,29.709,28.33,31.078,4.747,8.0
Lagos,6.52,3.38,ssp585,2066,29.822,28.206,31.288,4.284,8.0
Lagos,6.52,3.38,ssp585,2067,30.151,28.444,31.549,4.717,8.0
Lagos,6.52,3.38,ssp585,2068,29.875,28.026,31.498,4.757,8.0
Lagos,6.52,3.38,ssp585,2069,29.917,28.333,31.872,4.364,8.0
Lagos,6.52,3.38,ssp585,2070,30.213,28.407,32.166,4.408,8.0
Lagos,6.52,3.38,ssp585,2071,30.453,28.606,32.34,4.714,8.0
Lagos,6.52,3.38,ssp585,2072,30.239,28.337,32.078,4.458,8.0
Lagos,6.52,3.38,ssp585,2073,30.344,28.517,31.909,4.86,8.0
Lagos,6.52,3.38,ssp585,2074,30.461,28.511,31.864,4.258,8.0
Lagos,6.52,3.38,ssp585,2075,30.551,29.093,31.777,4.41,8.0
Lagos,6.52,3.38,ssp585,2076,30.585,28.571,32.405,4.481,8.0
Lagos,6.52,3.38,ssp585,2077,30.406,28.465,32.194,4.467,8.0
Lagos,6.52,3.38,ssp585,2078,30.411,28.691,32.205,4.8,8.0
Lagos,6.52,3.38,ssp585,2079,30.779,28.976,32.482,4.405,8.0
Lagos,6.52,3.38,ssp585,2080,30.791,28.812,32.535,4.434,8.0
Lagos,6.52,3.38,ssp585,2081,30.957,29.321,32.675,4.354,8.0
Lagos,6.52,3.38,ssp585,2082,30.977,29.244,32.875,4.262,8.0
Lagos,6.52,3.38,ssp585,2083,31.054,28.932,32.737,4.508,8.0
Lagos,6.52,3.38,ssp585,2084,31.053,28.966,33.241,4.672,8.0
Lagos,6.52,3.38,ssp585,2085,31.143,29.128,33.104,4.883,8.0
Lagos,6.52,3.38,ssp585,2086,31.222,29.259,33.15,4.299,8.0
Lagos,6.52,3.38,ssp585,2087,31.392,29.278,33.067,4.492,8.0
Lagos,6.52,3.38,ssp585,2088,31.311,29.282,33.242,4.577,8.0
Lagos,6.52,3.38,ssp585,2089,31.467,29.586,33.312,4.303,8.0
Lagos,6.52,3.38,ssp585,2090,31.444,29.193,33.226,4.357,8.0
Lagos,6.52,3.38,ssp585,2091,31.63,29.24,33.292,4.141,8.0
Lagos,6.52,3.38,ssp585,2092,31.679,29.426,33.372,4.752,8.0
Lagos,6.52,3.38,ssp585,2093,31.613,29.642,33.31,4.642,8.0
Lagos,6.52,3.38,ssp585,2094,31.835,29.49,34.055,4.605,8.0
Lagos,6.52,3.38,ssp585,2095,31.902,29.521,34.181,4.842,8.0
Lagos,6.52,3.38,ssp585,2096,32.094,29.736,34.148,4.635,8.0
Lagos,6.52,3.38,ssp585,2097,31.86,29.202,33.916,5.008,8.0
Lagos,6.52,3.38,ssp585,2098,32.154,29.873,34.513,4.938,8.0
Lagos,6.52,3.38,ssp585,2099,32.179,30.24,34.242,4.62,8.0
Lagos,6.52,3.38,ssp585,2100,32.295,29.998,34.467,4.558,8.0
London,51.51,-0.13,historical,1850,10.108,8.987,12.628,2.404,8.0
London,51.51,-0.13,historical,1851,9.884,8.965,11.502,2.291,8.0
London,51.51,-0.13,historical,1852,10.294,9.323,12.022,2.547,8.0
London,51.51,-0.13,historical,1853,9.788,8.746,11.634,2.425,8.0
London,51.51,-0.13,historical,1854,10.165,9.166,12.243,2.299,8.0
London,51.51,-0.13,historical,1855,10.141,8.922,11.608,2.389,8.0
London,51.51,-0.13,historical,1856,10.129,9.301,11.272,2.438,8.0
London,51.51,-0.13,historical,1857,10.422,9.225,11.964,2.48,8.0
London,51.51,-0.13,historical,1858,10.244,9.313,11.947,2.29,8.0
London,51.51,-0.13,historical,1859,10.076,8.942,11.768,2.478,8.0
London,51.51,-0.13,historical,1860,10.184,9.044,11.971,2.405,8.0
London,51.51,-0.13,historical,1861,10.213,9.067,12.355,2.337,8.0
London,51.51,-0.13,historical,1862,9.868,8.987,11.622,2.145,8.0
London,51.51,-0.13,historical,1863,9.873,8.969,11.031,2.371,8.0
London,51.51,-0.13,historical,1864,9.807,8.727,11.537,2.456,8.0
London,51.51,-0.13,historical,1865,9.941,8.962,11.022,2.331,8.0
London,51.51,-0.13,historical,1866,10.384,9.513,11.863,2.332,8.0
London,51.51,-0.13,historical,1867,10.364,9.358,12.63,2.219,8.0
London,51.51,-0.13,historical,1868,10.522,9.595,12.517,2.237,8.0
London,51.51,-0.13,historical,1869,10.065,9.104,12.044,2.285,8.0
London,51.51,-0.13,historical,1870,10.097,9.155,11.34,2.426,8.0
London,51.51,-0.13,historical,1871,10.315,9.469,11.96,2.226,8.0
London,51.51,-0.13,historical,1872,10.03,8.374,12.113,2.187,8.0
London,51.51,-0.13,historical,1873,10.47,9.347,12.678,2.397,8.0
London,51.51,-0.13,historical,1874,10.43,9.343,11.945,2.229,8.0
London,51.51,-0.13,historical,1875,9.904,8.899,11.993,2.391,8.0
London,51.51,-0.13,historical,1876,10.184,9.032,12.214,2.346,8.0
London,51.51,-0.13,historical,1877,9.909,7.766,12.131,2.329,8.0
London,51.51,-0.13,historical,1878,10.46,9.072,12.841,2.197,8.0
London,51.51,-0.13,historical,1879,10.196,8.966,12.359,2.584,8.0
London,51.51,-0.13,historical,1880,10.316,8.8,12.679,2.289,8.0
London,51.51,-0.13,historical,1881,10.222,8.356,12.606,2.381,8.0
London,51.51,-0.13,historical,1882,10.328,8.928,12.589,2.441,8.0
London,51.51,-0.13,historical,1883,10.379,9.499,11.846,2.441,8.0
London,51.51,-0.13,historical,1884,10.196,8.784,12.089,2.425,8.0
London,51.51,-0.13,historical,1885,9.693,8.518,12.138,2.332,8.0
London,51.51,-0.13,historical,1886,10.31,9.366,11.975,2.242,8.0
London,51.51,-0.13,historical,1887,10.038,8.369,12.386,2.198,8.0
London,51.51,-0.13,historical,1888,10.212,9.079,11.939,2.353,8.0
London,51.51,-0.13,historical,1889,10.463,9.248,12.107,2.302,8.0
London,51.51,-0.13,historical,1890,9.93,8.983,11.659,2.431,8.0
London,51.51,-0.13,historical,1891,10.118,8.622,12.279,2.472,8.0
London,51.51,-0.13,historical,1892,10.053,8.719,11.477,2.349,8.0
London,51.51,-0.13,historical,1893,10.472,9.454,12.201,2.122,8.0
London,51.51,-0.13,historical,1894,10.411,8.743,12.365,2.195,8.0
London,51.51,-0.13,historical,1895,10.303,8.817,12.486,2.354,8.0
London,51.51,-0.13,historical,1896,10.518,9.621,12.296,2.061,8.0
London,51.51,-0.13,historical,1897,10.34,9.588,12.188,2.226,8.0
London,51.51,-0.13,historical,1898,10.271,9.259,12.476,2.231,8.0
London,51.51,-0.13,historical,1899,10.292,9.114,12.396,2.259,8.0
London,51.51,-0.13,historical,1900,10.341,9.471,11.782,2.254,8.0
London,51.51,-0.13,historical,1901,10.471,9.483,12.213,2.35,8.0
London,51.51,-0.13,historical,1902,10.293,9.203,11.861,2.463,8.0
London,51.51,-0.13,historical,1903,9.989,8.264,11.571,2.455,8.0
London,51.51,-0.13,historical,1904,9.86,8.75,11.467,2.454,8.0
London,51.51,-0.13,historical,1905,10.162,8.959,12.197,2.338,8.0
London,51.51,-0.13,historical,1906,10.307,8.938,11.939,2.344,8.0
London,51.51,-0.13,historical,1907,10.349,9.29,12.419,2.372,8.0
London,51.51,-0.13,historical,1908,10.255,9.52,11.814,2.226,8.0
London,51.51,-0.13,historical,1909,10.007,9.045,12.067,2.23,8.0
London,51.51,-0.13,historical,1910,10.24,8.869,12.401,2.185,8.0
London,51.51,-0.13,historical,1911,10.226,9.11,12.225,2.482,8.0
London,51.51,-0.13,historical,1912,10.3,8.874,12.063,2.27,8.0
London,51.51,-0.13,historical,1913,9.723,8.248,11.838,2.254,8.0
London,51.51,-0.13,historical,1914,10.101,8.795,12.059,2.442,8.0
London,51.51,-0.13,historical,1915,10.141,8.695,12.245,2.407,8.0
London,51.51,-0.13,historical,1916,10.472,9.375,12.377,2.153,8.0
London,51.51,-0.13,historical,1917,10.366,8.891,12.201,2.148,8.0
London,51.51,-0.13,historical,1918,10.059,8.811,12.042,2.414,8.0
London,51.51,-0.13,historical,1919,10.327,8.961,12.187,2.212,8.0
London,51.51,-0.13,historical,1920,10.311,8.946,12.165,2.156,8.0
London,51.51,-0.13,historical,1921,10.464,9.464,12.395,2.489,8.0
London,51.51,-0.13,historical,1922,10.103,8.893,12.592,2.338,8.0
London,51.51,-0.13,historical,1923,9.997,9.079,11.934,2.365,8.0
London,51.51,-0.13,historical,1924,10.001,8.885,11.858,2.307,8.0
London,51.51,-0.13,historical,1925,10.072,8.916,11.872,2.306,8.0
London,51.51,-0.13,historical,1926,9.858,8.502,12.672,2.359,8.0
London,51.51,-0.13,historical,1927,10.47,9.247,12.285,2.311,8.0
London,51.51,-0.13,historical,1928,10.264,9.111,12.424,2.353,8.0
London,51.51,-0.13,historical,1929,10.024,8.759,11.124,2.184,8.0
London,51.51,-0.13,historical,1930,10.231,9.043,12.357,2.351,8.0
London,51.51,-0.13,historical,1931,10.226,9.367,12.068,2.441,8.0
London,51.51,-0.13,historical,1932,9.964,8.661,11.751,2.256,8.0
London,51.51,-0.13,historical,1933,10.112,9.231,11.415,2.253,8.0
London,51.51,-0.13,historical,1934,10.707,9.484,12.0,2.175,8.0
London,51.51,-0.13,historical,1935,10.568,8.961,12.332,2.15,8.0
London,51.51,-0.13,historical,1936,10.274,9.019,12.044,2.372,8.0
London,51.51,-0.13,historical,1937,10.481,9.236,12.268,2.282,8.0
London,51.51,-0.13,historical,1938,10.509,9.504,12.165,2.324,8.0
London,51.51,-0.13,historical,1939,10.091,8.936,12.086,2.4,8.0
London,51.51,-0.13,historical,1940,10.133,9.002,12.223,2.469,8.0
London,51.51,-0.13,historical,1941,10.062,8.678,11.911,2.239,8.0
London,51.51,-0.13,historical,1942,10.529,9.197,12.8,2.322,8.0
London,51.51,-0.13,historical,1943,10.073,8.827,12.268,2.173,8.0
London,51.51,-0.13,historical,1944,10.431,9.142,12.181,2.308,8.0
London,51.51,-0.13,historical,1945,10.021,9.095,11.605,2.455,8.0
London,51.51,-0.13,historical,1946,10.208,8.895,12.354,2.448,8.0
London,51.51,-0.13,historical,1947,10.201,9.133,12.342,2.42,8.0
London,51.51,-0.13,historical,1948,10.078,9.161,11.204,2.368,8.0
London,51.51,-0.13,historical,1949,10.229,8.937,12.501,2.414,8.0
London,51.51,-0.13,historical,1950,10.215,9.016,11.993,2.316,8.0
London,51.51,-0.13,historical,1951,10.332,9.485,12.017,2.398,8.0
London,51.51,-0.13,historical,1952,10.378,9.32,12.357,2.178,8.0
London,51.51,-0.13,historical,1953,9.956,8.697,11.923,2.193,8.0
London,51.51,-0.13,historical,1954,10.426,9.318,12.159,2.242,8.0
London,51.51,-0.13,historical,1955,10.552,9.408,12.583,2.213,8.0
London,51.51,-0.13,historical,1956,10.424,9.417,11.702,2.268,8.0
London,51.51,-0.13,historical,1957,10.112,8.966,11.929,2.371,8.0
London,51.51,-0.13,historical,1958,10.264,9.263,11.915,2.333,8.0
London,51.51,-0.13,historical,1959,10.308,9.265,12.144,2.561,8.0
London,51.51,-0.13,historical,1960,10.322,9.301,11.936,2.477,8.0
London,51.51,-0.13,historical,1961,10.414,9.228,12.34,2.252,8.0
London,51.51,-0.13,historical,1962,10.322,9.336,12.042,2.423,8.0
London,51.51,-0.13,historical,1963,10.544,9.239,12.624,2.474,8.0
London,51.51,-0.13,historical,1964,9.985,8.869,12.069,2.374,8.0
London,51.51,-0.13,historical,1965,10.29,9.158,11.858,2.357,8.0
London,51.51,-0.13,historical,1966,10.165,9.002,11.46,2.373,8.0
London,51.51,-0.13,historical,1967,10.47,9.416,11.652,2.346,8.0
London,51.51,-0.13,historical,1968,10.327,9.153,12.07,2.3,8.0
London,51.51,-0.13,historical,1969,10.334,9.331,11.967,2.186,8.0
London,51.51,-0.13,historical,1970,10.146,8.926,12.281,2.215,8.0
London,51.51,-0.13,historical,1971,10.138,8.908,11.919,2.493,8.0
London,51.51,-0.13,historical,1972,10.182,9.191,11.392,2.223,8.0
London,51.51,-0.13,historical,1973,10.41,9.406,12.292,2.372,8.0
London,51.51,-0.13,historical,1974,10.154,9.35,11.747,2.325,8.0
London,51.51,-0.13,historical,1975,10.383,9.69,11.563,2.33,8.0
London,51.51,-0.13,historical,1976,10.523,9.758,11.748,2.247,8.0
London,51.51,-0.13,historical,1977,10.143,8.864,11.894,2.318,8.0
London,51.51,-0.13,historical,1978,9.96,8.903,11.133,2.514,8.0
London,51.51,-0.13,historical,1979,10.246,9.185,11.751,2.279,8.0
London,51.51,-0.13,historical,1980,10.271,8.995,12.217,2.309,8.0
London,51.51,-0.13,historical,1981,10.204,8.577,12.4,2.469,8.0
London,51.51,-0.13,historical,1982,10.278,9.137,12.319,2.516,8.0
London,51.51,-0.13,historical,1983,10.318,9.351,11.699,2.516,8.0
London,51.51,-0.13,historical,1984,10.402,9.547,11.919,2.342,8.0
London,51.51,-0.13,historical,1985,10.454,9.232,12.165,2.467,8.0
London,51.51,-0.13,historical,1986,10.045,8.176,12.662,2.289,8.0
London,51.51,-0.13,historical,1987,10.705,9.902,12.103,2.237,8.0
London,51.51,-0.13,historical,1988,10.515,9.357,12.048,2.403,8.0
London,51.51,-0.13,historical,1989,10.408,9.195,12.46,2.351,8.0
London,51.51,-0.13,historical,1990,10.291,9.046,12.485,2.576,8.0
London,51.51,-0.13,historical,1991,10.576,8.824,13.345,2.227,8.0
London,51.51,-0.13,historical,1992,10.235,8.658,12.038,2.418,8.0
London,51.51,-0.13,historical,1993,10.308,8.914,11.917,2.513,8.0
London,51.51,-0.13,historical,1994,10.407,8.824,12.177,2.405,8.0
London,51.51,-0.13,historical,1995,10.48,9.018,12.093,2.399,8.0
London,51.51,-0.13,historical,1996,10.752,9.702,11.808,2.458,8.0
London,51.51,-0.13,historical,1997,10.85,9.648,12.422,2.586,8.0
London,51.51,-0.13,historical,1998,10.633,9.463,12.567,2.407,8.0
London,51.51,-0.13,historical,1999,10.914,9.97,12.255,2.256,8.0
London,51.51,-0.13,historical,2000,10.912,9.895,12.449,2.45,8.0
London,51.51,-0.13,historical,2001,11.028,9.922,13.086,2.35,8.0
London,51.51,-0.13,historical,2002,10.698,9.65,12.282,2.382,8.0
London,51.51,-0.13,historical,2003,11.164,9.794,13.165,2.383,8.0
London,51.51,-0.13,historical,2004,10.996,10.118,12.738,2.35,8.0
London,51.51,-0.13,historical,2005,10.879,9.837,12.658,2.325,8.0
London,51.51,-0.13,historical,2006,11.245,9.906,13.124,2.233,8.0
London,51.51,-0.13,historical,2007,11.162,10.104,12.805,2.374,8.0
London,51.51,-0.13,historical,2008,11.356,10.516,13.007,2.55,8.0
London,51.51,-0.13,historical,2009,11.21,10.111,12.987,2.453,8.0
London,51.51,-0.13,historical,2010,11.194,9.784,12.719,2.472,8.0
London,51.51,-0.13,historical,2011,11.216,10.104,13.072,2.39,8.0
London,51.51,-0.13,historical,2012,11.235,10.18,13.45,2.4,8.0
London,51.51,-0.13,historical,2013,11.319,10.381,12.619,2.405,8.0
London,51.51,-0.13,historical,2014,11.135,10.005,13.599,2.205,8.0
London,51.51,-0.13,ssp126,2015,11.361,10.082,13.199,2.55,8.0
London,51.51,-0.13,ssp126,2016,11.697,10.594,13.449,2.501,8.0
London,51.51,-0.13,ssp126,2017,11.584,10.432,13.427,2.358,8.0
London,51.51,-0.13,ssp126,2018,11.776,10.923,13.479,2.42,8.0
London,51.51,-0.13,ssp126,2019,11.504,10.204,12.928,2.479,8.0
London,51.51,-0.13,ssp126,2020,11.734,10.545,13.88,2.423,8.0
London,51.51,-0.13,ssp126,2021,11.484,10.457,13.072,2.564,8.0
London,51.51,-0.13,ssp126,2022,11.774,10.399,13.195,2.506,8.0
London,51.51,-0.13,ssp126,2023,11.947,10.983,13.669,2.41,8.0
London,51.51,-0.13,ssp126,2024,11.968,10.936,13.909,2.432,8.0
London,51.51,-0.13,ssp126,2025,11.687,10.443,13.399,2.53,8.0
London,51.51,-0.13,ssp126,2026,11.617,10.408,13.715,2.45,8.0
London,51.51,-0.13,ssp126,2027,11.869,10.378,13.909,2.326,8.0
London,51.51,-0.13,ssp126,2028,11.692,10.538,13.064,2.47,8.0
London,51.51,-0.13,ssp126,2029,11.982,11.025,13.373,2.381,8.0
London,51.51,-0.13,ssp126,2030,11.829,10.95,13.176,2.5,8.0
London,51.51,-0.13,ssp126,2031,11.728,10.459,13.567,2.383,8.0
London,51.51,-0.13,ssp126,2032,11.663,10.516,13.178,2.468,8.0
London,51.51,-0.13,ssp126,2033,11.753,10.471,13.915,2.508,8.0
London,51.51,-0.13,ssp126,2034,11.421,10.399,12.756,2.497,8.0
London,51.51,-0.13,ssp126,2035,11.789,10.652,13.52,2.26,8.0
London,51.51,-0.13,ssp126,2036,11.659,10.538,13.235,2.251,8.0
London,51.51,-0.13,ssp126,2037,11.967,10.741,13.273,2.523,8.0
London,51.51,-0.13,ssp126,2038,11.791,10.599,13.136,2.571,8.0
London,51.51,-0.13,ssp126,2039,11.63,10.155,13.354,2.496,8.0
London,51.51,-0.13,ssp126,2040,11.929,10.365,13.751,2.539,8.0
London,51.51,-0.13,ssp126,2041,12.081,10.6,13.579,2.357,8.0
London,51.51,-0.13,ssp126,2042,12.033,10.298,13.411,2.581,8.0
London,51.51,-0.13,ssp126,2043,12.148,10.578,13.427,2.235,8.0
London,51.51,-0.13,ssp126,2044,11.972,10.987,12.934,2.463,8.0
London,51.51,-0.13,ssp126,2045,12.18,11.569,13.102,2.594,8.0
London,51.51,-0.13,ssp126,2046,11.835,10.879,13.033,2.446,8.0
London,51.51,-0.13,ssp126,2047,12.085,10.941,13.166,2.604,8.0
London,51.51,-0.13,ssp126,2048,12.092,11.35,13.039,2.28,8.0
London,51.51,-0.13,ssp126,2049,11.862,10.756,12.71,2.312,8.0
London,51.51,-0.13,ssp126,2050,12.042,10.623,13.241,2.45,8.0
London,51.51,-0.13,ssp126,2051,11.875,10.353,13.499,2.396,8.0
London,51.51,-0.13,ssp126,2052,11.905,10.898,12.976,2.465,8.0
London,51.51,-0.13,ssp126,2053,11.694,10.74,13.208,2.438,8.0
London,51.51,-0.13,ssp126,2054,12.05,10.757,13.14,2.541,8.0
London,51.51,-0.13,ssp126,2055,12.226,11.209,13.305,2.326,8.0
London,51.51,-0.13,ssp126,2056,12.147,11.162,13.174,2.68,8.0
London,51.51,-0.13,ssp126,2057,12.201,10.951,13.19,2.358,8.0
London,51.51,-0.13,ssp126,2058,11.999,11.223,12.857,2.532,8.0
London,51.51,-0.13,ssp126,2059,12.059,11.219,13.11,2.404,8.0
London,51.51,-0.13,ssp126,2060,11.965,11.315,12.685,2.43,8.0
London,51.51,-0.13,ssp126,2061,12.35,11.094,13.468,2.582,8.0
London,51.51,-0.13,ssp126,2062,12.246,11.725,12.91,2.449,8.0
London,51.51,-0.13,ssp126,2063,12.064,10.959,13.137,2.478,8.0
London,51.51,-0.13,ssp126,2064,11.789,10.75,13.264,2.469,8.0
London,51.51,-0.13,ssp126,2065,12.094,10.734,13.653,2.308,8.0
London,51.51,-0.13,ssp126,2066,12.272,11.682,12.925,2.495,8.0
London,51.51,-0.13,ssp126,2067,12.197,11.151,13.36,2.565,8.0
London,51.51,-0.13,ssp126,2068,12.094,11.206,13.474,2.356,8.0
London,51.51,-0.13,ssp126,2069,12.135,10.673,13.09,2.397,8.0
London,51.51,-0.13,ssp126,2070,12.268,11.061,13.192,2.368,8.0
London,51.51,-0.13,ssp126,2071,12.083,11.603,12.467,2.312,8.0
London,51.51,-0.13,ssp126,2072,11.952,10.419,12.795,2.352,8.0
London,51.51,-0.13,ssp126,2073,11.907,9.998,13.078,2.505,8.0
London,51.51,-0.13,ssp126,2074,11.824,10.8,12.79,2.523,8.0
London,51.51,-0.13,ssp126,2075,11.873,10.666,13.092,2.734,8.0
London,51.51,-0.13,ssp126,2076,11.978,10.726,13.302,2.543,8.0
London,51.51,-0.13,ssp126,2077,12.212,11.146,13.458,2.281,8.0
London,51.51,-0.13,ssp126,2078,12.091,10.939,13.02,2.674,8.0
London,51.51,-0.13,ssp126,2079,12.143,11.269,12.926,2.468,8.0
London,51.51,-0.13,ssp126,2080,12.044,10.892,12.96,2.532,8.0
London,51.51,-0.13,ssp126,2081,11.812,10.312,12.735,2.488,8.0
London,51.51,-0.13,ssp126,2082,11.987,10.742,12.937,2.482,8.0
London,51.51,-0.13,ssp126,2083,11.888,10.404,12.808,2.383,8.0
London,51.51,-0.13,ssp126,2084,11.799,10.414,12.919,2.565,8.0
London,51.51,-0.13,ssp126,2085,11.949,11.284,12.981,2.502,8.0
London,51.51,-0.13,ssp126,2086,12.073,10.976,13.21,2.32,8.0
London,51.51,-0.13,ssp126,2087,11.938,10.796,12.935,2.595,8.0
London,51.51,-0.13,ssp126,2088,12.042,10.01,13.086,2.57,8.0
London,51.51,-0.13,ssp126,2089,12.465,11.632,13.252,2.534,8.0
London,51.51,-0.13,ssp126,2090,12.125,10.643,13.411,2.297,8.0
London,51.51,-0.13,ssp126,2091,12.126,11.228,13.371,2.463,8.0
London,51.51,-0.13,ssp126,2092,12.387,11.441,13.001,2.271,8.0
London,51.51,-0.13,ssp126,2093,12.172,10.789,13.49,2.335,8.0
London,51.51,-0.13,ssp126,2094,12.084,10.996,13.196,2.57,8.0
London,51.51,-0.13,ssp126,2095,12.174,10.721,13.333,2.333,8.0
London,51.51,-0.13,ssp126,2096,12.086,10.983,13.01,2.265,8.0
London,51.51,-0.13,ssp126,2097,12.068,10.898,13.127,2.43,8.0
London,51.51,-0.13,ssp126,2098,12.067,10.964,13.212,2.494,8.0
London,51.51,-0.13,ssp126,2099,12.006,10.741,13.436,2.559,8.0
London,51.51,-0.13,ssp126,2100,11.861,10.508,12.722,2.47,8.0
London,51.51,-0.13,ssp245,2015,10.915,9.463,13.309,2.27,8.0
London,51.51,-0.13,ssp245,2016,11.408,10.322,13.331,2.209,8.0
London,51.51,-0.13,ssp245,2017,11.537,10.535,13.102,2.424,8.0
London,51.51,-0.13,ssp245,2018,11.363,10.35,12.475,2.333,8.0
London,51.51,-0.13,ssp245,2019,11.583,11.075,12.524,2.489,8.0
London,51.51,-0.13,ssp245,2020,11.664,10.444,13.317,2.411,8.0
London,51.51,-0.13,ssp245,2021,11.286,10.325,12.722,2.464,8.0
London,51.51,-0.13,ssp245,2022,11.624,11.041,12.641,2.484,8.0
London,51.51,-0.13,ssp245,2023,11.359,10.246,12.916,2.417,8.0
London,51.51,-0.13,ssp245,2024,11.896,10.509,13.53,2.407,8.0
London,51.51,-0.13,ssp245,2025,11.704,10.02,13.011,2.427,8.0
London,51.51,-0.13,ssp245,2026,11.699,10.683,13.529,2.305,8.0
London,51.51,-0.13,ssp245,2027,11.584,10.479,13.336,2.402,8.0
London,51.51,-0.13,ssp245,2028,11.817,10.465,13.543,2.409,8.0
London,51.51,-0.13,ssp245,2029,11.455,10.557,13.032,2.389,8.0
London,51.51,-0.13,ssp245,2030,11.977,10.705,13.134,2.406,8.0
London,51.51,-0.13,ssp245,2031,11.749,10.381,13.253,2.265,8.0
London,51.51,-0.13,ssp245,2032,11.748,10.663,13.392,2.546,8.0
London,51.51,-0.13,ssp245,2033,11.394,10.452,12.514,2.261,8.0
London,51.51,-0.13,ssp245,2034,12.082,10.906,13.167,2.579,8.0
London,51.51,-0.13,ssp245,2035,11.641,10.697,12.464,2.431,8.0
London,51.51,-0.13,ssp245,2036,11.877,10.862,13.499,2.409,8.0
London,51.51,-0.13,ssp245,2037,11.944,10.676,13.231,2.477,8.0
London,51.51,-0.13,ssp245,2038,11.89,10.73,13.261,2.521,8.0
London,51.51,-0.13,ssp245,2039,12.066,11.22,12.978,2.363,8.0
London,51.51,-0.13,ssp245,2040,11.661,10.954,12.536,2.542,7.0
London,51.51,-0.13,ssp245,2041,12.038,11.185,12.932,2.514,7.0
London,51.51,-0.13,ssp245,2042,11.69,10.45,12.931,2.378,7.0
London,51.51,-0.13,ssp245,2043,12.113,11.053,13.706,2.343,7.0
London,51.51,-0.13,ssp245,2044,11.847,10.734,12.899,2.522,7.0
London,51.51,-0.13,ssp245,2045,12.083,10.8,13.057,2.343,7.0
London,51.51,-0.13,ssp245,2046,12.168,11.197,13.229,2.427,7.0
London,51.51,-0.13,ssp245,2047,11.704,10.985,12.418,2.59,7.0
London,51.51,-0.13,ssp245,2048,12.205,11.102,13.135,2.557,7.0
London,51.51,-0.13,ssp245,2049,12.086,11.186,12.959,2.327,7.0
London,51.51,-0.13,ssp245,2050,12.308,11.51,13.477,2.175,7.0
London,51.51,-0.13,ssp245,2051,12.437,11.697,13.425,2.382,7.0
London,51.51,-0.13,ssp245,2052,11.926,10.99,12.831,2.555,7.0
London,51.51,-0.13,ssp245,2053,11.847,10.896,12.378,2.55,7.0
London,51.51,-0.13,ssp245,2054,12.339,11.535,13.297,2.365,7.0
London,51.51,-0.13,ssp245,2055,11.928,10.599,13.3,2.613,7.0
London,51.51,-0.13,ssp245,2056,12.232,11.16,13.276,2.368,7.0
London,51.51,-0.13,ssp245,2057,12.22,11.15,13.111,2.487,7.0
London,51.51,-0.13,ssp245,2058,12.102,11.189,13.275,2.384,7.0
London,51.51,-0.13,ssp245,2059,12.183,11.67,12.827,2.397,7.0
London,51.51,-0.13,ssp245,2060,12.307,11.352,13.184,2.318,7.0
London,51.51,-0.13,ssp245,2061,12.227,11.192,13.388,2.148,7.0
London,51.51,-0.13,ssp245,2062,12.45,11.292,13.358,2.356,7.0
London,51.51,-0.13,ssp245,2063,12.382,11.15,13.374,2.459,7.0
London,51.51,-0.13,ssp245,2064,12.377,11.196,13.344,2.349,7.0
London,51.51,-0.13,ssp245,2065,12.358,10.904,13.436,2.382,7.0
London,51.51,-0.13,ssp245,2066,12.484,11.703,13.402,2.394,7.0
London,51.51,-0.13,ssp245,2067,12.284,11.202,13.186,2.485,7.0
London,51.51,-0.13,ssp245,2068,12.152,11.223,13.158,2.391,7.0
London,51.51,-0.13,ssp245,2069,12.335,11.094,13.373,2.328,7.0
London,51.51,-0.13,ssp245,2070,12.468,11.094,13.912,2.304,7.0
London,51.51,-0.13,ssp245,2071,12.169,10.994,13.178,2.226,7.0
London,51.51,-0.13,ssp245,2072,12.101,11.172,12.936,2.405,7.0
London,51.51,-0.13,ssp245,2073,12.524,10.946,13.506,2.514,7.0
London,51.51,-0.13,ssp245,2074,12.382,11.018,13.5,2.635,7.0
London,51.51,-0.13,ssp245,2075,12.214,11.16,13.478,2.39,7.0
London,51.51,-0.13,ssp245,2076,12.409,11.273,13.124,2.517,7.0
London,51.51,-0.13,ssp245,2077,12.669,11.612,13.435,2.467,7.0
London,51.51,-0.13,ssp245,2078,12.837,11.4,13.868,2.409,7.0
London,51.51,-0.13,ssp245,2079,12.608,11.387,13.732,2.47,7.0
London,51.51,-0.13,ssp245,2080,12.759,11.742,13.59,2.63,7.0
London,51.51,-0.13,ssp245,2081,12.632,11.61,13.522,2.402,7.0
London,51.51,-0.13,ssp245,2082,12.874,11.932,13.467,2.469,7.0
London,51.51,-0.13,ssp245,2083,12.771,11.04,13.995,2.357,7.0
London,51.51,-0.13,ssp245,2084,12.738,11.466,13.827,2.462,7.0
London,51.51,-0.13,ssp245,2085,12.519,11.436,13.754,2.655,7.0
London,51.51,-0.13,ssp245,2086,12.851,12.05,13.5,2.542,7.0
London,51.51,-0.13,ssp245,2087,12.789,11.662,13.595,2.302,7.0
London,51.51,-0.13,ssp245,2088,13.02,11.379,14.06,2.276,7.0
London,51.51,-0.13,ssp245,2089,12.27,10.851,13.304,2.604,7.0
London,51.51,-0.13,ssp245,2090,12.737,10.711,13.808,2.304,7.0
London,51.51,-0.13,ssp245,2091,12.793,11.49,13.891,2.262,7.0
London,51.51,-0.13,ssp245,2092,12.768,11.615,13.576,2.383,7.0
London,51.51,-0.13,ssp245,2093,12.96,12.246,13.627,2.403,7.0
London,51.51,-0.13,ssp245,2094,12.654,11.504,13.554,2.604,7.0
London,51.51,-0.13,ssp245,2095,12.648,11.253,13.42,2.65,7.0
London,51.51,-0.13,ssp245,2096,12.804,11.641,13.693,2.393,7.0
London,51.51,-0.13,ssp245,2097,12.98,11.373,14.306,2.56,7.0
London,51.51,-0.13,ssp245,2098,12.982,12.111,13.986,2.379,7.0
London,51.51,-0.13,ssp245,2099,12.751,11.321,13.845,2.572,7.0
London,51.51,-0.13,ssp245,2100,12.893,11.45,14.163,2.645,7.0
London,51.51,-0.13,ssp585,2015,11.092,9.681,13.144,2.361,8.0
London,51.51,-0.13,ssp585,2016,11.312,9.961,12.649,2.393,8.0
London,51.51,-0.13,ssp585,2017,11.439,10.208,13.185,2.421,8.0
London,51.51,-0.13,ssp585,2018,11.298,10.018,13.029,2.297,8.0
London,51.51,-0.13,ssp585,2019,11.383,10.281,13.17,2.681,8.0
London,51.51,-0.13,ssp585,2020,11.399,10.378,12.469,2.554,8.0
London,51.51,-0.13,ssp585,2021,11.552,10.503,13.445,2.413,8.0
London,51.51,-0.13,ssp585,2022,11.478,10.304,13.092,2.508,8.0
London,51.51,-0.13,ssp585,2023,11.453,9.911,13.119,2.281,8.0
London,51.51,-0.13,ssp585,2024,11.419,10.221,12.901,2.353,8.0
London,51.51,-0.13,ssp585,2025,11.148,9.858,12.951,2.388,8.0
London,51.51,-0.13,ssp585,2026,11.57,10.369,13.332,2.333,8.0
London,51.51,-0.13,ssp585,2027,11.791,10.165,13.537,2.396,8.0
London,51.51,-0.13,ssp585,2028,11.777,10.581,13.514,2.436,8.0
London,51.51,-0.13,ssp585,2029,12.104,11.0,13.555,2.37,8.0
London,51.51,-0.13,ssp585,2030,11.649,10.647,12.51,2.5,8.0
London,51.51,-0.13,ssp585,2031,11.711,10.74,13.467,2.411,8.0
London,51.51,-0.13,ssp585,2032,12.047,10.881,13.877,2.138,8.0
London,51.51,-0.13,ssp585,2033,11.489,10.026,13.559,2.482,8.0
London,51.51,-0.13,ssp585,2034,12.118,10.684,13.91,2.467,8.0
London,51.51,-0.13,ssp585,2035,12.361,11.08,13.693,2.145,8.0
London,51.51,-0.13,ssp585,2036,12.356,11.578,13.764,2.517,8.0
London,51.51,-0.13,ssp585,2037,12.354,11.26,13.515,2.546,8.0
London,51.51,-0.13,ssp585,2038,11.904,10.775,13.487,2.472,8.0
London,51.51,-0.13,ssp585,2039,12.161,10.772,13.728,2.463,8.0
London,51.51,-0.13,ssp585,2040,12.112,10.886,13.354,2.427,8.0
London,51.51,-0.13,ssp585,2041,12.274,11.027,13.992,2.378,8.0
London,51.51,-0.13,ssp585,2042,12.001,10.189,13.341,2.525,8.0
London,51.51,-0.13,ssp585,2043,12.437,11.233,13.516,2.54,8.0
London,51.51,-0.13,ssp585,2044,12.231,11.168,13.712,2.436,8.0
London,51.51,-0.13,ssp585,2045,12.511,11.311,13.989,2.315,8.0
London,51.51,-0.13,ssp585,2046,12.394,11.195,14.066,2.406,8.0
London,51.51,-0.13,ssp585,2047,12.73,11.786,13.988,2.32,8.0
London,51.51,-0.13,ssp585,2048,12.414,11.266,13.675,2.336,8.0
London,51.51,-0.13,ssp585,2049,12.365,10.862,13.436,2.452,8.0
London,51.51,-0.13,ssp585,2050,12.795,11.315,14.099,2.403,8.0
London,51.51,-0.13,ssp585,2051,13.031,11.605,14.629,2.493,8.0
London,51.51,-0.13,ssp585,2052,12.549,11.271,13.739,2.57,8.0
London,51.51,-0.13,ssp585,2053,13.107,11.732,14.985,2.32,8.0
London,51.51,-0.13,ssp585,2054,12.542,11.3,13.732,2.404,8.0
London,51.51,-0.13,ssp585,2055,12.87,11.344,13.999,2.228,8.0
London,51.51,-0.13,ssp585,2056,12.939,11.456,14.628,2.448,8.0
London,51.51,-0.13,ssp585,2057,12.834,11.568,13.975,2.477,8.0
London,51.51,-0.13,ssp585,2058,12.939,11.539,14.065,2.346,8.0
London,51.51,-0.13,ssp585,2059,13.114,12.037,14.225,2.461,8.0
London,51.51,-0.13,ssp585,2060,13.275,11.983,14.34,2.51,8.0
London,51.51,-0.13,ssp585,2061,13.113,11.026,14.618,2.289,8.0
London,51.51,-0.13,ssp585,2062,12.995,12.213,13.92,2.503,8.0
London,51.51,-0.13,ssp585,2063,13.409,12.321,14.28,2.374,8.0
London,51.51,-0.13,ssp585,2064,13.38,12.102,14.574,2.398,8.0
London,51.51,-0.13,ssp585,2065,13.665,12.091,15.027,2.292,8.0
London,51.51,-0.13,ssp585,2066,13.208,12.11,14.67,2.556,8.0
London,51.51,-0.13,ssp585,2067,13.498,11.831,14.701,2.578,8.0
London,51.51,-0.13,ssp585,2068,13.495,12.299,14.777,2.664,8.0
London,51.51,-0.13,ssp585,2069,13.444,11.921,14.587,2.403,8.0
London,51.51,-0.13,ssp585,2070,13.732,12.299,14.952,2.397,8.0
London,51.51,-0.13,ssp585,2071,13.556,11.943,14.503,2.416,8.0
London,51.51,-0.13,ssp585,2072,13.676,12.448,14.822,2.453,8.0
London,51.51,-0.13,ssp585,2073,13.59,12.398,14.508,2.457,8.0
London,51.51,-0.13,ssp585,2074,13.892,12.535,15.403,2.678,8.0
London,51.51,-0.13,ssp585,2075,13.997,12.575,15.232,2.298,8.0
London,51.51,-0.13,ssp585,2076,13.853,12.408,15.186,2.489,8.0
London,51.51,-0.13,ssp585,2077,13.882,12.419,14.992,2.409,8.0
London,51.51,-0.13,ssp585,2078,14.217,12.291,16.011,2.305,8.0
London,51.51,-0.13,ssp585,2079,14.25,11.919,15.505,2.509,8.0
London,51.51,-0.13,ssp585,2080,14.402,12.837,15.568,2.495,8.0
London,51.51,-0.13,ssp585,2081,14.369,13.03,15.526,2.656,8.0
London,51.51,-0.13,ssp585,2082,14.519,12.432,15.833,2.348,8.0
London,51.51,-0.13,ssp585,2083,14.295,11.925,15.67,2.436,8.0
London,51.51,-0.13,ssp585,2084,14.86,13.012,15.775,2.414,8.0
London,51.51,-0.13,ssp585,2085,14.678,12.714,15.822,2.46,8.0
London,51.51,-0.13,ssp585,2086,14.924,12.796,16.47,2.5,8.0
London,51.51,-0.13,ssp585,2087,14.932,13.364,16.046,2.526,8.0
London,51.51,-0.13,ssp585,2088,15.004,13.452,16.295,2.29,8.0
London,51.51,-0.13,ssp585,2089,15.002,12.689,16.816,2.461,8.0
London,51.51,-0.13,ssp585,2090,15.288,13.498,16.458,2.44,8.0
London,51.51,-0.13,ssp585,2091,15.02,13.282,16.679,2.563,8.0
London,51.51,-0.13,ssp585,2092,15.151,13.621,16.64,2.802,8.0
London,51.51,-0.13,ssp585,2093,15.35,13.585,16.346,2.439,8.0
London,51.51,-0.13,ssp585,2094,15.252,13.57,16.829,2.396,8.0
London,51.51,-0.13,ssp585,2095,15.381,13.166,16.689,2.508,8.0
London,51.51,-0.13,ssp585,2096,15.327,13.53,16.697,2.391,8.0
London,51.51,-0.13,ssp585,2097,15.602,13.135,17.136,2.603,8.0
London,51.51,-0.13,ssp585,2098,15.763,13.076,17.254,2.41,8.0
London,51.51,-0.13,ssp585,2099,15.746,14.341,17.208,2.367,8.0
London,51.51,-0.13,ssp585,2100,15.704,13.65,16.941,2.346,8.0
Los Angeles,34.05,-118.24,historical,1850,16.275,14.84,18.246,0.859,8.0
Los Angeles,34.05,-118.24,historical,1851,16.171,14.699,18.006,0.942,8.0
Los Angeles,34.05,-118.24,historical,1852,16.144,14.539,18.666,0.976,8.0
Los Angeles,34.05,-118.24,historical,1853,16.521,15.294,18.663,0.908,8.0
Los Angeles,34.05,-118.24,historical,1854,16.531,15.371,18.228,0.874,8.0
Los Angeles,34.05,-118.24,historical,1855,16.594,15.082,18.42,0.925,8.0
Los Angeles,34.05,-118.24,historical,1856,16.194,14.426,19.196,1.056,8.0
Los Angeles,34.05,-118.24,historical,1857,16.428,15.004,18.844,1.083,8.0
Los Angeles,34.05,-118.24,historical,1858,16.305,15.01,18.303,1.043,8.0
Los Angeles,34.05,-118.24,historical,1859,16.489,15.086,18.731,1.098,8.0
Los Angeles,34.05,-118.24,historical,1860,16.437,15.04,19.166,1.067,8.0
Los Angeles,34.05,-118.24,historical,1861,16.301,14.918,18.516,1.045,8.0
Los Angeles,34.05,-118.24,historical,1862,16.524,15.094,18.584,0.967,8.0
Los Angeles,34.05,-118.24,historical,1863,16.467,15.012,19.064,1.0,8.0
Los Angeles,34.05,-118.24,historical,1864,16.38,14.936,18.854,1.121,8.0
Los Angeles,34.05,-118.24,historical,1865,16.542,15.441,18.412,1.144,8.0
Los Angeles,34.05,-118.24,historical,1866,16.418,15.23,18.379,0.893,8.0
Los Angeles,34.05,-118.24,historical,1867,16.332,14.657,19.066,1.051,8.0
Los Angeles,34.05,-118.24,historical,1868,16.509,15.232,18.266,1.07,8.0
Los Angeles,34.05,-118.24,historical,1869,16.401,15.002,18.746,0.915,8.0
Los Angeles,34.05,-118.24,historical,1870,16.758,15.616,18.448,0.937,8.0
Los Angeles,34.05,-118.24,historical,1871,16.575,15.344,18.438,1.052,8.0
Los Angeles,34.05,-118.24,historical,1872,16.526,15.241,18.58,1.28,8.0
Los Angeles,34.05,-118.24,historical,1873,16.21,14.957,18.737,1.111,8.0
Los Angeles,34.05,-118.24,historical,1874,16.665,15.062,18.829,0.862,8.0
Los Angeles,34.05,-118.24,historical,1875,16.346,15.41,18.417,0.884,8.0
Los Angeles,34.05,-118.24,historical,1876,16.406,14.829,18.91,1.006,8.0
Los Angeles,34.05,-118.24,historical,1877,16.547,15.188,18.094,0.904,8.0
Los Angeles,34.05,-118.24,historical,1878,16.281,14.258,18.361,1.061,8.0
Los Angeles,34.05,-118.24,historical,1879,16.487,15.059,18.787,1.013,8.0
Los Angeles,34.05,-118.24,historical,1880,16.451,15.033,18.455,1.01,8.0
Los Angeles,34.05,-118.24,historical,1881,16.597,14.776,19.996,1.151,8.0
Los Angeles,34.05,-118.24,historical,1882,16.377,14.68,19.592,1.021,8.0
Los Angeles,34.05,-118.24,historical,1883,16.265,14.571,18.915,0.907,8.0
Los Angeles,34.05,-118.24,historical,1884,15.684,14.276,18.514,1.223,8.0
Los Angeles,34.05,-118.24,historical,1885,15.866,13.998,18.643,0.978,8.0
Los Angeles,34.05,-118.24,historical,1886,15.835,14.151,18.108,0.891,8.0
Los Angeles,34.05,-118.24,historical,1887,16.28,15.039,18.415,0.861,8.0
Los Angeles,34.05,-118.24,historical,1888,16.148,14.676,18.385,1.038,8.0
Los Angeles,34.05,-118.24,historical,1889,16.308,14.663,19.185,1.073,8.0
Los Angeles,34.05,-118.24,historical,1890,16.285,14.967,18.365,0.828,8.0
Los Angeles,34.05,-118.24,historical,1891,16.437,15.303,18.614,0.946,8.0
Los Angeles,34.05,-118.24,historical,1892,16.209,14.878,18.809,1.272,8.0
Los Angeles,34.05,-118.24,historical,1893,16.267,14.871,18.404,1.057,8.0
Los Angeles,34.05,-118.24,historical,1894,16.297,14.684,18.488,0.979,8.0
Los Angeles,34.05,-118.24,historical,1895,16.316,14.986,18.212,0.882,8.0
Los Angeles,34.05,-118.24,historical,1896,16.39,14.619,18.558,0.901,8.0
Los Angeles,34.05,-118.24,historical,1897,16.374,14.824,18.216,1.037,8.0
Los Angeles,34.05,-118.24,historical,1898,16.366,15.121,18.284,1.176,8.0
Los Angeles,34.05,-118.24,historical,1899,16.014,14.24,18.035,0.927,8.0
Los Angeles,34.05,-118.24,historical,1900,16.272,15.069,18.7,1.222,8.0
Los Angeles,34.05,-118.24,historical,1901,16.428,15.13,18.689,1.113,8.0
Los Angeles,34.05,-118.24,historical,1902,16.145,14.935,17.919,0.871,8.0
Los Angeles,34.05,-118.24,historical,1903,15.82,14.636,17.779,0.911,8.0
Los Angeles,34.05,-118.24,historical,1904,16.048,14.77,18.311,1.287,8.0
Los Angeles,34.05,-118.24,historical,1905,15.924,14.628,17.639,0.95,8.0
Los Angeles,34.05,-118.24,historical,1906,16.003,14.28,18.204,1.167,8.0
Los Angeles,34.05,-118.24,historical,1907,16.022,14.774,18.176,0.944,8.0
Los Angeles,34.05,-118.24,historical,1908,16.283,14.946,18.437,1.053,8.0
Los Angeles,34.05,-118.24,historical,1909,16.431,15.184,18.565,0.805,8.0
Los Angeles,34.05,-118.24,historical,1910,16.438,14.79,18.424,0.981,8.0
Los Angeles,34.05,-118.24,historical,1911,16.556,15.406,18.184,1.273,8.0
Los Angeles,34.05,-118.24,historical,1912,16.074,14.984,18.345,1.261,8.0
Los Angeles,34.05,-118.24,historical,1913,15.768,14.303,18.093,0.945,8.0
Los Angeles,34.05,-118.24,historical,1914,16.231,14.735,18.479,0.998,8.0
Los Angeles,34.05,-118.24,historical,1915,16.124,14.832,18.232,1.087,8.0
Los Angeles,34.05,-118.24,historical,1916,16.152,14.479,18.159,1.344,8.0
Los Angeles,34.05,-118.24,historical,1917,16.483,15.056,18.485,0.73,8.0
Los Angeles,34.05,-118.24,historical,1918,16.527,15.255,18.655,1.094,8.0
Los Angeles,34.05,-118.24,historical,1919,16.097,14.313,19.054,0.955,8.0
Los Angeles,34.05,-118.24,historical,1920,16.17,14.608,18.597,1.057,8.0
Los Angeles,34.05,-118.24,historical,1921,16.639,14.822,18.898,0.945,8.0
Los Angeles,34.05,-118.24,historical,1922,16.195,14.557,17.961,1.301,8.0
Los Angeles,34.05,-118.24,historical,1923,15.975,14.583,18.263,1.272,8.0
Los Angeles,34.05,-118.24,historical,1924,16.467,15.016,18.727,1.057,8.0
Los Angeles,34.05,-118.24,historical,1925,16.43,14.997,19.205,0.903,8.0
Los Angeles,34.05,-118.24,historical,1926,16.364,14.557,18.623,1.082,8.0
Los Angeles,34.05,-118.24,historical,1927,16.356,14.271,18.922,1.041,8.0
Los Angeles,34.05,-118.24,historical,1928,16.595,15.074,19.03,1.019,8.0
Los Angeles,34.05,-118.24,historical,1929,16.179,14.603,18.572,1.202,8.0
Los Angeles,34.05,-118.24,historical,1930,16.508,14.767,18.899,0.803,8.0
Los Angeles,34.05,-118.24,historical,1931,16.5,15.012,18.614,0.897,8.0
Los Angeles,34.05,-118.24,historical,1932,16.299,14.885,17.856,1.113,8.0
Los Angeles,34.05,-118.24,historical,1933,16.684,15.395,18.959,0.945,8.0
Los Angeles,34.05,-118.24,historical,1934,16.365,15.009,18.213,1.06,8.0
Los Angeles,34.05,-118.24,historical,1935,16.665,15.26,18.645,1.076,8.0
Los Angeles,34.05,-118.24,historical,1936,16.453,14.733,18.917,0.971,8.0
Los Angeles,34.05,-118.24,historical,1937,16.496,14.984,19.275,0.964,8.0
Los Angeles,34.05,-118.24,historical,1938,16.384,14.967,18.256,1.133,8.0
Los Angeles,34.05,-118.24,historical,1939,15.985,14.845,17.57,1.364,8.0
Los Angeles,34.05,-118.24,historical,1940,16.045,14.89,17.788,1.026,8.0
Los Angeles,34.05,-118.24,historical,1941,16.733,15.329,18.631,0.89,8.0
Los Angeles,34.05,-118.24,historical,1942,16.377,15.087,18.245,1.095,8.0
Los Angeles,34.05,-118.24,historical,1943,16.215,14.629,18.156,1.12,8.0
Los Angeles,34.05,-118.24,historical,1944,16.427,14.644,18.639,1.036,8.0
Los Angeles,34.05,-118.24,historical,1945,16.398,14.958,18.361,1.151,8.0
Los Angeles,34.05,-118.24,historical,1946,16.542,15.327,18.092,0.769,8.0
Los Angeles,34.05,-118.24,historical,1947,16.424,15.358,17.725,1.107,8.0
Los Angeles,34.05,-118.24,historical,1948,16.538,14.912,18.291,1.059,8.0
Los Angeles,34.05,-118.24,historical,1949,16.263,14.638,18.373,1.135,8.0
Los Angeles,34.05,-118.24,historical,1950,16.273,14.761,18.294,1.025,8.0
Los Angeles,34.05,-118.24,historical,1951,16.058,14.603,17.828,0.968,8.0
Los Angeles,34.05,-118.24,historical,1952,16.486,15.177,19.26,1.27,8.0
Los Angeles,34.05,-118.24,historical,1953,16.53,15.064,18.721,0.902,8.0
Los Angeles,34.05,-118.24,historical,1954,16.5,14.908,18.778,1.036,8.0
Los Angeles,34.05,-118.24,historical,1955,16.332,14.851,18.542,0.998,8.0
Los Angeles,34.05,-118.24,historical,1956,16.386,14.816,19.175,0.828,8.0
Los Angeles,34.05,-118.24,historical,1957,16.495,14.892,18.543,1.056,8.0
Los Angeles,34.05,-118.24,historical,1958,16.693,15.1,18.826,1.01,8.0
Los Angeles,34.05,-118.24,historical,1959,16.301,14.159,18.223,1.104,8.0
Los Angeles,34.05,-118.24,historical,1960,16.239,14.636,18.577,1.084,8.0
Los Angeles,34.05,-118.24,historical,1961,16.421,14.592,19.174,1.068,8.0
Los Angeles,34.05,-118.24,historical,1962,16.232,14.988,18.046,1.158,8.0
Los Angeles,34.05,-118.24,historical,1963,16.078,14.576,17.842,1.068,8.0
Los Angeles,34.05,-118.24,historical,1964,15.867,14.46,18.065,0.979,8.0
Los Angeles,34.05,-118.24,historical,1965,16.029,14.784,17.449,1.065,8.0
Los Angeles,34.05,-118.24,historical,1966,16.114,13.921,18.122,0.978,8.0
Los Angeles,34.05,-118.24,historical,1967,16.108,14.343,18.085,0.985,8.0
Los Angeles,34.05,-118.24,historical,1968,16.075,14.472,18.294,0.857,8.0
Los Angeles,34.05,-118.24,historical,1969,16.282,14.802,18.378,1.067,8.0
Los Angeles,34.05,-118.24,historical,1970,16.31,14.895,17.981,0.852,8.0
Los Angeles,34.05,-118.24,historical,1971,16.271,15.01,18.131,0.864,8.0
Los Angeles,34.05,-118.24,historical,1972,16.225,15.008,17.643,1.08,8.0
Los Angeles,34.05,-118.24,historical,1973,16.292,14.717,17.965,1.035,8.0
Los Angeles,34.05,-118.24,historical,1974,16.502,14.938,18.441,1.093,8.0
Los Angeles,34.05,-118.24,historical,1975,16.104,14.639,18.516,1.156,8.0
Los Angeles,34.05,-118.24,historical,1976,16.118,14.727,17.871,0.908,8.0
Los Angeles,34.05,-118.24,historical,1977,16.69,15.07,19.082,1.161,8.0
Los Angeles,34.05,-118.24,historical,1978,16.034,14.642,18.453,1.42,8.0
Los Angeles,34.05,-118.24,historical,1979,16.338,14.78,18.34,1.052,8.0
Los Angeles,34.05,-118.24,historical,1980,16.345,14.853,18.191,0.976,8.0
Los Angeles,34.05,-118.24,historical,1981,16.349,14.712,18.062,1.037,8.0
Los Angeles,34.05,-118.24,historical,1982,16.476,15.232,17.881,1.08,8.0
Los Angeles,34.05,-118.24,historical,1983,16.081,15.222,17.363,1.217,8.0
Los Angeles,34.05,-118.24,historical,1984,16.108,13.898,18.726,1.153,8.0
Los Angeles,34.05,-118.24,historical,1985,16.342,14.095,18.295,0.991,8.0
Los Angeles,34.05,-118.24,historical,1986,16.485,15.037,18.26,1.164,8.0
Los Angeles,34.05,-118.24,historical,1987,16.218,14.425,18.381,0.947,8.0
Los Angeles,34.05,-118.24,historical,1988,16.398,14.785,18.933,1.032,8.0
Los Angeles,34.05,-118.24,historical,1989,16.795,15.217,18.515,1.021,8.0
Los Angeles,34.05,-118.24,historical,1990,16.369,14.971,18.174,1.273,8.0
Los Angeles,34.05,-118.24,historical,1991,16.444,15.117,18.408,1.028,8.0
Los Angeles,34.05,-118.24,historical,1992,16.266,14.914,18.034,1.047,8.0
Los Angeles,34.05,-118.24,historical,1993,16.056,14.897,17.811,1.036,8.0
Los Angeles,34.05,-118.24,historical,1994,16.457,14.711,18.534,0.93,8.0
Los Angeles,34.05,-118.24,historical,1995,16.715,14.958,19.115,0.942,8.0
Los Angeles,34.05,-118.24,historical,1996,16.705,15.207,18.899,0.918,8.0
Los Angeles,34.05,-118.24,historical,1997,16.688,15.109,18.276,1.011,8.0
Los Angeles,34.05,-118.24,historical,1998,16.796,15.154,18.762,0.874,8.0
Los Angeles,34.05,-118.24,historical,1999,16.925,15.567,18.388,0.971,8.0
Los Angeles,34.05,-118.24,historical,2000,17.03,15.094,19.037,1.199,8.0
Los Angeles,34.05,-118.24,historical,2001,16.955,14.896,19.165,1.003,8.0
Los Angeles,34.05,-118.24,historical,2002,16.801,15.083,19.369,1.369,8.0
Los Angeles,34.05,-118.24,historical,2003,17.067,15.677,18.634,1.501,8.0
Los Angeles,34.05,-118.24,historical,2004,16.971,15.589,19.041,1.257,8.0
Los Angeles,34.05,-118.24,historical,2005,17.427,15.68,19.95,1.197,8.0
Los Angeles,34.05,-118.24,historical,2006,16.831,14.888,18.803,0.918,8.0
Los Angeles,34.05,-118.24,historical,2007,17.364,15.323,20.152,0.891,8.0
Los Angeles,34.05,-118.24,historical,2008,17.087,15.139,19.528,1.018,8.0
Los Angeles,34.05,-118.24,historical,2009,17.116,15.128,19.364,1.163,8.0
Los Angeles,34.05,-118.24,historical,2010,17.219,15.53,18.959,0.972,8.0
Los Angeles,34.05,-118.24,historical,2011,17.477,16.106,19.272,0.896,8.0
Los Angeles,34.05,-118.24,historical,2012,17.38,15.493,19.845,0.79,8.0
Los Angeles,34.05,-118.24,historical,2013,17.322,16.033,19.012,1.018,8.0
Los Angeles,34.05,-118.24,historical,2014,17.42,15.914,19.381,1.002,8.0
Los Angeles,34.05,-118.24,ssp126,2015,16.991,15.157,18.823,1.153,8.0
Los Angeles,34.05,-118.24,ssp126,2016,17.605,16.131,19.814,0.805,8.0
Los Angeles,34.05,-118.24,ssp126,2017,17.331,15.637,18.831,1.186,8.0
Los Angeles,34.05,-118.24,ssp126,2018,17.35,16.041,19.191,1.086,8.0
Los Angeles,34.05,-118.24,ssp126,2019,17.623,15.99,19.516,1.332,8.0
Los Angeles,34.05,-118.24,ssp126,2020,17.492,16.161,19.62,0.92,8.0
Los Angeles,34.05,-118.24,ssp126,2021,18.003,16.351,20.468,1.194,8.0
Los Angeles,34.05,-118.24,ssp126,2022,17.934,16.617,19.854,1.073,8.0
Los Angeles,34.05,-118.24,ssp126,2023,17.865,15.916,20.514,0.962,8.0
Los Angeles,34.05,-118.24,ssp126,2024,17.756,16.486,19.774,1.104,8.0
Los Angeles,34.05,-118.24,ssp126,2025,18.161,16.816,20.437,0.993,8.0
Los Angeles,34.05,-118.24,ssp126,2026,17.758,16.378,19.716,0.999,8.0
Los Angeles,34.05,-118.24,ssp126,2027,17.974,16.293,20.235,0.837,8.0
Los Angeles,34.05,-118.24,ssp126,2028,18.229,16.478,20.449,1.159,8.0
Los Angeles,34.05,-118.24,ssp126,2029,17.806,16.258,19.996,1.334,8.0
Los Angeles,34.05,-118.24,ssp126,2030,17.907,16.733,19.591,1.262,8.0
Los Angeles,34.05,-118.24,ssp126,2031,17.952,16.575,19.667,1.054,8.0
Los Angeles,34.05,-118.24,ssp126,2032,18.022,16.719,20.06,0.861,8.0
Los Angeles,34.05,-118.24,ssp126,2033,18.04,16.317,19.897,0.827,8.0
Los Angeles,34.05,-118.24,ssp126,2034,18.442,16.75,20.82,1.046,8.0
Los Angeles,34.05,-118.24,ssp126,2035,18.198,16.708,20.074,1.166,8.0
Los Angeles,34.05,-118.24,ssp126,2036,18.375,16.766,20.458,1.257,8.0
Los Angeles,34.05,-118.24,ssp126,2037,18.315,16.456,20.459,1.077,8.0
Los Angeles,34.05,-118.24,ssp126,2038,18.335,16.49,20.046,1.107,8.0
Los Angeles,34.05,-118.24,ssp126,2039,18.388,16.697,20.285,1.465,8.0
Los Angeles,34.05,-118.24,ssp126,2040,18.345,16.701,20.762,1.072,8.0
Los Angeles,34.05,-118.24,ssp126,2041,18.388,17.12,19.988,1.114,8.0
Los Angeles,34.05,-118.24,ssp126,2042,18.678,16.876,21.475,1.079,8.0
Los Angeles,34.05,-118.24,ssp126,2043,18.301,16.414,20.384,1.075,8.0
Los Angeles,34.05,-118.24,ssp126,2044,18.541,17.162,20.565,0.962,8.0
Los Angeles,34.05,-118.24,ssp126,2045,18.418,16.949,19.872,1.193,8.0
Los Angeles,34.05,-118.24,ssp126,2046,18.277,16.927,20.0,1.204,8.0
Los Angeles,34.05,-118.24,ssp126,2047,18.187,16.641,20.112,1.031,8.0
Los Angeles,34.05,-118.24,ssp126,2048,18.492,17.002,20.198,0.907,8.0
Los Angeles,34.05,-118.24,ssp126,2049,18.321,16.449,21.007,0.993,8.0
Los Angeles,34.05,-118.24,ssp126,2050,18.575,17.378,20.497,0.918,8.0
Los Angeles,34.05,-118.24,ssp126,2051,18.436,16.751,20.231,1.193,8.0
Los Angeles,34.05,-118.24,ssp126,2052,18.678,17.084,20.788,1.208,8.0
Los Angeles,34.05,-118.24,ssp126,2053,18.706,17.209,20.931,0.929,8.0
Los Angeles,34.05,-118.24,ssp126,2054,18.379,17.047,19.962,1.218,8.0
Los Angeles,34.05,-118.24,ssp126,2055,18.625,16.991,20.672,0.806,8.0
Los Angeles,34.05,-118.24,ssp126,2056,18.459,17.359,20.727,1.364,8.0
Los Angeles,34.05,-118.24,ssp126,2057,18.627,17.057,20.458,1.19,8.0
Los Angeles,34.05,-118.24,ssp126,2058,18.665,17.096,20.953,0.945,8.0
Los Angeles,34.05,-118.24,ssp126,2059,18.678,17.66,20.048,1.016,8.0
Los Angeles,34.05,-118.24,ssp126,2060,18.833,17.528,20.492,1.152,8.0
Los Angeles,34.05,-118.24,ssp126,2061,18.472,16.908,20.483,1.089,8.0
Los Angeles,34.05,-118.24,ssp126,2062,18.432,17.168,19.967,1.368,8.0
Los Angeles,34.05,-118.24,ssp126,2063,18.418,17.121,19.733,1.121,8.0
Los Angeles,34.05,-118.24,ssp126,2064,18.421,16.875,20.057,0.933,8.0
Los Angeles,34.05,-118.24,ssp126,2065,18.658,17.503,20.332,1.097,8.0
Los Angeles,34.05,-118.24,ssp126,2066,18.451,17.099,20.04,1.189,8.0
Los Angeles,34.05,-118.24,ssp126,2067,18.487,16.915,20.264,1.083,8.0
Los Angeles,34.05,-118.24,ssp126,2068,18.664,17.177,20.295,0.918,8.0
Los Angeles,34.05,-118.24,ssp126,2069,18.902,17.666,20.865,0.913,8.0
Los Angeles,34.05,-118.24,ssp126,2070,18.487,17.25,19.912,1.057,8.0
Los Angeles,34.05,-118.24,ssp126,2071,18.582,16.923,20.48,0.881,8.0
Los Angeles,34.05,-118.24,ssp126,2072,18.677,17.256,20.109,1.108,8.0
Los Angeles,34.05,-118.24,ssp126,2073,18.702,17.483,20.163,1.063,8.0
Los Angeles,34.05,-118.24,ssp126,2074,18.595,17.256,20.608,1.022,8.0
Los Angeles,34.05,-118.24,ssp126,2075,18.426,16.927,20.346,1.433,8.0
Los Angeles,34.05,-118.24,ssp126,2076,18.664,17.099,20.596,1.013,8.0
Los Angeles,34.05,-118.24,ssp126,2077,18.561,17.117,20.165,1.231,8.0
Los Angeles,34.05,-118.24,ssp126,2078,18.397,16.939,20.351,1.074,8.0
Los Angeles,34.05,-118.24,ssp126,2079,18.63,17.188,20.522,1.038,8.0
Los Angeles,34.05,-118.24,ssp126,2080,18.492,16.582,20.858,0.92,8.0
Los Angeles,34.05,-118.24,ssp126,2081,18.741,16.495,21.175,1.041,8.0
Los Angeles,34.05,-118.24,ssp126,2082,18.698,17.273,20.778,1.346,8.0
Los Angeles,34.05,-118.24,ssp126,2083,19.264,17.96,21.204,0.807,8.0
Los Angeles,34.05,-118.24,ssp126,2084,18.844,17.7,20.318,1.077,8.0
Los Angeles,34.05,-118.24,ssp126,2085,18.756,17.135,21.35,1.014,8.0
Los Angeles,34.05,-118.24,ssp126,2086,18.38,17.383,19.898,1.325,8.0
Los Angeles,34.05,-118.24,ssp126,2087,18.451,17.099,20.298,1.189,8.0
Los Angeles,34.05,-118.24,ssp126,2088,18.779,17.528,20.424,1.154,8.0
Los Angeles,34.05,-118.24,ssp126,2089,18.765,17.277,20.76,0.858,8.0
Los Angeles,34.05,-118.24,ssp126,2090,18.456,17.283,20.422,1.03,8.0
Los Angeles,34.05,-118.24,ssp126,2091,18.474,16.985,20.148,1.209,8.0
Los Angeles,34.05,-118.24,ssp126,2092,18.564,17.467,20.08,1.063,8.0
Los Angeles,34.05,-118.24,ssp126,2093,18.528,16.608,20.559,1.094,8.0
Los Angeles,34.05,-118.24,ssp126,2094,18.752,17.326,21.1,1.268,8.0
Los Angeles,34.05,-118.24,ssp126,2095,18.322,16.786,20.16,0.953,8.0
Los Angeles,34.05,-118.24,ssp126,2096,18.525,16.739,20.563,1.175,8.0
Los Angeles,34.05,-118.24,ssp126,2097,18.589,17.08,20.392,1.034,8.0
Los Angeles,34.05,-118.24,ssp126,2098,18.62,17.222,20.633,1.045,8.0
Los Angeles,34.05,-118.24,ssp126,2099,18.706,16.76,21.16,0.842,8.0
Los Angeles,34.05,-118.24,ssp126,2100,18.597,17.158,20.793,1.35,8.0
Los Angeles,34.05,-118.24,ssp245,2015,17.226,15.591,19.138,1.074,8.0
Los Angeles,34.05,-118.24,ssp245,2016,17.384,15.609,19.641,0.804,8.0
Los Angeles,34.05,-118.24,ssp245,2017,17.478,16.02,19.611,1.018,8.0
Los Angeles,34.05,-118.24,ssp245,2018,17.256,15.229,19.532,1.394,8.0
Los Angeles,34.05,-118.24,ssp245,2019,17.386,15.589,19.062,1.124,8.0
Los Angeles,34.05,-118.24,ssp245,2020,17.477,16.458,18.994,0.953,8.0
Los Angeles,34.05,-118.24,ssp245,2021,18.085,16.261,20.032,0.904,8.0
Los Angeles,34.05,-118.24,ssp245,2022,17.74,16.262,19.923,1.242,8.0
Los Angeles,34.05,-118.24,ssp245,2023,17.58,16.228,19.522,1.078,8.0
Los Angeles,34.05,-118.24,ssp245,2024,17.644,15.979,19.6,0.923,8.0
Los Angeles,34.05,-118.24,ssp245,2025,17.779,16.128,19.804,1.055,8.0
Los Angeles,34.05,-118.24,ssp245,2026,18.212,16.684,19.956,0.962,8.0
Los Angeles,34.05,-118.24,ssp245,2027,18.356,16.829,20.884,0.9,8.0
Los Angeles,34.05,-118.24,ssp245,2028,18.041,16.414,19.627,1.147,8.0
Los Angeles,34.05,-118.24,ssp245,2029,18.144,17.035,19.999,0.949,8.0
Los Angeles,34.05,-118.24,ssp245,2030,18.002,16.68,19.686,1.128,8.0
Los Angeles,34.05,-118.24,ssp245,2031,18.13,16.709,20.157,1.065,8.0
Los Angeles,34.05,-118.24,ssp245,2032,18.014,16.461,20.413,1.019,8.0
Los Angeles,34.05,-118.24,ssp245,2033,18.32,16.865,20.486,0.938,8.0
Los Angeles,34.05,-118.24,ssp245,2034,18.137,16.629,20.58,1.253,8.0
Los Angeles,34.05,-118.24,ssp245,2035,18.227,16.33,20.535,0.882,8.0
Los Angeles,34.05,-118.24,ssp245,2036,18.242,16.849,20.327,1.069,8.0
Los Angeles,34.05,-118.24,ssp245,2037,18.187,16.511,19.971,1.124,8.0
Los Angeles,34.05,-118.24,ssp245,2038,18.24,16.59,20.593,0.987,8.0
Los Angeles,34.05,-118.24,ssp245,2039,18.259,16.937,19.803,0.954,8.0
Los Angeles,34.05,-118.24,ssp245,2040,17.942,17.301,18.961,1.065,7.0
Los Angeles,34.05,-118.24,ssp245,2041,17.813,16.691,19.291,1.107,7.0
Los Angeles,34.05,-118.24,ssp245,2042,18.018,17.11,19.452,1.058,7.0
Los Angeles,34.05,-118.24,ssp245,2043,17.737,16.901,18.66,1.104,7.0
Los Angeles,34.05,-118.24,ssp245,2044,18.06,17.13,19.276,0.929,7.0
Los Angeles,34.05,-118.24,ssp245,2045,18.415,17.359,19.369,0.916,7.0
Los Angeles,34.05,-118.24,ssp245,2046,18.108,17.146,19.728,1.003,7.0
Los Angeles,34.05,-118.24,ssp245,2047,18.012,16.922,19.232,1.052,7.0
Los Angeles,34.05,-118.24,ssp245,2048,18.143,17.127,18.928,1.025,7.0
Los Angeles,34.05,-118.24,ssp245,2049,17.954,16.9,18.951,1.023,7.0
Los Angeles,34.05,-118.24,ssp245,2050,18.059,17.117,18.954,1.038,7.0
Los Angeles,34.05,-118.24,ssp245,2051,18.043,17.113,19.561,0.814,7.0
Los Angeles,34.05,-118.24,ssp245,2052,18.221,17.048,19.521,1.135,7.0
Los Angeles,34.05,-118.24,ssp245,2053,18.103,16.957,19.797,1.269,7.0
Los Angeles,34.05,-118.24,ssp245,2054,18.534,17.699,19.801,1.055,7.0
Los Angeles,34.05,-118.24,ssp245,2055,18.504,17.219,19.983,1.196,7.0
Los Angeles,34.05,-118.24,ssp245,2056,18.239,17.351,19.095,1.184,7.0
Los Angeles,34.05,-118.24,ssp245,2057,18.393,17.554,19.497,1.172,7.0
Los Angeles,34.05,-118.24,ssp245,2058,18.499,17.599,19.222,1.179,7.0
Los Angeles,34.05,-118.24,ssp245,2059,18.619,17.564,19.646,0.914,7.0
Los Angeles,34.05,-118.24,ssp245,2060,18.333,16.898,19.668,1.175,7.0
Los Angeles,34.05,-118.24,ssp245,2061,18.698,17.55,19.8,1.039,7.0
Los Angeles,34.05,-118.24,ssp245,2062,18.585,17.105,19.686,1.258,7.0
Los Angeles,34.05,-118.24,ssp245,2063,18.507,17.48,19.576,1.0,7.0
Los Angeles,34.05,-118.24,ssp245,2064,18.406,17.565,19.567,1.165,7.0
Los Angeles,34.05,-118.24,ssp245,2065,18.625,17.61,19.541,1.234,7.0
Los Angeles,34.05,-118.24,ssp245,2066,18.677,17.43,20.127,0.866,7.0
Los Angeles,34.05,-118.24,ssp245,2067,18.51,17.717,19.355,0.907,7.0
Los Angeles,34.05,-118.24,ssp245,2068,18.307,17.429,19.395,1.056,7.0
Los Angeles,34.05,-118.24,ssp245,2069,18.964,17.329,20.193,1.21,7.0
Los Angeles,34.05,-118.24,ssp245,2070,18.408,17.507,19.277,1.295,7.0
Los Angeles,34.05,-118.24,ssp245,2071,18.391,17.461,19.316,1.125,7.0
Los Angeles,34.05,-118.24,ssp245,2072,18.614,17.366,19.323,1.16,7.0
Los Angeles,34.05,-118.24,ssp245,2073,18.764,17.722,19.873,1.176,7.0
Los Angeles,34.05,-118.24,ssp245,2074,18.645,17.21,20.226,1.091,7.0
Los Angeles,34.05,-118.24,ssp245,2075,18.573,17.221,19.509,1.102,7.0
Los Angeles,34.05,-118.24,ssp245,2076,18.941,17.012,20.4,0.876,7.0
Los Angeles,34.05,-118.24,ssp245,2077,18.565,17.809,19.299,1.232,7.0
Los Angeles,34.05,-118.24,ssp245,2078,18.998,17.752,20.006,1.086,7.0
Los Angeles,34.05,-118.24,ssp245,2079,19.05,18.221,19.689,0.775,7.0
Los Angeles,34.05,-118.24,ssp245,2080,18.547,17.652,19.669,1.111,7.0
Los Angeles,34.05,-118.24,ssp245,2081,18.544,17.739,19.217,0.969,7.0
Los Angeles,34.05,-118.24,ssp245,2082,18.72,17.524,20.198,0.94,7.0
Los Angeles,34.05,-118.24,ssp245,2083,19.078,17.392,20.22,1.098,7.0
Los Angeles,34.05,-118.24,ssp245,2084,18.776,17.9,19.655,1.127,7.0
Los Angeles,34.05,-118.24,ssp245,2085,18.795,17.173,20.408,1.325,7.0
Los Angeles,34.05,-118.24,ssp245,2086,18.639,17.583,19.57,1.147,7.0
Los Angeles,34.05,-118.24,ssp245,2087,19.144,18.35,20.274,1.057,7.0
Los Angeles,34.05,-118.24,ssp245,2088,19.052,18.183,19.752,1.132,7.0
Los Angeles,34.05,-118.24,ssp245,2089,19.09,17.903,20.248,1.569,7.0
Los Angeles,34.05,-118.24,ssp245,2090,19.129,18.098,20.036,1.157,7.0
Los Angeles,34.05,-118.24,ssp245,2091,19.232,17.854,20.672,0.932,7.0
Los Angeles,34.05,-118.24,ssp245,2092,19.302,18.305,20.356,1.426,7.0
Los Angeles,34.05,-118.24,ssp245,2093,19.231,18.491,19.97,1.088,7.0
Los Angeles,34.05,-118.24,ssp245,2094,19.222,18.588,19.851,1.125,7.0
Los Angeles,34.05,-118.24,ssp245,2095,19.109,17.959,20.059,1.346,7.0
Los Angeles,34.05,-118.24,ssp245,2096,19.312,18.405,20.393,1.213,7.0
Los Angeles,34.05,-118.24,ssp245,2097,19.301,17.712,20.448,1.354,7.0
Los Angeles,34.05,-118.24,ssp245,2098,18.753,17.628,19.889,1.2,7.0
Los Angeles,34.05,-118.24,ssp245,2099,18.964,18.436,19.542,1.249,7.0
Los Angeles,34.05,-118.24,ssp245,2100,19.2,18.048,20.604,1.03,7.0
Los Angeles,34.05,-118.24,ssp585,2015,17.514,16.228,19.357,1.094,8.0
Los Angeles,34.05,-118.24,ssp585,2016,17.444,15.272,19.889,0.859,8.0
Los Angeles,34.05,-118.24,ssp585,2017,17.557,16.003,19.98,1.09,8.0
Los Angeles,34.05,-118.24,ssp585,2018,17.111,15.878,18.78,1.247,8.0
Los Angeles,34.05,-118.24,ssp585,2019,17.244,15.906,19.126,1.356,8.0
Los Angeles,34.05,-118.24,ssp585,2020,17.486,16.425,19.008,1.076,8.0
Los Angeles,34.05,-118.24,ssp585,2021,17.491,15.623,19.762,0.923,8.0
Los Angeles,34.05,-118.24,ssp585,2022,17.771,16.112,19.797,0.938,8.0
Los Angeles,34.05,-118.24,ssp585,2023,17.669,16.325,19.253,1.101,8.0
Los Angeles,34.05,-118.24,ssp585,2024,17.793,16.098,19.581,0.823,8.0
Los Angeles,34.05,-118.24,ssp585,2025,17.664,16.098,19.358,0.999,8.0
Los Angeles,34.05,-118.24,ssp585,2026,17.598,16.747,18.522,1.186,8.0
Los Angeles,34.05,-118.24,ssp585,2027,18.205,16.991,19.877,1.123,8.0
Los Angeles,34.05,-118.24,ssp585,2028,17.934,16.407,19.985,1.034,8.0
Los Angeles,34.05,-118.24,ssp585,2029,18.002,16.082,20.289,0.829,8.0
Los Angeles,34.05,-118.24,ssp585,2030,18.014,16.4,20.066,1.088,8.0
Los Angeles,34.05,-118.24,ssp585,2031,17.994,16.437,20.0,0.982,8.0
Los Angeles,34.05,-118.24,ssp585,2032,17.664,16.135,19.786,1.197,8.0
Los Angeles,34.05,-118.24,ssp585,2033,17.997,16.467,19.95,1.291,8.0
Los Angeles,34.05,-118.24,ssp585,2034,17.945,16.351,20.031,0.841,8.0
Los Angeles,34.05,-118.24,ssp585,2035,18.336,17.246,20.128,0.873,8.0
Los Angeles,34.05,-118.24,ssp585,2036,17.828,16.309,19.3,1.247,8.0
Los Angeles,34.05,-118.24,ssp585,2037,18.24,16.986,19.97,1.066,8.0
Los Angeles,34.05,-118.24,ssp585,2038,18.431,16.894,20.582,0.802,8.0
Los Angeles,34.05,-118.24,ssp585,2039,18.55,17.1,20.782,0.778,8.0
Los Angeles,34.05,-118.24,ssp585,2040,18.707,17.246,20.58,1.167,8.0
Los Angeles,34.05,-118.24,ssp585,2041,18.786,17.316,20.831,1.124,8.0
Los Angeles,34.05,-118.24,ssp585,2042,18.963,17.234,20.928,0.913,8.0
Los Angeles,34.05,-118.24,ssp585,2043,18.979,17.337,20.844,0.792,8.0
Los Angeles,34.05,-118.24,ssp585,2044,18.871,17.098,21.042,0.985,8.0
Los Angeles,34.05,-118.24,ssp585,2045,18.814,17.354,20.583,0.786,8.0
Los Angeles,34.05,-118.24,ssp585,2046,18.761,17.243,20.376,0.937,8.0
Los Angeles,34.05,-118.24,ssp585,2047,18.795,16.931,20.629,1.286,8.0
Los Angeles,34.05,-118.24,ssp585,2048,19.151,17.806,20.93,1.092,8.0
Los Angeles,34.05,-118.24,ssp585,2049,19.526,17.731,21.452,1.008,8.0
Los Angeles,34.05,-118.24,ssp585,2050,19.26,17.542,21.197,1.221,8.0
Los Angeles,34.05,-118.24,ssp585,2051,19.239,17.624,21.084,0.985,8.0
Los Angeles,34.05,-118.24,ssp585,2052,19.281,17.836,20.934,0.896,8.0
Los Angeles,34.05,-118.24,ssp585,2053,19.175,17.381,20.953,1.105,8.0
Los Angeles,34.05,-118.24,ssp585,2054,19.31,17.669,21.332,0.816,8.0
Los Angeles,34.05,-118.24,ssp585,2055,19.61,18.215,21.545,1.078,8.0
Los Angeles,34.05,-118.24,ssp585,2056,19.495,18.131,21.478,1.019,8.0
Los Angeles,34.05,-118.24,ssp585,2057,19.853,18.178,22.196,0.837,8.0
Los Angeles,34.05,-118.24,ssp585,2058,19.549,17.998,21.387,1.082,8.0
Los Angeles,34.05,-118.24,ssp585,2059,19.837,18.067,21.674,0.898,8.0
Los Angeles,34.05,-118.24,ssp585,2060,20.377,18.523,22.174,0.801,8.0
Los Angeles,34.05,-118.24,ssp585,2061,19.846,18.38,22.015,1.33,8.0
Los Angeles,34.05,-118.24,ssp585,2062,20.008,17.996,21.914,1.325,8.0
Los Angeles,34.05,-118.24,ssp585,2063,20.054,18.549,21.723,1.2,8.0
Los Angeles,34.05,-118.24,ssp585,2064,19.936,17.91,21.772,1.237,8.0
Los Angeles,34.05,-118.24,ssp585,2065,20.228,17.748,22.584,1.037,8.0
Los Angeles,34.05,-118.24,ssp585,2066,20.337,19.172,21.749,1.254,8.0
Los Angeles,34.05,-118.24,ssp585,2067,19.932,18.627,21.355,1.048,8.0
Los Angeles,34.05,-118.24,ssp585,2068,20.299,18.782,21.805,0.97,8.0
Los Angeles,34.05,-118.24,ssp585,2069,20.581,18.859,22.572,1.179,8.0
Los Angeles,34.05,-118.24,ssp585,2070,20.184,17.201,22.373,1.257,8.0
Los Angeles,34.05,-118.24,ssp585,2071,20.177,18.811,21.582,1.358,8.0
Los Angeles,34.05,-118.24,ssp585,2072,20.67,18.492,22.962,1.106,8.0
Los Angeles,34.05,-118.24,ssp585,2073,20.804,19.042,22.826,1.219,8.0
Los Angeles,34.05,-118.24,ssp585,2074,20.455,18.846,22.196,1.273,8.0
Los Angeles,34.05,-118.24,ssp585,2075,20.895,18.926,22.895,1.216,8.0
Los Angeles,34.05,-118.24,ssp585,2076,20.942,18.503,23.253,1.047,8.0
Los Angeles,34.05,-118.24,ssp585,2077,21.136,19.178,23.331,0.833,8.0
Los Angeles,34.05,-118.24,ssp585,2078,21.128,19.345,23.128,1.038,8.0
Los Angeles,34.05,-118.24,ssp585,2079,21.317,18.988,23.194,1.13,8.0
Los Angeles,34.05,-118.24,ssp585,2080,21.161,19.477,23.051,1.319,8.0
Los Angeles,34.05,-118.24,ssp585,2081,21.176,19.67,22.841,1.008,8.0
Los Angeles,34.05,-118.24,ssp585,2082,21.167,19.25,22.845,1.201,8.0
Los Angeles,34.05,-118.24,ssp585,2083,21.33,19.742,23.113,0.922,8.0
Los Angeles,34.05,-118.24,ssp585,2084,21.55,19.785,23.418,1.103,8.0
Los Angeles,34.05,-118.24,ssp585,2085,21.344,19.411,23.764,0.921,8.0
Los Angeles,34.05,-118.24,ssp585,2086,21.594,20.082,23.515,1.151,8.0
Los Angeles,34.05,-118.24,ssp585,2087,21.658,19.956,23.396,1.052,8.0
Los Angeles,34.05,-118.24,ssp585,2088,22.183,20.508,23.951,0.893,8.0
Los Angeles,34.05,-118.24,ssp585,2089,22.107,20.555,24.211,1.132,8.0
Los Angeles,34.05,-118.24,ssp585,2090,21.891,20.147,24.373,1.213,8.0
Los Angeles,34.05,-118.24,ssp585,2091,21.975,20.582,23.642,0.934,8.0
Los Angeles,34.05,-118.24,ssp585,2092,21.987,19.952,23.941,1.02,8.0
Los Angeles,34.05,-118.24,ssp585,2093,22.18,19.701,24.919,1.271,8.0
Los Angeles,34.05,-118.24,ssp585,2094,22.048,20.389,24.24,1.091,8.0
Los Angeles,34.05,-118.24,ssp585,2095,22.111,20.642,23.671,1.193,8.0
Los Angeles,34.05,-118.24,ssp585,2096,22.189,20.725,24.357,1.356,8.0
Los Angeles,34.05,-118.24,ssp585,2097,22.621,21.061,24.558,1.109,8.0
Los Angeles,34.05,-118.24,ssp585,2098,22.35,20.287,24.303,1.184,8.0
Los Angeles,34.05,-118.24,ssp585,2099,22.648,20.313,25.116,1.049,8.0
Los Angeles,34.05,-118.24,ssp585,2100,22.901,20.691,25.612,1.005,8.0
Madrid,40.42,-3.7,historical,1850,12.461,10.758,14.903,1.739,8.0
Madrid,40.42,-3.7,historical,1851,12.12,10.336,14.241,1.875,8.0
Madrid,40.42,-3.7,historical,1852,12.115,10.39,14.432,1.971,8.0
Madrid,40.42,-3.7,historical,1853,12.4,10.892,15.057,1.993,8.0
Madrid,40.42,-3.7,historical,1854,12.134,10.081,14.905,1.891,8.0
Madrid,40.42,-3.7,historical,1855,12.352,10.587,15.009,1.904,8.0
Madrid,40.42,-3.7,historical,1856,12.185,10.058,15.081,1.894,8.0
Madrid,40.42,-3.7,historical,1857,12.417,10.862,14.842,1.746,8.0
Madrid,40.42,-3.7,historical,1858,12.417,10.651,14.889,1.635,8.0
Madrid,40.42,-3.7,historical,1859,12.57,10.744,14.684,1.851,8.0
Madrid,40.42,-3.7,historical,1860,12.604,10.818,15.069,1.718,8.0
Madrid,40.42,-3.7,historical,1861,12.567,10.444,15.585,1.757,8.0
Madrid,40.42,-3.7,historical,1862,12.0,10.247,14.171,1.64,8.0
Madrid,40.42,-3.7,historical,1863,11.832,10.073,13.72,1.745,8.0
Madrid,40.42,-3.7,historical,1864,12.122,10.494,14.13,2.053,8.0
Madrid,40.42,-3.7,historical,1865,12.199,10.135,14.164,1.843,8.0
Madrid,40.42,-3.7,historical,1866,12.094,10.751,14.032,1.768,8.0
Madrid,40.42,-3.7,historical,1867,12.262,10.082,14.917,1.873,8.0
Madrid,40.42,-3.7,historical,1868,12.451,10.34,14.993,1.81,8.0
Madrid,40.42,-3.7,historical,1869,12.15,10.211,14.66,1.995,8.0
Madrid,40.42,-3.7,historical,1870,12.15,9.695,15.195,1.771,8.0
Madrid,40.42,-3.7,historical,1871,12.367,10.639,14.78,1.824,8.0
Madrid,40.42,-3.7,historical,1872,12.113,10.23,14.704,1.97,8.0
Madrid,40.42,-3.7,historical,1873,12.211,10.331,14.811,1.842,8.0
Madrid,40.42,-3.7,historical,1874,12.107,10.484,14.311,1.95,8.0
Madrid,40.42,-3.7,historical,1875,12.176,10.296,14.634,1.809,8.0
Madrid,40.42,-3.7,historical,1876,12.35,10.458,14.738,1.928,8.0
Madrid,40.42,-3.7,historical,1877,12.314,9.64,15.168,1.725,8.0
Madrid,40.42,-3.7,historical,1878,12.29,10.287,14.939,1.875,8.0
Madrid,40.42,-3.7,historical,1879,12.375,10.455,14.424,1.801,8.0
Madrid,40.42,-3.7,historical,1880,12.111,10.087,14.528,1.804,8.0
Madrid,40.42,-3.7,historical,1881,12.38,10.321,14.936,1.67,8.0
Madrid,40.42,-3.7,historical,1882,12.572,10.251,15.14,1.696,8.0
Madrid,40.42,-3.7,historical,1883,12.36,10.618,14.79,1.745,8.0
Madrid,40.42,-3.7,historical,1884,11.614,9.616,14.142,2.036,8.0
Madrid,40.42,-3.7,historical,1885,11.763,9.869,14.465,1.95,8.0
Madrid,40.42,-3.7,historical,1886,12.226,10.069,14.647,1.814,8.0
Madrid,40.42,-3.7,historical,1887,11.984,9.813,14.643,1.859,8.0
Madrid,40.42,-3.7,historical,1888,12.121,10.226,14.38,1.909,8.0
Madrid,40.42,-3.7,historical,1889,12.572,10.385,15.123,1.799,8.0
Madrid,40.42,-3.7,historical,1890,12.343,10.216,14.876,1.811,8.0
Madrid,40.42,-3.7,historical,1891,12.053,9.536,14.67,1.689,8.0
Madrid,40.42,-3.7,historical,1892,12.119,10.539,14.345,1.927,8.0
Madrid,40.42,-3.7,historical,1893,12.304,10.6,14.664,1.746,8.0
Madrid,40.42,-3.7,historical,1894,12.365,9.723,15.385,1.905,8.0
Madrid,40.42,-3.7,historical,1895,12.299,10.284,15.375,1.874,8.0
Madrid,40.42,-3.7,historical,1896,12.645,10.908,15.086,1.902,8.0
Madrid,40.42,-3.7,historical,1897,12.053,10.013,14.691,1.913,8.0
Madrid,40.42,-3.7,historical,1898,11.996,9.955,14.74,1.867,8.0
Madrid,40.42,-3.7,historical,1899,12.553,10.822,14.717,1.793,8.0
Madrid,40.42,-3.7,historical,1900,12.646,10.842,15.09,1.951,8.0
Madrid,40.42,-3.7,historical,1901,12.575,10.284,15.51,1.702,8.0
Madrid,40.42,-3.7,historical,1902,12.426,10.678,14.862,1.81,8.0
Madrid,40.42,-3.7,historical,1903,11.792,9.74,14.652,1.951,8.0
Madrid,40.42,-3.7,historical,1904,11.87,10.114,14.229,1.913,8.0
Madrid,40.42,-3.7,historical,1905,12.306,10.275,14.892,1.667,8.0
Madrid,40.42,-3.7,historical,1906,12.46,10.482,14.693,1.76,8.0
Madrid,40.42,-3.7,historical,1907,12.418,10.429,15.1,1.765,8.0
Madrid,40.42,-3.7,historical,1908,11.992,9.836,14.716,1.732,8.0
Madrid,40.42,-3.7,historical,1909,12.17,10.064,14.633,1.633,8.0
Madrid,40.42,-3.7,historical,1910,12.089,10.326,14.336,1.706,8.0
Madrid,40.42,-3.7,historical,1911,12.503,10.461,14.781,1.826,8.0
Madrid,40.42,-3.7,historical,1912,12.119,10.262,14.783,1.932,8.0
Madrid,40.42,-3.7,historical,1913,11.855,9.79,14.527,1.909,8.0
Madrid,40.42,-3.7,historical,1914,11.684,9.663,13.84,1.924,8.0
Madrid,40.42,-3.7,historical,1915,12.146,9.854,14.356,1.709,8.0
Madrid,40.42,-3.7,historical,1916,12.32,10.441,14.612,1.672,8.0
Madrid,40.42,-3.7,historical,1917,12.561,10.674,14.962,1.727,8.0
Madrid,40.42,-3.7,historical,1918,12.162,10.157,14.638,1.895,8.0
Madrid,40.42,-3.7,historical,1919,12.165,10.535,14.18,1.878,8.0
Madrid,40.42,-3.7,historical,1920,12.118,10.316,14.039,1.866,8.0
Madrid,40.42,-3.7,historical,1921,12.465,11.087,14.347,1.84,8.0
Madrid,40.42,-3.7,historical,1922,12.44,10.651,15.331,1.923,8.0
Madrid,40.42,-3.7,historical,1923,12.042,10.244,14.426,1.979,8.0
Madrid,40.42,-3.7,historical,1924,12.239,10.846,14.09,1.962,8.0
Madrid,40.42,-3.7,historical,1925,12.585,10.835,14.774,1.956,8.0
Madrid,40.42,-3.7,historical,1926,12.172,10.146,15.083,1.927,8.0
Madrid,40.42,-3.7,historical,1927,12.344,10.727,14.718,1.808,8.0
Madrid,40.42,-3.7,historical,1928,12.246,10.525,14.468,1.972,8.0
Madrid,40.42,-3.7,historical,1929,12.08,10.386,14.518,1.802,8.0
Madrid,40.42,-3.7,historical,1930,12.324,10.384,14.772,1.557,8.0
Madrid,40.42,-3.7,historical,1931,12.455,10.433,14.729,1.623,8.0
Madrid,40.42,-3.7,historical,1932,12.008,9.943,14.67,1.885,8.0
Madrid,40.42,-3.7,historical,1933,12.596,10.846,14.522,1.61,8.0
Madrid,40.42,-3.7,historical,1934,12.745,11.084,15.234,1.924,8.0
Madrid,40.42,-3.7,historical,1935,12.232,10.227,14.785,1.828,8.0
Madrid,40.42,-3.7,historical,1936,12.59,10.715,15.088,1.845,8.0
Madrid,40.42,-3.7,historical,1937,12.31,9.977,14.943,1.733,8.0
Madrid,40.42,-3.7,historical,1938,12.475,10.201,15.103,1.828,8.0
Madrid,40.42,-3.7,historical,1939,12.452,10.688,15.035,1.783,8.0
Madrid,40.42,-3.7,historical,1940,12.678,10.68,15.04,1.779,8.0
Madrid,40.42,-3.7,historical,1941,12.19,10.226,14.609,1.97,8.0
Madrid,40.42,-3.7,historical,1942,12.182,10.207,14.741,1.785,8.0
Madrid,40.42,-3.7,historical,1943,12.33,10.27,14.749,1.735,8.0
Madrid,40.42,-3.7,historical,1944,12.414,10.738,14.284,1.775,8.0
Madrid,40.42,-3.7,historical,1945,12.251,10.482,14.932,1.928,8.0
Madrid,40.42,-3.7,historical,1946,12.378,10.464,14.84,1.855,8.0
Madrid,40.42,-3.7,historical,1947,12.304,10.598,14.402,1.838,8.0
Madrid,40.42,-3.7,historical,1948,12.463,10.255,14.754,1.844,8.0
Madrid,40.42,-3.7,historical,1949,12.231,10.426,14.662,1.924,8.0
Madrid,40.42,-3.7,historical,1950,12.264,10.446,14.557,1.778,8.0
Madrid,40.42,-3.7,historical,1951,12.557,10.871,14.613,1.829,8.0
Madrid,40.42,-3.7,historical,1952,12.135,9.654,14.976,1.795,8.0
Madrid,40.42,-3.7,historical,1953,12.309,10.319,15.226,1.801,8.0
Madrid,40.42,-3.7,historical,1954,12.441,10.185,14.783,1.783,8.0
Madrid,40.42,-3.7,historical,1955,12.758,10.606,15.491,1.805,8.0
Madrid,40.42,-3.7,historical,1956,12.38,10.371,15.006,1.78,8.0
Madrid,40.42,-3.7,historical,1957,12.297,10.27,14.811,1.861,8.0
Madrid,40.42,-3.7,historical,1958,12.633,10.687,14.629,1.474,8.0
Madrid,40.42,-3.7,historical,1959,12.898,10.743,15.82,1.569,8.0
Madrid,40.42,-3.7,historical,1960,12.327,10.107,15.372,1.736,8.0
Madrid,40.42,-3.7,historical,1961,12.221,9.702,14.428,1.733,8.0
Madrid,40.42,-3.7,historical,1962,12.315,10.344,14.631,1.803,8.0
Madrid,40.42,-3.7,historical,1963,12.301,10.142,14.861,1.873,8.0
Madrid,40.42,-3.7,historical,1964,12.162,10.086,14.471,1.884,8.0
Madrid,40.42,-3.7,historical,1965,12.292,9.913,14.73,1.784,8.0
Madrid,40.42,-3.7,historical,1966,12.566,9.874,15.152,1.629,8.0
Madrid,40.42,-3.7,historical,1967,12.715,10.832,15.203,1.663,8.0
Madrid,40.42,-3.7,historical,1968,12.254,9.829,14.124,1.597,8.0
Madrid,40.42,-3.7,historical,1969,12.491,10.576,15.203,1.692,8.0
Madrid,40.42,-3.7,historical,1970,12.346,10.304,14.907,1.745,8.0
Madrid,40.42,-3.7,historical,1971,12.115,10.212,14.458,1.888,8.0
Madrid,40.42,-3.7,historical,1972,12.306,10.233,14.597,1.792,8.0
Madrid,40.42,-3.7,historical,1973,12.364,10.416,14.485,1.969,8.0
Madrid,40.42,-3.7,historical,1974,12.044,10.131,14.554,1.795,8.0
Madrid,40.42,-3.7,historical,1975,12.376,10.459,14.389,1.631,8.0
Madrid,40.42,-3.7,historical,1976,12.266,9.914,14.671,1.671,8.0
Madrid,40.42,-3.7,historical,1977,12.135,9.957,14.342,1.774,8.0
Madrid,40.42,-3.7,historical,1978,12.427,10.672,14.843,1.966,8.0
Madrid,40.42,-3.7,historical,1979,12.349,9.86,15.499,1.73,8.0
Madrid,40.42,-3.7,historical,1980,12.076,9.835,14.601,1.853,8.0
Madrid,40.42,-3.7,historical,1981,12.426,10.459,14.44,1.791,8.0
Madrid,40.42,-3.7,historical,1982,12.616,10.654,14.61,1.659,8.0
Madrid,40.42,-3.7,historical,1983,11.935,9.929,14.46,1.851,8.0
Madrid,40.42,-3.7,historical,1984,12.621,10.553,14.939,1.652,8.0
Madrid,40.42,-3.7,historical,1985,12.303,10.249,14.662,1.674,8.0
Madrid,40.42,-3.7,historical,1986,12.541,9.972,15.115,1.765,8.0
Madrid,40.42,-3.7,historical,1987,12.789,10.942,14.968,1.6,8.0
Madrid,40.42,-3.7,historical,1988,12.675,10.328,15.316,1.676,8.0
Madrid,40.42,-3.7,historical,1989,12.699,10.35,14.858,1.535,8.0
Madrid,40.42,-3.7,historical,1990,12.594,10.566,14.862,1.697,8.0
Madrid,40.42,-3.7,historical,1991,12.827,10.233,15.156,1.702,8.0
Madrid,40.42,-3.7,historical,1992,12.1,10.039,14.688,1.613,8.0
Madrid,40.42,-3.7,historical,1993,12.22,10.111,14.9,1.924,8.0
Madrid,40.42,-3.7,historical,1994,12.419,10.03,14.685,1.844,8.0
Madrid,40.42,-3.7,historical,1995,12.468,9.891,15.718,1.69,8.0
Madrid,40.42,-3.7,historical,1996,12.936,11.2,15.6,1.678,8.0
Madrid,40.42,-3.7,historical,1997,13.061,10.765,15.83,1.727,8.0
Madrid,40.42,-3.7,historical,1998,12.914,10.977,15.384,1.701,8.0
Madrid,40.42,-3.7,historical,1999,13.295,11.04,16.068,1.825,8.0
Madrid,40.42,-3.7,historical,2000,13.155,11.562,15.116,1.649,8.0
Madrid,40.42,-3.7,historical,2001,12.963,10.533,15.476,1.711,8.0
Madrid,40.42,-3.7,historical,2002,13.101,11.254,15.243,1.738,8.0
Madrid,40.42,-3.7,historical,2003,13.38,11.462,15.383,1.725,8.0
Madrid,40.42,-3.7,historical,2004,13.158,10.874,15.357,2.013,8.0
Madrid,40.42,-3.7,historical,2005,13.173,10.701,15.795,1.61,8.0
Madrid,40.42,-3.7,historical,2006,13.241,11.289,15.683,1.745,8.0
Madrid,40.42,-3.7,historical,2007,13.115,10.659,15.665,1.743,8.0
Madrid,40.42,-3.7,historical,2008,13.386,11.344,15.99,1.805,8.0
Madrid,40.42,-3.7,historical,2009,13.512,11.296,16.132,1.728,8.0
Madrid,40.42,-3.7,historical,2010,13.275,11.229,15.969,1.624,8.0
Madrid,40.42,-3.7,historical,2011,13.098,10.989,15.836,1.69,8.0
Madrid,40.42,-3.7,historical,2012,13.334,11.306,15.749,1.692,8.0
Madrid,40.42,-3.7,historical,2013,13.492,11.502,16.225,1.738,8.0
Madrid,40.42,-3.7,historical,2014,13.235,11.334,15.738,1.758,8.0
Madrid,40.42,-3.7,ssp126,2015,13.921,12.257,16.203,1.732,8.0
Madrid,40.42,-3.7,ssp126,2016,13.636,11.22,15.868,1.743,8.0
Madrid,40.42,-3.7,ssp126,2017,13.676,11.882,15.894,1.681,8.0
Madrid,40.42,-3.7,ssp126,2018,13.853,11.893,16.502,1.727,8.0
Madrid,40.42,-3.7,ssp126,2019,13.503,11.719,15.757,2.03,8.0
Madrid,40.42,-3.7,ssp126,2020,14.03,11.601,16.784,1.711,8.0
Madrid,40.42,-3.7,ssp126,2021,13.889,12.109,15.913,1.72,8.0
Madrid,40.42,-3.7,ssp126,2022,14.332,12.498,16.799,1.678,8.0
Madrid,40.42,-3.7,ssp126,2023,14.303,12.254,17.373,1.712,8.0
Madrid,40.42,-3.7,ssp126,2024,14.288,12.154,16.659,1.694,8.0
Madrid,40.42,-3.7,ssp126,2025,14.115,12.258,16.74,1.594,8.0
Madrid,40.42,-3.7,ssp126,2026,13.967,11.507,16.572,1.751,8.0
Madrid,40.42,-3.7,ssp126,2027,14.408,12.076,17.245,1.549,8.0
Madrid,40.42,-3.7,ssp126,2028,14.079,11.808,16.94,1.74,8.0
Madrid,40.42,-3.7,ssp126,2029,14.354,12.21,16.627,1.696,8.0
Madrid,40.42,-3.7,ssp126,2030,14.483,12.778,16.777,1.766,8.0
Madrid,40.42,-3.7,ssp126,2031,14.074,12.017,16.832,1.869,8.0
Madrid,40.42,-3.7,ssp126,2032,14.461,12.538,16.763,1.54,8.0
Madrid,40.42,-3.7,ssp126,2033,14.14,12.17,16.91,1.737,8.0
Madrid,40.42,-3.7,ssp126,2034,14.17,11.636,16.932,1.782,8.0
Madrid,40.42,-3.7,ssp126,2035,14.261,11.939,16.715,1.563,8.0
Madrid,40.42,-3.7,ssp126,2036,14.37,12.38,17.05,1.656,8.0
Madrid,40.42,-3.7,ssp126,2037,14.369,12.218,16.816,1.724,8.0
Madrid,40.42,-3.7,ssp126,2038,14.494,12.654,17.14,1.694,8.0
Madrid,40.42,-3.7,ssp126,2039,14.438,12.146,16.793,1.651,8.0
Madrid,40.42,-3.7,ssp126,2040,14.452,12.511,16.898,1.679,8.0
Madrid,40.42,-3.7,ssp126,2041,14.749,12.922,17.367,1.482,8.0
Madrid,40.42,-3.7,ssp126,2042,14.688,12.404,17.753,1.741,8.0
Madrid,40.42,-3.7,ssp126,2043,14.765,12.733,17.373,1.517,8.0
Madrid,40.42,-3.7,ssp126,2044,14.844,12.666,17.872,1.464,8.0
Madrid,40.42,-3.7,ssp126,2045,14.628,12.076,17.362,1.752,8.0
Madrid,40.42,-3.7,ssp126,2046,14.673,12.688,16.994,1.715,8.0
Madrid,40.42,-3.7,ssp126,2047,14.705,12.541,17.275,1.731,8.0
Madrid,40.42,-3.7,ssp126,2048,14.741,12.117,17.654,1.704,8.0
Madrid,40.42,-3.7,ssp126,2049,14.432,12.859,17.15,1.535,8.0
Madrid,40.42,-3.7,ssp126,2050,14.486,12.511,17.736,1.726,8.0
Madrid,40.42,-3.7,ssp126,2051,14.523,12.291,17.693,1.895,8.0
Madrid,40.42,-3.7,ssp126,2052,14.413,12.601,16.801,1.657,8.0
Madrid,40.42,-3.7,ssp126,2053,14.771,12.763,17.29,1.673,8.0
Madrid,40.42,-3.7,ssp126,2054,14.825,12.639,17.754,1.77,8.0
Madrid,40.42,-3.7,ssp126,2055,14.78,13.071,17.102,1.559,8.0
Madrid,40.42,-3.7,ssp126,2056,15.063,13.307,17.196,1.525,8.0
Madrid,40.42,-3.7,ssp126,2057,14.951,13.383,17.337,1.5,8.0
Madrid,40.42,-3.7,ssp126,2058,14.779,13.07,16.722,1.552,8.0
Madrid,40.42,-3.7,ssp126,2059,14.97,12.797,18.047,1.484,8.0
Madrid,40.42,-3.7,ssp126,2060,14.946,12.719,17.872,1.663,8.0
Madrid,40.42,-3.7,ssp126,2061,14.887,13.075,17.874,1.725,8.0
Madrid,40.42,-3.7,ssp126,2062,15.008,13.463,17.496,1.651,8.0
Madrid,40.42,-3.7,ssp126,2063,15.025,12.668,17.643,1.332,8.0
Madrid,40.42,-3.7,ssp126,2064,14.971,13.04,17.466,1.799,8.0
Madrid,40.42,-3.7,ssp126,2065,14.667,12.512,17.497,1.985,8.0
Madrid,40.42,-3.7,ssp126,2066,14.832,12.779,17.271,1.658,8.0
Madrid,40.42,-3.7,ssp126,2067,14.86,13.098,17.247,1.702,8.0
Madrid,40.42,-3.7,ssp126,2068,14.645,12.456,17.506,1.528,8.0
Madrid,40.42,-3.7,ssp126,2069,15.004,12.996,17.414,1.652,8.0
Madrid,40.42,-3.7,ssp126,2070,15.197,13.294,17.635,1.542,8.0
Madrid,40.42,-3.7,ssp126,2071,14.759,12.882,16.774,1.566,8.0
Madrid,40.42,-3.7,ssp126,2072,14.411,12.519,17.378,1.628,8.0
Madrid,40.42,-3.7,ssp126,2073,14.878,12.509,17.872,1.731,8.0
Madrid,40.42,-3.7,ssp126,2074,14.798,12.87,17.796,1.625,8.0
Madrid,40.42,-3.7,ssp126,2075,15.088,12.663,17.786,1.594,8.0
Madrid,40.42,-3.7,ssp126,2076,15.084,13.243,17.814,1.36,8.0
Madrid,40.42,-3.7,ssp126,2077,14.716,12.554,17.626,1.704,8.0
Madrid,40.42,-3.7,ssp126,2078,14.759,13.04,17.064,1.771,8.0
Madrid,40.42,-3.7,ssp126,2079,14.949,13.286,17.447,1.674,8.0
Madrid,40.42,-3.7,ssp126,2080,14.944,12.929,17.334,1.612,8.0
Madrid,40.42,-3.7,ssp126,2081,14.617,12.872,17.56,1.596,8.0
Madrid,40.42,-3.7,ssp126,2082,14.778,12.916,17.096,1.671,8.0
Madrid,40.42,-3.7,ssp126,2083,14.658,12.81,17.265,1.605,8.0
Madrid,40.42,-3.7,ssp126,2084,14.852,12.59,17.279,1.697,8.0
Madrid,40.42,-3.7,ssp126,2085,14.903,12.818,17.33,1.596,8.0
Madrid,40.42,-3.7,ssp126,2086,15.197,13.193,17.724,1.684,8.0
Madrid,40.42,-3.7,ssp126,2087,14.961,13.087,17.578,1.702,8.0
Madrid,40.42,-3.7,ssp126,2088,14.657,12.198,17.575,1.488,8.0
Madrid,40.42,-3.7,ssp126,2089,15.188,13.326,17.484,1.638,8.0
Madrid,40.42,-3.7,ssp126,2090,14.96,12.946,17.528,1.574,8.0
Madrid,40.42,-3.7,ssp126,2091,15.009,12.643,17.942,1.595,8.0
Madrid,40.42,-3.7,ssp126,2092,14.944,13.151,17.361,1.504,8.0
Madrid,40.42,-3.7,ssp126,2093,14.884,12.983,18.111,1.536,8.0
Madrid,40.42,-3.7,ssp126,2094,14.781,12.373,17.444,1.864,8.0
Madrid,40.42,-3.7,ssp126,2095,14.89,12.758,17.241,1.623,8.0
Madrid,40.42,-3.7,ssp126,2096,14.549,12.652,17.011,1.74,8.0
Madrid,40.42,-3.7,ssp126,2097,14.759,12.445,17.462,1.531,8.0
Madrid,40.42,-3.7,ssp126,2098,15.028,12.478,17.512,1.474,8.0
Madrid,40.42,-3.7,ssp126,2099,14.893,12.724,18.152,1.58,8.0
Madrid,40.42,-3.7,ssp126,2100,14.807,12.999,17.534,1.816,8.0
Madrid,40.42,-3.7,ssp245,2015,13.616,11.605,16.972,1.636,8.0
Madrid,40.42,-3.7,ssp245,2016,13.522,11.516,16.486,1.921,8.0
Madrid,40.42,-3.7,ssp245,2017,13.782,12.088,15.895,1.753,8.0
Madrid,40.42,-3.7,ssp245,2018,13.903,12.148,16.0,1.771,8.0
Madrid,40.42,-3.7,ssp245,2019,13.757,12.167,16.266,1.847,8.0
Madrid,40.42,-3.7,ssp245,2020,13.754,12.133,15.821,1.75,8.0
Madrid,40.42,-3.7,ssp245,2021,13.768,11.73,16.394,1.816,8.0
Madrid,40.42,-3.7,ssp245,2022,13.893,12.407,16.424,1.747,8.0
Madrid,40.42,-3.7,ssp245,2023,13.644,11.583,16.317,1.891,8.0
Madrid,40.42,-3.7,ssp245,2024,13.929,12.126,16.466,1.624,8.0
Madrid,40.42,-3.7,ssp245,2025,14.085,11.963,16.536,1.834,8.0
Madrid,40.42,-3.7,ssp245,2026,14.306,12.069,16.445,1.812,8.0
Madrid,40.42,-3.7,ssp245,2027,14.031,11.71,17.06,1.802,8.0
Madrid,40.42,-3.7,ssp245,2028,14.221,12.299,16.954,1.778,8.0
Madrid,40.42,-3.7,ssp245,2029,13.668,11.635,15.996,1.633,8.0
Madrid,40.42,-3.7,ssp245,2030,14.201,12.284,17.299,1.665,8.0
Madrid,40.42,-3.7,ssp245,2031,14.063,11.995,16.169,1.667,8.0
Madrid,40.42,-3.7,ssp245,2032,14.173,11.955,16.208,1.85,8.0
Madrid,40.42,-3.7,ssp245,2033,14.055,11.828,17.192,1.51,8.0
Madrid,40.42,-3.7,ssp245,2034,14.366,12.461,17.035,1.654,8.0
Madrid,40.42,-3.7,ssp245,2035,14.442,12.685,16.78,1.807,8.0
Madrid,40.42,-3.7,ssp245,2036,14.215,12.032,17.198,1.888,8.0
Madrid,40.42,-3.7,ssp245,2037,14.563,12.238,17.602,1.713,8.0
Madrid,40.42,-3.7,ssp245,2038,14.44,12.197,17.203,1.778,8.0
Madrid,40.42,-3.7,ssp245,2039,14.751,12.912,17.295,1.613,8.0
Madrid,40.42,-3.7,ssp245,2040,14.191,12.478,16.742,1.714,7.0
Madrid,40.42,-3.7,ssp245,2041,14.62,13.082,17.038,1.602,7.0
Madrid,40.42,-3.7,ssp245,2042,14.164,12.753,16.145,1.582,7.0
Madrid,40.42,-3.7,ssp245,2043,14.445,13.002,16.739,1.592,7.0
Madrid,40.42,-3.7,ssp245,2044,14.553,13.022,16.88,1.602,7.0
Madrid,40.42,-3.7,ssp245,2045,14.554,11.999,17.3,1.51,7.0
Madrid,40.42,-3.7,ssp245,2046,14.303,12.275,16.551,1.583,7.0
Madrid,40.42,-3.7,ssp245,2047,14.003,11.929,16.597,1.677,7.0
Madrid,40.42,-3.7,ssp245,2048,14.446,12.065,16.699,1.475,7.0
Madrid,40.42,-3.7,ssp245,2049,14.453,12.775,17.103,1.704,7.0
Madrid,40.42,-3.7,ssp245,2050,14.753,13.0,16.638,1.717,7.0
Madrid,40.42,-3.7,ssp245,2051,14.484,12.233,16.99,1.854,7.0
Madrid,40.42,-3.7,ssp245,2052,14.387,13.003,16.205,1.615,7.0
Madrid,40.42,-3.7,ssp245,2053,14.549,12.919,16.69,1.488,7.0
Madrid,40.42,-3.7,ssp245,2054,14.902,13.18,16.69,1.547,7.0
Madrid,40.42,-3.7,ssp245,2055,14.823,12.595,17.101,1.493,7.0
Madrid,40.42,-3.7,ssp245,2056,14.642,13.161,17.118,1.627,7.0
Madrid,40.42,-3.7,ssp245,2057,14.907,13.45,16.931,1.728,7.0
Madrid,40.42,-3.7,ssp245,2058,14.813,12.94,17.614,1.599,7.0
Madrid,40.42,-3.7,ssp245,2059,14.882,13.253,16.844,1.394,7.0
Madrid,40.42,-3.7,ssp245,2060,14.673,12.89,16.93,1.602,7.0
Madrid,40.42,-3.7,ssp245,2061,14.843,13.068,17.008,1.662,7.0
Madrid,40.42,-3.7,ssp245,2062,15.115,13.31,16.937,1.525,7.0
Madrid,40.42,-3.7,ssp245,2063,14.868,13.189,16.925,1.537,7.0
Madrid,40.42,-3.7,ssp245,2064,14.96,13.38,17.618,1.761,7.0
Madrid,40.42,-3.7,ssp245,2065,15.122,13.461,17.547,1.589,7.0
Madrid,40.42,-3.7,ssp245,2066,14.909,13.635,16.828,1.518,7.0
Madrid,40.42,-3.7,ssp245,2067,14.856,13.473,16.846,1.442,7.0
Madrid,40.42,-3.7,ssp245,2068,15.063,13.495,17.585,1.376,7.0
Madrid,40.42,-3.7,ssp245,2069,15.132,13.94,16.959,1.51,7.0
Madrid,40.42,-3.7,ssp245,2070,14.951,13.304,17.459,1.419,7.0
Madrid,40.42,-3.7,ssp245,2071,14.798,13.271,17.095,1.616,7.0
Madrid,40.42,-3.7,ssp245,2072,15.17,13.53,17.456,1.268,7.0
Madrid,40.42,-3.7,ssp245,2073,15.593,14.226,17.719,1.448,7.0
Madrid,40.42,-3.7,ssp245,2074,15.093,12.834,18.169,1.698,7.0
Madrid,40.42,-3.7,ssp245,2075,14.903,12.903,18.101,1.517,7.0
Madrid,40.42,-3.7,ssp245,2076,15.34,13.309,17.665,1.433,7.0
Madrid,40.42,-3.7,ssp245,2077,15.31,13.651,17.768,1.508,7.0
Madrid,40.42,-3.7,ssp245,2078,15.631,13.713,18.316,1.219,7.0
Madrid,40.42,-3.7,ssp245,2079,15.748,13.694,18.527,1.593,7.0
Madrid,40.42,-3.7,ssp245,2080,15.934,14.138,18.397,1.272,7.0
Madrid,40.42,-3.7,ssp245,2081,15.684,13.783,17.736,1.53,7.0
Madrid,40.42,-3.7,ssp245,2082,15.321,13.653,17.771,1.409,7.0
Madrid,40.42,-3.7,ssp245,2083,15.516,13.951,18.002,1.542,7.0
Madrid,40.42,-3.7,ssp245,2084,15.584,13.92,17.538,1.486,7.0
Madrid,40.42,-3.7,ssp245,2085,15.759,14.499,17.747,1.643,7.0
Madrid,40.42,-3.7,ssp245,2086,15.647,13.926,17.967,1.681,7.0
Madrid,40.42,-3.7,ssp245,2087,15.615,14.035,18.016,1.42,7.0
Madrid,40.42,-3.7,ssp245,2088,15.645,13.417,17.999,1.722,7.0
Madrid,40.42,-3.7,ssp245,2089,15.293,13.072,17.936,1.601,7.0
Madrid,40.42,-3.7,ssp245,2090,15.534,14.041,17.585,1.541,7.0
Madrid,40.42,-3.7,ssp245,2091,15.881,13.8,17.673,1.427,7.0
Madrid,40.42,-3.7,ssp245,2092,15.745,14.2,18.165,1.512,7.0
Madrid,40.42,-3.7,ssp245,2093,15.741,13.967,18.088,1.572,7.0
Madrid,40.42,-3.7,ssp245,2094,15.768,14.051,18.291,1.467,7.0
Madrid,40.42,-3.7,ssp245,2095,15.428,13.374,17.75,1.613,7.0
Madrid,40.42,-3.7,ssp245,2096,15.669,13.702,17.832,1.652,7.0
Madrid,40.42,-3.7,ssp245,2097,15.601,13.9,17.926,1.476,7.0
Madrid,40.42,-3.7,ssp245,2098,15.867,14.025,17.619,1.546,7.0
Madrid,40.42,-3.7,ssp245,2099,15.905,13.769,18.987,1.578,7.0
Madrid,40.42,-3.7,ssp245,2100,15.657,13.269,17.736,1.532,7.0
Madrid,40.42,-3.7,ssp585,2015,13.185,10.596,16.065,2.049,8.0
Madrid,40.42,-3.7,ssp585,2016,13.523,11.733,16.416,1.791,8.0
Madrid,40.42,-3.7,ssp585,2017,13.814,11.828,15.784,1.575,8.0
Madrid,40.42,-3.7,ssp585,2018,13.659,12.0,16.412,1.703,8.0
Madrid,40.42,-3.7,ssp585,2019,14.088,12.685,15.995,1.855,8.0
Madrid,40.42,-3.7,ssp585,2020,13.764,11.611,16.742,1.756,8.0
Madrid,40.42,-3.7,ssp585,2021,13.645,11.598,16.375,1.645,8.0
Madrid,40.42,-3.7,ssp585,2022,14.076,12.283,16.583,1.576,8.0
Madrid,40.42,-3.7,ssp585,2023,14.08,11.276,16.77,1.871,8.0
Madrid,40.42,-3.7,ssp585,2024,14.321,12.183,16.959,1.467,8.0
Madrid,40.42,-3.7,ssp585,2025,13.639,11.434,16.478,1.804,8.0
Madrid,40.42,-3.7,ssp585,2026,14.066,11.848,17.643,1.714,8.0
Madrid,40.42,-3.7,ssp585,2027,14.118,11.747,16.987,1.831,8.0
Madrid,40.42,-3.7,ssp585,2028,14.506,12.169,17.148,1.514,8.0
Madrid,40.42,-3.7,ssp585,2029,14.466,12.367,16.936,1.606,8.0
Madrid,40.42,-3.7,ssp585,2030,14.306,12.219,16.984,1.572,8.0
Madrid,40.42,-3.7,ssp585,2031,14.349,12.345,17.258,1.493,8.0
Madrid,40.42,-3.7,ssp585,2032,14.365,12.336,16.987,1.754,8.0
Madrid,40.42,-3.7,ssp585,2033,14.842,12.549,17.532,1.409,8.0
Madrid,40.42,-3.7,ssp585,2034,14.783,12.802,17.705,1.545,8.0
Madrid,40.42,-3.7,ssp585,2035,14.553,11.861,17.353,1.652,8.0
Madrid,40.42,-3.7,ssp585,2036,14.743,12.283,17.48,1.614,8.0
Madrid,40.42,-3.7,ssp585,2037,14.785,12.957,17.732,1.514,8.0
Madrid,40.42,-3.7,ssp585,2038,14.74,12.629,17.786,1.433,8.0
Madrid,40.42,-3.7,ssp585,2039,15.041,12.866,17.683,1.479,8.0
Madrid,40.42,-3.7,ssp585,2040,14.815,12.418,17.675,1.649,8.0
Madrid,40.42,-3.7,ssp585,2041,15.248,12.935,18.32,1.553,8.0
Madrid,40.42,-3.7,ssp585,2042,15.139,12.589,17.693,1.591,8.0
Madrid,40.42,-3.7,ssp585,2043,15.202,13.279,17.477,1.642,8.0
Madrid,40.42,-3.7,ssp585,2044,15.091,12.375,18.042,1.426,8.0
Madrid,40.42,-3.7,ssp585,2045,15.246,13.061,17.833,1.604,8.0
Madrid,40.42,-3.7,ssp585,2046,15.347,13.102,18.172,1.381,8.0
Madrid,40.42,-3.7,ssp585,2047,15.493,13.263,18.261,1.485,8.0
Madrid,40.42,-3.7,ssp585,2048,15.547,13.38,18.503,1.56,8.0
Madrid,40.42,-3.7,ssp585,2049,15.398,12.814,18.175,1.798,8.0
Madrid,40.42,-3.7,ssp585,2050,15.51,13.119,18.629,1.462,8.0
Madrid,40.42,-3.7,ssp585,2051,15.903,13.687,19.066,1.474,8.0
Madrid,40.42,-3.7,ssp585,2052,15.66,12.924,18.38,1.564,8.0
Madrid,40.42,-3.7,ssp585,2053,15.933,13.919,18.685,1.531,8.0
Madrid,40.42,-3.7,ssp585,2054,16.058,14.274,18.655,1.629,8.0
Madrid,40.42,-3.7,ssp585,2055,16.243,13.779,19.442,1.29,8.0
Madrid,40.42,-3.7,ssp585,2056,16.527,14.461,18.878,1.374,8.0
Madrid,40.42,-3.7,ssp585,2057,16.03,14.06,18.768,1.507,8.0
Madrid,40.42,-3.7,ssp585,2058,16.16,13.717,18.726,1.541,8.0
Madrid,40.42,-3.7,ssp585,2059,16.563,14.211,19.505,1.477,8.0
Madrid,40.42,-3.7,ssp585,2060,15.752,13.235,18.623,1.485,8.0
Madrid,40.42,-3.7,ssp585,2061,16.259,13.663,19.213,1.577,8.0
Madrid,40.42,-3.7,ssp585,2062,16.487,14.329,19.37,1.373,8.0
Madrid,40.42,-3.7,ssp585,2063,16.637,14.81,19.271,1.609,8.0
Madrid,40.42,-3.7,ssp585,2064,17.072,15.064,20.32,1.365,8.0
Madrid,40.42,-3.7,ssp585,2065,16.96,14.799,19.957,1.223,8.0
Madrid,40.42,-3.7,ssp585,2066,16.732,14.674,19.897,1.466,8.0
Madrid,40.42,-3.7,ssp585,2067,17.002,14.573,20.099,1.56,8.0
Madrid,40.42,-3.7,ssp585,2068,16.782,14.593,19.631,1.402,8.0
Madrid,40.42,-3.7,ssp585,2069,17.027,14.92,20.325,1.479,8.0
Madrid,40.42,-3.7,ssp585,2070,16.951,14.219,20.09,1.517,8.0
Madrid,40.42,-3.7,ssp585,2071,16.929,14.756,19.781,1.462,8.0
Madrid,40.42,-3.7,ssp585,2072,17.616,15.376,21.073,1.2,8.0
Madrid,40.42,-3.7,ssp585,2073,17.403,15.13,20.856,1.586,8.0
Madrid,40.42,-3.7,ssp585,2074,17.778,15.416,20.581,1.354,8.0
Madrid,40.42,-3.7,ssp585,2075,17.691,15.129,20.193,1.541,8.0
Madrid,40.42,-3.7,ssp585,2076,17.589,15.217,20.367,1.425,8.0
Madrid,40.42,-3.7,ssp585,2077,17.652,14.988,20.489,1.459,8.0
Madrid,40.42,-3.7,ssp585,2078,17.819,15.086,20.905,1.371,8.0
Madrid,40.42,-3.7,ssp585,2079,17.705,14.741,20.976,1.478,8.0
Madrid,40.42,-3.7,ssp585,2080,18.654,16.134,21.582,1.22,8.0
Madrid,40.42,-3.7,ssp585,2081,18.386,15.885,21.052,1.231,8.0
Madrid,40.42,-3.7,ssp585,2082,18.236,15.326,21.608,1.312,8.0
Madrid,40.42,-3.7,ssp585,2083,18.171,15.475,21.065,1.386,8.0
Madrid,40.42,-3.7,ssp585,2084,18.658,15.941,21.419,1.251,8.0
Madrid,40.42,-3.7,ssp585,2085,18.65,15.913,22.058,1.212,8.0
Madrid,40.42,-3.7,ssp585,2086,18.782,16.048,21.742,1.138,8.0
Madrid,40.42,-3.7,ssp585,2087,18.963,16.168,22.569,1.347,8.0
Madrid,40.42,-3.7,ssp585,2088,18.711,16.21,22.073,1.253,8.0
Madrid,40.42,-3.7,ssp585,2089,19.263,16.863,21.981,1.03,8.0
Madrid,40.42,-3.7,ssp585,2090,19.168,16.61,22.472,1.189,8.0
Madrid,40.42,-3.7,ssp585,2091,19.337,16.871,22.86,1.054,8.0
Madrid,40.42,-3.7,ssp585,2092,19.438,17.109,22.368,1.42,8.0
Madrid,40.42,-3.7,ssp585,2093,19.32,16.619,21.964,1.223,8.0
Madrid,40.42,-3.7,ssp585,2094,19.401,16.995,22.586,1.134,8.0
Madrid,40.42,-3.7,ssp585,2095,19.408,16.944,22.145,1.356,8.0
Madrid,40.42,-3.7,ssp585,2096,19.319,16.864,22.546,1.312,8.0
Madrid,40.42,-3.7,ssp585,2097,19.7,16.664,23.028,1.213,8.0
Madrid,40.42,-3.7,ssp585,2098,19.389,16.345,22.601,1.392,8.0
Madrid,40.42,-3.7,ssp585,2099,20.059,17.377,22.977,1.139,8.0
Madrid,40.42,-3.7,ssp585,2100,19.842,17.174,22.996,1.165,8.0
Mexico City,19.43,-99.13,historical,1850,18.285,16.35,20.836,4.427,8.0
Mexico City,19.43,-99.13,historical,1851,18.219,16.229,21.029,4.603,8.0
Mexico City,19.43,-99.13,historical,1852,18.452,16.508,21.345,4.525,8.0
Mexico City,19.43,-99.13,historical,1853,18.177,16.249,20.696,4.777,8.0
Mexico City,19.43,-99.13,historical,1854,18.048,15.894,20.581,4.805,8.0
Mexico City,19.43,-99.13,historical,1855,18.135,16.038,21.065,4.814,8.0
Mexico City,19.43,-99.13,historical,1856,18.192,16.03,21.038,4.937,8.0
Mexico City,19.43,-99.13,historical,1857,18.29,15.989,21.52,4.601,8.0
Mexico City,19.43,-99.13,historical,1858,18.379,16.555,21.562,4.54,8.0
Mexico City,19.43,-99.13,historical,1859,18.151,15.947,20.909,4.447,8.0
Mexico City,19.43,-99.13,historical,1860,18.345,16.245,21.249,4.748,8.0
Mexico City,19.43,-99.13,historical,1861,18.234,16.316,21.06,4.551,8.0
Mexico City,19.43,-99.13,historical,1862,18.009,15.693,21.075,4.849,8.0
Mexico City,19.43,-99.13,historical,1863,18.019,15.706,20.993,4.445,8.0
Mexico City,19.43,-99.13,historical,1864,18.231,15.925,21.4,4.448,8.0
Mexico City,19.43,-99.13,historical,1865,18.382,16.232,21.326,4.529,8.0
Mexico City,19.43,-99.13,historical,1866,18.26,16.193,21.026,5.101,8.0
Mexico City,19.43,-99.13,historical,1867,18.224,16.012,20.93,4.628,8.0
Mexico City,19.43,-99.13,historical,1868,18.104,15.993,20.941,4.81,8.0
Mexico City,19.43,-99.13,historical,1869,18.075,15.697,21.115,4.83,8.0
Mexico City,19.43,-99.13,historical,1870,17.984,15.965,21.147,4.919,8.0
Mexico City,19.43,-99.13,historical,1871,17.969,16.228,20.983,4.727,8.0
Mexico City,19.43,-99.13,historical,1872,18.12,15.868,20.92,4.36,8.0
Mexico City,19.43,-99.13,historical,1873,18.379,16.098,21.307,4.482,8.0
Mexico City,19.43,-99.13,historical,1874,18.216,16.219,21.148,4.789,8.0
Mexico City,19.43,-99.13,historical,1875,18.226,15.705,21.711,4.548,8.0
Mexico City,19.43,-99.13,historical,1876,18.244,15.848,21.011,4.34,8.0
Mexico City,19.43,-99.13,historical,1877,18.242,16.406,20.955,4.626,8.0
Mexico City,19.43,-99.13,historical,1878,18.233,16.42,20.804,4.693,8.0
Mexico City,19.43,-99.13,historical,1879,18.278,16.412,20.983,4.614,8.0
Mexico City,19.43,-99.13,historical,1880,18.378,16.282,21.034,4.796,8.0
Mexico City,19.43,-99.13,historical,1881,18.058,15.998,20.582,4.781,8.0
Mexico City,19.43,-99.13,historical,1882,18.143,16.207,20.675,4.93,8.0
Mexico City,19.43,-99.13,historical,1883,18.134,16.485,20.777,4.853,8.0
Mexico City,19.43,-99.13,historical,1884,17.919,15.811,20.915,4.297,8.0
Mexico City,19.43,-99.13,historical,1885,18.028,16.067,20.785,4.836,8.0
Mexico City,19.43,-99.13,historical,1886,18.085,16.083,20.801,4.662,8.0
Mexico City,19.43,-99.13,historical,1887,18.017,15.813,20.945,4.55,8.0
Mexico City,19.43,-99.13,historical,1888,18.327,16.397,21.111,4.336,8.0
Mexico City,19.43,-99.13,historical,1889,18.23,15.821,21.212,4.78,8.0
Mexico City,19.43,-99.13,historical,1890,18.058,15.989,21.01,4.729,8.0
Mexico City,19.43,-99.13,historical,1891,18.109,15.737,21.063,4.566,8.0
Mexico City,19.43,-99.13,historical,1892,18.132,16.143,21.112,4.668,8.0
Mexico City,19.43,-99.13,historical,1893,18.391,16.557,21.229,4.703,8.0
Mexico City,19.43,-99.13,historical,1894,18.292,16.372,21.093,4.661,8.0
Mexico City,19.43,-99.13,historical,1895,18.214,16.065,21.232,4.42,8.0
Mexico City,19.43,-99.13,historical,1896,18.222,16.464,20.972,4.466,8.0
Mexico City,19.43,-99.13,historical,1897,18.241,16.441,21.124,4.579,8.0
Mexico City,19.43,-99.13,historical,1898,18.236,16.102,21.13,4.806,8.0
Mexico City,19.43,-99.13,historical,1899,18.246,16.379,20.993,4.503,8.0
Mexico City,19.43,-99.13,historical,1900,18.518,16.518,21.671,4.298,8.0
Mexico City,19.43,-99.13,historical,1901,18.275,16.117,21.119,4.576,8.0
Mexico City,19.43,-99.13,historical,1902,18.113,16.289,21.149,4.845,8.0
Mexico City,19.43,-99.13,historical,1903,18.078,15.758,21.232,4.08,8.0
Mexico City,19.43,-99.13,historical,1904,18.335,16.466,21.447,4.372,8.0
Mexico City,19.43,-99.13,historical,1905,18.172,16.367,21.059,4.614,8.0
Mexico City,19.43,-99.13,historical,1906,18.154,15.826,21.236,4.462,8.0
Mexico City,19.43,-99.13,historical,1907,18.211,16.051,21.108,4.682,8.0
Mexico City,19.43,-99.13,historical,1908,18.056,16.14,20.76,4.456,8.0
Mexico City,19.43,-99.13,historical,1909,18.14,15.975,21.036,4.404,8.0
Mexico City,19.43,-99.13,historical,1910,18.31,16.333,21.087,4.3,8.0
Mexico City,19.43,-99.13,historical,1911,18.398,16.509,21.332,4.272,8.0
Mexico City,19.43,-99.13,historical,1912,18.314,16.372,21.312,4.478,8.0
Mexico City,19.43,-99.13,historical,1913,18.246,16.139,21.564,4.178,8.0
Mexico City,19.43,-99.13,historical,1914,18.292,16.403,21.24,4.604,8.0
Mexico City,19.43,-99.13,historical,1915,18.381,16.234,21.025,4.319,8.0
Mexico City,19.43,-99.13,historical,1916,18.384,16.401,21.086,4.426,8.0
Mexico City,19.43,-99.13,historical,1917,17.997,15.851,20.938,4.896,8.0
Mexico City,19.43,-99.13,historical,1918,18.157,15.99,20.724,4.163,8.0
Mexico City,19.43,-99.13,historical,1919,18.257,16.265,20.676,4.659,8.0
Mexico City,19.43,-99.13,historical,1920,18.281,16.264,20.689,4.394,8.0
Mexico City,19.43,-99.13,historical,1921,18.138,15.95,20.922,4.626,8.0
Mexico City,19.43,-99.13,historical,1922,18.39,16.545,21.421,4.361,8.0
Mexico City,19.43,-99.13,historical,1923,18.52,16.48,21.661,4.334,8.0
Mexico City,19.43,-99.13,historical,1924,18.233,16.241,20.777,4.857,8.0
Mexico City,19.43,-99.13,historical,1925,18.185,16.309,20.9,4.537,8.0
Mexico City,19.43,-99.13,historical,1926,18.219,16.228,20.876,4.254,8.0
Mexico City,19.43,-99.13,historical,1927,18.33,16.193,21.23,4.592,8.0
Mexico City,19.43,-99.13,historical,1928,18.341,16.241,21.688,4.586,8.0
Mexico City,19.43,-99.13,historical,1929,18.284,15.613,21.461,4.656,8.0
Mexico City,19.43,-99.13,historical,1930,18.12,15.891,20.937,4.488,8.0
Mexico City,19.43,-99.13,historical,1931,18.103,16.227,20.798,4.835,8.0
Mexico City,19.43,-99.13,historical,1932,18.269,16.291,21.152,4.69,8.0
Mexico City,19.43,-99.13,historical,1933,18.248,16.085,21.178,4.944,8.0
Mexico City,19.43,-99.13,historical,1934,18.313,16.219,20.979,4.591,8.0
Mexico City,19.43,-99.13,historical,1935,18.27,16.43,21.19,4.503,8.0
Mexico City,19.43,-99.13,historical,1936,18.23,16.241,20.881,4.801,8.0
Mexico City,19.43,-99.13,historical,1937,18.284,15.95,21.335,4.578,8.0
Mexico City,19.43,-99.13,historical,1938,18.449,16.053,21.496,4.818,8.0
Mexico City,19.43,-99.13,historical,1939,18.501,16.465,21.604,4.337,8.0
Mexico City,19.43,-99.13,historical,1940,18.459,16.477,21.332,4.357,8.0
Mexico City,19.43,-99.13,historical,1941,18.323,16.266,20.937,4.702,8.0
Mexico City,19.43,-99.13,historical,1942,18.41,16.554,21.257,4.417,8.0
Mexico City,19.43,-99.13,historical,1943,18.476,16.621,21.189,4.474,8.0
Mexico City,19.43,-99.13,historical,1944,18.369,16.342,21.186,4.406,8.0
Mexico City,19.43,-99.13,historical,1945,18.447,16.288,21.611,4.251,8.0
Mexico City,19.43,-99.13,historical,1946,18.327,16.316,21.276,4.501,8.0
Mexico City,19.43,-99.13,historical,1947,18.358,16.574,21.394,4.496,8.0
Mexico City,19.43,-99.13,historical,1948,18.347,16.167,21.211,4.266,8.0
Mexico City,19.43,-99.13,historical,1949,18.314,16.471,21.48,4.385,8.0
Mexico City,19.43,-99.13,historical,1950,18.285,16.247,21.372,4.527,8.0
Mexico City,19.43,-99.13,historical,1951,18.384,16.332,21.206,4.493,8.0
Mexico City,19.43,-99.13,historical,1952,18.334,16.218,20.993,4.811,8.0
Mexico City,19.43,-99.13,historical,1953,18.305,16.499,21.059,4.601,8.0
Mexico City,19.43,-99.13,historical,1954,18.32,16.318,21.56,4.319,8.0
Mexico City,19.43,-99.13,historical,1955,18.516,16.535,21.456,4.904,8.0
Mexico City,19.43,-99.13,historical,1956,18.342,16.304,21.065,4.477,8.0
Mexico City,19.43,-99.13,historical,1957,18.49,16.186,21.459,4.716,8.0
Mexico City,19.43,-99.13,historical,1958,18.404,16.291,21.24,4.709,8.0
Mexico City,19.43,-99.13,historical,1959,18.413,16.336,21.555,4.238,8.0
Mexico City,19.43,-99.13,historical,1960,18.528,16.465,21.342,4.667,8.0
Mexico City,19.43,-99.13,historical,1961,18.367,16.224,20.994,4.479,8.0
Mexico City,19.43,-99.13,historical,1962,18.393,16.507,21.6,4.505,8.0
Mexico City,19.43,-99.13,historical,1963,18.464,16.473,21.702,4.363,8.0
Mexico City,19.43,-99.13,historical,1964,18.362,16.166,21.113,4.475,8.0
Mexico City,19.43,-99.13,historical,1965,18.203,16.061,20.949,4.364,8.0
Mexico City,19.43,-99.13,historical,1966,18.324,16.613,20.755,4.167,8.0
Mexico City,19.43,-99.13,historical,1967,18.339,16.39,21.172,4.51,8.0
Mexico City,19.43,-99.13,historical,1968,18.16,15.711,21.211,4.787,8.0
Mexico City,19.43,-99.13,historical,1969,18.291,15.941,21.768,4.198,8.0
Mexico City,19.43,-99.13,historical,1970,18.534,16.626,21.692,4.236,8.0
Mexico City,19.43,-99.13,historical,1971,18.255,16.363,21.181,4.562,8.0
Mexico City,19.43,-99.13,historical,1972,18.327,16.405,21.515,4.673,8.0
Mexico City,19.43,-99.13,historical,1973,18.45,16.537,21.656,4.523,8.0
Mexico City,19.43,-99.13,historical,1974,18.28,15.762,21.849,4.34,8.0
Mexico City,19.43,-99.13,historical,1975,18.418,16.533,21.478,4.957,8.0
Mexico City,19.43,-99.13,historical,1976,18.357,15.957,21.293,4.111,8.0
Mexico City,19.43,-99.13,historical,1977,18.285,15.989,21.385,4.539,8.0
Mexico City,19.43,-99.13,historical,1978,18.724,16.95,22.031,4.288,8.0
Mexico City,19.43,-99.13,historical,1979,18.466,16.541,21.125,4.405,8.0
Mexico City,19.43,-99.13,historical,1980,18.58,16.297,21.195,4.177,8.0
Mexico City,19.43,-99.13,historical,1981,18.698,17.075,21.187,4.059,8.0
Mexico City,19.43,-99.13,historical,1982,18.39,16.378,21.596,4.139,8.0
Mexico City,19.43,-99.13,historical,1983,18.286,16.403,21.605,4.443,8.0
Mexico City,19.43,-99.13,historical,1984,18.524,16.652,21.561,4.359,8.0
Mexico City,19.43,-99.13,historical,1985,18.566,16.835,21.404,4.727,8.0
Mexico City,19.43,-99.13,historical,1986,18.493,16.751,21.077,4.232,8.0
Mexico City,19.43,-99.13,historical,1987,18.627,16.46,21.093,4.426,8.0
Mexico City,19.43,-99.13,historical,1988,18.673,16.308,21.445,4.319,8.0
Mexico City,19.43,-99.13,historical,1989,18.731,16.72,21.482,4.423,8.0
Mexico City,19.43,-99.13,historical,1990,18.897,16.915,21.527,4.04,8.0
Mexico City,19.43,-99.13,historical,1991,18.605,16.483,21.414,4.373,8.0
Mexico City,19.43,-99.13,historical,1992,18.371,16.175,21.254,4.3,8.0
Mexico City,19.43,-99.13,historical,1993,18.358,16.767,20.977,4.253,8.0
Mexico City,19.43,-99.13,historical,1994,18.544,16.628,21.501,4.242,8.0
Mexico City,19.43,-99.13,historical,1995,18.648,16.353,21.66,4.316,8.0
Mexico City,19.43,-99.13,historical,1996,18.788,16.566,22.2,4.211,8.0
Mexico City,19.43,-99.13,historical,1997,19.009,17.071,22.001,4.072,8.0
Mexico City,19.43,-99.13,historical,1998,18.731,16.443,22.34,4.349,8.0
Mexico City,19.43,-99.13,historical,1999,19.049,16.778,22.233,4.375,8.0
Mexico City,19.43,-99.13,historical,2000,19.037,17.063,21.949,4.361,8.0
Mexico City,19.43,-99.13,historical,2001,19.229,17.204,22.562,4.128,8.0
Mexico City,19.43,-99.13,historical,2002,19.203,17.033,22.431,4.447,8.0
Mexico City,19.43,-99.13,historical,2003,19.159,17.395,22.188,4.277,8.0
Mexico City,19.43,-99.13,historical,2004,19.136,17.119,21.95,4.056,8.0
Mexico City,19.43,-99.13,historical,2005,19.141,17.019,21.566,4.406,8.0
Mexico City,19.43,-99.13,historical,2006,19.216,17.18,21.851,4.285,8.0
Mexico City,19.43,-99.13,historical,2007,19.129,17.029,21.755,4.315,8.0
Mexico City,19.43,-99.13,historical,2008,19.163,16.989,22.127,4.338,8.0
Mexico City,19.43,-99.13,historical,2009,19.152,17.206,21.914,4.347,8.0
Mexico City,19.43,-99.13,historical,2010,19.275,17.334,22.306,4.386,8.0
Mexico City,19.43,-99.13,historical,2011,19.162,17.365,21.664,4.626,8.0
Mexico City,19.43,-99.13,historical,2012,19.244,17.069,22.182,4.436,8.0
Mexico City,19.43,-99.13,historical,2013,19.223,16.99,22.483,4.183,8.0
Mexico City,19.43,-99.13,historical,2014,19.349,17.104,22.712,4.584,8.0
Mexico City,19.43,-99.13,ssp126,2015,19.378,17.027,21.985,4.321,8.0
Mexico City,19.43,-99.13,ssp126,2016,19.425,17.315,22.18,4.484,8.0
Mexico City,19.43,-99.13,ssp126,2017,19.376,17.484,22.259,4.263,8.0
Mexico City,19.43,-99.13,ssp126,2018,19.579,17.482,22.491,4.062,8.0
Mexico City,19.43,-99.13,ssp126,2019,19.559,17.058,22.951,4.123,8.0
Mexico City,19.43,-99.13,ssp126,2020,19.556,17.527,23.078,4.344,8.0
Mexico City,19.43,-99.13,ssp126,2021,19.599,17.417,22.49,4.468,8.0
Mexico City,19.43,-99.13,ssp126,2022,19.577,17.832,22.036,4.6,8.0
Mexico City,19.43,-99.13,ssp126,2023,19.588,17.594,22.28,4.667,8.0
Mexico City,19.43,-99.13,ssp126,2024,19.581,17.257,22.56,4.383,8.0
Mexico City,19.43,-99.13,ssp126,2025,19.725,17.575,22.939,4.218,8.0
Mexico City,19.43,-99.13,ssp126,2026,20.004,17.99,22.802,4.368,8.0
Mexico City,19.43,-99.13,ssp126,2027,19.549,17.432,22.25,4.776,8.0
Mexico City,19.43,-99.13,ssp126,2028,19.647,17.847,22.468,4.587,8.0
Mexico City,19.43,-99.13,ssp126,2029,19.883,17.447,22.975,4.653,8.0
Mexico City,19.43,-99.13,ssp126,2030,19.867,17.867,22.489,4.564,8.0
Mexico City,19.43,-99.13,ssp126,2031,19.861,17.763,22.63,4.32,8.0
Mexico City,19.43,-99.13,ssp126,2032,19.806,17.646,22.504,4.449,8.0
Mexico City,19.43,-99.13,ssp126,2033,19.881,17.922,22.652,4.569,8.0
Mexico City,19.43,-99.13,ssp126,2034,19.869,17.935,22.713,4.524,8.0
Mexico City,19.43,-99.13,ssp126,2035,20.058,17.86,23.273,4.354,8.0
Mexico City,19.43,-99.13,ssp126,2036,20.111,17.887,23.349,4.58,8.0
Mexico City,19.43,-99.13,ssp126,2037,20.199,18.189,22.807,4.602,8.0
Mexico City,19.43,-99.13,ssp126,2038,19.927,17.481,22.768,4.505,8.0
Mexico City,19.43,-99.13,ssp126,2039,20.099,18.018,23.003,4.458,8.0
Mexico City,19.43,-99.13,ssp126,2040,20.046,17.832,22.501,4.346,8.0
Mexico City,19.43,-99.13,ssp126,2041,20.26,18.474,22.645,4.873,8.0
Mexico City,19.43,-99.13,ssp126,2042,19.869,17.467,22.551,4.722,8.0
Mexico City,19.43,-99.13,ssp126,2043,20.273,17.948,23.097,4.669,8.0
Mexico City,19.43,-99.13,ssp126,2044,20.251,18.216,23.128,4.472,8.0
Mexico City,19.43,-99.13,ssp126,2045,20.223,18.006,23.01,4.648,8.0
Mexico City,19.43,-99.13,ssp126,2046,20.242,18.093,22.779,4.343,8.0
Mexico City,19.43,-99.13,ssp126,2047,20.528,18.531,23.412,4.048,8.0
Mexico City,19.43,-99.13,ssp126,2048,20.366,18.246,23.546,4.335,8.0
Mexico City,19.43,-99.13,ssp126,2049,20.242,18.224,23.058,4.407,8.0
Mexico City,19.43,-99.13,ssp126,2050,20.318,18.214,23.146,4.553,8.0
Mexico City,19.43,-99.13,ssp126,2051,20.225,18.106,22.893,4.404,8.0
Mexico City,19.43,-99.13,ssp126,2052,20.227,17.969,22.488,4.467,8.0
Mexico City,19.43,-99.13,ssp126,2053,20.183,18.089,22.818,4.498,8.0
Mexico City,19.43,-99.13,ssp126,2054,20.561,18.338,23.375,4.537,8.0
Mexico City,19.43,-99.13,ssp126,2055,20.28,17.856,22.745,4.462,8.0
Mexico City,19.43,-99.13,ssp126,2056,20.31,18.121,22.969,4.543,8.0
Mexico City,19.43,-99.13,ssp126,2057,20.402,18.353,23.053,4.439,8.0
Mexico City,19.43,-99.13,ssp126,2058,20.225,17.533,23.055,4.286,8.0
Mexico City,19.43,-99.13,ssp126,2059,20.423,18.127,23.473,4.291,8.0
Mexico City,19.43,-99.13,ssp126,2060,20.246,18.119,23.237,4.635,8.0
Mexico City,19.43,-99.13,ssp126,2061,20.232,18.156,22.683,4.472,8.0
Mexico City,19.43,-99.13,ssp126,2062,20.526,18.665,22.7,4.356,8.0
Mexico City,19.43,-99.13,ssp126,2063,20.513,18.623,22.982,4.211,8.0
Mexico City,19.43,-99.13,ssp126,2064,20.492,17.867,23.081,4.577,8.0
Mexico City,19.43,-99.13,ssp126,2065,20.463,17.989,23.552,4.228,8.0
Mexico City,19.43,-99.13,ssp126,2066,20.459,18.311,23.248,4.192,8.0
Mexico City,19.43,-99.13,ssp126,2067,20.37,17.795,23.446,4.554,8.0
Mexico City,19.43,-99.13,ssp126,2068,20.43,18.403,22.94,4.535,8.0
Mexico City,19.43,-99.13,ssp126,2069,20.461,18.474,22.992,4.499,8.0
Mexico City,19.43,-99.13,ssp126,2070,20.486,18.301,22.943,4.62,8.0
Mexico City,19.43,-99.13,ssp126,2071,20.206,18.088,23.004,4.373,8.0
Mexico City,19.43,-99.13,ssp126,2072,20.368,18.296,23.044,4.311,8.0
Mexico City,19.43,-99.13,ssp126,2073,20.367,17.939,23.158,4.391,8.0
Mexico City,19.43,-99.13,ssp126,2074,20.347,17.852,23.124,4.641,8.0
Mexico City,19.43,-99.13,ssp126,2075,20.435,18.219,23.017,4.149,8.0
Mexico City,19.43,-99.13,ssp126,2076,20.273,17.684,23.063,4.36,8.0
Mexico City,19.43,-99.13,ssp126,2077,20.431,18.08,23.714,4.591,8.0
Mexico City,19.43,-99.13,ssp126,2078,20.4,18.343,22.839,3.989,8.0
Mexico City,19.43,-99.13,ssp126,2079,20.448,18.113,23.108,4.158,8.0
Mexico City,19.43,-99.13,ssp126,2080,20.413,18.247,23.146,4.558,8.0
Mexico City,19.43,-99.13,ssp126,2081,20.364,18.107,22.839,4.634,8.0
Mexico City,19.43,-99.13,ssp126,2082,20.409,18.134,23.229,4.479,8.0
Mexico City,19.43,-99.13,ssp126,2083,20.179,17.889,22.952,4.577,8.0
Mexico City,19.43,-99.13,ssp126,2084,20.297,18.242,22.814,4.397,8.0
Mexico City,19.43,-99.13,ssp126,2085,20.161,17.88,22.798,4.339,8.0
Mexico City,19.43,-99.13,ssp126,2086,20.481,18.258,23.445,4.11,8.0
Mexico City,19.43,-99.13,ssp126,2087,20.455,18.208,22.953,4.394,8.0
Mexico City,19.43,-99.13,ssp126,2088,20.327,18.146,23.0,4.45,8.0
Mexico City,19.43,-99.13,ssp126,2089,20.283,18.228,23.252,4.292,8.0
Mexico City,19.43,-99.13,ssp126,2090,20.415,18.309,22.814,4.56,8.0
Mexico City,19.43,-99.13,ssp126,2091,20.462,18.485,23.3,4.282,8.0
Mexico City,19.43,-99.13,ssp126,2092,20.416,18.209,23.58,4.211,8.0
Mexico City,19.43,-99.13,ssp126,2093,20.526,18.417,23.279,4.539,8.0
Mexico City,19.43,-99.13,ssp126,2094,20.25,17.976,22.952,4.538,8.0
Mexico City,19.43,-99.13,ssp126,2095,20.456,18.537,23.125,4.513,8.0
Mexico City,19.43,-99.13,ssp126,2096,20.415,18.037,23.527,4.287,8.0
Mexico City,19.43,-99.13,ssp126,2097,20.3,18.173,23.038,4.145,8.0
Mexico City,19.43,-99.13,ssp126,2098,20.117,17.863,22.929,4.507,8.0
Mexico City,19.43,-99.13,ssp126,2099,20.25,18.144,22.858,4.458,8.0
Mexico City,19.43,-99.13,ssp126,2100,20.365,18.146,23.225,4.152,8.0
Mexico City,19.43,-99.13,ssp245,2015,19.352,17.299,22.062,4.364,8.0
Mexico City,19.43,-99.13,ssp245,2016,19.362,17.131,22.258,4.346,8.0
Mexico City,19.43,-99.13,ssp245,2017,19.506,17.386,22.06,4.415,8.0
Mexico City,19.43,-99.13,ssp245,2018,19.689,17.661,21.893,4.122,8.0
Mexico City,19.43,-99.13,ssp245,2019,19.685,17.357,22.305,4.38,8.0
Mexico City,19.43,-99.13,ssp245,2020,19.599,17.485,22.558,4.509,8.0
Mexico City,19.43,-99.13,ssp245,2021,19.536,17.735,22.052,4.325,8.0
Mexico City,19.43,-99.13,ssp245,2022,19.666,17.707,22.258,4.583,8.0
Mexico City,19.43,-99.13,ssp245,2023,19.878,18.1,22.186,4.333,8.0
Mexico City,19.43,-99.13,ssp245,2024,19.812,17.887,22.194,4.584,8.0
Mexico City,19.43,-99.13,ssp245,2025,19.857,17.539,22.853,4.364,8.0
Mexico City,19.43,-99.13,ssp245,2026,19.869,17.921,22.538,4.546,8.0
Mexico City,19.43,-99.13,ssp245,2027,19.572,17.68,22.03,4.727,8.0
Mexico City,19.43,-99.13,ssp245,2028,19.722,17.486,22.149,4.337,8.0
Mexico City,19.43,-99.13,ssp245,2029,19.816,17.725,22.689,4.035,8.0
Mexico City,19.43,-99.13,ssp245,2030,20.044,17.89,22.848,4.269,8.0
Mexico City,19.43,-99.13,ssp245,2031,19.969,17.463,22.928,4.247,8.0
Mexico City,19.43,-99.13,ssp245,2032,20.034,17.884,22.636,4.49,8.0
Mexico City,19.43,-99.13,ssp245,2033,19.856,17.134,22.352,4.502,8.0
Mexico City,19.43,-99.13,ssp245,2034,19.922,17.703,22.603,4.342,8.0
Mexico City,19.43,-99.13,ssp245,2035,20.047,17.718,22.625,4.301,8.0
Mexico City,19.43,-99.13,ssp245,2036,20.145,17.805,22.953,4.144,8.0
Mexico City,19.43,-99.13,ssp245,2037,20.01,17.778,22.727,4.618,8.0
Mexico City,19.43,-99.13,ssp245,2038,20.193,17.883,23.341,4.496,8.0
Mexico City,19.43,-99.13,ssp245,2039,20.211,18.276,23.102,4.462,8.0
Mexico City,19.43,-99.13,ssp245,2040,19.956,18.051,22.186,4.562,7.0
Mexico City,19.43,-99.13,ssp245,2041,19.768,17.296,22.792,4.399,7.0
Mexico City,19.43,-99.13,ssp245,2042,19.939,17.47,22.566,4.35,7.0
Mexico City,19.43,-99.13,ssp245,2043,20.157,17.92,22.759,4.465,7.0
Mexico City,19.43,-99.13,ssp245,2044,20.039,18.168,22.375,4.07,7.0
Mexico City,19.43,-99.13,ssp245,2045,19.979,17.77,22.813,4.276,7.0
Mexico City,19.43,-99.13,ssp245,2046,20.278,17.869,23.313,4.382,7.0
Mexico City,19.43,-99.13,ssp245,2047,20.303,18.178,23.076,4.482,7.0
Mexico City,19.43,-99.13,ssp245,2048,20.167,17.925,22.806,4.514,7.0
Mexico City,19.43,-99.13,ssp245,2049,20.179,17.949,22.654,4.058,7.0
Mexico City,19.43,-99.13,ssp245,2050,20.434,18.418,22.862,4.415,7.0
Mexico City,19.43,-99.13,ssp245,2051,20.537,18.591,22.938,4.26,7.0
Mexico City,19.43,-99.13,ssp245,2052,20.334,18.207,22.935,4.099,7.0
Mexico City,19.43,-99.13,ssp245,2053,20.729,18.641,23.382,4.059,7.0
Mexico City,19.43,-99.13,ssp245,2054,20.354,18.376,23.004,4.42,7.0
Mexico City,19.43,-99.13,ssp245,2055,20.416,18.559,22.913,4.628,7.0
Mexico City,19.43,-99.13,ssp245,2056,20.485,18.568,22.99,4.211,7.0
Mexico City,19.43,-99.13,ssp245,2057,20.719,18.692,22.813,4.208,7.0
Mexico City,19.43,-99.13,ssp245,2058,20.471,18.143,23.441,4.462,7.0
Mexico City,19.43,-99.13,ssp245,2059,20.312,17.939,23.221,4.515,7.0
Mexico City,19.43,-99.13,ssp245,2060,20.403,18.409,23.115,4.094,7.0
Mexico City,19.43,-99.13,ssp245,2061,20.722,18.619,23.295,4.163,7.0
Mexico City,19.43,-99.13,ssp245,2062,20.605,18.317,23.217,4.547,7.0
Mexico City,19.43,-99.13,ssp245,2063,20.617,18.409,23.466,4.306,7.0
Mexico City,19.43,-99.13,ssp245,2064,20.799,18.547,23.653,4.195,7.0
Mexico City,19.43,-99.13,ssp245,2065,20.781,18.455,23.493,4.069,7.0
Mexico City,19.43,-99.13,ssp245,2066,20.693,18.368,23.384,4.446,7.0
Mexico City,19.43,-99.13,ssp245,2067,20.742,18.877,23.123,4.566,7.0
Mexico City,19.43,-99.13,ssp245,2068,20.892,18.728,23.48,4.459,7.0
Mexico City,19.43,-99.13,ssp245,2069,20.679,18.502,23.144,4.306,7.0
Mexico City,19.43,-99.13,ssp245,2070,21.009,18.723,23.56,4.557,7.0
Mexico City,19.43,-99.13,ssp245,2071,21.127,18.777,24.077,4.218,7.0
Mexico City,19.43,-99.13,ssp245,2072,20.928,18.391,23.608,4.113,7.0
Mexico City,19.43,-99.13,ssp245,2073,20.99,18.643,23.846,3.962,7.0
Mexico City,19.43,-99.13,ssp245,2074,21.048,18.776,23.79,4.173,7.0
Mexico City,19.43,-99.13,ssp245,2075,21.007,19.022,23.231,4.606,7.0
Mexico City,19.43,-99.13,ssp245,2076,20.821,18.425,23.697,4.145,7.0
Mexico City,19.43,-99.13,ssp245,2077,21.159,18.5,23.904,4.04,7.0
Mexico City,19.43,-99.13,ssp245,2078,20.993,18.653,23.92,4.13,7.0
Mexico City,19.43,-99.13,ssp245,2079,21.18,18.858,24.099,4.532,7.0
Mexico City,19.43,-99.13,ssp245,2080,21.089,18.549,24.043,4.387,7.0
Mexico City,19.43,-99.13,ssp245,2081,21.145,18.717,23.96,4.533,7.0
Mexico City,19.43,-99.13,ssp245,2082,21.276,18.878,23.92,3.964,7.0
Mexico City,19.43,-99.13,ssp245,2083,21.51,19.452,24.049,4.31,7.0
Mexico City,19.43,-99.13,ssp245,2084,21.151,18.788,23.749,4.399,7.0
Mexico City,19.43,-99.13,ssp245,2085,21.051,18.706,23.975,4.089,7.0
Mexico City,19.43,-99.13,ssp245,2086,21.285,19.183,24.05,3.95,7.0
Mexico City,19.43,-99.13,ssp245,2087,21.023,18.408,23.761,4.374,7.0
Mexico City,19.43,-99.13,ssp245,2088,21.397,19.179,24.001,4.078,7.0
Mexico City,19.43,-99.13,ssp245,2089,21.469,18.982,24.184,4.163,7.0
Mexico City,19.43,-99.13,ssp245,2090,21.266,18.812,24.125,4.198,7.0
Mexico City,19.43,-99.13,ssp245,2091,21.146,18.848,24.091,4.334,7.0
Mexico City,19.43,-99.13,ssp245,2092,21.344,19.177,24.088,4.278,7.0
Mexico City,19.43,-99.13,ssp245,2093,21.285,18.694,24.148,4.36,7.0
Mexico City,19.43,-99.13,ssp245,2094,21.242,18.995,23.761,4.28,7.0
Mexico City,19.43,-99.13,ssp245,2095,21.454,19.509,23.785,3.933,7.0
Mexico City,19.43,-99.13,ssp245,2096,21.271,18.851,23.946,4.241,7.0
Mexico City,19.43,-99.13,ssp245,2097,21.337,19.241,23.85,4.11,7.0
Mexico City,19.43,-99.13,ssp245,2098,21.34,18.878,24.33,4.057,7.0
Mexico City,19.43,-99.13,ssp245,2099,21.349,18.878,24.253,3.975,7.0
Mexico City,19.43,-99.13,ssp245,2100,21.521,18.789,24.736,4.146,7.0
Mexico City,19.43,-99.13,ssp585,2015,19.247,17.091,22.314,4.479,8.0
Mexico City,19.43,-99.13,ssp585,2016,19.112,16.746,22.096,4.628,8.0
Mexico City,19.43,-99.13,ssp585,2017,19.295,16.89,22.566,4.337,8.0
Mexico City,19.43,-99.13,ssp585,2018,19.556,17.345,22.793,4.308,8.0
Mexico City,19.43,-99.13,ssp585,2019,19.664,17.485,22.876,4.311,8.0
Mexico City,19.43,-99.13,ssp585,2020,19.647,17.366,22.944,4.322,8.0
Mexico City,19.43,-99.13,ssp585,2021,19.549,17.263,22.168,4.583,8.0
Mexico City,19.43,-99.13,ssp585,2022,19.462,17.434,21.819,4.633,8.0
Mexico City,19.43,-99.13,ssp585,2023,19.787,18.049,22.481,4.233,8.0
Mexico City,19.43,-99.13,ssp585,2024,19.669,17.59,22.687,4.408,8.0
Mexico City,19.43,-99.13,ssp585,2025,19.935,17.515,23.06,4.303,8.0
Mexico City,19.43,-99.13,ssp585,2026,19.99,17.731,23.468,3.895,8.0
Mexico City,19.43,-99.13,ssp585,2027,20.019,17.723,22.902,4.288,8.0
Mexico City,19.43,-99.13,ssp585,2028,20.084,18.516,22.486,4.154,8.0
Mexico City,19.43,-99.13,ssp585,2029,19.952,17.823,22.744,4.852,8.0
Mexico City,19.43,-99.13,ssp585,2030,20.107,17.849,22.977,4.348,8.0
Mexico City,19.43,-99.13,ssp585,2031,20.265,18.126,23.71,4.236,8.0
Mexico City,19.43,-99.13,ssp585,2032,20.155,18.174,22.987,4.23,8.0
Mexico City,19.43,-99.13,ssp585,2033,20.082,18.281,22.773,4.469,8.0
Mexico City,19.43,-99.13,ssp585,2034,20.09,18.026,22.5,4.196,8.0
Mexico City,19.43,-99.13,ssp585,2035,20.318,18.394,22.924,4.242,8.0
Mexico City,19.43,-99.13,ssp585,2036,20.276,18.458,23.124,4.3,8.0
Mexico City,19.43,-99.13,ssp585,2037,20.297,18.119,23.428,4.715,8.0
Mexico City,19.43,-99.13,ssp585,2038,20.354,18.133,23.16,3.973,8.0
Mexico City,19.43,-99.13,ssp585,2039,20.192,17.989,22.869,4.483,8.0
Mexico City,19.43,-99.13,ssp585,2040,20.572,18.34,23.096,4.1,8.0
Mexico City,19.43,-99.13,ssp585,2041,20.636,18.394,23.376,4.361,8.0
Mexico City,19.43,-99.13,ssp585,2042,20.448,18.038,23.408,4.395,8.0
Mexico City,19.43,-99.13,ssp585,2043,20.534,18.413,23.107,4.252,8.0
Mexico City,19.43,-99.13,ssp585,2044,20.585,18.324,23.127,4.072,8.0
Mexico City,19.43,-99.13,ssp585,2045,20.872,18.813,23.408,4.471,8.0
Mexico City,19.43,-99.13,ssp585,2046,20.797,18.62,23.617,4.277,8.0
Mexico City,19.43,-99.13,ssp585,2047,21.021,18.846,24.043,4.281,8.0
Mexico City,19.43,-99.13,ssp585,2048,20.874,18.673,23.951,4.115,8.0
Mexico City,19.43,-99.13,ssp585,2049,20.889,18.85,23.621,4.13,8.0
Mexico City,19.43,-99.13,ssp585,2050,21.078,19.078,23.605,4.299,8.0
Mexico City,19.43,-99.13,ssp585,2051,21.214,19.003,23.889,4.248,8.0
Mexico City,19.43,-99.13,ssp585,2052,21.01,18.787,23.516,4.33,8.0
Mexico City,19.43,-99.13,ssp585,2053,21.367,19.035,24.707,4.277,8.0
Mexico City,19.43,-99.13,ssp585,2054,21.553,19.451,24.425,4.057,8.0
Mexico City,19.43,-99.13,ssp585,2055,21.377,19.112,23.982,4.068,8.0
Mexico City,19.43,-99.13,ssp585,2056,21.627,19.215,24.973,4.243,8.0
Mexico City,19.43,-99.13,ssp585,2057,21.72,19.482,24.474,3.992,8.0
Mexico City,19.43,-99.13,ssp585,2058,21.906,19.72,25.201,4.286,8.0
Mexico City,19.43,-99.13,ssp585,2059,21.637,19.545,24.413,4.152,8.0
Mexico City,19.43,-99.13,ssp585,2060,21.465,18.92,24.04,4.266,8.0
Mexico City,19.43,-99.13,ssp585,2061,21.658,19.28,24.127,4.27,8.0
Mexico City,19.43,-99.13,ssp585,2062,21.761,19.502,24.446,4.225,8.0
Mexico City,19.43,-99.13,ssp585,2063,22.074,19.554,24.687,4.259,8.0
Mexico City,19.43,-99.13,ssp585,2064,22.159,19.413,24.844,4.16,8.0
Mexico City,19.43,-99.13,ssp585,2065,21.986,19.641,24.603,3.927,8.0
Mexico City,19.43,-99.13,ssp585,2066,22.07,19.738,24.872,4.041,8.0
Mexico City,19.43,-99.13,ssp585,2067,22.267,19.916,25.14,4.266,8.0
Mexico City,19.43,-99.13,ssp585,2068,21.997,19.618,24.668,4.27,8.0
Mexico City,19.43,-99.13,ssp585,2069,22.119,19.443,24.854,4.035,8.0
Mexico City,19.43,-99.13,ssp585,2070,22.407,20.114,24.879,3.727,8.0
Mexico City,19.43,-99.13,ssp585,2071,22.886,20.671,25.646,3.902,8.0
Mexico City,19.43,-99.13,ssp585,2072,22.439,19.685,25.274,3.965,8.0
Mexico City,19.43,-99.13,ssp585,2073,22.678,20.307,25.219,3.876,8.0
Mexico City,19.43,-99.13,ssp585,2074,22.773,20.547,25.261,3.952,8.0
Mexico City,19.43,-99.13,ssp585,2075,22.771,20.19,26.121,4.08,8.0
Mexico City,19.43,-99.13,ssp585,2076,22.934,20.653,25.379,3.611,8.0
Mexico City,19.43,-99.13,ssp585,2077,22.709,20.175,25.306,4.187,8.0
Mexico City,19.43,-99.13,ssp585,2078,23.011,20.289,25.488,3.796,8.0
Mexico City,19.43,-99.13,ssp585,2079,23.081,20.838,26.09,3.89,8.0
Mexico City,19.43,-99.13,ssp585,2080,23.176,20.346,26.031,4.127,8.0
Mexico City,19.43,-99.13,ssp585,2081,23.182,20.644,25.876,4.204,8.0
Mexico City,19.43,-99.13,ssp585,2082,23.282,20.723,25.923,3.851,8.0
Mexico City,19.43,-99.13,ssp585,2083,23.411,20.78,26.017,4.048,8.0
Mexico City,19.43,-99.13,ssp585,2084,23.537,20.39,26.422,3.573,8.0
Mexico City,19.43,-99.13,ssp585,2085,23.624,20.881,26.411,3.942,8.0
Mexico City,19.43,-99.13,ssp585,2086,23.593,20.881,26.589,3.728,8.0
Mexico City,19.43,-99.13,ssp585,2087,23.798,21.311,26.726,4.027,8.0
Mexico City,19.43,-99.13,ssp585,2088,23.596,20.641,26.223,3.952,8.0
Mexico City,19.43,-99.13,ssp585,2089,23.896,21.356,26.906,3.202,8.0
Mexico City,19.43,-99.13,ssp585,2090,23.885,21.024,26.697,3.88,8.0
Mexico City,19.43,-99.13,ssp585,2091,24.297,21.214,27.735,3.566,8.0
Mexico City,19.43,-99.13,ssp585,2092,24.131,21.582,26.902,3.808,8.0
Mexico City,19.43,-99.13,ssp585,2093,24.357,21.96,27.178,3.528,8.0
Mexico City,19.43,-99.13,ssp585,2094,24.576,21.524,27.275,3.569,8.0
Mexico City,19.43,-99.13,ssp585,2095,24.545,20.965,27.281,3.959,8.0
Mexico City,19.43,-99.13,ssp585,2096,24.644,21.57,27.885,3.818,8.0
Mexico City,19.43,-99.13,ssp585,2097,24.353,21.321,27.424,3.83,8.0
Mexico City,19.43,-99.13,ssp585,2098,24.555,21.58,27.889,4.217,8.0
Mexico City,19.43,-99.13,ssp585,2099,24.582,21.943,27.288,3.585,8.0
Mexico City,19.43,-99.13,ssp585,2100,24.792,21.961,27.252,3.684,8.0
Montreal,45.5,-73.57,historical,1850,4.073,2.962,5.949,3.521,8.0
Montreal,45.5,-73.57,historical,1851,4.556,3.104,6.625,3.48,8.0
Montreal,45.5,-73.57,historical,1852,4.128,2.143,6.429,3.499,8.0
Montreal,45.5,-73.57,historical,1853,4.015,2.436,5.707,3.497,8.0
Montreal,45.5,-73.57,historical,1854,4.279,2.574,6.673,3.436,8.0
Montreal,45.5,-73.57,historical,1855,3.835,1.797,5.955,3.427,8.0
Montreal,45.5,-73.57,historical,1856,3.959,2.41,5.445,3.471,8.0
Montreal,45.5,-73.57,historical,1857,4.37,3.085,5.787,3.491,8.0
Montreal,45.5,-73.57,historical,1858,3.936,2.722,5.958,3.516,8.0
Montreal,45.5,-73.57,historical,1859,4.167,2.648,6.732,3.607,8.0
Montreal,45.5,-73.57,historical,1860,4.125,3.147,5.463,3.711,8.0
Montreal,45.5,-73.57,historical,1861,4.193,2.501,5.701,3.451,8.0
Montreal,45.5,-73.57,historical,1862,3.789,2.079,5.638,3.445,8.0
Montreal,45.5,-73.57,historical,1863,4.167,2.696,5.715,3.553,8.0
Montreal,45.5,-73.57,historical,1864,3.473,2.341,4.8,3.295,8.0
Montreal,45.5,-73.57,historical,1865,4.035,2.338,6.639,3.447,8.0
Montreal,45.5,-73.57,historical,1866,3.937,2.086,6.072,3.415,8.0
Montreal,45.5,-73.57,historical,1867,3.858,2.245,5.732,3.497,8.0
Montreal,45.5,-73.57,historical,1868,4.168,2.533,6.454,3.499,8.0
Montreal,45.5,-73.57,historical,1869,4.194,3.238,5.954,3.55,8.0
Montreal,45.5,-73.57,historical,1870,4.403,3.255,6.681,3.532,8.0
Montreal,45.5,-73.57,historical,1871,4.199,2.642,6.159,3.449,8.0
Montreal,45.5,-73.57,historical,1872,4.266,2.7,6.184,3.227,8.0
Montreal,45.5,-73.57,historical,1873,3.815,2.599,5.153,3.674,8.0
Montreal,45.5,-73.57,historical,1874,4.017,2.185,6.31,3.466,8.0
Montreal,45.5,-73.57,historical,1875,4.272,2.641,6.149,3.591,8.0
Montreal,45.5,-73.57,historical,1876,4.178,2.602,5.451,3.586,8.0
Montreal,45.5,-73.57,historical,1877,4.369,3.167,6.276,3.572,8.0
Montreal,45.5,-73.57,historical,1878,4.238,2.426,5.974,3.482,8.0
Montreal,45.5,-73.57,historical,1879,3.854,2.567,5.648,3.526,8.0
Montreal,45.5,-73.57,historical,1880,3.666,1.818,5.892,3.617,8.0
Montreal,45.5,-73.57,historical,1881,3.783,1.899,6.026,3.354,8.0
Montreal,45.5,-73.57,historical,1882,4.162,2.326,5.601,3.337,8.0
Montreal,45.5,-73.57,historical,1883,4.184,2.643,5.58,3.509,8.0
Montreal,45.5,-73.57,historical,1884,3.482,1.837,5.302,3.397,8.0
Montreal,45.5,-73.57,historical,1885,3.331,2.125,4.912,3.4,8.0
Montreal,45.5,-73.57,historical,1886,3.757,1.965,5.129,3.325,8.0
Montreal,45.5,-73.57,historical,1887,3.547,1.61,5.33,3.384,8.0
Montreal,45.5,-73.57,historical,1888,3.935,2.122,6.024,3.571,8.0
Montreal,45.5,-73.57,historical,1889,4.206,2.396,6.249,3.56,8.0
Montreal,45.5,-73.57,historical,1890,3.946,1.634,6.086,3.356,8.0
Montreal,45.5,-73.57,historical,1891,3.915,2.517,5.622,3.586,8.0
Montreal,45.5,-73.57,historical,1892,3.67,2.545,5.228,3.541,8.0
Montreal,45.5,-73.57,historical,1893,4.557,3.181,6.305,3.561,8.0
Montreal,45.5,-73.57,historical,1894,4.007,2.368,5.963,3.364,8.0
Montreal,45.5,-73.57,historical,1895,4.145,2.794,5.755,3.413,8.0
Montreal,45.5,-73.57,historical,1896,4.447,3.012,5.899,3.453,8.0
Montreal,45.5,-73.57,historical,1897,3.764,1.752,6.044,3.273,8.0
Montreal,45.5,-73.57,historical,1898,4.608,3.12,6.582,3.436,8.0
Montreal,45.5,-73.57,historical,1899,4.277,2.336,5.772,3.425,8.0
Montreal,45.5,-73.57,historical,1900,4.2,2.576,5.584,3.37,8.0
Montreal,45.5,-73.57,historical,1901,4.06,2.943,5.362,3.544,8.0
Montreal,45.5,-73.57,historical,1902,4.326,3.37,5.599,3.473,8.0
Montreal,45.5,-73.57,historical,1903,3.12,1.988,4.983,3.442,8.0
Montreal,45.5,-73.57,historical,1904,3.816,2.49,5.294,3.556,8.0
Montreal,45.5,-73.57,historical,1905,4.238,2.695,6.252,3.584,8.0
Montreal,45.5,-73.57,historical,1906,4.664,3.134,6.585,3.512,8.0
Montreal,45.5,-73.57,historical,1907,4.114,2.364,5.219,3.359,8.0
Montreal,45.5,-73.57,historical,1908,3.898,2.736,5.178,3.188,8.0
Montreal,45.5,-73.57,historical,1909,3.857,2.575,5.728,3.408,8.0
Montreal,45.5,-73.57,historical,1910,4.003,1.989,6.841,3.436,8.0
Montreal,45.5,-73.57,historical,1911,3.623,2.057,5.805,3.409,8.0
Montreal,45.5,-73.57,historical,1912,3.493,2.377,5.247,3.324,8.0
Montreal,45.5,-73.57,historical,1913,3.553,1.211,5.721,3.544,8.0
Montreal,45.5,-73.57,historical,1914,3.911,2.515,5.502,3.596,8.0
Montreal,45.5,-73.57,historical,1915,3.55,1.633,4.898,3.426,8.0
Montreal,45.5,-73.57,historical,1916,4.716,3.553,6.073,3.499,8.0
Montreal,45.5,-73.57,historical,1917,4.244,3.155,5.501,3.445,8.0
Montreal,45.5,-73.57,historical,1918,3.649,1.459,6.103,3.48,8.0
Montreal,45.5,-73.57,historical,1919,4.079,2.996,5.155,3.38,8.0
Montreal,45.5,-73.57,historical,1920,4.14,1.464,6.385,3.377,8.0
Montreal,45.5,-73.57,historical,1921,3.684,1.745,5.433,3.591,8.0
Montreal,45.5,-73.57,historical,1922,4.347,3.201,6.793,3.383,8.0
Montreal,45.5,-73.57,historical,1923,4.114,2.303,6.257,3.489,8.0
Montreal,45.5,-73.57,historical,1924,3.755,2.469,5.75,3.49,8.0
Montreal,45.5,-73.57,historical,1925,3.86,2.197,5.492,3.571,8.0
Montreal,45.5,-73.57,historical,1926,3.923,2.362,5.984,3.463,8.0
Montreal,45.5,-73.57,historical,1927,3.965,3.171,4.992,3.419,8.0
Montreal,45.5,-73.57,historical,1928,3.48,1.79,5.335,3.324,8.0
Montreal,45.5,-73.57,historical,1929,4.061,2.869,5.759,3.432,8.0
Montreal,45.5,-73.57,historical,1930,4.014,2.401,5.727,3.292,8.0
Montreal,45.5,-73.57,historical,1931,4.312,2.48,6.302,3.264,8.0
Montreal,45.5,-73.57,historical,1932,3.775,2.356,5.436,3.312,8.0
Montreal,45.5,-73.57,historical,1933,3.974,2.587,5.146,3.683,8.0
Montreal,45.5,-73.57,historical,1934,4.439,3.073,6.601,3.535,8.0
Montreal,45.5,-73.57,historical,1935,3.865,2.898,5.343,3.536,8.0
Montreal,45.5,-73.57,historical,1936,4.202,2.483,5.74,3.379,8.0
Montreal,45.5,-73.57,historical,1937,3.824,2.658,5.562,3.354,8.0
Montreal,45.5,-73.57,historical,1938,3.822,2.35,5.796,3.49,8.0
Montreal,45.5,-73.57,historical,1939,3.782,1.892,5.452,3.169,8.0
Montreal,45.5,-73.57,historical,1940,4.214,2.36,5.66,3.343,8.0
Montreal,45.5,-73.57,historical,1941,3.469,2.418,4.565,3.573,8.0
Montreal,45.5,-73.57,historical,1942,4.165,3.045,5.271,3.429,8.0
Montreal,45.5,-73.57,historical,1943,4.369,3.364,5.443,3.387,8.0
Montreal,45.5,-73.57,historical,1944,4.143,2.892,6.026,3.463,8.0
Montreal,45.5,-73.57,historical,1945,3.942,2.33,5.658,3.481,8.0
Montreal,45.5,-73.57,historical,1946,3.664,1.484,6.109,3.447,8.0
Montreal,45.5,-73.57,historical,1947,3.885,2.838,5.698,3.481,8.0
Montreal,45.5,-73.57,historical,1948,4.094,2.213,5.754,3.514,8.0
Montreal,45.5,-73.57,historical,1949,4.598,2.771,6.459,3.41,8.0
Montreal,45.5,-73.57,historical,1950,3.93,2.374,5.392,3.287,8.0
Montreal,45.5,-73.57,historical,1951,4.291,2.796,6.302,3.425,8.0
Montreal,45.5,-73.57,historical,1952,4.031,2.531,6.141,3.563,8.0
Montreal,45.5,-73.57,historical,1953,3.948,1.882,6.393,3.336,8.0
Montreal,45.5,-73.57,historical,1954,3.904,2.245,5.654,3.491,8.0
Montreal,45.5,-73.57,historical,1955,4.33,2.629,5.983,3.331,8.0
Montreal,45.5,-73.57,historical,1956,3.847,2.748,4.793,3.587,8.0
Montreal,45.5,-73.57,historical,1957,4.353,2.64,6.2,3.372,8.0
Montreal,45.5,-73.57,historical,1958,4.033,2.446,5.811,3.399,8.0
Montreal,45.5,-73.57,historical,1959,4.061,2.773,5.403,3.636,8.0
Montreal,45.5,-73.57,historical,1960,3.727,1.976,5.644,3.379,8.0
Montreal,45.5,-73.57,historical,1961,4.061,3.03,5.377,3.478,8.0
Montreal,45.5,-73.57,historical,1962,3.887,2.361,5.588,3.261,8.0
Montreal,45.5,-73.57,historical,1963,4.254,2.655,5.75,3.364,8.0
Montreal,45.5,-73.57,historical,1964,4.038,1.946,5.68,3.492,8.0
Montreal,45.5,-73.57,historical,1965,3.686,1.972,6.076,3.36,8.0
Montreal,45.5,-73.57,historical,1966,3.764,2.496,5.389,3.465,8.0
Montreal,45.5,-73.57,historical,1967,3.798,1.819,5.889,3.434,8.0
Montreal,45.5,-73.57,historical,1968,4.088,2.793,5.649,3.429,8.0
Montreal,45.5,-73.57,historical,1969,4.013,2.097,5.483,3.471,8.0
Montreal,45.5,-73.57,historical,1970,3.878,2.28,5.407,3.517,8.0
Montreal,45.5,-73.57,historical,1971,3.826,2.7,5.662,3.384,8.0
Montreal,45.5,-73.57,historical,1972,3.697,2.7,4.933,3.449,8.0
Montreal,45.5,-73.57,historical,1973,3.776,2.596,5.247,3.459,8.0
Montreal,45.5,-73.57,historical,1974,3.676,2.148,5.28,3.56,8.0
Montreal,45.5,-73.57,historical,1975,4.073,2.778,5.319,3.27,8.0
Montreal,45.5,-73.57,historical,1976,4.036,3.114,5.123,3.212,8.0
Montreal,45.5,-73.57,historical,1977,3.878,2.635,4.737,3.426,8.0
Montreal,45.5,-73.57,historical,1978,4.123,2.328,6.098,3.256,8.0
Montreal,45.5,-73.57,historical,1979,4.35,3.141,6.127,3.468,8.0
Montreal,45.5,-73.57,historical,1980,4.276,3.257,5.503,3.289,8.0
Montreal,45.5,-73.57,historical,1981,3.837,1.946,5.648,3.406,8.0
Montreal,45.5,-73.57,historical,1982,3.702,2.469,4.746,3.28,8.0
Montreal,45.5,-73.57,historical,1983,3.845,2.288,5.339,3.406,8.0
Montreal,45.5,-73.57,historical,1984,4.091,2.957,5.44,3.28,8.0
Montreal,45.5,-73.57,historical,1985,4.223,1.925,6.475,3.376,8.0
Montreal,45.5,-73.57,historical,1986,4.337,3.009,5.656,3.466,8.0
Montreal,45.5,-73.57,historical,1987,4.236,2.763,5.295,3.154,8.0
Montreal,45.5,-73.57,historical,1988,4.184,2.86,5.497,3.14,8.0
Montreal,45.5,-73.57,historical,1989,4.282,2.446,6.228,3.304,8.0
Montreal,45.5,-73.57,historical,1990,4.638,2.995,6.661,3.328,8.0
Montreal,45.5,-73.57,historical,1991,4.516,2.34,6.418,3.373,8.0
Montreal,45.5,-73.57,historical,1992,3.769,1.761,5.767,3.249,8.0
Montreal,45.5,-73.57,historical,1993,3.818,2.271,5.592,3.301,8.0
Montreal,45.5,-73.57,historical,1994,4.165,2.647,6.201,3.236,8.0
Montreal,45.5,-73.57,historical,1995,4.482,2.308,6.311,3.469,8.0
Montreal,45.5,-73.57,historical,1996,4.403,3.035,5.994,3.46,8.0
Montreal,45.5,-73.57,historical,1997,4.662,2.717,6.651,3.467,8.0
Montreal,45.5,-73.57,historical,1998,4.265,2.679,5.687,3.102,8.0
Montreal,45.5,-73.57,historical,1999,4.37,2.406,6.525,3.446,8.0
Montreal,45.5,-73.57,historical,2000,4.631,3.296,5.765,3.579,8.0
Montreal,45.5,-73.57,historical,2001,5.045,4.155,5.72,3.601,8.0
Montreal,45.5,-73.57,historical,2002,4.83,3.298,6.551,3.442,8.0
Montreal,45.5,-73.57,historical,2003,4.911,2.681,7.246,3.559,8.0
Montreal,45.5,-73.57,historical,2004,5.023,3.94,6.619,3.246,8.0
Montreal,45.5,-73.57,historical,2005,4.871,3.502,6.034,3.53,8.0
Montreal,45.5,-73.57,historical,2006,5.479,4.477,6.521,3.398,8.0
Montreal,45.5,-73.57,historical,2007,4.719,3.076,6.617,3.547,8.0
Montreal,45.5,-73.57,historical,2008,5.06,3.32,6.76,3.554,8.0
Montreal,45.5,-73.57,historical,2009,5.483,3.961,7.188,3.382,8.0
Montreal,45.5,-73.57,historical,2010,5.475,3.678,7.26,3.335,8.0
Montreal,45.5,-73.57,historical,2011,5.179,3.512,7.344,3.497,8.0
Montreal,45.5,-73.57,historical,2012,5.52,3.718,7.599,3.66,8.0
Montreal,45.5,-73.57,historical,2013,5.504,3.838,6.97,3.411,8.0
Montreal,45.5,-73.57,historical,2014,5.443,3.53,7.557,3.285,8.0
Montreal,45.5,-73.57,ssp126,2015,6.21,4.428,9.379,3.364,8.0
Montreal,45.5,-73.57,ssp126,2016,5.987,4.231,7.435,3.523,8.0
Montreal,45.5,-73.57,ssp126,2017,5.919,4.82,7.26,3.505,8.0
Montreal,45.5,-73.57,ssp126,2018,5.981,4.329,7.581,3.724,8.0
Montreal,45.5,-73.57,ssp126,2019,5.56,4.2,6.855,3.502,8.0
Montreal,45.5,-73.57,ssp126,2020,6.226,4.692,8.097,3.489,8.0
Montreal,45.5,-73.57,ssp126,2021,6.144,4.842,7.964,3.402,8.0
Montreal,45.5,-73.57,ssp126,2022,5.993,4.518,7.81,3.723,8.0
Montreal,45.5,-73.57,ssp126,2023,6.15,4.803,7.822,3.762,8.0
Montreal,45.5,-73.57,ssp126,2024,6.426,5.115,8.157,3.415,8.0
Montreal,45.5,-73.57,ssp126,2025,6.499,4.561,8.751,3.591,8.0
Montreal,45.5,-73.57,ssp126,2026,6.423,4.865,8.32,3.486,8.0
Montreal,45.5,-73.57,ssp126,2027,6.171,4.898,7.569,3.591,8.0
Montreal,45.5,-73.57,ssp126,2028,6.307,4.329,8.082,3.399,8.0
Montreal,45.5,-73.57,ssp126,2029,6.394,4.898,8.215,3.677,8.0
Montreal,45.5,-73.57,ssp126,2030,6.274,4.598,8.544,3.454,8.0
Montreal,45.5,-73.57,ssp126,2031,6.545,5.24,8.606,3.508,8.0
Montreal,45.5,-73.57,ssp126,2032,6.8,4.587,9.009,3.6,8.0
Montreal,45.5,-73.57,ssp126,2033,7.151,5.593,9.239,3.685,8.0
Montreal,45.5,-73.57,ssp126,2034,6.457,4.815,8.117,3.398,8.0
Montreal,45.5,-73.57,ssp126,2035,6.865,5.038,8.695,3.748,8.0
Montreal,45.5,-73.57,ssp126,2036,6.39,4.704,8.514,3.642,8.0
Montreal,45.5,-73.57,ssp126,2037,6.881,4.741,8.823,3.477,8.0
Montreal,45.5,-73.57,ssp126,2038,6.544,4.843,8.556,3.729,8.0
Montreal,45.5,-73.57,ssp126,2039,6.604,4.666,8.69,3.685,8.0
Montreal,45.5,-73.57,ssp126,2040,7.161,5.297,8.951,3.693,8.0
Montreal,45.5,-73.57,ssp126,2041,6.876,4.716,9.307,3.626,8.0
Montreal,45.5,-73.57,ssp126,2042,7.02,5.414,8.521,3.566,8.0
Montreal,45.5,-73.57,ssp126,2043,7.055,5.934,8.452,3.669,8.0
Montreal,45.5,-73.57,ssp126,2044,6.897,5.582,8.754,3.91,8.0
Montreal,45.5,-73.57,ssp126,2045,7.078,4.989,9.128,3.571,8.0
Montreal,45.5,-73.57,ssp126,2046,6.99,5.846,8.683,3.507,8.0
Montreal,45.5,-73.57,ssp126,2047,7.223,5.582,8.976,3.746,8.0
Montreal,45.5,-73.57,ssp126,2048,7.297,5.87,8.642,3.953,8.0
Montreal,45.5,-73.57,ssp126,2049,7.474,6.527,8.54,3.76,8.0
Montreal,45.5,-73.57,ssp126,2050,7.351,5.737,8.906,3.878,8.0
Montreal,45.5,-73.57,ssp126,2051,7.808,5.416,9.737,3.76,8.0
Montreal,45.5,-73.57,ssp126,2052,6.994,5.952,7.929,3.721,8.0
Montreal,45.5,-73.57,ssp126,2053,7.105,5.409,8.506,3.665,8.0
Montreal,45.5,-73.57,ssp126,2054,7.687,6.042,9.665,3.754,8.0
Montreal,45.5,-73.57,ssp126,2055,7.234,5.604,8.935,3.646,8.0
Montreal,45.5,-73.57,ssp126,2056,7.438,5.17,9.576,3.675,8.0
Montreal,45.5,-73.57,ssp126,2057,7.808,6.239,9.405,3.792,8.0
Montreal,45.5,-73.57,ssp126,2058,6.924,5.803,8.276,3.711,8.0
Montreal,45.5,-73.57,ssp126,2059,8.029,6.409,10.125,3.56,8.0
Montreal,45.5,-73.57,ssp126,2060,7.597,5.784,10.034,3.724,8.0
Montreal,45.5,-73.57,ssp126,2061,7.236,6.241,8.433,3.457,8.0
Montreal,45.5,-73.57,ssp126,2062,7.663,6.327,8.664,3.815,8.0
Montreal,45.5,-73.57,ssp126,2063,7.709,5.831,9.66,3.819,8.0
Montreal,45.5,-73.57,ssp126,2064,7.226,5.72,9.085,3.787,8.0
Montreal,45.5,-73.57,ssp126,2065,7.169,5.352,8.639,3.791,8.0
Montreal,45.5,-73.57,ssp126,2066,7.268,5.668,9.161,3.692,8.0
Montreal,45.5,-73.57,ssp126,2067,7.394,5.063,9.008,3.529,8.0
Montreal,45.5,-73.57,ssp126,2068,7.441,6.163,8.869,3.722,8.0
Montreal,45.5,-73.57,ssp126,2069,7.446,5.975,8.857,3.812,8.0
Montreal,45.5,-73.57,ssp126,2070,7.501,6.04,9.298,3.855,8.0
Montreal,45.5,-73.57,ssp126,2071,7.625,6.161,9.129,3.77,8.0
Montreal,45.5,-73.57,ssp126,2072,7.045,5.646,8.804,3.899,8.0
Montreal,45.5,-73.57,ssp126,2073,7.401,5.989,9.511,3.835,8.0
Montreal,45.5,-73.57,ssp126,2074,7.326,5.777,8.681,3.627,8.0
Montreal,45.5,-73.57,ssp126,2075,7.562,6.136,9.147,3.654,8.0
Montreal,45.5,-73.57,ssp126,2076,8.034,6.46,9.29,3.755,8.0
Montreal,45.5,-73.57,ssp126,2077,7.623,6.395,9.082,3.766,8.0
Montreal,45.5,-73.57,ssp126,2078,7.323,5.523,8.835,3.785,8.0
Montreal,45.5,-73.57,ssp126,2079,7.492,5.627,9.175,3.536,8.0
Montreal,45.5,-73.57,ssp126,2080,7.206,5.145,8.554,3.753,8.0
Montreal,45.5,-73.57,ssp126,2081,7.636,5.869,8.862,3.347,8.0
Montreal,45.5,-73.57,ssp126,2082,7.65,6.177,9.131,3.679,8.0
Montreal,45.5,-73.57,ssp126,2083,7.134,5.49,9.011,3.836,8.0
Montreal,45.5,-73.57,ssp126,2084,7.363,5.351,9.349,3.825,8.0
Montreal,45.5,-73.57,ssp126,2085,7.373,5.389,8.824,3.928,8.0
Montreal,45.5,-73.57,ssp126,2086,7.383,5.031,10.198,3.766,8.0
Montreal,45.5,-73.57,ssp126,2087,7.62,6.079,8.984,3.727,8.0
Montreal,45.5,-73.57,ssp126,2088,7.548,6.029,9.254,3.78,8.0
Montreal,45.5,-73.57,ssp126,2089,6.78,5.388,8.533,3.763,8.0
Montreal,45.5,-73.57,ssp126,2090,7.724,6.219,9.222,3.804,8.0
Montreal,45.5,-73.57,ssp126,2091,7.482,5.11,9.789,3.797,8.0
Montreal,45.5,-73.57,ssp126,2092,7.834,6.585,8.588,3.764,8.0
Montreal,45.5,-73.57,ssp126,2093,7.692,5.996,9.207,3.86,8.0
Montreal,45.5,-73.57,ssp126,2094,7.564,5.404,9.379,3.592,8.0
Montreal,45.5,-73.57,ssp126,2095,7.548,5.124,9.41,3.939,8.0
Montreal,45.5,-73.57,ssp126,2096,7.625,6.298,9.554,3.797,8.0
Montreal,45.5,-73.57,ssp126,2097,7.59,5.567,9.617,3.83,8.0
Montreal,45.5,-73.57,ssp126,2098,7.291,5.218,9.196,3.657,8.0
Montreal,45.5,-73.57,ssp126,2099,7.531,4.982,9.622,3.682,8.0
Montreal,45.5,-73.57,ssp126,2100,7.489,5.844,9.059,3.661,8.0
Montreal,45.5,-73.57,ssp245,2015,5.917,4.222,7.592,3.446,8.0
Montreal,45.5,-73.57,ssp245,2016,5.67,3.533,7.785,3.565,8.0
Montreal,45.5,-73.57,ssp245,2017,5.854,4.077,7.611,3.748,8.0
Montreal,45.5,-73.57,ssp245,2018,6.026,4.686,7.194,3.571,8.0
Montreal,45.5,-73.57,ssp245,2019,5.821,4.221,7.616,3.642,8.0
Montreal,45.5,-73.57,ssp245,2020,6.077,4.358,8.32,3.45,8.0
Montreal,45.5,-73.57,ssp245,2021,6.067,4.561,7.908,3.658,8.0
Montreal,45.5,-73.57,ssp245,2022,5.714,4.536,7.486,3.534,8.0
Montreal,45.5,-73.57,ssp245,2023,6.289,4.646,7.934,3.336,8.0
Montreal,45.5,-73.57,ssp245,2024,6.255,5.024,7.636,3.536,8.0
Montreal,45.5,-73.57,ssp245,2025,6.26,5.128,7.727,3.494,8.0
Montreal,45.5,-73.57,ssp245,2026,6.237,4.413,8.301,3.625,8.0
Montreal,45.5,-73.57,ssp245,2027,6.366,4.818,8.072,3.464,8.0
Montreal,45.5,-73.57,ssp245,2028,6.412,4.695,7.908,3.463,8.0
Montreal,45.5,-73.57,ssp245,2029,6.393,4.85,8.36,3.369,8.0
Montreal,45.5,-73.57,ssp245,2030,6.49,5.217,8.038,3.527,8.0
Montreal,45.5,-73.57,ssp245,2031,6.578,4.752,8.055,3.531,8.0
Montreal,45.5,-73.57,ssp245,2032,6.371,5.151,7.66,3.684,8.0
Montreal,45.5,-73.57,ssp245,2033,6.843,4.773,8.746,3.68,8.0
Montreal,45.5,-73.57,ssp245,2034,6.997,5.261,8.833,3.572,8.0
Montreal,45.5,-73.57,ssp245,2035,6.546,4.55,8.063,3.765,8.0
Montreal,45.5,-73.57,ssp245,2036,7.216,5.487,8.916,3.85,8.0
Montreal,45.5,-73.57,ssp245,2037,6.862,4.803,9.122,3.434,8.0
Montreal,45.5,-73.57,ssp245,2038,7.042,5.387,8.583,3.691,8.0
Montreal,45.5,-73.57,ssp245,2039,7.14,5.248,9.085,3.631,8.0
Montreal,45.5,-73.57,ssp245,2040,7.242,5.767,8.869,3.754,7.0
Montreal,45.5,-73.57,ssp245,2041,6.929,5.088,8.841,3.415,7.0
Montreal,45.5,-73.57,ssp245,2042,6.873,5.318,8.574,3.71,7.0
Montreal,45.5,-73.57,ssp245,2043,6.782,5.194,8.635,3.941,7.0
Montreal,45.5,-73.57,ssp245,2044,6.873,5.263,8.848,3.512,7.0
Montreal,45.5,-73.57,ssp245,2045,6.918,5.866,8.608,3.766,7.0
Montreal,45.5,-73.57,ssp245,2046,7.319,6.136,9.016,3.455,7.0
Montreal,45.5,-73.57,ssp245,2047,7.082,5.513,8.616,3.845,7.0
Montreal,45.5,-73.57,ssp245,2048,7.184,5.287,9.087,3.616,7.0
Montreal,45.5,-73.57,ssp245,2049,7.975,6.756,9.513,3.492,7.0
Montreal,45.5,-73.57,ssp245,2050,7.532,5.655,9.5,3.815,7.0
Montreal,45.5,-73.57,ssp245,2051,7.673,6.0,9.62,3.778,7.0
Montreal,45.5,-73.57,ssp245,2052,7.465,6.039,8.532,3.647,7.0
Montreal,45.5,-73.57,ssp245,2053,7.605,6.171,9.325,3.785,7.0
Montreal,45.5,-73.57,ssp245,2054,7.719,6.327,9.528,3.853,7.0
Montreal,45.5,-73.57,ssp245,2055,7.105,5.573,8.961,3.807,7.0
Montreal,45.5,-73.57,ssp245,2056,7.807,6.389,9.779,3.831,7.0
Montreal,45.5,-73.57,ssp245,2057,7.982,5.842,9.728,3.916,7.0
Montreal,45.5,-73.57,ssp245,2058,7.662,5.669,9.682,3.337,7.0
Montreal,45.5,-73.57,ssp245,2059,7.902,6.336,9.507,3.903,7.0
Montreal,45.5,-73.57,ssp245,2060,8.173,6.684,10.776,3.695,7.0
Montreal,45.5,-73.57,ssp245,2061,7.823,5.905,9.595,3.72,7.0
Montreal,45.5,-73.57,ssp245,2062,7.878,5.509,9.504,3.782,7.0
Montreal,45.5,-73.57,ssp245,2063,8.039,6.429,9.779,3.809,7.0
Montreal,45.5,-73.57,ssp245,2064,8.352,7.039,9.843,3.718,7.0
Montreal,45.5,-73.57,ssp245,2065,8.113,6.118,10.179,3.715,7.0
Montreal,45.5,-73.57,ssp245,2066,8.049,6.4,9.359,3.697,7.0
Montreal,45.5,-73.57,ssp245,2067,7.816,5.865,9.615,3.661,7.0
Montreal,45.5,-73.57,ssp245,2068,8.101,5.687,10.143,3.656,7.0
Montreal,45.5,-73.57,ssp245,2069,7.956,5.91,9.862,3.903,7.0
Montreal,45.5,-73.57,ssp245,2070,7.988,5.653,10.864,3.991,7.0
Montreal,45.5,-73.57,ssp245,2071,8.105,6.062,9.828,3.799,7.0
Montreal,45.5,-73.57,ssp245,2072,8.412,6.164,10.194,3.773,7.0
Montreal,45.5,-73.57,ssp245,2073,8.879,7.365,10.533,3.91,7.0
Montreal,45.5,-73.57,ssp245,2074,8.212,6.289,9.689,3.641,7.0
Montreal,45.5,-73.57,ssp245,2075,8.872,7.127,10.578,3.656,7.0
Montreal,45.5,-73.57,ssp245,2076,8.461,6.054,10.687,3.604,7.0
Montreal,45.5,-73.57,ssp245,2077,8.528,6.89,9.826,3.72,7.0
Montreal,45.5,-73.57,ssp245,2078,8.397,6.738,9.88,3.97,7.0
Montreal,45.5,-73.57,ssp245,2079,8.564,6.268,10.76,3.737,7.0
Montreal,45.5,-73.57,ssp245,2080,8.374,6.725,10.338,3.88,7.0
Montreal,45.5,-73.57,ssp245,2081,9.062,7.536,11.045,4.033,7.0
Montreal,45.5,-73.57,ssp245,2082,8.691,6.921,10.18,3.894,7.0
Montreal,45.5,-73.57,ssp245,2083,8.954,7.437,10.6,3.621,7.0
Montreal,45.5,-73.57,ssp245,2084,9.118,7.044,10.721,3.871,7.0
Montreal,45.5,-73.57,ssp245,2085,8.467,6.673,9.878,4.144,7.0
Montreal,45.5,-73.57,ssp245,2086,9.072,7.024,11.11,3.83,7.0
Montreal,45.5,-73.57,ssp245,2087,9.469,7.171,11.635,3.735,7.0
Montreal,45.5,-73.57,ssp245,2088,9.177,6.694,11.524,3.691,7.0
Montreal,45.5,-73.57,ssp245,2089,8.682,6.858,10.371,3.899,7.0
Montreal,45.5,-73.57,ssp245,2090,9.084,6.967,11.085,3.637,7.0
Montreal,45.5,-73.57,ssp245,2091,8.853,6.419,10.945,3.854,7.0
Montreal,45.5,-73.57,ssp245,2092,8.939,7.046,10.693,3.984,7.0
Montreal,45.5,-73.57,ssp245,2093,8.871,6.856,10.997,3.726,7.0
Montreal,45.5,-73.57,ssp245,2094,8.971,6.748,11.441,4.163,7.0
Montreal,45.5,-73.57,ssp245,2095,9.059,7.208,11.246,3.898,7.0
Montreal,45.5,-73.57,ssp245,2096,9.143,7.31,11.176,3.87,7.0
Montreal,45.5,-73.57,ssp245,2097,9.157,7.199,11.026,3.93,7.0
Montreal,45.5,-73.57,ssp245,2098,9.523,7.899,11.303,3.698,7.0
Montreal,45.5,-73.57,ssp245,2099,8.95,6.838,10.786,3.814,7.0
Montreal,45.5,-73.57,ssp245,2100,8.481,6.943,9.897,3.977,7.0
Montreal,45.5,-73.57,ssp585,2015,5.314,3.169,8.15,3.715,8.0
Montreal,45.5,-73.57,ssp585,2016,5.372,3.928,7.284,3.587,8.0
Montreal,45.5,-73.57,ssp585,2017,6.162,3.831,9.038,3.41,8.0
Montreal,45.5,-73.57,ssp585,2018,5.674,3.567,7.886,3.574,8.0
Montreal,45.5,-73.57,ssp585,2019,6.018,4.417,7.782,3.647,8.0
Montreal,45.5,-73.57,ssp585,2020,5.879,4.367,7.696,3.527,8.0
Montreal,45.5,-73.57,ssp585,2021,6.307,4.766,8.134,3.455,8.0
Montreal,45.5,-73.57,ssp585,2022,6.254,5.177,7.412,3.479,8.0
Montreal,45.5,-73.57,ssp585,2023,5.937,4.2,7.371,3.718,8.0
Montreal,45.5,-73.57,ssp585,2024,6.569,4.887,8.182,3.855,8.0
Montreal,45.5,-73.57,ssp585,2025,6.209,4.862,8.286,3.838,8.0
Montreal,45.5,-73.57,ssp585,2026,5.911,4.305,7.93,3.691,8.0
Montreal,45.5,-73.57,ssp585,2027,6.383,4.548,8.51,3.569,8.0
Montreal,45.5,-73.57,ssp585,2028,6.568,5.044,9.102,3.592,8.0
Montreal,45.5,-73.57,ssp585,2029,6.756,5.162,8.524,3.787,8.0
Montreal,45.5,-73.57,ssp585,2030,6.642,4.911,8.138,3.528,8.0
Montreal,45.5,-73.57,ssp585,2031,6.923,5.245,8.307,3.785,8.0
Montreal,45.5,-73.57,ssp585,2032,7.381,6.394,8.73,3.582,8.0
Montreal,45.5,-73.57,ssp585,2033,7.136,5.98,8.598,3.627,8.0
Montreal,45.5,-73.57,ssp585,2034,6.937,5.262,8.983,3.716,8.0
Montreal,45.5,-73.57,ssp585,2035,7.238,4.946,9.098,3.417,8.0
Montreal,45.5,-73.57,ssp585,2036,7.212,5.918,9.151,3.604,8.0
Montreal,45.5,-73.57,ssp585,2037,7.588,5.565,9.421,3.702,8.0
Montreal,45.5,-73.57,ssp585,2038,7.39,5.815,9.497,3.569,8.0
Montreal,45.5,-73.57,ssp585,2039,7.344,5.986,9.066,3.545,8.0
Montreal,45.5,-73.57,ssp585,2040,7.385,5.663,9.247,3.725,8.0
Montreal,45.5,-73.57,ssp585,2041,7.445,5.22,9.315,3.815,8.0
Montreal,45.5,-73.57,ssp585,2042,7.709,5.412,9.512,3.661,8.0
Montreal,45.5,-73.57,ssp585,2043,7.375,5.651,9.287,3.729,8.0
Montreal,45.5,-73.57,ssp585,2044,7.419,5.538,8.964,3.904,8.0
Montreal,45.5,-73.57,ssp585,2045,7.549,5.335,9.314,3.667,8.0
Montreal,45.5,-73.57,ssp585,2046,7.926,6.684,9.656,3.871,8.0
Montreal,45.5,-73.57,ssp585,2047,8.416,6.702,10.051,3.715,8.0
Montreal,45.5,-73.57,ssp585,2048,8.266,6.151,10.269,3.669,8.0
Montreal,45.5,-73.57,ssp585,2049,7.856,5.98,9.481,3.579,8.0
Montreal,45.5,-73.57,ssp585,2050,8.519,6.488,10.606,3.878,8.0
Montreal,45.5,-73.57,ssp585,2051,8.607,6.42,10.442,4.036,8.0
Montreal,45.5,-73.57,ssp585,2052,8.462,6.811,9.608,3.755,8.0
Montreal,45.5,-73.57,ssp585,2053,8.957,6.722,10.903,3.74,8.0
Montreal,45.5,-73.57,ssp585,2054,8.918,6.526,10.695,3.59,8.0
Montreal,45.5,-73.57,ssp585,2055,8.848,6.655,10.488,3.923,8.0
Montreal,45.5,-73.57,ssp585,2056,8.937,6.319,11.187,3.702,8.0
Montreal,45.5,-73.57,ssp585,2057,8.645,6.598,10.919,3.928,8.0
Montreal,45.5,-73.57,ssp585,2058,9.345,7.127,10.908,3.842,8.0
Montreal,45.5,-73.57,ssp585,2059,9.288,7.786,10.882,3.81,8.0
Montreal,45.5,-73.57,ssp585,2060,8.925,6.62,10.646,3.862,8.0
Montreal,45.5,-73.57,ssp585,2061,9.322,6.938,11.359,3.598,8.0
Montreal,45.5,-73.57,ssp585,2062,9.196,7.158,10.871,3.61,8.0
Montreal,45.5,-73.57,ssp585,2063,9.039,6.8,10.999,4.004,8.0
Montreal,45.5,-73.57,ssp585,2064,9.879,7.959,11.604,3.777,8.0
Montreal,45.5,-73.57,ssp585,2065,9.674,7.801,12.157,3.902,8.0
Montreal,45.5,-73.57,ssp585,2066,9.829,7.898,11.472,3.809,8.0
Montreal,45.5,-73.57,ssp585,2067,10.344,8.524,12.035,3.859,8.0
Montreal,45.5,-73.57,ssp585,2068,9.886,7.568,11.9,3.914,8.0
Montreal,45.5,-73.57,ssp585,2069,10.168,8.015,12.459,3.829,8.0
Montreal,45.5,-73.57,ssp585,2070,10.528,8.042,12.311,3.667,8.0
Montreal,45.5,-73.57,ssp585,2071,10.391,8.123,12.806,4.056,8.0
Montreal,45.5,-73.57,ssp585,2072,10.416,8.792,11.944,4.098,8.0
Montreal,45.5,-73.57,ssp585,2073,10.494,8.011,12.635,4.161,8.0
Montreal,45.5,-73.57,ssp585,2074,10.574,8.049,13.043,4.018,8.0
Montreal,45.5,-73.57,ssp585,2075,10.948,8.956,12.763,3.689,8.0
Montreal,45.5,-73.57,ssp585,2076,11.276,9.201,13.28,3.93,8.0
Montreal,45.5,-73.57,ssp585,2077,10.887,8.477,12.683,3.771,8.0
Montreal,45.5,-73.57,ssp585,2078,11.278,8.546,13.767,3.954,8.0
Montreal,45.5,-73.57,ssp585,2079,11.023,8.518,13.051,3.838,8.0
Montreal,45.5,-73.57,ssp585,2080,11.377,9.11,13.876,3.814,8.0
Montreal,45.5,-73.57,ssp585,2081,11.262,9.081,12.942,3.902,8.0
Montreal,45.5,-73.57,ssp585,2082,12.189,9.645,13.939,3.844,8.0
Montreal,45.5,-73.57,ssp585,2083,11.347,8.703,13.319,3.773,8.0
Montreal,45.5,-73.57,ssp585,2084,11.61,9.062,13.501,3.927,8.0
Montreal,45.5,-73.57,ssp585,2085,12.123,8.849,14.258,3.897,8.0
Montreal,45.5,-73.57,ssp585,2086,11.836,8.825,14.667,3.885,8.0
Montreal,45.5,-73.57,ssp585,2087,12.129,9.454,13.99,3.894,8.0
Montreal,45.5,-73.57,ssp585,2088,12.309,9.663,14.725,3.805,8.0
Montreal,45.5,-73.57,ssp585,2089,12.203,9.68,14.848,4.024,8.0
Montreal,45.5,-73.57,ssp585,2090,12.572,9.995,14.576,3.919,8.0
Montreal,45.5,-73.57,ssp585,2091,12.173,9.529,14.165,3.834,8.0
Montreal,45.5,-73.57,ssp585,2092,12.707,9.205,14.614,3.86,8.0
Montreal,45.5,-73.57,ssp585,2093,12.435,9.555,15.32,4.157,8.0
Montreal,45.5,-73.57,ssp585,2094,12.752,10.177,15.257,4.088,8.0
Montreal,45.5,-73.57,ssp585,2095,12.578,9.422,14.917,3.938,8.0
Montreal,45.5,-73.57,ssp585,2096,12.936,10.17,15.06,4.068,8.0
Montreal,45.5,-73.57,ssp585,2097,13.073,9.415,15.636,3.993,8.0
Montreal,45.5,-73.57,ssp585,2098,13.219,9.557,15.764,3.906,8.0
Montreal,45.5,-73.57,ssp585,2099,13.484,10.475,16.002,4.019,8.0
Montreal,45.5,-73.57,ssp585,2100,13.471,10.624,15.869,3.883,8.0
Moscow,55.76,37.62,historical,1850,3.016,0.852,5.358,2.026,8.0
Moscow,55.76,37.62,historical,1851,3.42,1.947,4.925,1.957,8.0
Moscow,55.76,37.62,historical,1852,3.01,1.471,4.256,2.053,8.0
Moscow,55.76,37.62,historical,1853,3.037,0.576,5.033,2.026,8.0
Moscow,55.76,37.62,historical,1854,3.322,1.686,4.519,2.089,8.0
Moscow,55.76,37.62,historical,1855,3.062,1.952,4.496,1.972,8.0
Moscow,55.76,37.62,historical,1856,3.387,1.772,4.636,1.862,8.0
Moscow,55.76,37.62,historical,1857,3.669,1.967,5.204,1.962,8.0
Moscow,55.76,37.62,historical,1858,3.076,2.059,4.261,1.996,8.0
Moscow,55.76,37.62,historical,1859,4.112,2.932,5.509,1.988,8.0
Moscow,55.76,37.62,historical,1860,4.225,2.416,5.876,1.96,8.0
Moscow,55.76,37.62,historical,1861,3.844,2.562,5.342,1.98,8.0
Moscow,55.76,37.62,historical,1862,3.446,2.471,4.566,1.929,8.0
Moscow,55.76,37.62,historical,1863,3.634,2.072,5.229,1.991,8.0
Moscow,55.76,37.62,historical,1864,3.989,3.102,4.873,1.991,8.0
Moscow,55.76,37.62,historical,1865,3.456,2.478,4.441,1.967,8.0
Moscow,55.76,37.62,historical,1866,2.809,1.002,4.793,2.068,8.0
Moscow,55.76,37.62,historical,1867,2.856,0.7,4.695,2.024,8.0
Moscow,55.76,37.62,historical,1868,3.468,2.011,4.976,2.15,8.0
Moscow,55.76,37.62,historical,1869,3.502,1.386,5.418,1.964,8.0
Moscow,55.76,37.62,historical,1870,3.652,1.661,5.789,1.927,8.0
Moscow,55.76,37.62,historical,1871,3.542,1.895,5.067,1.884,8.0
Moscow,55.76,37.62,historical,1872,3.963,1.974,6.162,1.954,8.0
Moscow,55.76,37.62,historical,1873,3.634,1.737,5.847,1.98,8.0
Moscow,55.76,37.62,historical,1874,4.075,2.443,5.479,1.97,8.0
Moscow,55.76,37.62,historical,1875,3.625,1.556,6.005,1.97,8.0
Moscow,55.76,37.62,historical,1876,3.689,2.024,5.815,2.067,8.0
Moscow,55.76,37.62,historical,1877,3.767,1.248,5.402,1.946,8.0
Moscow,55.76,37.62,historical,1878,3.613,1.417,5.301,1.855,8.0
Moscow,55.76,37.62,historical,1879,3.674,1.21,5.926,2.09,8.0
Moscow,55.76,37.62,historical,1880,4.587,2.543,6.411,1.986,8.0
Moscow,55.76,37.62,historical,1881,4.172,2.028,6.433,1.888,8.0
Moscow,55.76,37.62,historical,1882,3.258,0.769,5.255,1.926,8.0
Moscow,55.76,37.62,historical,1883,3.548,0.714,5.515,1.916,8.0
Moscow,55.76,37.62,historical,1884,2.998,1.27,4.433,1.828,8.0
Moscow,55.76,37.62,historical,1885,2.755,1.022,4.747,1.913,8.0
Moscow,55.76,37.62,historical,1886,3.168,1.777,4.303,1.899,8.0
Moscow,55.76,37.62,historical,1887,3.008,0.72,5.481,1.9,8.0
Moscow,55.76,37.62,historical,1888,3.527,1.46,5.315,1.731,8.0
Moscow,55.76,37.62,historical,1889,4.009,2.756,5.305,1.971,8.0
Moscow,55.76,37.62,historical,1890,3.272,1.282,4.796,1.992,8.0
Moscow,55.76,37.62,historical,1891,3.764,0.26,6.394,1.924,8.0
Moscow,55.76,37.62,historical,1892,3.883,2.283,5.948,1.884,8.0
Moscow,55.76,37.62,historical,1893,3.572,2.215,4.813,1.745,8.0
Moscow,55.76,37.62,historical,1894,3.25,1.381,4.889,1.812,8.0
Moscow,55.76,37.62,historical,1895,3.747,2.276,5.433,1.986,8.0
Moscow,55.76,37.62,historical,1896,2.864,0.638,4.84,1.907,8.0
Moscow,55.76,37.62,historical,1897,3.843,2.804,4.827,1.904,8.0
Moscow,55.76,37.62,historical,1898,3.712,1.85,5.036,1.929,8.0
Moscow,55.76,37.62,historical,1899,3.516,1.255,5.643,2.025,8.0
Moscow,55.76,37.62,historical,1900,3.742,2.898,4.448,1.941,8.0
Moscow,55.76,37.62,historical,1901,3.84,3.128,4.613,1.974,8.0
Moscow,55.76,37.62,historical,1902,3.908,3.155,5.035,1.928,8.0
Moscow,55.76,37.62,historical,1903,3.156,1.422,5.234,1.84,8.0
Moscow,55.76,37.62,historical,1904,2.918,1.635,4.088,2.027,8.0
Moscow,55.76,37.62,historical,1905,3.517,1.7,5.166,1.934,8.0
Moscow,55.76,37.62,historical,1906,3.211,1.267,4.836,1.87,8.0
Moscow,55.76,37.62,historical,1907,3.969,2.487,5.902,2.031,8.0
Moscow,55.76,37.62,historical,1908,3.52,2.371,4.572,1.882,8.0
Moscow,55.76,37.62,historical,1909,3.45,1.091,5.762,1.88,8.0
Moscow,55.76,37.62,historical,1910,3.939,1.728,5.726,1.923,8.0
Moscow,55.76,37.62,historical,1911,3.534,1.213,5.156,1.885,8.0
Moscow,55.76,37.62,historical,1912,2.939,1.095,4.886,2.048,8.0
Moscow,55.76,37.62,historical,1913,3.079,1.552,4.953,1.94,8.0
Moscow,55.76,37.62,historical,1914,2.67,0.77,4.706,1.949,8.0
Moscow,55.76,37.62,historical,1915,3.146,1.373,4.911,2.05,8.0
Moscow,55.76,37.62,historical,1916,2.84,1.096,4.99,1.993,8.0
Moscow,55.76,37.62,historical,1917,3.056,0.657,4.581,1.897,8.0
Moscow,55.76,37.62,historical,1918,3.352,0.942,5.452,2.018,8.0
Moscow,55.76,37.62,historical,1919,3.287,1.856,4.556,2.014,8.0
Moscow,55.76,37.62,historical,1920,3.651,1.852,4.987,1.973,8.0
Moscow,55.76,37.62,historical,1921,3.721,1.292,5.978,1.931,8.0
Moscow,55.76,37.62,historical,1922,4.064,2.042,6.325,2.083,8.0
Moscow,55.76,37.62,historical,1923,3.344,1.943,5.006,1.913,8.0
Moscow,55.76,37.62,historical,1924,3.249,2.004,5.006,1.924,8.0
Moscow,55.76,37.62,historical,1925,3.447,1.873,5.211,1.823,8.0
Moscow,55.76,37.62,historical,1926,3.425,1.451,5.222,1.966,8.0
Moscow,55.76,37.62,historical,1927,3.792,2.492,5.378,1.907,8.0
Moscow,55.76,37.62,historical,1928,3.664,2.076,4.79,1.915,8.0
Moscow,55.76,37.62,historical,1929,3.38,1.34,5.595,1.974,8.0
Moscow,55.76,37.62,historical,1930,3.298,1.599,5.62,1.953,8.0
Moscow,55.76,37.62,historical,1931,4.077,2.92,5.42,1.889,8.0
Moscow,55.76,37.62,historical,1932,3.843,2.478,5.912,1.719,8.0
Moscow,55.76,37.62,historical,1933,3.559,1.825,5.028,1.905,8.0
Moscow,55.76,37.62,historical,1934,3.461,1.674,5.365,1.896,8.0
Moscow,55.76,37.62,historical,1935,3.719,1.965,5.511,1.764,8.0
Moscow,55.76,37.62,historical,1936,3.053,1.553,4.737,1.981,8.0
Moscow,55.76,37.62,historical,1937,3.738,1.965,5.487,1.941,8.0
Moscow,55.76,37.62,historical,1938,2.895,1.269,4.505,1.89,8.0
Moscow,55.76,37.62,historical,1939,3.563,1.954,5.526,2.009,8.0
Moscow,55.76,37.62,historical,1940,3.826,2.791,4.68,2.077,8.0
Moscow,55.76,37.62,historical,1941,2.836,0.955,4.686,2.044,8.0
Moscow,55.76,37.62,historical,1942,2.986,1.316,4.887,1.884,8.0
Moscow,55.76,37.62,historical,1943,3.876,1.257,6.036,1.872,8.0
Moscow,55.76,37.62,historical,1944,3.641,2.572,4.885,1.991,8.0
Moscow,55.76,37.62,historical,1945,3.149,1.583,4.658,1.849,8.0
Moscow,55.76,37.62,historical,1946,3.27,0.687,4.995,1.752,8.0
Moscow,55.76,37.62,historical,1947,3.296,0.487,5.668,2.016,8.0
Moscow,55.76,37.62,historical,1948,3.645,1.937,5.473,1.919,8.0
Moscow,55.76,37.62,historical,1949,3.362,0.763,5.264,2.022,8.0
Moscow,55.76,37.62,historical,1950,3.194,0.969,5.727,1.973,8.0
Moscow,55.76,37.62,historical,1951,3.546,1.791,5.031,1.893,8.0
Moscow,55.76,37.62,historical,1952,3.046,1.531,4.996,1.837,8.0
Moscow,55.76,37.62,historical,1953,3.295,0.963,5.065,1.964,8.0
Moscow,55.76,37.62,historical,1954,3.411,1.762,4.745,2.111,8.0
Moscow,55.76,37.62,historical,1955,3.974,2.585,5.407,1.773,8.0
Moscow,55.76,37.62,historical,1956,2.957,0.91,5.391,1.989,8.0
Moscow,55.76,37.62,historical,1957,3.788,1.757,5.623,1.903,8.0
Moscow,55.76,37.62,historical,1958,3.45,1.387,5.83,1.982,8.0
Moscow,55.76,37.62,historical,1959,3.526,1.81,5.027,1.824,8.0
Moscow,55.76,37.62,historical,1960,3.612,2.1,5.21,1.874,8.0
Moscow,55.76,37.62,historical,1961,3.566,1.374,5.586,2.003,8.0
Moscow,55.76,37.62,historical,1962,3.35,1.306,4.749,1.738,8.0
Moscow,55.76,37.62,historical,1963,3.766,1.593,6.137,1.944,8.0
Moscow,55.76,37.62,historical,1964,3.844,0.764,5.614,1.831,8.0
Moscow,55.76,37.62,historical,1965,3.084,0.672,4.975,1.935,8.0
Moscow,55.76,37.62,historical,1966,3.167,0.558,4.622,1.993,8.0
Moscow,55.76,37.62,historical,1967,3.071,1.551,4.482,2.009,8.0
Moscow,55.76,37.62,historical,1968,3.029,1.523,4.248,1.882,8.0
Moscow,55.76,37.62,historical,1969,3.455,2.071,4.836,1.951,8.0
Moscow,55.76,37.62,historical,1970,2.805,1.496,4.287,2.133,8.0
Moscow,55.76,37.62,historical,1971,3.413,2.202,4.623,1.839,8.0
Moscow,55.76,37.62,historical,1972,2.873,1.93,4.387,2.016,8.0
Moscow,55.76,37.62,historical,1973,3.202,2.004,4.269,1.991,8.0
Moscow,55.76,37.62,historical,1974,3.348,2.027,4.863,1.889,8.0
Moscow,55.76,37.62,historical,1975,2.854,0.959,4.618,1.843,8.0
Moscow,55.76,37.62,historical,1976,3.132,1.638,4.656,1.821,8.0
Moscow,55.76,37.62,historical,1977,3.208,2.154,4.63,1.896,8.0
Moscow,55.76,37.62,historical,1978,2.827,1.45,4.152,2.036,8.0
Moscow,55.76,37.62,historical,1979,3.151,1.1,5.106,1.771,8.0
Moscow,55.76,37.62,historical,1980,3.342,1.535,5.046,1.853,8.0
Moscow,55.76,37.62,historical,1981,3.062,0.485,5.249,1.904,8.0
Moscow,55.76,37.62,historical,1982,3.689,1.185,5.96,1.989,8.0
Moscow,55.76,37.62,historical,1983,3.428,2.137,4.748,1.786,8.0
Moscow,55.76,37.62,historical,1984,3.173,1.51,4.692,2.025,8.0
Moscow,55.76,37.62,historical,1985,3.413,1.839,4.649,1.821,8.0
Moscow,55.76,37.62,historical,1986,3.975,1.817,5.919,1.947,8.0
Moscow,55.76,37.62,historical,1987,3.553,0.82,5.766,1.964,8.0
Moscow,55.76,37.62,historical,1988,3.662,1.683,5.445,2.0,8.0
Moscow,55.76,37.62,historical,1989,3.829,2.585,5.235,1.815,8.0
Moscow,55.76,37.62,historical,1990,3.941,2.036,5.52,1.864,8.0
Moscow,55.76,37.62,historical,1991,4.588,2.0,6.938,1.769,8.0
Moscow,55.76,37.62,historical,1992,3.497,2.166,4.8,1.863,8.0
Moscow,55.76,37.62,historical,1993,3.289,1.558,4.853,1.917,8.0
Moscow,55.76,37.62,historical,1994,3.651,1.311,5.797,1.845,8.0
Moscow,55.76,37.62,historical,1995,4.229,3.004,5.394,1.875,8.0
Moscow,55.76,37.62,historical,1996,4.471,3.317,5.807,1.878,8.0
Moscow,55.76,37.62,historical,1997,3.504,1.947,5.268,2.048,8.0
Moscow,55.76,37.62,historical,1998,4.365,2.998,5.844,1.966,8.0
Moscow,55.76,37.62,historical,1999,4.055,0.825,5.95,2.028,8.0
Moscow,55.76,37.62,historical,2000,4.954,2.666,6.857,1.993,8.0
Moscow,55.76,37.62,historical,2001,4.252,2.699,5.418,1.833,8.0
Moscow,55.76,37.62,historical,2002,4.288,1.762,6.066,1.913,8.0
Moscow,55.76,37.62,historical,2003,4.377,2.157,5.927,1.999,8.0
Moscow,55.76,37.62,historical,2004,4.204,1.878,5.904,1.822,8.0
Moscow,55.76,37.62,historical,2005,4.619,2.798,6.248,1.888,8.0
Moscow,55.76,37.62,historical,2006,4.858,3.002,6.435,2.015,8.0
Moscow,55.76,37.62,historical,2007,5.174,2.167,7.518,1.921,8.0
Moscow,55.76,37.62,historical,2008,5.199,2.521,7.796,1.911,8.0
Moscow,55.76,37.62,historical,2009,4.898,2.092,7.411,2.09,8.0
Moscow,55.76,37.62,historical,2010,4.882,2.346,6.772,1.95,8.0
Moscow,55.76,37.62,historical,2011,5.173,2.892,7.255,2.062,8.0
Moscow,55.76,37.62,historical,2012,5.243,3.442,7.434,1.881,8.0
Moscow,55.76,37.62,historical,2013,5.033,3.727,6.393,1.972,8.0
Moscow,55.76,37.62,historical,2014,5.229,2.679,7.433,1.954,8.0
Moscow,55.76,37.62,ssp126,2015,4.943,3.205,7.333,1.985,8.0
Moscow,55.76,37.62,ssp126,2016,6.161,4.564,8.157,1.92,8.0
Moscow,55.76,37.62,ssp126,2017,5.12,3.514,7.557,1.907,8.0
Moscow,55.76,37.62,ssp126,2018,5.725,3.075,7.568,2.077,8.0
Moscow,55.76,37.62,ssp126,2019,5.894,3.461,7.8,1.969,8.0
Moscow,55.76,37.62,ssp126,2020,5.886,4.257,8.237,2.006,8.0
Moscow,55.76,37.62,ssp126,2021,5.333,3.169,7.902,2.126,8.0
Moscow,55.76,37.62,ssp126,2022,5.175,3.762,6.78,2.069,8.0
Moscow,55.76,37.62,ssp126,2023,5.627,3.095,7.962,1.867,8.0
Moscow,55.76,37.62,ssp126,2024,6.007,3.841,8.021,2.001,8.0
Moscow,55.76,37.62,ssp126,2025,5.588,4.06,6.632,2.087,8.0
Moscow,55.76,37.62,ssp126,2026,5.63,3.421,7.517,2.198,8.0
Moscow,55.76,37.62,ssp126,2027,5.803,4.232,7.403,2.234,8.0
Moscow,55.76,37.62,ssp126,2028,6.345,5.102,8.052,1.913,8.0
Moscow,55.76,37.62,ssp126,2029,6.14,4.225,7.878,2.023,8.0
Moscow,55.76,37.62,ssp126,2030,5.819,4.713,6.813,2.023,8.0
Moscow,55.76,37.62,ssp126,2031,6.308,4.799,7.547,2.068,8.0
Moscow,55.76,37.62,ssp126,2032,5.94,4.571,7.433,2.144,8.0
Moscow,55.76,37.62,ssp126,2033,6.825,4.467,8.646,1.919,8.0
Moscow,55.76,37.62,ssp126,2034,6.383,4.933,7.608,2.033,8.0
Moscow,55.76,37.62,ssp126,2035,6.076,4.084,7.928,2.066,8.0
Moscow,55.76,37.62,ssp126,2036,5.421,3.434,7.425,2.307,8.0
Moscow,55.76,37.62,ssp126,2037,5.405,3.475,7.495,2.17,8.0
Moscow,55.76,37.62,ssp126,2038,6.151,4.857,7.627,1.992,8.0
Moscow,55.76,37.62,ssp126,2039,5.912,2.989,8.445,2.016,8.0
Moscow,55.76,37.62,ssp126,2040,6.575,4.039,8.998,2.017,8.0
Moscow,55.76,37.62,ssp126,2041,6.988,5.61,8.286,2.049,8.0
Moscow,55.76,37.62,ssp126,2042,6.73,4.327,8.167,1.976,8.0
Moscow,55.76,37.62,ssp126,2043,5.965,4.024,8.652,2.206,8.0
Moscow,55.76,37.62,ssp126,2044,6.608,5.013,8.73,2.258,8.0
Moscow,55.76,37.62,ssp126,2045,6.338,4.261,7.88,2.088,8.0
Moscow,55.76,37.62,ssp126,2046,6.433,4.512,8.587,2.005,8.0
Moscow,55.76,37.62,ssp126,2047,6.264,4.96,7.463,2.059,8.0
Moscow,55.76,37.62,ssp126,2048,6.571,5.22,8.186,2.097,8.0
Moscow,55.76,37.62,ssp126,2049,6.566,5.035,7.91,2.127,8.0
Moscow,55.76,37.62,ssp126,2050,6.222,3.621,8.724,2.037,8.0
Moscow,55.76,37.62,ssp126,2051,6.052,3.696,8.08,1.915,8.0
Moscow,55.76,37.62,ssp126,2052,6.81,5.924,7.872,1.95,8.0
Moscow,55.76,37.62,ssp126,2053,6.971,5.006,9.184,1.998,8.0
Moscow,55.76,37.62,ssp126,2054,6.617,4.953,8.273,2.064,8.0
Moscow,55.76,37.62,ssp126,2055,6.988,5.333,8.737,2.254,8.0
Moscow,55.76,37.62,ssp126,2056,6.874,4.577,8.925,1.968,8.0
Moscow,55.76,37.62,ssp126,2057,6.802,4.902,8.172,2.168,8.0
Moscow,55.76,37.62,ssp126,2058,6.936,4.966,9.202,2.064,8.0
Moscow,55.76,37.62,ssp126,2059,7.226,5.386,9.223,1.892,8.0
Moscow,55.76,37.62,ssp126,2060,6.626,5.368,7.85,2.063,8.0
Moscow,55.76,37.62,ssp126,2061,6.525,4.065,8.498,2.108,8.0
Moscow,55.76,37.62,ssp126,2062,7.285,5.519,9.332,2.228,8.0
Moscow,55.76,37.62,ssp126,2063,7.014,4.796,8.987,2.178,8.0
Moscow,55.76,37.62,ssp126,2064,6.949,5.053,9.026,1.917,8.0
Moscow,55.76,37.62,ssp126,2065,6.221,4.151,8.271,1.951,8.0
Moscow,55.76,37.62,ssp126,2066,6.433,4.858,8.058,2.01,8.0
Moscow,55.76,37.62,ssp126,2067,6.62,4.619,8.724,2.147,8.0
Moscow,55.76,37.62,ssp126,2068,7.055,4.861,9.154,2.071,8.0
Moscow,55.76,37.62,ssp126,2069,6.476,4.788,8.554,1.998,8.0
Moscow,55.76,37.62,ssp126,2070,6.958,4.212,8.874,1.915,8.0
Moscow,55.76,37.62,ssp126,2071,6.409,3.895,8.756,2.0,8.0
Moscow,55.76,37.62,ssp126,2072,6.215,4.983,8.283,2.006,8.0
Moscow,55.76,37.62,ssp126,2073,6.41,5.144,7.751,2.026,8.0
Moscow,55.76,37.62,ssp126,2074,6.636,4.612,8.02,2.023,8.0
Moscow,55.76,37.62,ssp126,2075,7.089,5.963,8.275,2.131,8.0
Moscow,55.76,37.62,ssp126,2076,6.95,5.586,9.0,1.994,8.0
Moscow,55.76,37.62,ssp126,2077,6.819,5.073,8.145,1.955,8.0
Moscow,55.76,37.62,ssp126,2078,6.774,5.331,7.776,1.981,8.0
Moscow,55.76,37.62,ssp126,2079,6.984,4.573,8.461,1.962,8.0
Moscow,55.76,37.62,ssp126,2080,7.437,5.902,8.647,1.952,8.0
Moscow,55.76,37.62,ssp126,2081,6.65,4.322,8.382,2.011,8.0
Moscow,55.76,37.62,ssp126,2082,6.712,4.648,8.617,2.131,8.0
Moscow,55.76,37.62,ssp126,2083,7.391,5.952,9.014,2.174,8.0
Moscow,55.76,37.62,ssp126,2084,7.015,5.577,8.484,2.228,8.0
Moscow,55.76,37.62,ssp126,2085,6.838,5.173,8.662,2.222,8.0
Moscow,55.76,37.62,ssp126,2086,6.29,4.505,7.617,2.094,8.0
Moscow,55.76,37.62,ssp126,2087,7.212,5.792,8.881,2.181,8.0
Moscow,55.76,37.62,ssp126,2088,6.867,4.863,8.677,2.121,8.0
Moscow,55.76,37.62,ssp126,2089,6.645,5.069,7.81,2.244,8.0
Moscow,55.76,37.62,ssp126,2090,6.232,4.997,7.73,2.183,8.0
Moscow,55.76,37.62,ssp126,2091,6.576,5.201,8.361,2.057,8.0
Moscow,55.76,37.62,ssp126,2092,6.877,5.452,8.539,2.08,8.0
Moscow,55.76,37.62,ssp126,2093,7.288,6.066,8.516,2.064,8.0
Moscow,55.76,37.62,ssp126,2094,6.031,4.432,7.151,2.099,8.0
Moscow,55.76,37.62,ssp126,2095,6.066,4.131,7.731,2.049,8.0
Moscow,55.76,37.62,ssp126,2096,7.079,5.183,8.499,1.953,8.0
Moscow,55.76,37.62,ssp126,2097,6.806,5.259,8.312,2.088,8.0
Moscow,55.76,37.62,ssp126,2098,6.347,4.366,8.552,2.025,8.0
Moscow,55.76,37.62,ssp126,2099,6.951,5.098,8.699,2.125,8.0
Moscow,55.76,37.62,ssp126,2100,6.312,4.248,8.287,2.165,8.0
Moscow,55.76,37.62,ssp245,2015,5.09,3.3,7.952,1.964,8.0
Moscow,55.76,37.62,ssp245,2016,5.003,3.072,7.35,1.936,8.0
Moscow,55.76,37.62,ssp245,2017,5.867,4.435,7.529,1.99,8.0
Moscow,55.76,37.62,ssp245,2018,4.873,2.612,6.386,2.149,8.0
Moscow,55.76,37.62,ssp245,2019,4.837,3.781,6.321,2.029,8.0
Moscow,55.76,37.62,ssp245,2020,5.753,3.604,8.041,2.062,8.0
Moscow,55.76,37.62,ssp245,2021,5.119,3.61,7.335,2.06,8.0
Moscow,55.76,37.62,ssp245,2022,6.209,4.519,7.601,2.028,8.0
Moscow,55.76,37.62,ssp245,2023,5.012,2.935,7.795,1.913,8.0
Moscow,55.76,37.62,ssp245,2024,5.843,2.953,7.756,1.986,8.0
Moscow,55.76,37.62,ssp245,2025,5.782,3.503,8.311,1.884,8.0
Moscow,55.76,37.62,ssp245,2026,5.956,4.393,7.527,2.008,8.0
Moscow,55.76,37.62,ssp245,2027,5.45,3.877,7.231,2.138,8.0
Moscow,55.76,37.62,ssp245,2028,5.355,3.894,6.59,2.07,8.0
Moscow,55.76,37.62,ssp245,2029,5.873,4.775,7.625,1.937,8.0
Moscow,55.76,37.62,ssp245,2030,6.402,5.007,8.006,1.802,8.0
Moscow,55.76,37.62,ssp245,2031,6.323,4.382,8.34,2.048,8.0
Moscow,55.76,37.62,ssp245,2032,6.451,4.995,8.064,2.164,8.0
Moscow,55.76,37.62,ssp245,2033,5.918,4.018,7.524,1.914,8.0
Moscow,55.76,37.62,ssp245,2034,6.14,4.542,7.829,1.927,8.0
Moscow,55.76,37.62,ssp245,2035,6.046,4.641,8.16,2.011,8.0
Moscow,55.76,37.62,ssp245,2036,6.542,4.714,8.176,1.941,8.0
Moscow,55.76,37.62,ssp245,2037,6.706,4.664,9.19,2.068,8.0
Moscow,55.76,37.62,ssp245,2038,6.575,4.265,9.079,2.087,8.0
Moscow,55.76,37.62,ssp245,2039,6.489,4.543,8.791,1.99,8.0
Moscow,55.76,37.62,ssp245,2040,6.071,3.773,8.346,2.066,7.0
Moscow,55.76,37.62,ssp245,2041,6.452,4.924,7.98,2.179,7.0
Moscow,55.76,37.62,ssp245,2042,6.335,4.678,8.901,1.964,7.0
Moscow,55.76,37.62,ssp245,2043,6.048,4.617,7.75,1.981,7.0
Moscow,55.76,37.62,ssp245,2044,6.35,4.459,8.406,2.074,7.0
Moscow,55.76,37.62,ssp245,2045,6.769,4.369,8.817,2.027,7.0
Moscow,55.76,37.62,ssp245,2046,6.48,4.883,8.813,2.153,7.0
Moscow,55.76,37.62,ssp245,2047,7.153,6.002,8.865,2.143,7.0
Moscow,55.76,37.62,ssp245,2048,6.834,5.682,7.897,2.131,7.0
Moscow,55.76,37.62,ssp245,2049,6.387,4.772,7.978,2.092,7.0
Moscow,55.76,37.62,ssp245,2050,6.008,4.281,8.178,2.045,7.0
Moscow,55.76,37.62,ssp245,2051,7.047,5.332,9.027,2.111,7.0
Moscow,55.76,37.62,ssp245,2052,6.76,4.854,8.323,2.232,7.0
Moscow,55.76,37.62,ssp245,2053,7.163,5.686,9.073,2.257,7.0
Moscow,55.76,37.62,ssp245,2054,7.057,5.102,8.414,2.07,7.0
Moscow,55.76,37.62,ssp245,2055,7.191,5.599,9.658,2.053,7.0
Moscow,55.76,37.62,ssp245,2056,7.218,5.434,9.153,2.162,7.0
Moscow,55.76,37.62,ssp245,2057,6.425,5.027,8.004,2.194,7.0
Moscow,55.76,37.62,ssp245,2058,6.692,5.263,7.95,2.001,7.0
Moscow,55.76,37.62,ssp245,2059,7.632,5.977,9.553,2.086,7.0
Moscow,55.76,37.62,ssp245,2060,7.284,5.403,9.487,1.907,7.0
Moscow,55.76,37.62,ssp245,2061,7.408,6.099,9.059,2.187,7.0
Moscow,55.76,37.62,ssp245,2062,7.523,5.661,9.395,2.178,7.0
Moscow,55.76,37.62,ssp245,2063,7.827,6.317,9.882,2.265,7.0
Moscow,55.76,37.62,ssp245,2064,6.816,4.057,9.091,2.241,7.0
Moscow,55.76,37.62,ssp245,2065,6.794,4.892,8.857,2.172,7.0
Moscow,55.76,37.62,ssp245,2066,7.279,5.669,8.65,2.117,7.0
Moscow,55.76,37.62,ssp245,2067,7.532,5.662,9.336,2.168,7.0
Moscow,55.76,37.62,ssp245,2068,7.942,5.993,9.798,2.025,7.0
Moscow,55.76,37.62,ssp245,2069,7.657,4.497,10.587,2.052,7.0
Moscow,55.76,37.62,ssp245,2070,8.099,5.038,10.66,2.212,7.0
Moscow,55.76,37.62,ssp245,2071,7.769,5.408,10.028,2.089,7.0
Moscow,55.76,37.62,ssp245,2072,7.969,5.948,9.817,2.158,7.0
Moscow,55.76,37.62,ssp245,2073,7.19,4.678,9.292,2.111,7.0
Moscow,55.76,37.62,ssp245,2074,7.265,4.769,9.434,2.327,7.0
Moscow,55.76,37.62,ssp245,2075,7.124,4.301,9.493,2.072,7.0
Moscow,55.76,37.62,ssp245,2076,7.786,6.501,8.858,2.118,7.0
Moscow,55.76,37.62,ssp245,2077,8.088,6.146,10.317,2.184,7.0
Moscow,55.76,37.62,ssp245,2078,7.751,5.53,9.682,2.246,7.0
Moscow,55.76,37.62,ssp245,2079,8.296,6.176,10.125,2.009,7.0
Moscow,55.76,37.62,ssp245,2080,8.243,6.241,10.107,2.046,7.0
Moscow,55.76,37.62,ssp245,2081,8.165,6.158,10.079,2.082,7.0
Moscow,55.76,37.62,ssp245,2082,8.204,6.48,9.746,2.18,7.0
Moscow,55.76,37.62,ssp245,2083,8.049,5.932,10.179,2.229,7.0
Moscow,55.76,37.62,ssp245,2084,8.384,6.405,10.551,2.15,7.0
Moscow,55.76,37.62,ssp245,2085,8.038,6.086,10.782,2.397,7.0
Moscow,55.76,37.62,ssp245,2086,7.699,5.415,9.778,2.195,7.0
Moscow,55.76,37.62,ssp245,2087,7.994,5.846,11.038,2.232,7.0
Moscow,55.76,37.62,ssp245,2088,8.143,5.635,10.865,2.189,7.0
Moscow,55.76,37.62,ssp245,2089,7.822,4.788,10.163,2.383,7.0
Moscow,55.76,37.62,ssp245,2090,7.325,5.36,9.755,2.262,7.0
Moscow,55.76,37.62,ssp245,2091,8.089,6.06,10.238,2.232,7.0
Moscow,55.76,37.62,ssp245,2092,8.252,6.614,9.65,2.236,7.0
Moscow,55.76,37.62,ssp245,2093,8.531,6.281,10.547,2.067,7.0
Moscow,55.76,37.62,ssp245,2094,8.383,6.64,10.018,2.159,7.0
Moscow,55.76,37.62,ssp245,2095,8.081,6.823,9.998,2.213,7.0
Moscow,55.76,37.62,ssp245,2096,8.353,6.406,10.137,2.383,7.0
Moscow,55.76,37.62,ssp245,2097,8.223,7.059,9.557,2.031,7.0
Moscow,55.76,37.62,ssp245,2098,7.841,5.377,9.989,2.27,7.0
Moscow,55.76,37.62,ssp245,2099,8.329,6.403,9.88,2.303,7.0
Moscow,55.76,37.62,ssp245,2100,8.659,6.795,10.35,2.365,7.0
Moscow,55.76,37.62,ssp585,2015,4.388,2.616,6.722,2.007,8.0
Moscow,55.76,37.62,ssp585,2016,4.799,2.52,7.077,1.948,8.0
Moscow,55.76,37.62,ssp585,2017,5.105,4.014,6.139,1.95,8.0
Moscow,55.76,37.62,ssp585,2018,5.291,3.738,6.904,2.022,8.0
Moscow,55.76,37.62,ssp585,2019,5.329,3.521,7.426,2.131,8.0
Moscow,55.76,37.62,ssp585,2020,4.961,3.394,6.435,1.983,8.0
Moscow,55.76,37.62,ssp585,2021,6.037,4.188,7.784,1.997,8.0
Moscow,55.76,37.62,ssp585,2022,6.058,4.642,7.697,1.925,8.0
Moscow,55.76,37.62,ssp585,2023,5.33,3.005,7.613,1.962,8.0
Moscow,55.76,37.62,ssp585,2024,5.944,4.177,7.493,2.021,8.0
Moscow,55.76,37.62,ssp585,2025,5.719,4.322,7.387,2.038,8.0
Moscow,55.76,37.62,ssp585,2026,5.531,3.08,7.28,2.001,8.0
Moscow,55.76,37.62,ssp585,2027,5.557,3.218,7.784,2.156,8.0
Moscow,55.76,37.62,ssp585,2028,5.838,3.433,7.729,2.229,8.0
Moscow,55.76,37.62,ssp585,2029,6.028,3.775,8.004,2.091,8.0
Moscow,55.76,37.62,ssp585,2030,6.238,4.722,7.693,1.957,8.0
Moscow,55.76,37.62,ssp585,2031,5.802,4.041,7.36,2.268,8.0
Moscow,55.76,37.62,ssp585,2032,5.847,3.378,7.181,2.113,8.0
Moscow,55.76,37.62,ssp585,2033,5.505,3.224,7.739,2.036,8.0
Moscow,55.76,37.62,ssp585,2034,6.731,4.242,8.917,2.041,8.0
Moscow,55.76,37.62,ssp585,2035,6.838,5.248,7.757,1.996,8.0
Moscow,55.76,37.62,ssp585,2036,6.916,3.893,8.574,2.042,8.0
Moscow,55.76,37.62,ssp585,2037,6.885,5.031,8.735,1.999,8.0
Moscow,55.76,37.62,ssp585,2038,6.971,5.118,9.184,2.089,8.0
Moscow,55.76,37.62,ssp585,2039,7.283,6.016,8.937,1.989,8.0
Moscow,55.76,37.62,ssp585,2040,6.465,4.699,8.25,1.961,8.0
Moscow,55.76,37.62,ssp585,2041,7.053,5.043,9.312,2.131,8.0
Moscow,55.76,37.62,ssp585,2042,7.403,6.042,9.081,2.044,8.0
Moscow,55.76,37.62,ssp585,2043,7.467,5.71,9.548,2.069,8.0
Moscow,55.76,37.62,ssp585,2044,7.595,5.419,9.826,1.964,8.0
Moscow,55.76,37.62,ssp585,2045,7.471,5.887,9.39,1.933,8.0
Moscow,55.76,37.62,ssp585,2046,7.525,5.191,9.194,2.136,8.0
Moscow,55.76,37.62,ssp585,2047,7.261,5.878,8.232,1.958,8.0
Moscow,55.76,37.62,ssp585,2048,7.8,5.749,10.23,1.966,8.0
Moscow,55.76,37.62,ssp585,2049,7.349,5.891,8.943,2.111,8.0
Moscow,55.76,37.62,ssp585,2050,7.952,5.344,9.864,1.92,8.0
Moscow,55.76,37.62,ssp585,2051,8.25,6.722,10.018,1.941,8.0
Moscow,55.76,37.62,ssp585,2052,7.429,6.05,8.976,2.148,8.0
Moscow,55.76,37.62,ssp585,2053,7.975,6.109,10.026,1.908,8.0
Moscow,55.76,37.62,ssp585,2054,8.182,5.866,10.423,1.951,8.0
Moscow,55.76,37.62,ssp585,2055,7.757,6.365,9.208,1.911,8.0
Moscow,55.76,37.62,ssp585,2056,7.95,6.514,10.88,2.158,8.0
Moscow,55.76,37.62,ssp585,2057,8.892,6.976,10.31,2.048,8.0
Moscow,55.76,37.62,ssp585,2058,7.687,6.068,10.422,2.214,8.0
Moscow,55.76,37.62,ssp585,2059,8.05,5.682,9.577,2.131,8.0
Moscow,55.76,37.62,ssp585,2060,9.106,6.761,10.896,2.023,8.0
Moscow,55.76,37.62,ssp585,2061,8.423,6.88,10.041,2.027,8.0
Moscow,55.76,37.62,ssp585,2062,8.85,6.658,10.616,2.128,8.0
Moscow,55.76,37.62,ssp585,2063,8.418,6.867,9.948,2.015,8.0
Moscow,55.76,37.62,ssp585,2064,9.104,6.74,11.36,2.056,8.0
Moscow,55.76,37.62,ssp585,2065,9.279,6.269,11.597,2.125,8.0
Moscow,55.76,37.62,ssp585,2066,8.537,5.957,10.44,1.997,8.0
Moscow,55.76,37.62,ssp585,2067,9.086,7.732,11.03,2.186,8.0
Moscow,55.76,37.62,ssp585,2068,8.816,6.659,11.058,2.107,8.0
Moscow,55.76,37.62,ssp585,2069,9.399,6.997,11.359,1.855,8.0
Moscow,55.76,37.62,ssp585,2070,9.613,7.005,12.956,2.067,8.0
Moscow,55.76,37.62,ssp585,2071,9.719,8.144,11.333,2.058,8.0
Moscow,55.76,37.62,ssp585,2072,10.286,8.133,12.47,2.155,8.0
Moscow,55.76,37.62,ssp585,2073,9.935,7.596,11.982,2.149,8.0
Moscow,55.76,37.62,ssp585,2074,10.072,8.253,11.655,2.119,8.0
Moscow,55.76,37.62,ssp585,2075,9.898,6.738,12.129,2.13,8.0
Moscow,55.76,37.62,ssp585,2076,10.059,8.819,11.865,2.072,8.0
Moscow,55.76,37.62,ssp585,2077,10.179,7.502,12.247,2.172,8.0
Moscow,55.76,37.62,ssp585,2078,10.107,6.663,12.354,1.938,8.0
Moscow,55.76,37.62,ssp585,2079,10.249,7.402,12.887,2.135,8.0
Moscow,55.76,37.62,ssp585,2080,10.29,8.586,12.014,2.077,8.0
Moscow,55.76,37.62,ssp585,2081,10.722,8.877,12.742,2.228,8.0
Moscow,55.76,37.62,ssp585,2082,10.095,6.881,13.564,2.156,8.0
Moscow,55.76,37.62,ssp585,2083,10.532,8.026,13.273,2.256,8.0
Moscow,55.76,37.62,ssp585,2084,10.547,8.031,12.951,1.971,8.0
Moscow,55.76,37.62,ssp585,2085,10.372,7.755,12.466,2.162,8.0
Moscow,55.76,37.62,ssp585,2086,10.581,8.482,12.677,2.102,8.0
Moscow,55.76,37.62,ssp585,2087,11.496,9.296,13.592,2.136,8.0
Moscow,55.76,37.62,ssp585,2088,11.231,8.975,13.243,2.015,8.0
Moscow,55.76,37.62,ssp585,2089,11.35,8.609,13.344,2.357,8.0
Moscow,55.76,37.62,ssp585,2090,11.833,9.065,13.735,2.224,8.0
Moscow,55.76,37.62,ssp585,2091,12.014,10.042,13.449,2.142,8.0
Moscow,55.76,37.62,ssp585,2092,11.775,9.418,14.027,2.204,8.0
Moscow,55.76,37.62,ssp585,2093,12.018,8.452,14.178,2.156,8.0
Moscow,55.76,37.62,ssp585,2094,12.001,9.106,14.869,2.082,8.0
Moscow,55.76,37.62,ssp585,2095,11.878,8.428,14.448,2.213,8.0
Moscow,55.76,37.62,ssp585,2096,12.267,9.272,14.547,2.08,8.0
Moscow,55.76,37.62,ssp585,2097,12.285,9.237,15.072,2.278,8.0
Moscow,55.76,37.62,ssp585,2098,11.799,9.311,14.82,2.094,8.0
Moscow,55.76,37.62,ssp585,2099,12.397,10.301,14.782,2.106,8.0
Moscow,55.76,37.62,ssp585,2100,12.364,9.707,14.732,2.17,8.0
Mumbai,19.08,72.88,historical,1850,25.692,24.088,26.704,2.171,8.0
Mumbai,19.08,72.88,historical,1851,25.791,24.214,27.058,1.821,8.0
Mumbai,19.08,72.88,historical,1852,26.12,24.532,27.451,1.766,8.0
Mumbai,19.08,72.88,historical,1853,26.049,24.571,27.324,1.833,8.0
Mumbai,19.08,72.88,historical,1854,26.037,24.732,27.121,1.774,8.0
Mumbai,19.08,72.88,historical,1855,25.998,24.768,26.962,2.081,8.0
Mumbai,19.08,72.88,historical,1856,26.137,24.67,27.448,1.632,8.0
Mumbai,19.08,72.88,historical,1857,25.947,24.662,27.234,1.921,8.0
Mumbai,19.08,72.88,historical,1858,26.23,24.827,27.578,1.733,8.0
Mumbai,19.08,72.88,historical,1859,25.881,24.238,27.114,2.282,8.0
Mumbai,19.08,72.88,historical,1860,25.868,24.36,27.073,1.792,8.0
Mumbai,19.08,72.88,historical,1861,25.968,24.56,27.101,1.911,8.0
Mumbai,19.08,72.88,historical,1862,25.862,24.426,26.951,1.755,8.0
Mumbai,19.08,72.88,historical,1863,25.974,24.666,27.167,2.013,8.0
Mumbai,19.08,72.88,historical,1864,25.915,24.354,27.058,1.748,8.0
Mumbai,19.08,72.88,historical,1865,26.107,24.695,27.094,2.226,8.0
Mumbai,19.08,72.88,historical,1866,25.882,24.482,26.997,2.24,8.0
Mumbai,19.08,72.88,historical,1867,26.045,24.505,26.976,2.284,8.0
Mumbai,19.08,72.88,historical,1868,25.938,24.645,26.884,1.89,8.0
Mumbai,19.08,72.88,historical,1869,25.952,24.562,27.171,1.674,8.0
Mumbai,19.08,72.88,historical,1870,26.038,24.427,27.47,2.06,8.0
Mumbai,19.08,72.88,historical,1871,25.951,24.264,27.194,1.817,8.0
Mumbai,19.08,72.88,historical,1872,26.096,24.949,26.934,2.028,8.0
Mumbai,19.08,72.88,historical,1873,26.015,24.823,27.073,1.872,8.0
Mumbai,19.08,72.88,historical,1874,26.106,24.552,27.469,1.856,8.0
Mumbai,19.08,72.88,historical,1875,25.965,24.471,27.26,1.917,8.0
Mumbai,19.08,72.88,historical,1876,25.935,24.237,27.224,2.048,8.0
Mumbai,19.08,72.88,historical,1877,25.96,24.54,27.197,2.277,8.0
Mumbai,19.08,72.88,historical,1878,25.734,24.395,26.711,2.011,8.0
Mumbai,19.08,72.88,historical,1879,26.065,24.568,27.302,1.781,8.0
Mumbai,19.08,72.88,historical,1880,25.947,24.249,27.372,1.958,8.0
Mumbai,19.08,72.88,historical,1881,26.015,24.529,27.107,2.0,8.0
Mumbai,19.08,72.88,historical,1882,26.025,24.756,27.197,1.898,8.0
Mumbai,19.08,72.88,historical,1883,25.845,24.157,27.251,2.082,8.0
Mumbai,19.08,72.88,historical,1884,25.35,23.994,26.552,1.815,8.0
Mumbai,19.08,72.88,historical,1885,25.811,24.166,27.009,1.785,8.0
Mumbai,19.08,72.88,historical,1886,25.96,24.368,27.363,2.089,8.0
Mumbai,19.08,72.88,historical,1887,25.734,24.289,26.905,2.083,8.0
Mumbai,19.08,72.88,historical,1888,25.988,24.638,26.864,1.963,8.0
Mumbai,19.08,72.88,historical,1889,26.126,25.043,27.111,1.817,8.0
Mumbai,19.08,72.88,historical,1890,25.917,24.658,27.47,1.94,8.0
Mumbai,19.08,72.88,historical,1891,25.946,24.391,27.242,2.14,8.0
Mumbai,19.08,72.88,historical,1892,25.834,24.436,26.852,1.961,8.0
Mumbai,19.08,72.88,historical,1893,26.028,24.53,27.545,2.105,8.0
Mumbai,19.08,72.88,historical,1894,26.181,24.717,27.334,1.887,8.0
Mumbai,19.08,72.88,historical,1895,25.935,24.486,27.084,1.906,8.0
Mumbai,19.08,72.88,historical,1896,25.956,24.325,27.148,1.895,8.0
Mumbai,19.08,72.88,historical,1897,26.05,24.718,27.358,2.078,8.0
Mumbai,19.08,72.88,historical,1898,25.995,24.818,26.852,2.368,8.0
Mumbai,19.08,72.88,historical,1899,25.935,24.887,26.813,2.218,8.0
Mumbai,19.08,72.88,historical,1900,26.083,24.788,27.281,2.335,8.0
Mumbai,19.08,72.88,historical,1901,25.997,24.634,27.19,2.009,8.0
Mumbai,19.08,72.88,historical,1902,25.874,24.169,26.94,2.068,8.0
Mumbai,19.08,72.88,historical,1903,25.793,24.582,26.851,1.674,8.0
Mumbai,19.08,72.88,historical,1904,26.052,24.674,27.221,1.825,8.0
Mumbai,19.08,72.88,historical,1905,26.106,24.95,27.123,2.123,8.0
Mumbai,19.08,72.88,historical,1906,25.924,23.985,27.208,1.679,8.0
Mumbai,19.08,72.88,historical,1907,25.895,24.113,27.321,1.872,8.0
Mumbai,19.08,72.88,historical,1908,26.099,24.883,27.19,1.584,8.0
Mumbai,19.08,72.88,historical,1909,26.111,24.698,27.233,2.031,8.0
Mumbai,19.08,72.88,historical,1910,26.108,24.725,27.179,1.439,8.0
Mumbai,19.08,72.88,historical,1911,26.139,24.907,27.295,1.762,8.0
Mumbai,19.08,72.88,historical,1912,26.091,24.551,27.527,1.915,8.0
Mumbai,19.08,72.88,historical,1913,26.224,24.759,27.543,1.904,8.0
Mumbai,19.08,72.88,historical,1914,26.093,24.764,27.456,1.933,8.0
Mumbai,19.08,72.88,historical,1915,25.852,24.507,27.025,1.784,8.0
Mumbai,19.08,72.88,historical,1916,25.918,24.466,27.101,2.422,8.0
Mumbai,19.08,72.88,historical,1917,26.094,24.827,27.046,2.209,8.0
Mumbai,19.08,72.88,historical,1918,26.175,25.07,27.18,1.83,8.0
Mumbai,19.08,72.88,historical,1919,26.089,25.14,27.08,1.762,8.0
Mumbai,19.08,72.88,historical,1920,26.091,24.762,27.226,1.751,8.0
Mumbai,19.08,72.88,historical,1921,26.093,24.668,27.31,1.719,8.0
Mumbai,19.08,72.88,historical,1922,26.508,24.963,27.935,1.514,8.0
Mumbai,19.08,72.88,historical,1923,26.423,24.896,27.739,1.951,8.0
Mumbai,19.08,72.88,historical,1924,25.888,24.446,27.095,2.059,8.0
Mumbai,19.08,72.88,historical,1925,26.112,24.907,27.196,1.685,8.0
Mumbai,19.08,72.88,historical,1926,26.194,24.803,27.717,2.145,8.0
Mumbai,19.08,72.88,historical,1927,26.408,25.034,27.427,1.527,8.0
Mumbai,19.08,72.88,historical,1928,26.434,24.85,27.921,1.529,8.0
Mumbai,19.08,72.88,historical,1929,26.315,24.81,27.519,2.123,8.0
Mumbai,19.08,72.88,historical,1930,26.076,24.715,27.224,1.863,8.0
Mumbai,19.08,72.88,historical,1931,25.941,24.924,26.825,1.824,8.0
Mumbai,19.08,72.88,historical,1932,26.023,24.636,27.247,1.919,8.0
Mumbai,19.08,72.88,historical,1933,26.103,24.609,27.168,1.794,8.0
Mumbai,19.08,72.88,historical,1934,26.279,24.617,27.401,1.913,8.0
Mumbai,19.08,72.88,historical,1935,26.355,24.945,27.685,1.942,8.0
Mumbai,19.08,72.88,historical,1936,26.035,24.931,26.896,1.787,8.0
Mumbai,19.08,72.88,historical,1937,26.004,24.504,27.206,2.094,8.0
Mumbai,19.08,72.88,historical,1938,26.066,24.583,27.257,1.804,8.0
Mumbai,19.08,72.88,historical,1939,26.292,24.793,27.647,1.791,8.0
Mumbai,19.08,72.88,historical,1940,26.421,25.002,27.633,2.111,8.0
Mumbai,19.08,72.88,historical,1941,26.222,24.744,27.287,1.822,8.0
Mumbai,19.08,72.88,historical,1942,26.143,24.698,27.242,1.84,8.0
Mumbai,19.08,72.88,historical,1943,26.304,24.799,27.52,1.88,8.0
Mumbai,19.08,72.88,historical,1944,26.17,24.944,27.208,2.263,8.0
Mumbai,19.08,72.88,historical,1945,26.191,24.869,27.361,1.708,8.0
Mumbai,19.08,72.88,historical,1946,26.197,25.115,27.123,1.65,8.0
Mumbai,19.08,72.88,historical,1947,26.276,25.235,27.248,2.047,8.0
Mumbai,19.08,72.88,historical,1948,26.52,24.857,27.702,1.633,8.0
Mumbai,19.08,72.88,historical,1949,26.5,25.201,27.674,2.067,8.0
Mumbai,19.08,72.88,historical,1950,26.181,25.016,27.16,1.826,8.0
Mumbai,19.08,72.88,historical,1951,26.294,25.037,27.497,1.76,8.0
Mumbai,19.08,72.88,historical,1952,26.31,24.927,27.492,1.999,8.0
Mumbai,19.08,72.88,historical,1953,26.135,24.811,27.16,2.162,8.0
Mumbai,19.08,72.88,historical,1954,26.004,24.848,26.945,1.902,8.0
Mumbai,19.08,72.88,historical,1955,26.313,24.95,27.629,1.691,8.0
Mumbai,19.08,72.88,historical,1956,26.25,24.884,27.316,1.791,8.0
Mumbai,19.08,72.88,historical,1957,26.387,24.965,27.362,1.866,8.0
Mumbai,19.08,72.88,historical,1958,26.237,24.961,27.234,1.875,8.0
Mumbai,19.08,72.88,historical,1959,26.186,24.855,27.338,1.992,8.0
Mumbai,19.08,72.88,historical,1960,26.238,24.731,27.504,1.933,8.0
Mumbai,19.08,72.88,historical,1961,26.171,24.623,27.175,1.992,8.0
Mumbai,19.08,72.88,historical,1962,26.205,25.004,27.283,1.891,8.0
Mumbai,19.08,72.88,historical,1963,26.071,24.639,27.447,1.961,8.0
Mumbai,19.08,72.88,historical,1964,26.204,24.897,27.558,1.873,8.0
Mumbai,19.08,72.88,historical,1965,26.058,25.155,27.168,1.913,8.0
Mumbai,19.08,72.88,historical,1966,26.126,24.862,27.22,1.915,8.0
Mumbai,19.08,72.88,historical,1967,26.261,24.969,27.408,1.696,8.0
Mumbai,19.08,72.88,historical,1968,26.069,24.791,27.107,2.139,8.0
Mumbai,19.08,72.88,historical,1969,26.189,24.425,27.549,1.817,8.0
Mumbai,19.08,72.88,historical,1970,26.351,24.625,27.75,2.375,8.0
Mumbai,19.08,72.88,historical,1971,26.167,24.701,27.262,1.86,8.0
Mumbai,19.08,72.88,historical,1972,26.168,24.674,27.408,1.785,8.0
Mumbai,19.08,72.88,historical,1973,26.363,25.063,27.416,1.545,8.0
Mumbai,19.08,72.88,historical,1974,26.223,24.884,27.485,2.349,8.0
Mumbai,19.08,72.88,historical,1975,26.133,24.661,27.445,2.177,8.0
Mumbai,19.08,72.88,historical,1976,26.04,24.962,26.736,1.965,8.0
Mumbai,19.08,72.88,historical,1977,26.319,25.227,27.316,2.137,8.0
Mumbai,19.08,72.88,historical,1978,26.473,24.99,28.084,1.665,8.0
Mumbai,19.08,72.88,historical,1979,26.398,24.862,27.747,1.804,8.0
Mumbai,19.08,72.88,historical,1980,26.342,24.975,27.447,1.735,8.0
Mumbai,19.08,72.88,historical,1981,26.274,24.965,27.307,1.758,8.0
Mumbai,19.08,72.88,historical,1982,26.231,24.886,27.211,1.918,8.0
Mumbai,19.08,72.88,historical,1983,26.306,25.02,27.394,1.764,8.0
Mumbai,19.08,72.88,historical,1984,26.536,25.103,28.054,1.615,8.0
Mumbai,19.08,72.88,historical,1985,26.443,24.849,27.778,1.914,8.0
Mumbai,19.08,72.88,historical,1986,26.388,24.908,27.867,2.366,8.0
Mumbai,19.08,72.88,historical,1987,26.159,24.832,27.31,1.964,8.0
Mumbai,19.08,72.88,historical,1988,26.441,25.215,27.505,1.958,8.0
Mumbai,19.08,72.88,historical,1989,26.344,24.832,27.896,2.033,8.0
Mumbai,19.08,72.88,historical,1990,26.569,25.14,27.816,2.333,8.0
Mumbai,19.08,72.88,historical,1991,26.304,24.718,27.563,2.558,8.0
Mumbai,19.08,72.88,historical,1992,25.863,24.127,27.058,1.754,8.0
Mumbai,19.08,72.88,historical,1993,26.23,24.802,27.475,1.988,8.0
Mumbai,19.08,72.88,historical,1994,26.318,24.794,27.859,1.928,8.0
Mumbai,19.08,72.88,historical,1995,26.402,25.061,27.244,1.962,8.0
Mumbai,19.08,72.88,historical,1996,26.503,25.227,27.713,1.952,8.0
Mumbai,19.08,72.88,historical,1997,26.642,25.605,27.573,2.049,8.0
Mumbai,19.08,72.88,historical,1998,26.316,25.016,27.287,2.181,8.0
Mumbai,19.08,72.88,historical,1999,26.446,25.088,27.526,2.48,8.0
Mumbai,19.08,72.88,historical,2000,26.307,24.887,27.45,2.159,8.0
Mumbai,19.08,72.88,historical,2001,26.865,25.605,28.155,1.886,8.0
Mumbai,19.08,72.88,historical,2002,27.003,25.644,28.513,1.901,8.0
Mumbai,19.08,72.88,historical,2003,26.644,25.055,28.14,2.029,8.0
Mumbai,19.08,72.88,historical,2004,26.936,26.067,27.639,2.009,8.0
Mumbai,19.08,72.88,historical,2005,26.746,25.499,27.965,1.909,8.0
Mumbai,19.08,72.88,historical,2006,26.949,25.413,28.27,1.818,8.0
Mumbai,19.08,72.88,historical,2007,26.848,25.338,28.139,2.066,8.0
Mumbai,19.08,72.88,historical,2008,26.696,25.452,27.848,2.123,8.0
Mumbai,19.08,72.88,historical,2009,26.756,25.326,27.938,2.018,8.0
Mumbai,19.08,72.88,historical,2010,26.797,25.087,28.291,2.074,8.0
Mumbai,19.08,72.88,historical,2011,27.024,25.592,28.354,1.974,8.0
Mumbai,19.08,72.88,historical,2012,26.905,25.621,28.022,1.758,8.0
Mumbai,19.08,72.88,historical,2013,26.739,25.059,28.286,2.181,8.0
Mumbai,19.08,72.88,historical,2014,27.016,25.431,28.501,2.155,8.0
Mumbai,19.08,72.88,ssp126,2015,27.092,25.222,28.701,2.326,8.0
Mumbai,19.08,72.88,ssp126,2016,26.765,25.082,28.317,1.987,8.0
Mumbai,19.08,72.88,ssp126,2017,26.723,25.299,27.969,2.104,8.0
Mumbai,19.08,72.88,ssp126,2018,26.953,25.499,28.278,2.221,8.0
Mumbai,19.08,72.88,ssp126,2019,27.198,25.606,28.472,1.732,8.0
Mumbai,19.08,72.88,ssp126,2020,27.242,25.611,28.645,2.181,8.0
Mumbai,19.08,72.88,ssp126,2021,26.97,25.546,28.004,2.371,8.0
Mumbai,19.08,72.88,ssp126,2022,27.103,25.706,28.501,2.275,8.0
Mumbai,19.08,72.88,ssp126,2023,26.941,24.873,28.086,2.611,8.0
Mumbai,19.08,72.88,ssp126,2024,27.068,25.224,28.473,2.138,8.0
Mumbai,19.08,72.88,ssp126,2025,27.328,25.339,28.692,2.026,8.0
Mumbai,19.08,72.88,ssp126,2026,27.134,25.409,28.426,2.252,8.0
Mumbai,19.08,72.88,ssp126,2027,26.98,25.333,28.191,2.324,8.0
Mumbai,19.08,72.88,ssp126,2028,27.098,25.322,28.759,2.568,8.0
Mumbai,19.08,72.88,ssp126,2029,27.252,25.456,28.43,2.032,8.0
Mumbai,19.08,72.88,ssp126,2030,27.515,26.099,28.736,1.886,8.0
Mumbai,19.08,72.88,ssp126,2031,27.627,26.1,29.106,2.274,8.0
Mumbai,19.08,72.88,ssp126,2032,27.264,25.384,28.583,2.352,8.0
Mumbai,19.08,72.88,ssp126,2033,27.209,25.573,28.566,2.583,8.0
Mumbai,19.08,72.88,ssp126,2034,27.412,25.475,28.907,2.068,8.0
Mumbai,19.08,72.88,ssp126,2035,27.457,25.568,28.702,2.062,8.0
Mumbai,19.08,72.88,ssp126,2036,27.906,26.197,29.41,1.742,8.0
Mumbai,19.08,72.88,ssp126,2037,27.821,26.573,29.213,2.276,8.0
Mumbai,19.08,72.88,ssp126,2038,27.559,26.18,28.818,2.388,8.0
Mumbai,19.08,72.88,ssp126,2039,27.525,25.39,29.307,2.161,8.0
Mumbai,19.08,72.88,ssp126,2040,27.594,25.928,28.935,1.941,8.0
Mumbai,19.08,72.88,ssp126,2041,27.809,26.545,29.213,2.628,8.0
Mumbai,19.08,72.88,ssp126,2042,27.715,25.972,28.934,2.591,8.0
Mumbai,19.08,72.88,ssp126,2043,27.744,26.152,28.837,2.319,8.0
Mumbai,19.08,72.88,ssp126,2044,27.759,26.26,29.211,2.471,8.0
Mumbai,19.08,72.88,ssp126,2045,27.64,26.202,28.954,2.325,8.0
Mumbai,19.08,72.88,ssp126,2046,27.884,26.476,29.237,2.201,8.0
Mumbai,19.08,72.88,ssp126,2047,27.876,26.198,29.274,2.288,8.0
Mumbai,19.08,72.88,ssp126,2048,27.901,26.144,29.429,2.176,8.0
Mumbai,19.08,72.88,ssp126,2049,27.624,25.904,29.148,2.459,8.0
Mumbai,19.08,72.88,ssp126,2050,27.858,25.611,29.57,2.462,8.0
Mumbai,19.08,72.88,ssp126,2051,27.881,26.242,29.102,2.201,8.0
Mumbai,19.08,72.88,ssp126,2052,27.696,26.262,29.396,2.455,8.0
Mumbai,19.08,72.88,ssp126,2053,27.78,26.118,29.274,2.689,8.0
Mumbai,19.08,72.88,ssp126,2054,27.844,25.758,29.214,2.606,8.0
Mumbai,19.08,72.88,ssp126,2055,27.533,25.484,28.888,2.568,8.0
Mumbai,19.08,72.88,ssp126,2056,27.63,25.582,28.994,2.223,8.0
Mumbai,19.08,72.88,ssp126,2057,27.757,26.037,29.288,2.523,8.0
Mumbai,19.08,72.88,ssp126,2058,27.651,25.635,29.372,1.957,8.0
Mumbai,19.08,72.88,ssp126,2059,27.85,25.685,29.262,2.128,8.0
Mumbai,19.08,72.88,ssp126,2060,27.99,26.153,29.406,2.752,8.0
Mumbai,19.08,72.88,ssp126,2061,27.891,26.322,29.453,2.112,8.0
Mumbai,19.08,72.88,ssp126,2062,27.852,26.097,29.541,2.206,8.0
Mumbai,19.08,72.88,ssp126,2063,27.743,26.001,29.35,2.503,8.0
Mumbai,19.08,72.88,ssp126,2064,27.792,25.548,29.463,2.154,8.0
Mumbai,19.08,72.88,ssp126,2065,27.88,26.05,29.426,2.342,8.0
Mumbai,19.08,72.88,ssp126,2066,27.97,26.049,29.46,2.822,8.0
Mumbai,19.08,72.88,ssp126,2067,27.908,25.912,29.139,2.281,8.0
Mumbai,19.08,72.88,ssp126,2068,27.842,25.951,29.143,2.287,8.0
Mumbai,19.08,72.88,ssp126,2069,28.172,26.472,29.562,2.128,8.0
Mumbai,19.08,72.88,ssp126,2070,27.855,26.102,29.264,2.547,8.0
Mumbai,19.08,72.88,ssp126,2071,27.625,25.739,29.459,2.718,8.0
Mumbai,19.08,72.88,ssp126,2072,27.766,25.457,29.49,2.082,8.0
Mumbai,19.08,72.88,ssp126,2073,27.849,25.523,29.324,2.372,8.0
Mumbai,19.08,72.88,ssp126,2074,27.917,25.963,29.368,2.702,8.0
Mumbai,19.08,72.88,ssp126,2075,28.005,26.233,29.488,2.38,8.0
Mumbai,19.08,72.88,ssp126,2076,27.826,25.667,29.6,2.417,8.0
Mumbai,19.08,72.88,ssp126,2077,28.147,26.497,29.321,1.963,8.0
Mumbai,19.08,72.88,ssp126,2078,28.143,26.728,29.401,2.336,8.0
Mumbai,19.08,72.88,ssp126,2079,27.941,25.848,29.583,2.827,8.0
Mumbai,19.08,72.88,ssp126,2080,27.903,26.041,29.561,2.106,8.0
Mumbai,19.08,72.88,ssp126,2081,28.015,26.255,29.398,2.127,8.0
Mumbai,19.08,72.88,ssp126,2082,28.155,26.369,29.573,2.229,8.0
Mumbai,19.08,72.88,ssp126,2083,27.813,26.067,29.175,2.229,8.0
Mumbai,19.08,72.88,ssp126,2084,28.075,26.408,29.626,1.93,8.0
Mumbai,19.08,72.88,ssp126,2085,28.135,26.781,29.429,2.488,8.0
Mumbai,19.08,72.88,ssp126,2086,28.018,26.386,29.258,2.434,8.0
Mumbai,19.08,72.88,ssp126,2087,27.847,26.062,29.286,2.126,8.0
Mumbai,19.08,72.88,ssp126,2088,27.826,26.143,29.389,2.477,8.0
Mumbai,19.08,72.88,ssp126,2089,27.827,26.093,29.317,2.274,8.0
Mumbai,19.08,72.88,ssp126,2090,28.111,26.557,29.369,1.907,8.0
Mumbai,19.08,72.88,ssp126,2091,28.036,26.236,29.411,2.047,8.0
Mumbai,19.08,72.88,ssp126,2092,27.995,25.729,29.566,2.066,8.0
Mumbai,19.08,72.88,ssp126,2093,27.767,25.694,29.39,2.784,8.0
Mumbai,19.08,72.88,ssp126,2094,27.788,26.061,29.307,2.316,8.0
Mumbai,19.08,72.88,ssp126,2095,27.721,25.987,29.439,2.541,8.0
Mumbai,19.08,72.88,ssp126,2096,27.958,25.869,29.426,2.112,8.0
Mumbai,19.08,72.88,ssp126,2097,27.746,25.641,29.563,2.542,8.0
Mumbai,19.08,72.88,ssp126,2098,27.745,25.722,29.436,2.452,8.0
Mumbai,19.08,72.88,ssp126,2099,27.75,26.105,29.213,2.197,8.0
Mumbai,19.08,72.88,ssp126,2100,27.993,26.311,29.408,2.264,8.0
Mumbai,19.08,72.88,ssp245,2015,26.883,24.88,28.193,2.263,8.0
Mumbai,19.08,72.88,ssp245,2016,26.78,25.683,27.9,2.369,8.0
Mumbai,19.08,72.88,ssp245,2017,26.891,25.74,28.09,2.315,8.0
Mumbai,19.08,72.88,ssp245,2018,27.131,25.416,28.436,2.283,8.0
Mumbai,19.08,72.88,ssp245,2019,27.017,25.456,28.279,2.063,8.0
Mumbai,19.08,72.88,ssp245,2020,27.061,25.441,28.267,2.26,8.0
Mumbai,19.08,72.88,ssp245,2021,26.928,25.113,28.393,2.109,8.0
Mumbai,19.08,72.88,ssp245,2022,26.955,25.314,28.298,1.858,8.0
Mumbai,19.08,72.88,ssp245,2023,27.179,25.561,28.473,2.252,8.0
Mumbai,19.08,72.88,ssp245,2024,27.042,25.47,28.426,2.426,8.0
Mumbai,19.08,72.88,ssp245,2025,27.13,25.286,28.498,2.405,8.0
Mumbai,19.08,72.88,ssp245,2026,27.306,25.514,28.59,1.729,8.0
Mumbai,19.08,72.88,ssp245,2027,27.191,25.727,28.658,1.824,8.0
Mumbai,19.08,72.88,ssp245,2028,27.245,25.41,28.684,2.316,8.0
Mumbai,19.08,72.88,ssp245,2029,27.194,25.395,28.682,2.132,8.0
Mumbai,19.08,72.88,ssp245,2030,27.382,26.03,28.601,2.445,8.0
Mumbai,19.08,72.88,ssp245,2031,27.386,25.681,28.472,2.2,8.0
Mumbai,19.08,72.88,ssp245,2032,27.147,25.336,28.464,2.27,8.0
Mumbai,19.08,72.88,ssp245,2033,27.384,26.132,28.529,1.727,8.0
Mumbai,19.08,72.88,ssp245,2034,27.435,25.874,28.895,2.118,8.0
Mumbai,19.08,72.88,ssp245,2035,27.418,25.602,28.702,2.366,8.0
Mumbai,19.08,72.88,ssp245,2036,27.453,26.048,28.302,2.413,8.0
Mumbai,19.08,72.88,ssp245,2037,27.279,25.722,28.436,2.495,8.0
Mumbai,19.08,72.88,ssp245,2038,27.729,25.609,28.965,2.326,8.0
Mumbai,19.08,72.88,ssp245,2039,27.584,25.527,29.064,2.03,8.0
Mumbai,19.08,72.88,ssp245,2040,27.487,25.65,28.959,1.94,7.0
Mumbai,19.08,72.88,ssp245,2041,27.504,25.632,29.011,1.845,7.0
Mumbai,19.08,72.88,ssp245,2042,27.805,25.938,29.445,1.819,7.0
Mumbai,19.08,72.88,ssp245,2043,27.779,25.982,29.37,1.887,7.0
Mumbai,19.08,72.88,ssp245,2044,27.739,26.006,29.209,1.765,7.0
Mumbai,19.08,72.88,ssp245,2045,27.599,25.855,29.162,1.801,7.0
Mumbai,19.08,72.88,ssp245,2046,27.602,25.644,29.155,2.212,7.0
Mumbai,19.08,72.88,ssp245,2047,27.824,25.869,29.561,2.396,7.0
Mumbai,19.08,72.88,ssp245,2048,27.718,25.91,29.411,1.739,7.0
Mumbai,19.08,72.88,ssp245,2049,27.976,26.437,29.272,1.847,7.0
Mumbai,19.08,72.88,ssp245,2050,27.921,26.359,29.366,1.936,7.0
Mumbai,19.08,72.88,ssp245,2051,27.988,26.411,29.479,1.93,7.0
Mumbai,19.08,72.88,ssp245,2052,27.995,26.244,29.218,1.84,7.0
Mumbai,19.08,72.88,ssp245,2053,28.424,26.716,29.988,1.715,7.0
Mumbai,19.08,72.88,ssp245,2054,28.008,25.896,29.781,2.033,7.0
Mumbai,19.08,72.88,ssp245,2055,28.141,26.359,29.68,1.715,7.0
Mumbai,19.08,72.88,ssp245,2056,28.295,26.656,29.781,2.21,7.0
Mumbai,19.08,72.88,ssp245,2057,28.384,26.556,29.842,2.048,7.0
Mumbai,19.08,72.88,ssp245,2058,28.139,26.04,29.64,2.337,7.0
Mumbai,19.08,72.88,ssp245,2059,27.936,25.833,29.57,2.332,7.0
Mumbai,19.08,72.88,ssp245,2060,28.009,26.21,29.572,2.177,7.0
Mumbai,19.08,72.88,ssp245,2061,28.036,25.844,29.73,2.298,7.0
Mumbai,19.08,72.88,ssp245,2062,28.136,25.773,29.835,2.099,7.0
Mumbai,19.08,72.88,ssp245,2063,28.242,26.48,29.798,2.043,7.0
Mumbai,19.08,72.88,ssp245,2064,28.564,27.023,29.811,1.921,7.0
Mumbai,19.08,72.88,ssp245,2065,28.603,26.99,29.917,2.169,7.0
Mumbai,19.08,72.88,ssp245,2066,28.278,26.45,29.902,1.853,7.0
Mumbai,19.08,72.88,ssp245,2067,28.594,26.505,29.945,2.106,7.0
Mumbai,19.08,72.88,ssp245,2068,28.524,26.76,30.055,2.056,7.0
Mumbai,19.08,72.88,ssp245,2069,28.32,26.51,29.779,1.949,7.0
Mumbai,19.08,72.88,ssp245,2070,28.639,26.501,30.324,1.922,7.0
Mumbai,19.08,72.88,ssp245,2071,28.643,26.943,30.093,2.351,7.0
Mumbai,19.08,72.88,ssp245,2072,28.541,27.036,30.071,2.115,7.0
Mumbai,19.08,72.88,ssp245,2073,28.35,25.924,30.241,2.193,7.0
Mumbai,19.08,72.88,ssp245,2074,28.344,26.235,29.975,2.089,7.0
Mumbai,19.08,72.88,ssp245,2075,28.634,26.678,30.16,2.255,7.0
Mumbai,19.08,72.88,ssp245,2076,28.403,26.471,30.021,2.281,7.0
Mumbai,19.08,72.88,ssp245,2077,28.649,26.132,30.317,2.254,7.0
Mumbai,19.08,72.88,ssp245,2078,28.768,26.967,30.239,1.901,7.0
Mumbai,19.08,72.88,ssp245,2079,28.793,26.985,30.241,2.221,7.0
Mumbai,19.08,72.88,ssp245,2080,28.77,26.717,30.44,2.077,7.0
Mumbai,19.08,72.88,ssp245,2081,28.712,26.331,30.691,2.405,7.0
Mumbai,19.08,72.88,ssp245,2082,28.669,26.45,30.24,2.134,7.0
Mumbai,19.08,72.88,ssp245,2083,28.856,26.673,30.547,2.394,7.0
Mumbai,19.08,72.88,ssp245,2084,28.822,27.063,30.232,1.671,7.0
Mumbai,19.08,72.88,ssp245,2085,28.967,26.895,30.296,2.708,7.0
Mumbai,19.08,72.88,ssp245,2086,28.766,26.776,30.42,2.324,7.0
Mumbai,19.08,72.88,ssp245,2087,28.724,26.558,30.144,2.14,7.0
Mumbai,19.08,72.88,ssp245,2088,28.631,26.695,30.431,2.247,7.0
Mumbai,19.08,72.88,ssp245,2089,28.91,26.535,30.442,2.522,7.0
Mumbai,19.08,72.88,ssp245,2090,28.944,26.444,30.639,2.212,7.0
Mumbai,19.08,72.88,ssp245,2091,28.883,26.644,30.439,2.033,7.0
Mumbai,19.08,72.88,ssp245,2092,28.94,26.734,30.329,2.147,7.0
Mumbai,19.08,72.88,ssp245,2093,28.833,26.292,30.542,2.263,7.0
Mumbai,19.08,72.88,ssp245,2094,28.934,26.917,30.456,2.078,7.0
Mumbai,19.08,72.88,ssp245,2095,29.086,27.231,30.713,2.299,7.0
Mumbai,19.08,72.88,ssp245,2096,28.97,26.566,30.624,2.089,7.0
Mumbai,19.08,72.88,ssp245,2097,29.014,27.387,30.353,2.242,7.0
Mumbai,19.08,72.88,ssp245,2098,28.967,27.388,30.259,1.974,7.0
Mumbai,19.08,72.88,ssp245,2099,29.238,26.965,30.906,2.048,7.0
Mumbai,19.08,72.88,ssp245,2100,29.262,27.156,30.786,1.897,7.0
Mumbai,19.08,72.88,ssp585,2015,26.9,25.084,28.456,2.298,8.0
Mumbai,19.08,72.88,ssp585,2016,26.743,25.141,28.088,2.175,8.0
Mumbai,19.08,72.88,ssp585,2017,26.523,25.006,27.733,2.15,8.0
Mumbai,19.08,72.88,ssp585,2018,26.841,25.021,28.305,1.998,8.0
Mumbai,19.08,72.88,ssp585,2019,27.202,25.5,28.474,2.137,8.0
Mumbai,19.08,72.88,ssp585,2020,27.174,25.136,28.706,2.294,8.0
Mumbai,19.08,72.88,ssp585,2021,26.967,25.239,28.451,2.275,8.0
Mumbai,19.08,72.88,ssp585,2022,26.893,25.085,28.28,2.273,8.0
Mumbai,19.08,72.88,ssp585,2023,27.197,25.416,28.454,1.78,8.0
Mumbai,19.08,72.88,ssp585,2024,27.032,25.014,28.505,2.242,8.0
Mumbai,19.08,72.88,ssp585,2025,27.177,25.419,28.558,2.233,8.0
Mumbai,19.08,72.88,ssp585,2026,27.196,25.448,28.754,2.235,8.0
Mumbai,19.08,72.88,ssp585,2027,27.296,25.46,28.977,2.376,8.0
Mumbai,19.08,72.88,ssp585,2028,27.455,26.182,28.786,2.234,8.0
Mumbai,19.08,72.88,ssp585,2029,27.213,25.705,28.411,2.336,8.0
Mumbai,19.08,72.88,ssp585,2030,27.142,25.199,28.407,2.232,8.0
Mumbai,19.08,72.88,ssp585,2031,27.468,25.616,28.87,2.241,8.0
Mumbai,19.08,72.88,ssp585,2032,27.509,26.068,28.629,1.969,8.0
Mumbai,19.08,72.88,ssp585,2033,27.337,25.479,28.617,2.345,8.0
Mumbai,19.08,72.88,ssp585,2034,27.21,25.159,28.476,2.329,8.0
Mumbai,19.08,72.88,ssp585,2035,27.376,25.116,28.985,2.323,8.0
Mumbai,19.08,72.88,ssp585,2036,27.541,25.521,28.779,1.946,8.0
Mumbai,19.08,72.88,ssp585,2037,27.739,25.615,29.093,2.782,8.0
Mumbai,19.08,72.88,ssp585,2038,27.409,25.119,28.872,2.92,8.0
Mumbai,19.08,72.88,ssp585,2039,27.467,25.477,29.006,2.274,8.0
Mumbai,19.08,72.88,ssp585,2040,27.784,26.096,29.412,2.06,8.0
Mumbai,19.08,72.88,ssp585,2041,27.934,25.732,29.276,2.355,8.0
Mumbai,19.08,72.88,ssp585,2042,27.898,25.68,29.465,2.402,8.0
Mumbai,19.08,72.88,ssp585,2043,27.907,25.628,29.607,2.608,8.0
Mumbai,19.08,72.88,ssp585,2044,27.919,26.04,29.248,2.521,8.0
Mumbai,19.08,72.88,ssp585,2045,27.745,25.885,29.445,2.515,8.0
Mumbai,19.08,72.88,ssp585,2046,28.138,25.996,29.755,2.001,8.0
Mumbai,19.08,72.88,ssp585,2047,28.264,26.215,29.677,2.645,8.0
Mumbai,19.08,72.88,ssp585,2048,28.215,26.187,29.491,2.278,8.0
Mumbai,19.08,72.88,ssp585,2049,28.235,25.917,30.045,2.774,8.0
Mumbai,19.08,72.88,ssp585,2050,28.107,26.353,29.668,3.007,8.0
Mumbai,19.08,72.88,ssp585,2051,28.46,26.864,29.938,2.683,8.0
Mumbai,19.08,72.88,ssp585,2052,28.43,26.39,29.858,2.372,8.0
Mumbai,19.08,72.88,ssp585,2053,28.431,25.992,30.096,2.585,8.0
Mumbai,19.08,72.88,ssp585,2054,28.481,26.509,29.845,2.227,8.0
Mumbai,19.08,72.88,ssp585,2055,28.535,26.398,30.427,2.547,8.0
Mumbai,19.08,72.88,ssp585,2056,28.618,26.621,30.109,2.821,8.0
Mumbai,19.08,72.88,ssp585,2057,28.773,26.515,30.172,2.205,8.0
Mumbai,19.08,72.88,ssp585,2058,28.879,26.531,30.762,2.33,8.0
Mumbai,19.08,72.88,ssp585,2059,28.773,26.967,30.385,2.855,8.0
Mumbai,19.08,72.88,ssp585,2060,28.759,26.663,30.444,2.315,8.0
Mumbai,19.08,72.88,ssp585,2061,29.084,26.784,30.727,2.325,8.0
Mumbai,19.08,72.88,ssp585,2062,28.968,26.868,30.544,2.722,8.0
Mumbai,19.08,72.88,ssp585,2063,29.067,26.79,30.671,2.989,8.0
Mumbai,19.08,72.88,ssp585,2064,29.264,27.471,30.807,2.641,8.0
Mumbai,19.08,72.88,ssp585,2065,29.081,27.088,30.713,2.225,8.0
Mumbai,19.08,72.88,ssp585,2066,29.194,27.295,30.818,2.476,8.0
Mumbai,19.08,72.88,ssp585,2067,29.577,27.366,31.125,2.921,8.0
Mumbai,19.08,72.88,ssp585,2068,29.221,27.179,30.644,3.179,8.0
Mumbai,19.08,72.88,ssp585,2069,29.283,27.251,31.314,2.389,8.0
Mumbai,19.08,72.88,ssp585,2070,29.529,27.556,30.989,2.415,8.0
Mumbai,19.08,72.88,ssp585,2071,29.705,27.851,31.225,2.835,8.0
Mumbai,19.08,72.88,ssp585,2072,29.59,27.759,31.118,2.604,8.0
Mumbai,19.08,72.88,ssp585,2073,29.615,27.374,31.385,2.405,8.0
Mumbai,19.08,72.88,ssp585,2074,29.72,27.469,31.396,2.773,8.0
Mumbai,19.08,72.88,ssp585,2075,29.818,27.93,31.413,2.796,8.0
Mumbai,19.08,72.88,ssp585,2076,29.871,27.941,31.723,3.364,8.0
Mumbai,19.08,72.88,ssp585,2077,29.652,27.43,31.472,2.871,8.0
Mumbai,19.08,72.88,ssp585,2078,29.852,27.235,32.064,3.156,8.0
Mumbai,19.08,72.88,ssp585,2079,30.053,28.158,31.474,3.093,8.0
Mumbai,19.08,72.88,ssp585,2080,30.143,28.021,31.823,3.26,8.0
Mumbai,19.08,72.88,ssp585,2081,30.191,28.351,31.952,3.323,8.0
Mumbai,19.08,72.88,ssp585,2082,30.24,28.273,32.231,2.963,8.0
Mumbai,19.08,72.88,ssp585,2083,30.306,28.203,31.73,2.892,8.0
Mumbai,19.08,72.88,ssp585,2084,30.402,27.755,32.468,3.15,8.0
Mumbai,19.08,72.88,ssp585,2085,30.371,28.05,32.404,3.337,8.0
Mumbai,19.08,72.88,ssp585,2086,30.595,28.41,32.382,2.64,8.0
Mumbai,19.08,72.88,ssp585,2087,30.765,29.007,32.394,2.793,8.0
Mumbai,19.08,72.88,ssp585,2088,30.711,28.559,32.533,3.152,8.0
Mumbai,19.08,72.88,ssp585,2089,30.651,28.174,32.328,2.909,8.0
Mumbai,19.08,72.88,ssp585,2090,30.619,27.857,32.547,3.334,8.0
Mumbai,19.08,72.88,ssp585,2091,30.899,28.343,32.934,3.643,8.0
Mumbai,19.08,72.88,ssp585,2092,30.927,28.344,32.771,3.875,8.0
Mumbai,19.08,72.88,ssp585,2093,31.13,29.252,32.791,3.281,8.0
Mumbai,19.08,72.88,ssp585,2094,31.218,28.664,33.439,3.191,8.0
Mumbai,19.08,72.88,ssp585,2095,31.259,28.533,33.275,3.055,8.0
Mumbai,19.08,72.88,ssp585,2096,31.437,28.787,33.247,2.99,8.0
Mumbai,19.08,72.88,ssp585,2097,31.305,28.818,33.309,3.325,8.0
Mumbai,19.08,72.88,ssp585,2098,31.432,29.332,33.314,3.759,8.0
Mumbai,19.08,72.88,ssp585,2099,31.66,29.574,33.403,3.269,8.0
Mumbai,19.08,72.88,ssp585,2100,31.556,29.169,33.624,3.465,8.0
Nairobi,-1.29,36.82,historical,1850,21.645,20.028,23.404,2.381,8.0
Nairobi,-1.29,36.82,historical,1851,21.556,19.896,23.445,2.264,8.0
Nairobi,-1.29,36.82,historical,1852,21.655,19.859,23.489,2.628,8.0
Nairobi,-1.29,36.82,historical,1853,21.607,19.805,23.33,2.444,8.0
Nairobi,-1.29,36.82,historical,1854,21.707,19.896,23.452,2.18,8.0
Nairobi,-1.29,36.82,historical,1855,21.373,19.796,22.994,2.566,8.0
Nairobi,-1.29,36.82,historical,1856,21.742,19.73,23.871,2.153,8.0
Nairobi,-1.29,36.82,historical,1857,21.813,19.732,24.064,2.284,8.0
Nairobi,-1.29,36.82,historical,1858,21.792,20.045,23.393,2.25,8.0
Nairobi,-1.29,36.82,historical,1859,21.662,20.05,23.529,2.494,8.0
Nairobi,-1.29,36.82,historical,1860,21.683,20.02,23.711,2.348,8.0
Nairobi,-1.29,36.82,historical,1861,21.583,20.032,23.137,2.262,8.0
Nairobi,-1.29,36.82,historical,1862,21.585,19.743,23.709,2.281,8.0
Nairobi,-1.29,36.82,historical,1863,21.725,19.802,23.655,2.071,8.0
Nairobi,-1.29,36.82,historical,1864,21.723,19.821,23.74,2.339,8.0
Nairobi,-1.29,36.82,historical,1865,21.729,20.087,23.158,2.364,8.0
Nairobi,-1.29,36.82,historical,1866,21.513,19.738,23.689,2.332,8.0
Nairobi,-1.29,36.82,historical,1867,21.61,19.895,23.451,2.397,8.0
Nairobi,-1.29,36.82,historical,1868,21.598,19.946,23.525,2.238,8.0
Nairobi,-1.29,36.82,historical,1869,21.617,19.891,23.5,2.488,8.0
Nairobi,-1.29,36.82,historical,1870,21.643,20.052,23.529,2.455,8.0
Nairobi,-1.29,36.82,historical,1871,21.678,19.984,23.59,2.285,8.0
Nairobi,-1.29,36.82,historical,1872,21.731,20.161,23.389,2.131,8.0
Nairobi,-1.29,36.82,historical,1873,21.822,19.896,23.787,2.309,8.0
Nairobi,-1.29,36.82,historical,1874,21.791,20.252,23.52,2.357,8.0
Nairobi,-1.29,36.82,historical,1875,21.831,19.922,24.276,2.135,8.0
Nairobi,-1.29,36.82,historical,1876,21.747,20.136,23.481,2.114,8.0
Nairobi,-1.29,36.82,historical,1877,21.756,20.284,23.224,2.234,8.0
Nairobi,-1.29,36.82,historical,1878,21.625,19.911,23.605,2.234,8.0
Nairobi,-1.29,36.82,historical,1879,21.833,20.281,23.788,2.193,8.0
Nairobi,-1.29,36.82,historical,1880,21.697,19.994,23.553,2.537,8.0
Nairobi,-1.29,36.82,historical,1881,21.637,19.912,23.477,2.313,8.0
Nairobi,-1.29,36.82,historical,1882,21.644,20.063,23.568,2.406,8.0
Nairobi,-1.29,36.82,historical,1883,21.507,19.712,23.597,2.34,8.0
Nairobi,-1.29,36.82,historical,1884,21.297,19.68,23.375,2.153,8.0
Nairobi,-1.29,36.82,historical,1885,21.456,19.752,23.457,2.288,8.0
Nairobi,-1.29,36.82,historical,1886,21.36,19.682,23.215,2.389,8.0
Nairobi,-1.29,36.82,historical,1887,21.405,19.955,23.232,2.415,8.0
Nairobi,-1.29,36.82,historical,1888,21.598,20.069,23.109,2.418,8.0
Nairobi,-1.29,36.82,historical,1889,21.547,20.177,22.936,2.469,8.0
Nairobi,-1.29,36.82,historical,1890,21.431,19.68,23.2,2.498,8.0
Nairobi,-1.29,36.82,historical,1891,21.707,19.94,23.545,2.154,8.0
Nairobi,-1.29,36.82,historical,1892,21.694,20.655,23.01,2.511,8.0
Nairobi,-1.29,36.82,historical,1893,21.764,20.315,23.798,2.206,8.0
Nairobi,-1.29,36.82,historical,1894,21.842,20.047,23.437,2.216,8.0
Nairobi,-1.29,36.82,historical,1895,21.646,19.917,23.649,2.288,8.0
Nairobi,-1.29,36.82,historical,1896,21.723,20.175,23.865,2.268,8.0
Nairobi,-1.29,36.82,historical,1897,21.638,20.2,23.485,2.273,8.0
Nairobi,-1.29,36.82,historical,1898,21.646,20.341,23.064,2.278,8.0
Nairobi,-1.29,36.82,historical,1899,21.701,20.049,23.252,2.246,8.0
Nairobi,-1.29,36.82,historical,1900,21.792,20.311,23.546,2.555,8.0
Nairobi,-1.29,36.82,historical,1901,21.574,19.937,23.095,2.388,8.0
Nairobi,-1.29,36.82,historical,1902,21.667,20.011,23.589,2.119,8.0
Nairobi,-1.29,36.82,historical,1903,21.776,20.096,23.872,2.219,8.0
Nairobi,-1.29,36.82,historical,1904,21.787,20.242,23.681,2.373,8.0
Nairobi,-1.29,36.82,historical,1905,21.918,20.486,23.714,2.136,8.0
Nairobi,-1.29,36.82,historical,1906,21.768,20.048,23.91,2.159,8.0
Nairobi,-1.29,36.82,historical,1907,21.87,20.032,24.108,2.2,8.0
Nairobi,-1.29,36.82,historical,1908,21.737,20.253,23.482,2.387,8.0
Nairobi,-1.29,36.82,historical,1909,21.663,20.315,23.218,2.375,8.0
Nairobi,-1.29,36.82,historical,1910,21.789,20.226,23.572,2.272,8.0
Nairobi,-1.29,36.82,historical,1911,21.669,20.101,23.129,2.464,8.0
Nairobi,-1.29,36.82,historical,1912,21.771,20.117,23.318,2.296,8.0
Nairobi,-1.29,36.82,historical,1913,21.831,20.203,23.559,2.429,8.0
Nairobi,-1.29,36.82,historical,1914,21.668,20.191,22.934,2.502,8.0
Nairobi,-1.29,36.82,historical,1915,21.611,20.104,22.859,2.365,8.0
Nairobi,-1.29,36.82,historical,1916,21.681,20.043,23.338,2.202,8.0
Nairobi,-1.29,36.82,historical,1917,21.827,20.398,23.852,2.154,8.0
Nairobi,-1.29,36.82,historical,1918,21.681,20.387,23.189,2.521,8.0
Nairobi,-1.29,36.82,historical,1919,21.843,20.419,23.172,2.264,8.0
Nairobi,-1.29,36.82,historical,1920,22.028,20.424,24.088,2.256,8.0
Nairobi,-1.29,36.82,historical,1921,21.935,20.012,24.395,2.352,8.0
Nairobi,-1.29,36.82,historical,1922,21.836,19.968,24.338,2.556,8.0
Nairobi,-1.29,36.82,historical,1923,21.838,20.277,23.638,2.531,8.0
Nairobi,-1.29,36.82,historical,1924,21.653,20.332,23.284,2.36,8.0
Nairobi,-1.29,36.82,historical,1925,21.831,20.187,23.706,2.23,8.0
Nairobi,-1.29,36.82,historical,1926,21.991,20.302,23.918,2.339,8.0
Nairobi,-1.29,36.82,historical,1927,22.018,20.393,23.736,2.332,8.0
Nairobi,-1.29,36.82,historical,1928,21.915,20.268,24.07,2.359,8.0
Nairobi,-1.29,36.82,historical,1929,21.925,20.201,23.459,2.212,8.0
Nairobi,-1.29,36.82,historical,1930,21.753,20.236,23.732,2.36,8.0
Nairobi,-1.29,36.82,historical,1931,21.865,20.238,23.693,2.143,8.0
Nairobi,-1.29,36.82,historical,1932,21.851,20.246,23.908,2.292,8.0
Nairobi,-1.29,36.82,historical,1933,21.999,20.135,23.839,2.275,8.0
Nairobi,-1.29,36.82,historical,1934,22.069,20.358,24.133,2.177,8.0
Nairobi,-1.29,36.82,historical,1935,21.811,20.348,23.234,2.406,8.0
Nairobi,-1.29,36.82,historical,1936,21.987,20.493,23.595,2.39,8.0
Nairobi,-1.29,36.82,historical,1937,21.88,20.17,23.797,2.299,8.0
Nairobi,-1.29,36.82,historical,1938,22.06,20.371,24.465,2.172,8.0
Nairobi,-1.29,36.82,historical,1939,22.08,20.46,24.259,2.413,8.0
Nairobi,-1.29,36.82,historical,1940,21.679,19.94,23.425,2.719,8.0
Nairobi,-1.29,36.82,historical,1941,21.76,20.098,23.635,2.55,8.0
Nairobi,-1.29,36.82,historical,1942,21.928,20.258,24.019,2.316,8.0
Nairobi,-1.29,36.82,historical,1943,21.915,20.203,23.799,2.547,8.0
Nairobi,-1.29,36.82,historical,1944,22.054,20.351,24.035,2.291,8.0
Nairobi,-1.29,36.82,historical,1945,21.74,20.106,23.75,2.484,8.0
Nairobi,-1.29,36.82,historical,1946,21.811,20.356,23.349,2.33,8.0
Nairobi,-1.29,36.82,historical,1947,22.082,20.621,24.151,2.251,8.0
Nairobi,-1.29,36.82,historical,1948,22.043,20.262,24.434,2.355,8.0
Nairobi,-1.29,36.82,historical,1949,21.815,20.344,23.48,2.296,8.0
Nairobi,-1.29,36.82,historical,1950,22.108,20.696,23.635,2.044,8.0
Nairobi,-1.29,36.82,historical,1951,21.985,20.476,23.969,2.322,8.0
Nairobi,-1.29,36.82,historical,1952,22.174,20.806,23.88,2.211,8.0
Nairobi,-1.29,36.82,historical,1953,22.147,20.471,24.183,2.282,8.0
Nairobi,-1.29,36.82,historical,1954,22.2,20.306,24.431,1.93,8.0
Nairobi,-1.29,36.82,historical,1955,21.974,20.424,23.724,2.469,8.0
Nairobi,-1.29,36.82,historical,1956,21.853,20.272,23.394,2.333,8.0
Nairobi,-1.29,36.82,historical,1957,22.134,20.365,24.133,2.337,8.0
Nairobi,-1.29,36.82,historical,1958,22.059,20.207,24.199,2.344,8.0
Nairobi,-1.29,36.82,historical,1959,21.982,20.29,24.38,2.351,8.0
Nairobi,-1.29,36.82,historical,1960,21.977,20.047,23.776,2.383,8.0
Nairobi,-1.29,36.82,historical,1961,22.036,20.466,23.689,2.145,8.0
Nairobi,-1.29,36.82,historical,1962,21.972,20.441,23.852,2.384,8.0
Nairobi,-1.29,36.82,historical,1963,21.717,20.145,23.497,2.386,8.0
Nairobi,-1.29,36.82,historical,1964,21.778,19.758,23.724,2.096,8.0
Nairobi,-1.29,36.82,historical,1965,21.872,19.969,23.985,2.189,8.0
Nairobi,-1.29,36.82,historical,1966,21.731,20.019,23.659,2.579,8.0
Nairobi,-1.29,36.82,historical,1967,21.834,20.05,23.733,2.321,8.0
Nairobi,-1.29,36.82,historical,1968,22.021,20.466,24.282,2.112,8.0
Nairobi,-1.29,36.82,historical,1969,21.943,20.414,23.938,2.562,8.0
Nairobi,-1.29,36.82,historical,1970,21.988,20.55,23.719,2.301,8.0
Nairobi,-1.29,36.82,historical,1971,21.916,20.403,23.734,2.488,8.0
Nairobi,-1.29,36.82,historical,1972,22.077,20.618,24.056,2.182,8.0
Nairobi,-1.29,36.82,historical,1973,22.083,20.462,24.03,2.443,8.0
Nairobi,-1.29,36.82,historical,1974,22.01,20.118,24.112,2.361,8.0
Nairobi,-1.29,36.82,historical,1975,22.167,20.475,24.032,2.032,8.0
Nairobi,-1.29,36.82,historical,1976,22.056,20.307,23.984,2.19,8.0
Nairobi,-1.29,36.82,historical,1977,22.054,20.166,23.994,2.363,8.0
Nairobi,-1.29,36.82,historical,1978,22.024,20.467,23.935,2.498,8.0
Nairobi,-1.29,36.82,historical,1979,21.97,20.498,23.58,2.453,8.0
Nairobi,-1.29,36.82,historical,1980,22.216,20.437,24.153,1.947,8.0
Nairobi,-1.29,36.82,historical,1981,22.176,20.604,24.006,2.39,8.0
Nairobi,-1.29,36.82,historical,1982,22.146,20.609,24.112,2.09,8.0
Nairobi,-1.29,36.82,historical,1983,22.303,20.454,24.358,2.285,8.0
Nairobi,-1.29,36.82,historical,1984,22.209,20.505,24.184,2.534,8.0
Nairobi,-1.29,36.82,historical,1985,22.118,20.369,24.148,2.316,8.0
Nairobi,-1.29,36.82,historical,1986,22.166,20.676,23.72,2.294,8.0
Nairobi,-1.29,36.82,historical,1987,22.093,20.256,23.809,2.167,8.0
Nairobi,-1.29,36.82,historical,1988,22.289,20.427,23.91,2.324,8.0
Nairobi,-1.29,36.82,historical,1989,22.282,20.432,24.1,2.407,8.0
Nairobi,-1.29,36.82,historical,1990,22.244,20.676,24.038,2.49,8.0
Nairobi,-1.29,36.82,historical,1991,22.299,20.777,23.724,2.04,8.0
Nairobi,-1.29,36.82,historical,1992,22.102,20.391,24.144,1.924,8.0
Nairobi,-1.29,36.82,historical,1993,22.051,20.607,23.847,2.255,8.0
Nairobi,-1.29,36.82,historical,1994,22.248,20.711,24.252,2.393,8.0
Nairobi,-1.29,36.82,historical,1995,22.341,20.401,24.32,2.095,8.0
Nairobi,-1.29,36.82,historical,1996,22.271,20.315,24.22,2.549,8.0
Nairobi,-1.29,36.82,historical,1997,22.457,20.954,24.407,2.232,8.0
Nairobi,-1.29,36.82,historical,1998,22.222,20.489,23.978,2.291,8.0
Nairobi,-1.29,36.82,historical,1999,22.381,20.703,24.223,2.499,8.0
Nairobi,-1.29,36.82,historical,2000,22.439,20.817,24.596,2.56,8.0
Nairobi,-1.29,36.82,historical,2001,22.775,20.748,24.757,2.295,8.0
Nairobi,-1.29,36.82,historical,2002,22.572,20.93,24.488,2.747,8.0
Nairobi,-1.29,36.82,historical,2003,22.415,20.63,24.315,2.73,8.0
Nairobi,-1.29,36.82,historical,2004,22.638,20.848,24.457,2.313,8.0
Nairobi,-1.29,36.82,historical,2005,22.725,20.82,24.855,2.33,8.0
Nairobi,-1.29,36.82,historical,2006,22.72,20.628,24.972,2.33,8.0
Nairobi,-1.29,36.82,historical,2007,22.676,20.954,24.373,2.284,8.0
Nairobi,-1.29,36.82,historical,2008,22.717,20.876,24.642,2.517,8.0
Nairobi,-1.29,36.82,historical,2009,22.623,20.664,24.439,2.46,8.0
Nairobi,-1.29,36.82,historical,2010,22.64,20.773,24.525,2.279,8.0
Nairobi,-1.29,36.82,historical,2011,22.878,20.933,24.491,2.206,8.0
Nairobi,-1.29,36.82,historical,2012,22.771,20.731,24.845,2.386,8.0
Nairobi,-1.29,36.82,historical,2013,22.745,21.121,24.921,2.333,8.0
Nairobi,-1.29,36.82,historical,2014,22.936,21.415,24.584,2.14,8.0
Nairobi,-1.29,36.82,ssp126,2015,22.85,21.098,24.622,2.563,8.0
Nairobi,-1.29,36.82,ssp126,2016,22.795,21.092,24.881,2.364,8.0
Nairobi,-1.29,36.82,ssp126,2017,22.887,20.987,24.888,2.447,8.0
Nairobi,-1.29,36.82,ssp126,2018,22.911,21.209,24.465,2.352,8.0
Nairobi,-1.29,36.82,ssp126,2019,23.114,21.009,25.405,2.285,8.0
Nairobi,-1.29,36.82,ssp126,2020,23.363,21.43,25.197,2.248,8.0
Nairobi,-1.29,36.82,ssp126,2021,23.133,21.353,24.984,2.314,8.0
Nairobi,-1.29,36.82,ssp126,2022,23.19,21.78,24.932,2.295,8.0
Nairobi,-1.29,36.82,ssp126,2023,23.08,21.45,24.702,2.521,8.0
Nairobi,-1.29,36.82,ssp126,2024,23.165,21.536,25.1,2.379,8.0
Nairobi,-1.29,36.82,ssp126,2025,23.265,21.462,25.521,2.364,8.0
Nairobi,-1.29,36.82,ssp126,2026,23.362,21.68,25.299,2.395,8.0
Nairobi,-1.29,36.82,ssp126,2027,23.441,21.726,25.312,2.044,8.0
Nairobi,-1.29,36.82,ssp126,2028,23.249,21.573,24.769,2.669,8.0
Nairobi,-1.29,36.82,ssp126,2029,23.259,21.533,24.915,2.381,8.0
Nairobi,-1.29,36.82,ssp126,2030,23.574,21.868,25.466,2.434,8.0
Nairobi,-1.29,36.82,ssp126,2031,23.39,21.389,25.703,2.437,8.0
Nairobi,-1.29,36.82,ssp126,2032,23.413,21.421,25.67,2.165,8.0
Nairobi,-1.29,36.82,ssp126,2033,23.38,21.835,25.116,2.658,8.0
Nairobi,-1.29,36.82,ssp126,2034,23.328,21.348,25.47,2.369,8.0
Nairobi,-1.29,36.82,ssp126,2035,23.562,21.773,25.617,2.159,8.0
Nairobi,-1.29,36.82,ssp126,2036,23.599,21.6,25.813,2.7,8.0
Nairobi,-1.29,36.82,ssp126,2037,23.896,21.599,26.094,2.386,8.0
Nairobi,-1.29,36.82,ssp126,2038,23.399,21.14,25.717,2.883,8.0
Nairobi,-1.29,36.82,ssp126,2039,23.4,21.709,25.083,2.508,8.0
Nairobi,-1.29,36.82,ssp126,2040,23.509,21.793,25.327,2.681,8.0
Nairobi,-1.29,36.82,ssp126,2041,23.587,21.985,25.068,2.615,8.0
Nairobi,-1.29,36.82,ssp126,2042,23.61,21.958,24.88,2.418,8.0
Nairobi,-1.29,36.82,ssp126,2043,23.682,21.951,25.556,2.462,8.0
Nairobi,-1.29,36.82,ssp126,2044,23.71,21.923,25.489,2.621,8.0
Nairobi,-1.29,36.82,ssp126,2045,23.661,21.867,25.314,2.749,8.0
Nairobi,-1.29,36.82,ssp126,2046,23.683,21.849,25.422,2.597,8.0
Nairobi,-1.29,36.82,ssp126,2047,23.515,21.834,25.445,2.848,8.0
Nairobi,-1.29,36.82,ssp126,2048,23.544,21.855,25.336,2.419,8.0
Nairobi,-1.29,36.82,ssp126,2049,23.487,21.727,25.432,2.676,8.0
Nairobi,-1.29,36.82,ssp126,2050,23.573,21.941,25.798,2.568,8.0
Nairobi,-1.29,36.82,ssp126,2051,23.486,21.639,25.098,2.798,8.0
Nairobi,-1.29,36.82,ssp126,2052,23.785,21.497,25.685,2.652,8.0
Nairobi,-1.29,36.82,ssp126,2053,23.778,21.719,25.929,2.629,8.0
Nairobi,-1.29,36.82,ssp126,2054,23.719,21.91,25.601,2.737,8.0
Nairobi,-1.29,36.82,ssp126,2055,23.49,21.689,25.232,2.696,8.0
Nairobi,-1.29,36.82,ssp126,2056,23.532,21.65,25.305,2.724,8.0
Nairobi,-1.29,36.82,ssp126,2057,23.756,22.03,25.348,2.66,8.0
Nairobi,-1.29,36.82,ssp126,2058,23.458,21.457,25.483,2.45,8.0
Nairobi,-1.29,36.82,ssp126,2059,23.944,22.194,25.977,2.359,8.0
Nairobi,-1.29,36.82,ssp126,2060,23.881,22.1,25.646,2.578,8.0
Nairobi,-1.29,36.82,ssp126,2061,23.937,22.326,25.736,2.345,8.0
Nairobi,-1.29,36.82,ssp126,2062,23.924,22.153,25.508,2.761,8.0
Nairobi,-1.29,36.82,ssp126,2063,23.847,21.897,25.787,2.28,8.0
Nairobi,-1.29,36.82,ssp126,2064,23.778,22.136,25.757,2.476,8.0
Nairobi,-1.29,36.82,ssp126,2065,23.778,22.21,25.568,2.417,8.0
Nairobi,-1.29,36.82,ssp126,2066,23.78,21.944,25.491,2.783,8.0
Nairobi,-1.29,36.82,ssp126,2067,23.574,21.854,25.429,2.933,8.0
Nairobi,-1.29,36.82,ssp126,2068,23.667,22.039,25.703,2.366,8.0
Nairobi,-1.29,36.82,ssp126,2069,23.881,22.019,26.151,2.692,8.0
Nairobi,-1.29,36.82,ssp126,2070,23.51,21.921,25.615,2.976,8.0
Nairobi,-1.29,36.82,ssp126,2071,23.521,21.639,25.229,2.605,8.0
Nairobi,-1.29,36.82,ssp126,2072,23.681,22.052,25.331,2.443,8.0
Nairobi,-1.29,36.82,ssp126,2073,23.822,22.369,25.372,2.551,8.0
Nairobi,-1.29,36.82,ssp126,2074,23.769,21.875,25.484,2.514,8.0
Nairobi,-1.29,36.82,ssp126,2075,23.953,22.0,25.956,2.503,8.0
Nairobi,-1.29,36.82,ssp126,2076,23.715,21.759,26.017,2.727,8.0
Nairobi,-1.29,36.82,ssp126,2077,23.746,22.004,25.3,2.467,8.0
Nairobi,-1.29,36.82,ssp126,2078,23.74,22.037,25.228,2.893,8.0
Nairobi,-1.29,36.82,ssp126,2079,23.718,22.19,25.192,2.643,8.0
Nairobi,-1.29,36.82,ssp126,2080,23.753,21.907,25.752,2.51,8.0
Nairobi,-1.29,36.82,ssp126,2081,23.793,22.056,25.392,2.714,8.0
Nairobi,-1.29,36.82,ssp126,2082,23.81,22.046,25.303,2.589,8.0
Nairobi,-1.29,36.82,ssp126,2083,23.489,21.647,25.216,2.623,8.0
Nairobi,-1.29,36.82,ssp126,2084,23.733,21.909,25.585,2.687,8.0
Nairobi,-1.29,36.82,ssp126,2085,23.617,21.674,25.436,2.718,8.0
Nairobi,-1.29,36.82,ssp126,2086,23.615,22.168,25.415,2.92,8.0
Nairobi,-1.29,36.82,ssp126,2087,23.481,21.999,24.863,2.449,8.0
Nairobi,-1.29,36.82,ssp126,2088,23.711,22.281,25.229,2.663,8.0
Nairobi,-1.29,36.82,ssp126,2089,23.599,21.946,25.138,2.858,8.0
Nairobi,-1.29,36.82,ssp126,2090,23.705,21.978,25.555,2.581,8.0
Nairobi,-1.29,36.82,ssp126,2091,23.874,21.901,25.902,2.458,8.0
Nairobi,-1.29,36.82,ssp126,2092,23.901,21.93,25.932,2.567,8.0
Nairobi,-1.29,36.82,ssp126,2093,23.581,21.801,25.063,2.509,8.0
Nairobi,-1.29,36.82,ssp126,2094,23.781,22.119,25.462,2.511,8.0
Nairobi,-1.29,36.82,ssp126,2095,23.698,21.729,25.654,2.596,8.0
Nairobi,-1.29,36.82,ssp126,2096,23.784,21.992,25.589,2.556,8.0
Nairobi,-1.29,36.82,ssp126,2097,23.576,21.906,25.321,2.81,8.0
Nairobi,-1.29,36.82,ssp126,2098,23.577,21.696,25.378,2.572,8.0
Nairobi,-1.29,36.82,ssp126,2099,23.602,21.921,25.277,2.573,8.0
Nairobi,-1.29,36.82,ssp126,2100,23.729,22.037,25.18,2.838,8.0
Nairobi,-1.29,36.82,ssp245,2015,22.968,21.266,24.806,2.264,8.0
Nairobi,-1.29,36.82,ssp245,2016,22.815,20.771,24.906,2.191,8.0
Nairobi,-1.29,36.82,ssp245,2017,23.187,21.267,25.12,2.245,8.0
Nairobi,-1.29,36.82,ssp245,2018,23.173,21.221,25.012,2.347,8.0
Nairobi,-1.29,36.82,ssp245,2019,22.863,20.861,24.342,2.477,8.0
Nairobi,-1.29,36.82,ssp245,2020,22.84,21.342,24.264,2.494,8.0
Nairobi,-1.29,36.82,ssp245,2021,23.151,21.389,24.838,2.284,8.0
Nairobi,-1.29,36.82,ssp245,2022,23.223,21.405,24.79,2.255,8.0
Nairobi,-1.29,36.82,ssp245,2023,23.228,21.633,25.289,2.222,8.0
Nairobi,-1.29,36.82,ssp245,2024,23.345,21.608,25.082,2.409,8.0
Nairobi,-1.29,36.82,ssp245,2025,23.304,21.529,25.215,2.383,8.0
Nairobi,-1.29,36.82,ssp245,2026,23.3,21.697,24.808,2.457,8.0
Nairobi,-1.29,36.82,ssp245,2027,23.011,21.017,25.028,2.513,8.0
Nairobi,-1.29,36.82,ssp245,2028,23.242,21.557,24.823,2.352,8.0
Nairobi,-1.29,36.82,ssp245,2029,23.307,21.157,25.122,2.349,8.0
Nairobi,-1.29,36.82,ssp245,2030,23.42,21.665,24.837,2.457,8.0
Nairobi,-1.29,36.82,ssp245,2031,23.333,21.558,24.741,2.547,8.0
Nairobi,-1.29,36.82,ssp245,2032,23.331,21.536,25.15,2.588,8.0
Nairobi,-1.29,36.82,ssp245,2033,23.396,21.57,24.979,2.079,8.0
Nairobi,-1.29,36.82,ssp245,2034,23.569,21.737,25.496,2.355,8.0
Nairobi,-1.29,36.82,ssp245,2035,23.503,21.904,25.161,2.527,8.0
Nairobi,-1.29,36.82,ssp245,2036,23.564,21.978,25.707,2.436,8.0
Nairobi,-1.29,36.82,ssp245,2037,23.416,22.07,24.863,2.476,8.0
Nairobi,-1.29,36.82,ssp245,2038,23.505,21.668,25.079,2.768,8.0
Nairobi,-1.29,36.82,ssp245,2039,23.516,21.989,24.852,2.756,8.0
Nairobi,-1.29,36.82,ssp245,2040,23.381,21.871,24.816,2.548,7.0
Nairobi,-1.29,36.82,ssp245,2041,23.474,21.356,25.404,2.133,7.0
Nairobi,-1.29,36.82,ssp245,2042,23.57,22.225,24.821,2.136,7.0
Nairobi,-1.29,36.82,ssp245,2043,23.481,21.874,25.014,2.34,7.0
Nairobi,-1.29,36.82,ssp245,2044,23.635,21.915,25.335,2.325,7.0
Nairobi,-1.29,36.82,ssp245,2045,23.677,22.092,25.328,1.962,7.0
Nairobi,-1.29,36.82,ssp245,2046,23.717,21.968,25.414,2.179,7.0
Nairobi,-1.29,36.82,ssp245,2047,23.789,21.78,25.686,2.303,7.0
Nairobi,-1.29,36.82,ssp245,2048,23.621,21.905,25.298,2.599,7.0
Nairobi,-1.29,36.82,ssp245,2049,23.941,22.603,25.526,2.038,7.0
Nairobi,-1.29,36.82,ssp245,2050,23.66,22.01,25.211,2.226,7.0
Nairobi,-1.29,36.82,ssp245,2051,23.915,22.385,25.616,2.004,7.0
Nairobi,-1.29,36.82,ssp245,2052,23.97,22.442,25.623,2.182,7.0
Nairobi,-1.29,36.82,ssp245,2053,23.844,22.425,25.431,2.416,7.0
Nairobi,-1.29,36.82,ssp245,2054,23.714,22.128,25.383,2.402,7.0
Nairobi,-1.29,36.82,ssp245,2055,23.701,22.12,25.497,2.484,7.0
Nairobi,-1.29,36.82,ssp245,2056,23.984,22.152,25.959,2.687,7.0
Nairobi,-1.29,36.82,ssp245,2057,23.832,21.866,25.515,2.73,7.0
Nairobi,-1.29,36.82,ssp245,2058,23.91,21.982,25.776,2.415,7.0
Nairobi,-1.29,36.82,ssp245,2059,24.04,22.342,25.952,2.452,7.0
Nairobi,-1.29,36.82,ssp245,2060,24.008,22.6,25.336,2.43,7.0
Nairobi,-1.29,36.82,ssp245,2061,24.174,22.443,26.096,2.219,7.0
Nairobi,-1.29,36.82,ssp245,2062,23.908,21.898,25.687,2.808,7.0
Nairobi,-1.29,36.82,ssp245,2063,24.086,22.25,25.602,2.376,7.0
Nairobi,-1.29,36.82,ssp245,2064,24.26,22.473,25.826,2.522,7.0
Nairobi,-1.29,36.82,ssp245,2065,24.321,22.454,26.12,2.345,7.0
Nairobi,-1.29,36.82,ssp245,2066,23.851,21.966,25.664,2.581,7.0
Nairobi,-1.29,36.82,ssp245,2067,24.092,22.149,25.839,2.528,7.0
Nairobi,-1.29,36.82,ssp245,2068,24.163,22.404,25.718,2.66,7.0
Nairobi,-1.29,36.82,ssp245,2069,24.098,22.103,26.031,2.412,7.0
Nairobi,-1.29,36.82,ssp245,2070,24.413,22.519,26.426,2.436,7.0
Nairobi,-1.29,36.82,ssp245,2071,24.302,22.282,26.052,2.588,7.0
Nairobi,-1.29,36.82,ssp245,2072,24.319,22.385,26.328,2.223,7.0
Nairobi,-1.29,36.82,ssp245,2073,24.617,22.784,26.905,2.406,7.0
Nairobi,-1.29,36.82,ssp245,2074,24.332,22.344,26.394,2.64,7.0
Nairobi,-1.29,36.82,ssp245,2075,24.334,22.752,25.887,2.651,7.0
Nairobi,-1.29,36.82,ssp245,2076,24.373,22.539,26.092,2.507,7.0
Nairobi,-1.29,36.82,ssp245,2077,24.446,22.769,26.186,2.429,7.0
Nairobi,-1.29,36.82,ssp245,2078,24.394,22.369,26.132,2.552,7.0
Nairobi,-1.29,36.82,ssp245,2079,24.568,22.995,26.174,2.347,7.0
Nairobi,-1.29,36.82,ssp245,2080,24.387,22.584,26.012,2.373,7.0
Nairobi,-1.29,36.82,ssp245,2081,24.447,22.466,26.403,2.769,7.0
Nairobi,-1.29,36.82,ssp245,2082,24.561,23.052,26.656,2.354,7.0
Nairobi,-1.29,36.82,ssp245,2083,24.593,22.675,26.344,2.714,7.0
Nairobi,-1.29,36.82,ssp245,2084,24.45,22.521,26.261,2.29,7.0
Nairobi,-1.29,36.82,ssp245,2085,24.692,22.747,26.435,2.62,7.0
Nairobi,-1.29,36.82,ssp245,2086,24.754,23.056,26.607,2.571,7.0
Nairobi,-1.29,36.82,ssp245,2087,24.589,22.914,26.351,2.417,7.0
Nairobi,-1.29,36.82,ssp245,2088,24.64,22.958,26.262,2.381,7.0
Nairobi,-1.29,36.82,ssp245,2089,24.656,22.539,26.173,2.85,7.0
Nairobi,-1.29,36.82,ssp245,2090,24.716,22.843,26.36,2.593,7.0
Nairobi,-1.29,36.82,ssp245,2091,24.496,22.649,26.291,2.891,7.0
Nairobi,-1.29,36.82,ssp245,2092,24.402,22.822,25.693,2.96,7.0
Nairobi,-1.29,36.82,ssp245,2093,24.494,23.082,26.034,2.757,7.0
Nairobi,-1.29,36.82,ssp245,2094,24.678,23.229,26.312,2.228,7.0
Nairobi,-1.29,36.82,ssp245,2095,24.868,23.178,26.685,2.728,7.0
Nairobi,-1.29,36.82,ssp245,2096,24.673,22.816,26.096,2.761,7.0
Nairobi,-1.29,36.82,ssp245,2097,24.815,22.998,26.529,2.444,7.0
Nairobi,-1.29,36.82,ssp245,2098,24.799,23.1,26.416,2.274,7.0
Nairobi,-1.29,36.82,ssp245,2099,25.006,23.202,26.713,2.551,7.0
Nairobi,-1.29,36.82,ssp245,2100,24.761,23.496,26.232,2.498,7.0
Nairobi,-1.29,36.82,ssp585,2015,23.039,21.262,24.923,2.274,8.0
Nairobi,-1.29,36.82,ssp585,2016,22.908,20.978,25.079,2.174,8.0
Nairobi,-1.29,36.82,ssp585,2017,22.989,21.198,25.48,2.072,8.0
Nairobi,-1.29,36.82,ssp585,2018,23.22,21.312,25.356,2.249,8.0
Nairobi,-1.29,36.82,ssp585,2019,23.188,21.372,25.366,2.717,8.0
Nairobi,-1.29,36.82,ssp585,2020,23.126,21.354,25.081,2.314,8.0
Nairobi,-1.29,36.82,ssp585,2021,22.946,21.352,24.716,2.507,8.0
Nairobi,-1.29,36.82,ssp585,2022,22.924,21.389,24.54,2.315,8.0
Nairobi,-1.29,36.82,ssp585,2023,23.293,21.441,25.533,2.324,8.0
Nairobi,-1.29,36.82,ssp585,2024,22.993,21.21,24.999,2.522,8.0
Nairobi,-1.29,36.82,ssp585,2025,23.346,21.546,25.38,2.502,8.0
Nairobi,-1.29,36.82,ssp585,2026,23.353,21.635,24.864,2.272,8.0
Nairobi,-1.29,36.82,ssp585,2027,23.438,21.539,25.533,2.453,8.0
Nairobi,-1.29,36.82,ssp585,2028,23.266,21.724,25.105,2.41,8.0
Nairobi,-1.29,36.82,ssp585,2029,23.256,21.466,25.393,2.36,8.0
Nairobi,-1.29,36.82,ssp585,2030,23.34,21.581,25.075,2.288,8.0
Nairobi,-1.29,36.82,ssp585,2031,23.601,21.881,25.468,2.446,8.0
Nairobi,-1.29,36.82,ssp585,2032,23.42,21.816,25.061,2.593,8.0
Nairobi,-1.29,36.82,ssp585,2033,23.484,21.732,25.377,2.942,8.0
Nairobi,-1.29,36.82,ssp585,2034,23.268,21.653,24.955,2.276,8.0
Nairobi,-1.29,36.82,ssp585,2035,23.753,22.09,25.753,2.358,8.0
Nairobi,-1.29,36.82,ssp585,2036,23.608,21.842,25.796,2.725,8.0
Nairobi,-1.29,36.82,ssp585,2037,23.592,21.803,25.595,2.864,8.0
Nairobi,-1.29,36.82,ssp585,2038,23.594,21.979,24.827,2.363,8.0
Nairobi,-1.29,36.82,ssp585,2039,23.696,22.029,25.246,2.278,8.0
Nairobi,-1.29,36.82,ssp585,2040,24.029,22.245,25.842,2.356,8.0
Nairobi,-1.29,36.82,ssp585,2041,23.831,21.865,25.87,2.719,8.0
Nairobi,-1.29,36.82,ssp585,2042,23.71,22.043,25.162,2.496,8.0
Nairobi,-1.29,36.82,ssp585,2043,23.979,22.166,26.049,2.725,8.0
Nairobi,-1.29,36.82,ssp585,2044,24.111,22.557,25.645,2.387,8.0
Nairobi,-1.29,36.82,ssp585,2045,24.112,22.261,26.814,2.528,8.0
Nairobi,-1.29,36.82,ssp585,2046,24.302,22.74,26.175,2.387,8.0
Nairobi,-1.29,36.82,ssp585,2047,24.192,22.473,25.786,3.004,8.0
Nairobi,-1.29,36.82,ssp585,2048,24.109,22.683,25.444,2.602,8.0
Nairobi,-1.29,36.82,ssp585,2049,24.184,22.643,25.927,2.707,8.0
Nairobi,-1.29,36.82,ssp585,2050,24.284,22.852,26.146,2.577,8.0
Nairobi,-1.29,36.82,ssp585,2051,24.373,22.615,26.045,2.518,8.0
Nairobi,-1.29,36.82,ssp585,2052,24.308,22.733,25.845,2.786,8.0
Nairobi,-1.29,36.82,ssp585,2053,24.345,22.911,26.066,2.546,8.0
Nairobi,-1.29,36.82,ssp585,2054,24.558,22.913,26.259,2.525,8.0
Nairobi,-1.29,36.82,ssp585,2055,24.509,22.677,26.118,2.77,8.0
Nairobi,-1.29,36.82,ssp585,2056,24.606,22.61,26.562,2.721,8.0
Nairobi,-1.29,36.82,ssp585,2057,24.775,22.712,26.992,2.544,8.0
Nairobi,-1.29,36.82,ssp585,2058,24.789,23.065,26.485,2.794,8.0
Nairobi,-1.29,36.82,ssp585,2059,24.683,23.112,26.494,2.75,8.0
Nairobi,-1.29,36.82,ssp585,2060,24.883,23.109,26.545,2.53,8.0
Nairobi,-1.29,36.82,ssp585,2061,24.991,23.197,26.749,2.705,8.0
Nairobi,-1.29,36.82,ssp585,2062,25.006,23.26,26.681,2.612,8.0
Nairobi,-1.29,36.82,ssp585,2063,24.832,23.193,26.475,3.131,8.0
Nairobi,-1.29,36.82,ssp585,2064,25.189,23.311,26.845,2.869,8.0
Nairobi,-1.29,36.82,ssp585,2065,25.151,23.248,27.015,2.489,8.0
Nairobi,-1.29,36.82,ssp585,2066,25.173,23.42,26.659,2.711,8.0
Nairobi,-1.29,36.82,ssp585,2067,25.352,23.647,27.204,2.942,8.0
Nairobi,-1.29,36.82,ssp585,2068,25.18,23.495,26.952,2.928,8.0
Nairobi,-1.29,36.82,ssp585,2069,25.424,23.786,26.987,2.905,8.0
Nairobi,-1.29,36.82,ssp585,2070,25.235,23.344,27.169,3.223,8.0
Nairobi,-1.29,36.82,ssp585,2071,25.641,24.037,27.615,2.557,8.0
Nairobi,-1.29,36.82,ssp585,2072,25.376,23.667,26.727,2.709,8.0
Nairobi,-1.29,36.82,ssp585,2073,25.637,23.889,27.148,2.702,8.0
Nairobi,-1.29,36.82,ssp585,2074,25.836,23.783,27.969,2.911,8.0
Nairobi,-1.29,36.82,ssp585,2075,25.7,23.815,27.489,3.051,8.0
Nairobi,-1.29,36.82,ssp585,2076,25.927,24.11,27.564,2.611,8.0
Nairobi,-1.29,36.82,ssp585,2077,25.709,24.101,27.268,3.037,8.0
Nairobi,-1.29,36.82,ssp585,2078,26.053,24.494,27.772,2.644,8.0
Nairobi,-1.29,36.82,ssp585,2079,25.97,24.201,27.584,2.966,8.0
Nairobi,-1.29,36.82,ssp585,2080,25.883,24.044,27.611,3.152,8.0
Nairobi,-1.29,36.82,ssp585,2081,26.062,24.332,28.123,3.005,8.0
Nairobi,-1.29,36.82,ssp585,2082,26.146,24.395,27.905,2.776,8.0
Nairobi,-1.29,36.82,ssp585,2083,26.252,24.462,28.022,2.877,8.0
Nairobi,-1.29,36.82,ssp585,2084,26.398,24.584,28.585,3.075,8.0
Nairobi,-1.29,36.82,ssp585,2085,26.551,24.921,28.68,2.989,8.0
Nairobi,-1.29,36.82,ssp585,2086,26.454,24.968,28.228,3.231,8.0
Nairobi,-1.29,36.82,ssp585,2087,26.528,24.799,28.0,3.188,8.0
Nairobi,-1.29,36.82,ssp585,2088,26.502,24.506,28.31,3.39,8.0
Nairobi,-1.29,36.82,ssp585,2089,26.832,24.772,28.571,3.38,8.0
Nairobi,-1.29,36.82,ssp585,2090,26.888,24.966,28.996,3.159,8.0
Nairobi,-1.29,36.82,ssp585,2091,26.934,25.16,28.853,3.06,8.0
Nairobi,-1.29,36.82,ssp585,2092,26.738,25.161,28.478,3.447,8.0
Nairobi,-1.29,36.82,ssp585,2093,26.855,25.171,28.792,3.28,8.0
Nairobi,-1.29,36.82,ssp585,2094,27.073,25.499,28.792,3.339,8.0
Nairobi,-1.29,36.82,ssp585,2095,27.152,25.158,28.898,3.393,8.0
Nairobi,-1.29,36.82,ssp585,2096,27.467,25.59,29.103,3.235,8.0
Nairobi,-1.29,36.82,ssp585,2097,27.149,25.374,28.856,3.238,8.0
Nairobi,-1.29,36.82,ssp585,2098,27.51,25.738,29.566,3.12,8.0
Nairobi,-1.29,36.82,ssp585,2099,27.586,25.742,29.63,3.283,8.0
Nairobi,-1.29,36.82,ssp585,2100,27.62,26.146,29.478,3.302,8.0
New York,40.71,-74.01,historical,1850,11.009,9.611,12.488,3.824,8.0
New York,40.71,-74.01,historical,1851,11.42,9.84,13.016,3.837,8.0
New York,40.71,-74.01,historical,1852,11.171,9.586,13.013,4.17,8.0
New York,40.71,-74.01,historical,1853,10.75,8.853,13.067,3.899,8.0
New York,40.71,-74.01,historical,1854,11.172,9.417,13.213,3.909,8.0
New York,40.71,-74.01,historical,1855,10.797,9.086,13.058,3.937,8.0
New York,40.71,-74.01,historical,1856,10.921,9.326,12.168,4.221,8.0
New York,40.71,-74.01,historical,1857,11.239,9.407,12.749,3.931,8.0
New York,40.71,-74.01,historical,1858,10.796,9.369,12.502,3.923,8.0
New York,40.71,-74.01,historical,1859,10.915,8.998,12.861,3.967,8.0
New York,40.71,-74.01,historical,1860,11.16,9.569,12.637,4.053,8.0
New York,40.71,-74.01,historical,1861,11.033,9.698,12.557,3.863,8.0
New York,40.71,-74.01,historical,1862,10.835,9.523,12.639,3.807,8.0
New York,40.71,-74.01,historical,1863,11.196,10.109,12.937,3.951,8.0
New York,40.71,-74.01,historical,1864,10.531,9.178,12.115,3.633,8.0
New York,40.71,-74.01,historical,1865,10.83,9.327,12.814,3.929,8.0
New York,40.71,-74.01,historical,1866,10.83,8.866,13.456,3.945,8.0
New York,40.71,-74.01,historical,1867,10.7,9.02,12.813,3.901,8.0
New York,40.71,-74.01,historical,1868,11.091,9.454,13.669,3.977,8.0
New York,40.71,-74.01,historical,1869,10.999,9.737,12.562,3.906,8.0
New York,40.71,-74.01,historical,1870,11.056,9.627,12.786,3.704,8.0
New York,40.71,-74.01,historical,1871,11.114,9.568,12.923,3.86,8.0
New York,40.71,-74.01,historical,1872,10.925,9.026,12.634,3.978,8.0
New York,40.71,-74.01,historical,1873,10.839,9.205,12.54,4.145,8.0
New York,40.71,-74.01,historical,1874,11.075,9.4,13.172,3.853,8.0
New York,40.71,-74.01,historical,1875,11.319,9.62,13.223,3.859,8.0
New York,40.71,-74.01,historical,1876,11.018,9.692,12.299,3.817,8.0
New York,40.71,-74.01,historical,1877,11.074,9.045,13.413,3.877,8.0
New York,40.71,-74.01,historical,1878,10.993,9.078,12.825,3.812,8.0
New York,40.71,-74.01,historical,1879,10.773,9.407,12.256,4.04,8.0
New York,40.71,-74.01,historical,1880,10.929,9.065,12.807,3.855,8.0
New York,40.71,-74.01,historical,1881,10.613,8.497,12.937,3.943,8.0
New York,40.71,-74.01,historical,1882,10.988,9.773,12.548,3.785,8.0
New York,40.71,-74.01,historical,1883,10.956,9.427,12.744,4.09,8.0
New York,40.71,-74.01,historical,1884,10.391,8.557,12.134,3.947,8.0
New York,40.71,-74.01,historical,1885,10.149,8.772,12.231,3.751,8.0
New York,40.71,-74.01,historical,1886,10.605,9.373,11.812,3.891,8.0
New York,40.71,-74.01,historical,1887,10.433,8.501,12.924,3.911,8.0
New York,40.71,-74.01,historical,1888,10.949,9.299,13.16,4.201,8.0
New York,40.71,-74.01,historical,1889,11.174,9.021,13.117,4.219,8.0
New York,40.71,-74.01,historical,1890,10.505,8.37,12.722,3.782,8.0
New York,40.71,-74.01,historical,1891,10.798,9.23,12.495,4.141,8.0
New York,40.71,-74.01,historical,1892,10.465,8.862,12.061,3.753,8.0
New York,40.71,-74.01,historical,1893,11.535,10.203,13.441,3.92,8.0
New York,40.71,-74.01,historical,1894,10.771,9.631,12.916,4.01,8.0
New York,40.71,-74.01,historical,1895,11.129,10.0,12.861,3.943,8.0
New York,40.71,-74.01,historical,1896,11.012,9.16,12.741,3.89,8.0
New York,40.71,-74.01,historical,1897,10.538,8.703,13.468,3.704,8.0
New York,40.71,-74.01,historical,1898,11.37,9.52,14.016,3.712,8.0
New York,40.71,-74.01,historical,1899,11.204,9.489,13.029,4.02,8.0
New York,40.71,-74.01,historical,1900,11.014,9.54,12.693,4.025,8.0
New York,40.71,-74.01,historical,1901,10.578,8.971,11.952,3.699,8.0
New York,40.71,-74.01,historical,1902,11.071,9.575,12.73,3.826,8.0
New York,40.71,-74.01,historical,1903,10.103,8.57,12.681,3.61,8.0
New York,40.71,-74.01,historical,1904,10.546,9.234,12.112,3.962,8.0
New York,40.71,-74.01,historical,1905,10.872,9.361,13.265,3.677,8.0
New York,40.71,-74.01,historical,1906,11.31,9.719,12.792,4.005,8.0
New York,40.71,-74.01,historical,1907,11.013,9.44,13.245,3.711,8.0
New York,40.71,-74.01,historical,1908,10.734,9.289,12.598,3.755,8.0
New York,40.71,-74.01,historical,1909,10.932,9.276,13.095,3.915,8.0
New York,40.71,-74.01,historical,1910,11.132,8.978,13.573,4.066,8.0
New York,40.71,-74.01,historical,1911,10.609,9.108,12.594,3.867,8.0
New York,40.71,-74.01,historical,1912,10.478,8.586,12.218,3.857,8.0
New York,40.71,-74.01,historical,1913,10.315,7.969,12.609,3.993,8.0
New York,40.71,-74.01,historical,1914,10.767,9.202,12.734,3.922,8.0
New York,40.71,-74.01,historical,1915,10.452,8.822,11.9,3.842,8.0
New York,40.71,-74.01,historical,1916,11.408,10.001,12.982,4.021,8.0
New York,40.71,-74.01,historical,1917,11.188,9.467,13.071,3.643,8.0
New York,40.71,-74.01,historical,1918,10.379,8.236,12.829,3.729,8.0
New York,40.71,-74.01,historical,1919,10.695,9.431,12.021,3.599,8.0
New York,40.71,-74.01,historical,1920,10.842,8.744,13.145,4.158,8.0
New York,40.71,-74.01,historical,1921,10.607,8.946,13.156,3.832,8.0
New York,40.71,-74.01,historical,1922,11.034,9.36,12.783,3.943,8.0
New York,40.71,-74.01,historical,1923,10.689,8.916,12.71,3.876,8.0
New York,40.71,-74.01,historical,1924,10.565,9.326,12.7,3.944,8.0
New York,40.71,-74.01,historical,1925,10.661,8.572,12.605,3.666,8.0
New York,40.71,-74.01,historical,1926,10.458,8.596,12.98,3.678,8.0
New York,40.71,-74.01,historical,1927,10.689,9.267,12.011,3.802,8.0
New York,40.71,-74.01,historical,1928,10.28,8.221,12.052,4.085,8.0
New York,40.71,-74.01,historical,1929,10.765,9.525,12.31,3.701,8.0
New York,40.71,-74.01,historical,1930,10.87,9.484,12.798,3.925,8.0
New York,40.71,-74.01,historical,1931,11.126,9.408,12.998,3.892,8.0
New York,40.71,-74.01,historical,1932,10.607,9.084,12.262,3.894,8.0
New York,40.71,-74.01,historical,1933,11.09,9.532,12.797,4.119,8.0
New York,40.71,-74.01,historical,1934,11.321,9.41,13.139,4.007,8.0
New York,40.71,-74.01,historical,1935,10.758,9.217,13.046,3.785,8.0
New York,40.71,-74.01,historical,1936,10.814,8.645,13.406,3.896,8.0
New York,40.71,-74.01,historical,1937,10.681,8.511,12.766,3.949,8.0
New York,40.71,-74.01,historical,1938,10.801,9.037,13.163,3.901,8.0
New York,40.71,-74.01,historical,1939,10.549,8.54,12.333,3.99,8.0
New York,40.71,-74.01,historical,1940,10.799,9.222,12.203,3.975,8.0
New York,40.71,-74.01,historical,1941,10.355,9.135,11.604,3.934,8.0
New York,40.71,-74.01,historical,1942,11.097,9.765,12.58,3.924,8.0
New York,40.71,-74.01,historical,1943,11.232,9.903,12.623,4.01,8.0
New York,40.71,-74.01,historical,1944,10.755,8.894,12.948,4.046,8.0
New York,40.71,-74.01,historical,1945,10.396,8.558,12.71,4.058,8.0
New York,40.71,-74.01,historical,1946,10.206,7.867,12.752,3.922,8.0
New York,40.71,-74.01,historical,1947,10.34,8.832,12.069,3.819,8.0
New York,40.71,-74.01,historical,1948,11.034,9.111,12.585,4.045,8.0
New York,40.71,-74.01,historical,1949,11.25,9.553,13.257,3.713,8.0
New York,40.71,-74.01,historical,1950,10.79,9.363,12.22,3.883,8.0
New York,40.71,-74.01,historical,1951,10.956,9.122,13.014,4.013,8.0
New York,40.71,-74.01,historical,1952,10.816,9.147,12.532,3.922,8.0
New York,40.71,-74.01,historical,1953,10.645,8.749,12.772,3.629,8.0
New York,40.71,-74.01,historical,1954,10.805,9.191,12.932,3.81,8.0
New York,40.71,-74.01,historical,1955,11.131,9.427,13.091,3.762,8.0
New York,40.71,-74.01,historical,1956,10.986,9.842,12.788,3.674,8.0
New York,40.71,-74.01,historical,1957,11.171,9.411,12.652,3.794,8.0
New York,40.71,-74.01,historical,1958,10.658,8.686,12.246,3.891,8.0
New York,40.71,-74.01,historical,1959,10.886,9.309,12.37,3.989,8.0
New York,40.71,-74.01,historical,1960,10.763,8.737,12.433,3.829,8.0
New York,40.71,-74.01,historical,1961,10.796,8.922,13.192,3.775,8.0
New York,40.71,-74.01,historical,1962,10.769,8.978,12.776,3.92,8.0
New York,40.71,-74.01,historical,1963,10.979,9.382,13.113,3.8,8.0
New York,40.71,-74.01,historical,1964,10.816,8.969,12.775,3.816,8.0
New York,40.71,-74.01,historical,1965,10.482,8.21,12.806,3.899,8.0
New York,40.71,-74.01,historical,1966,10.647,9.234,12.116,3.759,8.0
New York,40.71,-74.01,historical,1967,10.841,9.051,13.277,3.696,8.0
New York,40.71,-74.01,historical,1968,11.138,9.134,12.379,3.758,8.0
New York,40.71,-74.01,historical,1969,10.571,8.877,12.681,4.05,8.0
New York,40.71,-74.01,historical,1970,10.71,9.09,12.4,3.792,8.0
New York,40.71,-74.01,historical,1971,10.681,9.113,12.57,3.8,8.0
New York,40.71,-74.01,historical,1972,10.446,9.293,11.638,3.981,8.0
New York,40.71,-74.01,historical,1973,10.436,8.981,12.005,3.901,8.0
New York,40.71,-74.01,historical,1974,10.575,9.129,11.892,3.92,8.0
New York,40.71,-74.01,historical,1975,10.942,9.563,12.837,3.741,8.0
New York,40.71,-74.01,historical,1976,10.954,9.399,12.893,3.644,8.0
New York,40.71,-74.01,historical,1977,10.778,8.941,12.467,4.067,8.0
New York,40.71,-74.01,historical,1978,10.785,8.72,12.813,4.088,8.0
New York,40.71,-74.01,historical,1979,11.114,10.021,12.385,3.909,8.0
New York,40.71,-74.01,historical,1980,10.992,9.733,11.976,3.747,8.0
New York,40.71,-74.01,historical,1981,10.781,8.852,12.766,3.702,8.0
New York,40.71,-74.01,historical,1982,10.577,9.102,12.381,3.904,8.0
New York,40.71,-74.01,historical,1983,10.677,8.781,12.905,3.646,8.0
New York,40.71,-74.01,historical,1984,10.904,9.377,13.217,3.732,8.0
New York,40.71,-74.01,historical,1985,10.915,8.559,12.737,3.696,8.0
New York,40.71,-74.01,historical,1986,10.85,9.108,12.555,3.703,8.0
New York,40.71,-74.01,historical,1987,11.02,9.465,13.128,3.679,8.0
New York,40.71,-74.01,historical,1988,11.043,9.233,13.12,3.616,8.0
New York,40.71,-74.01,historical,1989,11.422,9.382,13.474,3.785,8.0
New York,40.71,-74.01,historical,1990,11.262,9.095,13.298,3.967,8.0
New York,40.71,-74.01,historical,1991,11.369,9.142,13.978,4.016,8.0
New York,40.71,-74.01,historical,1992,10.857,9.102,12.521,3.774,8.0
New York,40.71,-74.01,historical,1993,10.751,8.712,12.831,3.916,8.0
New York,40.71,-74.01,historical,1994,10.736,9.052,12.108,3.842,8.0
New York,40.71,-74.01,historical,1995,11.092,9.439,12.668,4.071,8.0
New York,40.71,-74.01,historical,1996,11.169,9.324,13.182,3.918,8.0
New York,40.71,-74.01,historical,1997,11.549,9.737,13.845,3.793,8.0
New York,40.71,-74.01,historical,1998,10.992,9.261,12.793,3.836,8.0
New York,40.71,-74.01,historical,1999,11.153,9.116,13.804,3.916,8.0
New York,40.71,-74.01,historical,2000,11.289,9.144,13.818,3.907,8.0
New York,40.71,-74.01,historical,2001,11.707,10.317,13.253,3.96,8.0
New York,40.71,-74.01,historical,2002,11.601,9.977,13.452,3.913,8.0
New York,40.71,-74.01,historical,2003,11.569,9.009,13.565,3.907,8.0
New York,40.71,-74.01,historical,2004,11.569,10.004,13.256,3.63,8.0
New York,40.71,-74.01,historical,2005,11.445,9.921,13.767,4.01,8.0
New York,40.71,-74.01,historical,2006,11.935,10.462,13.96,3.92,8.0
New York,40.71,-74.01,historical,2007,11.495,9.318,13.157,3.741,8.0
New York,40.71,-74.01,historical,2008,11.678,10.507,13.003,3.908,8.0
New York,40.71,-74.01,historical,2009,12.14,10.454,13.925,3.829,8.0
New York,40.71,-74.01,historical,2010,12.187,9.749,14.017,3.862,8.0
New York,40.71,-74.01,historical,2011,11.892,9.984,13.812,3.986,8.0
New York,40.71,-74.01,historical,2012,12.044,9.668,14.627,4.023,8.0
New York,40.71,-74.01,historical,2013,12.014,10.135,13.725,3.872,8.0
New York,40.71,-74.01,historical,2014,11.92,9.663,13.837,3.878,8.0
New York,40.71,-74.01,ssp126,2015,12.607,10.354,14.715,3.717,8.0
New York,40.71,-74.01,ssp126,2016,12.723,10.369,14.114,3.757,8.0
New York,40.71,-74.01,ssp126,2017,12.555,11.257,14.18,4.049,8.0
New York,40.71,-74.01,ssp126,2018,12.467,11.318,14.066,4.235,8.0
New York,40.71,-74.01,ssp126,2019,12.196,10.499,13.713,4.068,8.0
New York,40.71,-74.01,ssp126,2020,12.34,10.469,13.969,3.871,8.0
New York,40.71,-74.01,ssp126,2021,12.428,10.886,14.265,3.752,8.0
New York,40.71,-74.01,ssp126,2022,12.413,10.566,14.001,4.041,8.0
New York,40.71,-74.01,ssp126,2023,12.582,10.893,14.552,3.885,8.0
New York,40.71,-74.01,ssp126,2024,12.931,10.642,14.531,3.974,8.0
New York,40.71,-74.01,ssp126,2025,12.844,11.064,14.516,4.021,8.0
New York,40.71,-74.01,ssp126,2026,12.755,10.504,14.78,3.982,8.0
New York,40.71,-74.01,ssp126,2027,12.834,10.544,14.701,3.828,8.0
New York,40.71,-74.01,ssp126,2028,12.813,10.459,14.716,3.899,8.0
New York,40.71,-74.01,ssp126,2029,12.81,11.07,14.81,4.297,8.0
New York,40.71,-74.01,ssp126,2030,12.571,10.791,14.568,4.036,8.0
New York,40.71,-74.01,ssp126,2031,12.806,10.952,14.775,4.176,8.0
New York,40.71,-74.01,ssp126,2032,12.972,10.971,15.315,3.888,8.0
New York,40.71,-74.01,ssp126,2033,13.538,11.785,15.93,3.997,8.0
New York,40.71,-74.01,ssp126,2034,13.005,11.615,14.597,3.954,8.0
New York,40.71,-74.01,ssp126,2035,13.292,11.436,14.829,4.268,8.0
New York,40.71,-74.01,ssp126,2036,13.016,10.857,15.034,4.191,8.0
New York,40.71,-74.01,ssp126,2037,13.295,11.586,15.377,4.116,8.0
New York,40.71,-74.01,ssp126,2038,13.07,11.556,14.677,4.161,8.0
New York,40.71,-74.01,ssp126,2039,12.972,11.089,15.356,4.108,8.0
New York,40.71,-74.01,ssp126,2040,13.303,12.051,15.2,4.053,8.0
New York,40.71,-74.01,ssp126,2041,13.351,11.009,15.663,4.047,8.0
New York,40.71,-74.01,ssp126,2042,13.401,11.783,15.128,3.999,8.0
New York,40.71,-74.01,ssp126,2043,13.442,12.318,15.212,4.176,8.0
New York,40.71,-74.01,ssp126,2044,13.022,11.203,15.02,4.343,8.0
New York,40.71,-74.01,ssp126,2045,13.274,10.878,15.635,4.032,8.0
New York,40.71,-74.01,ssp126,2046,13.147,11.437,14.802,4.189,8.0
New York,40.71,-74.01,ssp126,2047,13.265,11.085,15.459,4.178,8.0
New York,40.71,-74.01,ssp126,2048,13.729,11.766,15.429,4.242,8.0
New York,40.71,-74.01,ssp126,2049,13.663,12.179,15.642,4.028,8.0
New York,40.71,-74.01,ssp126,2050,13.665,12.238,15.232,4.035,8.0
New York,40.71,-74.01,ssp126,2051,13.863,12.34,15.777,4.034,8.0
New York,40.71,-74.01,ssp126,2052,13.15,11.718,14.43,4.266,8.0
New York,40.71,-74.01,ssp126,2053,13.312,12.006,15.07,4.001,8.0
New York,40.71,-74.01,ssp126,2054,13.779,11.347,15.948,4.248,8.0
New York,40.71,-74.01,ssp126,2055,13.736,11.978,15.746,4.295,8.0
New York,40.71,-74.01,ssp126,2056,13.619,11.985,15.784,4.193,8.0
New York,40.71,-74.01,ssp126,2057,13.904,12.344,15.658,4.163,8.0
New York,40.71,-74.01,ssp126,2058,13.357,11.692,15.122,4.063,8.0
New York,40.71,-74.01,ssp126,2059,14.162,12.007,15.865,4.393,8.0
New York,40.71,-74.01,ssp126,2060,13.499,11.311,15.685,4.311,8.0
New York,40.71,-74.01,ssp126,2061,13.407,12.068,15.326,4.121,8.0
New York,40.71,-74.01,ssp126,2062,13.785,12.543,15.525,4.308,8.0
New York,40.71,-74.01,ssp126,2063,14.168,12.477,16.299,4.181,8.0
New York,40.71,-74.01,ssp126,2064,13.481,11.817,15.304,4.181,8.0
New York,40.71,-74.01,ssp126,2065,13.305,11.967,14.768,4.111,8.0
New York,40.71,-74.01,ssp126,2066,13.671,12.043,16.378,4.253,8.0
New York,40.71,-74.01,ssp126,2067,13.543,11.23,15.501,4.198,8.0
New York,40.71,-74.01,ssp126,2068,13.58,11.733,15.66,4.11,8.0
New York,40.71,-74.01,ssp126,2069,13.515,11.862,15.595,3.928,8.0
New York,40.71,-74.01,ssp126,2070,13.968,12.342,16.427,3.893,8.0
New York,40.71,-74.01,ssp126,2071,13.803,12.413,15.557,3.951,8.0
New York,40.71,-74.01,ssp126,2072,13.635,11.968,15.56,4.524,8.0
New York,40.71,-74.01,ssp126,2073,13.597,11.566,16.042,4.442,8.0
New York,40.71,-74.01,ssp126,2074,13.655,12.256,15.11,4.025,8.0
New York,40.71,-74.01,ssp126,2075,13.709,12.179,15.409,4.16,8.0
New York,40.71,-74.01,ssp126,2076,14.308,13.268,15.846,3.932,8.0
New York,40.71,-74.01,ssp126,2077,14.061,12.586,15.384,4.091,8.0
New York,40.71,-74.01,ssp126,2078,13.511,11.636,14.722,4.312,8.0
New York,40.71,-74.01,ssp126,2079,13.598,11.972,15.668,4.067,8.0
New York,40.71,-74.01,ssp126,2080,13.589,12.401,15.474,4.06,8.0
New York,40.71,-74.01,ssp126,2081,13.648,12.412,15.191,4.071,8.0
New York,40.71,-74.01,ssp126,2082,13.667,12.092,15.546,4.529,8.0
New York,40.71,-74.01,ssp126,2083,13.689,11.782,15.259,3.943,8.0
New York,40.71,-74.01,ssp126,2084,13.577,11.825,15.747,4.055,8.0
New York,40.71,-74.01,ssp126,2085,13.679,12.149,15.584,4.4,8.0
New York,40.71,-74.01,ssp126,2086,13.603,11.28,15.931,4.324,8.0
New York,40.71,-74.01,ssp126,2087,13.668,11.866,15.573,4.086,8.0
New York,40.71,-74.01,ssp126,2088,13.564,12.176,15.389,4.154,8.0
New York,40.71,-74.01,ssp126,2089,13.354,11.939,14.714,4.032,8.0
New York,40.71,-74.01,ssp126,2090,14.037,12.444,15.535,4.073,8.0
New York,40.71,-74.01,ssp126,2091,13.707,10.993,15.912,4.38,8.0
New York,40.71,-74.01,ssp126,2092,14.023,12.71,15.704,4.32,8.0
New York,40.71,-74.01,ssp126,2093,13.968,12.099,15.862,4.286,8.0
New York,40.71,-74.01,ssp126,2094,13.498,11.671,15.488,4.266,8.0
New York,40.71,-74.01,ssp126,2095,13.589,12.091,16.07,4.481,8.0
New York,40.71,-74.01,ssp126,2096,13.768,12.179,15.366,4.304,8.0
New York,40.71,-74.01,ssp126,2097,13.715,12.387,15.908,4.172,8.0
New York,40.71,-74.01,ssp126,2098,13.519,11.71,15.588,4.001,8.0
New York,40.71,-74.01,ssp126,2099,13.655,12.199,15.241,4.273,8.0
New York,40.71,-74.01,ssp126,2100,13.592,12.31,15.115,4.151,8.0
New York,40.71,-74.01,ssp245,2015,12.458,9.902,14.103,3.928,8.0
New York,40.71,-74.01,ssp245,2016,12.223,10.705,13.991,4.132,8.0
New York,40.71,-74.01,ssp245,2017,12.503,10.489,14.125,4.046,8.0
New York,40.71,-74.01,ssp245,2018,12.517,10.411,14.343,4.356,8.0
New York,40.71,-74.01,ssp245,2019,12.383,10.762,14.178,4.118,8.0
New York,40.71,-74.01,ssp245,2020,12.559,10.153,14.502,3.972,8.0
New York,40.71,-74.01,ssp245,2021,12.505,10.443,14.006,3.872,8.0
New York,40.71,-74.01,ssp245,2022,12.357,10.753,13.785,3.86,8.0
New York,40.71,-74.01,ssp245,2023,12.622,10.653,14.205,3.933,8.0
New York,40.71,-74.01,ssp245,2024,12.85,11.058,14.801,3.909,8.0
New York,40.71,-74.01,ssp245,2025,12.76,11.087,14.638,3.994,8.0
New York,40.71,-74.01,ssp245,2026,12.605,10.844,14.414,4.115,8.0
New York,40.71,-74.01,ssp245,2027,12.583,11.124,14.289,4.295,8.0
New York,40.71,-74.01,ssp245,2028,12.407,10.361,14.013,3.879,8.0
New York,40.71,-74.01,ssp245,2029,12.772,11.03,14.467,3.578,8.0
New York,40.71,-74.01,ssp245,2030,12.967,11.214,14.46,4.204,8.0
New York,40.71,-74.01,ssp245,2031,12.879,10.841,14.708,3.922,8.0
New York,40.71,-74.01,ssp245,2032,13.075,11.055,14.726,3.95,8.0
New York,40.71,-74.01,ssp245,2033,13.337,11.554,14.831,4.029,8.0
New York,40.71,-74.01,ssp245,2034,13.174,11.231,15.262,4.275,8.0
New York,40.71,-74.01,ssp245,2035,12.978,11.046,14.504,4.03,8.0
New York,40.71,-74.01,ssp245,2036,13.589,11.642,15.267,4.064,8.0
New York,40.71,-74.01,ssp245,2037,13.241,11.344,15.542,4.066,8.0
New York,40.71,-74.01,ssp245,2038,13.494,11.669,15.52,4.012,8.0
New York,40.71,-74.01,ssp245,2039,13.457,11.191,16.101,3.885,8.0
New York,40.71,-74.01,ssp245,2040,13.593,10.367,16.064,3.856,7.0
New York,40.71,-74.01,ssp245,2041,13.226,10.656,15.856,3.764,7.0
New York,40.71,-74.01,ssp245,2042,13.46,11.218,15.357,3.908,7.0
New York,40.71,-74.01,ssp245,2043,13.372,11.395,15.743,4.402,7.0
New York,40.71,-74.01,ssp245,2044,13.303,11.073,15.799,4.292,7.0
New York,40.71,-74.01,ssp245,2045,13.533,11.691,15.692,4.328,7.0
New York,40.71,-74.01,ssp245,2046,13.725,12.067,16.02,4.143,7.0
New York,40.71,-74.01,ssp245,2047,13.526,12.101,15.689,4.33,7.0
New York,40.71,-74.01,ssp245,2048,13.627,11.051,15.785,4.112,7.0
New York,40.71,-74.01,ssp245,2049,14.087,12.135,15.999,3.891,7.0
New York,40.71,-74.01,ssp245,2050,14.106,12.153,16.274,4.259,7.0
New York,40.71,-74.01,ssp245,2051,13.927,11.78,16.526,4.191,7.0
New York,40.71,-74.01,ssp245,2052,13.788,12.235,15.327,4.061,7.0
New York,40.71,-74.01,ssp245,2053,13.963,12.143,16.221,4.001,7.0
New York,40.71,-74.01,ssp245,2054,14.078,11.828,16.287,4.272,7.0
New York,40.71,-74.01,ssp245,2055,13.719,11.408,16.017,4.097,7.0
New York,40.71,-74.01,ssp245,2056,13.891,11.718,16.653,4.418,7.0
New York,40.71,-74.01,ssp245,2057,14.177,12.075,16.521,4.331,7.0
New York,40.71,-74.01,ssp245,2058,13.951,11.699,16.142,4.249,7.0
New York,40.71,-74.01,ssp245,2059,14.076,11.475,16.033,4.276,7.0
New York,40.71,-74.01,ssp245,2060,14.344,12.056,17.35,4.191,7.0
New York,40.71,-74.01,ssp245,2061,14.227,12.063,16.312,4.205,7.0
New York,40.71,-74.01,ssp245,2062,14.305,12.508,16.212,3.933,7.0
New York,40.71,-74.01,ssp245,2063,14.312,12.176,16.591,4.191,7.0
New York,40.71,-74.01,ssp245,2064,14.427,12.469,16.329,4.158,7.0
New York,40.71,-74.01,ssp245,2065,14.334,12.009,16.998,4.458,7.0
New York,40.71,-74.01,ssp245,2066,14.491,12.297,16.153,4.036,7.0
New York,40.71,-74.01,ssp245,2067,14.22,12.254,16.202,4.004,7.0
New York,40.71,-74.01,ssp245,2068,14.474,12.569,16.811,4.158,7.0
New York,40.71,-74.01,ssp245,2069,14.492,12.257,16.647,4.171,7.0
New York,40.71,-74.01,ssp245,2070,14.693,12.415,17.445,4.327,7.0
New York,40.71,-74.01,ssp245,2071,14.382,12.659,16.337,4.093,7.0
New York,40.71,-74.01,ssp245,2072,14.698,11.778,17.142,4.409,7.0
New York,40.71,-74.01,ssp245,2073,14.948,13.495,16.728,4.104,7.0
New York,40.71,-74.01,ssp245,2074,14.495,12.451,16.575,4.047,7.0
New York,40.71,-74.01,ssp245,2075,14.917,12.889,17.093,4.216,7.0
New York,40.71,-74.01,ssp245,2076,14.588,12.611,16.968,4.14,7.0
New York,40.71,-74.01,ssp245,2077,14.76,13.09,16.526,3.955,7.0
New York,40.71,-74.01,ssp245,2078,14.638,12.818,16.855,4.185,7.0
New York,40.71,-74.01,ssp245,2079,14.765,12.092,17.768,3.989,7.0
New York,40.71,-74.01,ssp245,2080,14.821,13.086,16.75,4.066,7.0
New York,40.71,-74.01,ssp245,2081,15.322,13.246,17.369,4.345,7.0
New York,40.71,-74.01,ssp245,2082,14.919,13.305,16.898,4.361,7.0
New York,40.71,-74.01,ssp245,2083,14.967,13.07,16.527,4.26,7.0
New York,40.71,-74.01,ssp245,2084,15.102,13.096,16.877,4.278,7.0
New York,40.71,-74.01,ssp245,2085,14.578,12.558,16.325,4.502,7.0
New York,40.71,-74.01,ssp245,2086,14.992,12.853,17.003,4.349,7.0
New York,40.71,-74.01,ssp245,2087,15.519,13.094,17.827,4.257,7.0
New York,40.71,-74.01,ssp245,2088,14.964,12.184,17.654,4.329,7.0
New York,40.71,-74.01,ssp245,2089,14.703,12.281,17.084,4.187,7.0
New York,40.71,-74.01,ssp245,2090,15.01,12.433,17.097,4.174,7.0
New York,40.71,-74.01,ssp245,2091,14.989,12.959,17.242,4.409,7.0
New York,40.71,-74.01,ssp245,2092,14.959,12.819,16.951,4.467,7.0
New York,40.71,-74.01,ssp245,2093,14.797,12.857,16.823,4.093,7.0
New York,40.71,-74.01,ssp245,2094,15.237,13.173,18.115,4.562,7.0
New York,40.71,-74.01,ssp245,2095,15.152,13.34,17.792,4.356,7.0
New York,40.71,-74.01,ssp245,2096,14.981,12.52,17.151,4.304,7.0
New York,40.71,-74.01,ssp245,2097,15.165,13.458,17.15,4.27,7.0
New York,40.71,-74.01,ssp245,2098,15.437,13.924,17.382,4.413,7.0
New York,40.71,-74.01,ssp245,2099,14.829,12.912,17.357,3.968,7.0
New York,40.71,-74.01,ssp245,2100,14.705,12.651,16.309,4.336,7.0
New York,40.71,-74.01,ssp585,2015,11.952,9.458,14.61,4.109,8.0
New York,40.71,-74.01,ssp585,2016,12.095,10.21,14.325,3.625,8.0
New York,40.71,-74.01,ssp585,2017,12.626,10.396,15.104,4.104,8.0
New York,40.71,-74.01,ssp585,2018,12.125,10.304,14.664,3.992,8.0
New York,40.71,-74.01,ssp585,2019,12.135,10.504,14.396,4.199,8.0
New York,40.71,-74.01,ssp585,2020,12.347,10.412,14.238,4.099,8.0
New York,40.71,-74.01,ssp585,2021,12.72,10.564,14.661,3.782,8.0
New York,40.71,-74.01,ssp585,2022,12.705,11.309,14.463,3.809,8.0
New York,40.71,-74.01,ssp585,2023,12.282,10.365,14.386,4.321,8.0
New York,40.71,-74.01,ssp585,2024,13.172,11.456,15.015,3.945,8.0
New York,40.71,-74.01,ssp585,2025,12.89,11.158,14.69,4.059,8.0
New York,40.71,-74.01,ssp585,2026,12.678,10.939,15.135,4.098,8.0
New York,40.71,-74.01,ssp585,2027,12.767,11.224,14.397,4.114,8.0
New York,40.71,-74.01,ssp585,2028,12.871,10.504,14.686,3.997,8.0
New York,40.71,-74.01,ssp585,2029,13.254,11.044,15.382,4.262,8.0
New York,40.71,-74.01,ssp585,2030,13.195,10.902,15.053,4.01,8.0
New York,40.71,-74.01,ssp585,2031,13.333,11.727,15.426,4.235,8.0
New York,40.71,-74.01,ssp585,2032,13.502,11.844,15.046,4.041,8.0
New York,40.71,-74.01,ssp585,2033,13.355,11.495,15.072,4.25,8.0
New York,40.71,-74.01,ssp585,2034,13.313,11.571,16.0,3.98,8.0
New York,40.71,-74.01,ssp585,2035,13.343,10.882,15.69,4.269,8.0
New York,40.71,-74.01,ssp585,2036,13.441,11.436,15.419,4.008,8.0
New York,40.71,-74.01,ssp585,2037,13.802,11.737,15.706,3.953,8.0
New York,40.71,-74.01,ssp585,2038,13.454,10.988,16.006,4.108,8.0
New York,40.71,-74.01,ssp585,2039,13.74,12.287,15.279,3.885,8.0
New York,40.71,-74.01,ssp585,2040,13.71,11.718,15.833,4.208,8.0
New York,40.71,-74.01,ssp585,2041,13.847,11.958,15.517,4.101,8.0
New York,40.71,-74.01,ssp585,2042,13.929,12.408,15.298,4.045,8.0
New York,40.71,-74.01,ssp585,2043,13.58,11.939,15.283,4.344,8.0
New York,40.71,-74.01,ssp585,2044,14.112,12.645,15.626,4.235,8.0
New York,40.71,-74.01,ssp585,2045,13.911,11.148,15.633,4.184,8.0
New York,40.71,-74.01,ssp585,2046,14.3,12.297,15.908,4.309,8.0
New York,40.71,-74.01,ssp585,2047,14.57,12.753,16.51,4.015,8.0
New York,40.71,-74.01,ssp585,2048,14.296,12.088,16.734,3.892,8.0
New York,40.71,-74.01,ssp585,2049,14.125,11.906,15.909,3.865,8.0
New York,40.71,-74.01,ssp585,2050,14.746,13.006,16.736,4.186,8.0
New York,40.71,-74.01,ssp585,2051,14.877,12.503,16.757,4.185,8.0
New York,40.71,-74.01,ssp585,2052,14.559,12.979,16.325,4.128,8.0
New York,40.71,-74.01,ssp585,2053,14.964,12.618,17.389,4.292,8.0
New York,40.71,-74.01,ssp585,2054,14.896,12.109,17.181,4.164,8.0
New York,40.71,-74.01,ssp585,2055,14.905,12.931,16.501,4.507,8.0
New York,40.71,-74.01,ssp585,2056,15.065,12.201,17.451,4.218,8.0
New York,40.71,-74.01,ssp585,2057,14.946,12.483,17.129,4.33,8.0
New York,40.71,-74.01,ssp585,2058,15.206,12.448,17.619,4.284,8.0
New York,40.71,-74.01,ssp585,2059,15.236,13.607,17.224,4.329,8.0
New York,40.71,-74.01,ssp585,2060,15.04,12.134,17.066,4.114,8.0
New York,40.71,-74.01,ssp585,2061,15.155,12.437,17.396,4.176,8.0
New York,40.71,-74.01,ssp585,2062,15.095,13.001,16.822,4.266,8.0
New York,40.71,-74.01,ssp585,2063,15.039,12.785,17.335,4.505,8.0
New York,40.71,-74.01,ssp585,2064,15.563,13.224,17.631,4.285,8.0
New York,40.71,-74.01,ssp585,2065,15.628,13.589,17.931,4.341,8.0
New York,40.71,-74.01,ssp585,2066,15.543,13.476,17.187,4.128,8.0
New York,40.71,-74.01,ssp585,2067,15.768,13.714,17.472,4.164,8.0
New York,40.71,-74.01,ssp585,2068,15.834,13.473,17.689,4.224,8.0
New York,40.71,-74.01,ssp585,2069,15.98,13.336,18.431,4.293,8.0
New York,40.71,-74.01,ssp585,2070,16.044,13.166,18.292,4.138,8.0
New York,40.71,-74.01,ssp585,2071,15.991,14.42,18.097,4.2,8.0
New York,40.71,-74.01,ssp585,2072,16.292,14.412,18.084,4.449,8.0
New York,40.71,-74.01,ssp585,2073,16.215,13.813,18.455,4.591,8.0
New York,40.71,-74.01,ssp585,2074,16.162,13.292,18.712,4.295,8.0
New York,40.71,-74.01,ssp585,2075,16.541,14.463,19.158,4.497,8.0
New York,40.71,-74.01,ssp585,2076,16.68,14.687,18.505,4.105,8.0
New York,40.71,-74.01,ssp585,2077,16.255,13.855,18.255,4.205,8.0
New York,40.71,-74.01,ssp585,2078,16.77,14.806,19.208,4.393,8.0
New York,40.71,-74.01,ssp585,2079,16.471,13.663,18.695,4.214,8.0
New York,40.71,-74.01,ssp585,2080,16.831,14.5,19.084,4.459,8.0
New York,40.71,-74.01,ssp585,2081,16.769,14.783,18.514,4.562,8.0
New York,40.71,-74.01,ssp585,2082,17.348,15.02,19.727,4.047,8.0
New York,40.71,-74.01,ssp585,2083,16.798,15.111,18.828,4.097,8.0
New York,40.71,-74.01,ssp585,2084,17.099,14.953,19.131,4.329,8.0
New York,40.71,-74.01,ssp585,2085,17.395,15.084,19.705,4.561,8.0
New York,40.71,-74.01,ssp585,2086,17.209,14.451,19.749,4.584,8.0
New York,40.71,-74.01,ssp585,2087,17.319,15.057,19.361,4.615,8.0
New York,40.71,-74.01,ssp585,2088,17.49,14.883,20.036,4.508,8.0
New York,40.71,-74.01,ssp585,2089,17.479,15.627,20.046,4.624,8.0
New York,40.71,-74.01,ssp585,2090,17.876,15.892,20.397,3.964,8.0
New York,40.71,-74.01,ssp585,2091,17.523,15.45,19.66,4.515,8.0
New York,40.71,-74.01,ssp585,2092,17.763,15.768,20.019,4.058,8.0
New York,40.71,-74.01,ssp585,2093,17.782,14.969,20.34,4.565,8.0
New York,40.71,-74.01,ssp585,2094,18.005,15.512,20.453,4.597,8.0
New York,40.71,-74.01,ssp585,2095,17.847,15.047,20.501,4.719,8.0
New York,40.71,-74.01,ssp585,2096,18.085,15.746,20.479,4.625,8.0
New York,40.71,-74.01,ssp585,2097,18.079,15.794,20.727,4.384,8.0
New York,40.71,-74.01,ssp585,2098,18.319,15.865,20.675,4.663,8.0
New York,40.71,-74.01,ssp585,2099,18.534,16.199,21.29,4.561,8.0
New York,40.71,-74.01,ssp585,2100,18.474,16.414,20.923,4.569,8.0
Oslo,59.91,10.75,historical,1850,2.781,0.744,5.474,2.582,8.0
Oslo,59.91,10.75,historical,1851,2.815,0.797,4.986,2.515,8.0
Oslo,59.91,10.75,historical,1852,2.629,0.959,4.371,2.706,8.0
Oslo,59.91,10.75,historical,1853,2.146,0.457,4.072,2.562,8.0
Oslo,59.91,10.75,historical,1854,3.007,0.093,5.141,2.721,8.0
Oslo,59.91,10.75,historical,1855,2.753,1.16,4.302,2.732,8.0
Oslo,59.91,10.75,historical,1856,2.94,1.197,4.645,2.904,8.0
Oslo,59.91,10.75,historical,1857,3.066,0.875,4.804,2.832,8.0
Oslo,59.91,10.75,historical,1858,3.104,1.416,4.903,2.659,8.0
Oslo,59.91,10.75,historical,1859,2.731,0.294,4.707,2.676,8.0
Oslo,59.91,10.75,historical,1860,2.995,0.982,5.024,2.732,8.0
Oslo,59.91,10.75,historical,1861,3.117,1.544,4.612,2.801,8.0
Oslo,59.91,10.75,historical,1862,2.865,1.172,4.241,2.569,8.0
Oslo,59.91,10.75,historical,1863,2.694,1.262,4.218,2.797,8.0
Oslo,59.91,10.75,historical,1864,2.659,1.272,4.512,2.897,8.0
Oslo,59.91,10.75,historical,1865,2.888,1.434,4.216,2.687,8.0
Oslo,59.91,10.75,historical,1866,2.867,1.277,5.129,2.525,8.0
Oslo,59.91,10.75,historical,1867,3.116,1.476,5.413,2.533,8.0
Oslo,59.91,10.75,historical,1868,2.954,1.086,5.982,2.625,8.0
Oslo,59.91,10.75,historical,1869,2.907,0.633,5.2,2.534,8.0
Oslo,59.91,10.75,historical,1870,3.038,1.046,4.907,2.736,8.0
Oslo,59.91,10.75,historical,1871,3.264,1.338,4.629,2.617,8.0
Oslo,59.91,10.75,historical,1872,3.094,0.749,5.822,2.515,8.0
Oslo,59.91,10.75,historical,1873,3.542,1.469,6.316,2.661,8.0
Oslo,59.91,10.75,historical,1874,3.562,2.387,4.696,2.615,8.0
Oslo,59.91,10.75,historical,1875,2.949,1.119,5.301,2.728,8.0
Oslo,59.91,10.75,historical,1876,2.641,1.121,5.563,2.532,8.0
Oslo,59.91,10.75,historical,1877,2.674,0.441,4.644,2.807,8.0
Oslo,59.91,10.75,historical,1878,3.343,1.138,5.743,2.724,8.0
Oslo,59.91,10.75,historical,1879,3.266,1.255,6.283,2.693,8.0
Oslo,59.91,10.75,historical,1880,3.593,1.605,6.096,2.741,8.0
Oslo,59.91,10.75,historical,1881,2.937,0.103,5.471,2.676,8.0
Oslo,59.91,10.75,historical,1882,3.04,0.712,6.579,2.712,8.0
Oslo,59.91,10.75,historical,1883,3.471,1.283,5.437,2.852,8.0
Oslo,59.91,10.75,historical,1884,3.013,1.339,4.988,2.462,8.0
Oslo,59.91,10.75,historical,1885,2.486,0.375,5.23,2.856,8.0
Oslo,59.91,10.75,historical,1886,2.844,1.838,4.268,2.607,8.0
Oslo,59.91,10.75,historical,1887,2.682,0.563,5.011,2.551,8.0
Oslo,59.91,10.75,historical,1888,3.093,1.417,5.316,2.57,8.0
Oslo,59.91,10.75,historical,1889,3.461,1.6,5.619,2.699,8.0
Oslo,59.91,10.75,historical,1890,2.781,1.262,4.451,2.808,8.0
Oslo,59.91,10.75,historical,1891,2.753,1.01,4.752,2.7,8.0
Oslo,59.91,10.75,historical,1892,3.305,1.783,5.24,2.737,8.0
Oslo,59.91,10.75,historical,1893,3.608,2.116,5.715,2.761,8.0
Oslo,59.91,10.75,historical,1894,3.158,0.966,5.229,2.646,8.0
Oslo,59.91,10.75,historical,1895,3.206,1.38,5.538,2.644,8.0
Oslo,59.91,10.75,historical,1896,3.086,1.793,4.417,2.463,8.0
Oslo,59.91,10.75,historical,1897,3.403,1.554,5.785,2.609,8.0
Oslo,59.91,10.75,historical,1898,3.282,1.854,5.175,2.556,8.0
Oslo,59.91,10.75,historical,1899,3.014,0.798,5.491,2.815,8.0
Oslo,59.91,10.75,historical,1900,2.724,1.302,4.275,2.624,8.0
Oslo,59.91,10.75,historical,1901,2.919,0.776,4.711,2.787,8.0
Oslo,59.91,10.75,historical,1902,3.473,1.685,5.136,2.711,8.0
Oslo,59.91,10.75,historical,1903,2.71,0.96,4.628,2.684,8.0
Oslo,59.91,10.75,historical,1904,2.45,1.603,4.269,2.621,8.0
Oslo,59.91,10.75,historical,1905,2.961,1.377,5.387,2.703,8.0
Oslo,59.91,10.75,historical,1906,3.01,1.752,4.687,2.654,8.0
Oslo,59.91,10.75,historical,1907,3.048,1.246,5.228,2.786,8.0
Oslo,59.91,10.75,historical,1908,2.867,1.57,4.217,2.582,8.0
Oslo,59.91,10.75,historical,1909,3.356,1.316,6.027,2.609,8.0
Oslo,59.91,10.75,historical,1910,3.44,1.79,5.884,2.641,8.0
Oslo,59.91,10.75,historical,1911,3.035,0.941,5.895,2.626,8.0
Oslo,59.91,10.75,historical,1912,2.71,0.866,4.755,2.672,8.0
Oslo,59.91,10.75,historical,1913,3.053,1.61,5.233,2.582,8.0
Oslo,59.91,10.75,historical,1914,2.94,0.867,5.27,2.548,8.0
Oslo,59.91,10.75,historical,1915,2.908,1.375,4.816,2.858,8.0
Oslo,59.91,10.75,historical,1916,3.245,1.41,5.041,2.624,8.0
Oslo,59.91,10.75,historical,1917,3.271,1.337,5.77,2.626,8.0
Oslo,59.91,10.75,historical,1918,2.732,0.94,4.362,2.668,8.0
Oslo,59.91,10.75,historical,1919,2.894,1.211,4.837,2.591,8.0
Oslo,59.91,10.75,historical,1920,3.266,0.782,5.32,2.59,8.0
Oslo,59.91,10.75,historical,1921,3.38,1.107,5.407,2.79,8.0
Oslo,59.91,10.75,historical,1922,2.932,0.368,5.146,2.697,8.0
Oslo,59.91,10.75,historical,1923,2.768,1.003,5.7,2.484,8.0
Oslo,59.91,10.75,historical,1924,2.41,0.697,4.511,2.483,8.0
Oslo,59.91,10.75,historical,1925,2.577,0.403,4.009,2.798,8.0
Oslo,59.91,10.75,historical,1926,2.202,0.117,4.868,2.667,8.0
Oslo,59.91,10.75,historical,1927,3.772,1.981,5.974,2.588,8.0
Oslo,59.91,10.75,historical,1928,3.543,1.286,6.486,2.561,8.0
Oslo,59.91,10.75,historical,1929,2.977,0.475,4.979,2.673,8.0
Oslo,59.91,10.75,historical,1930,3.053,1.262,5.283,2.606,8.0
Oslo,59.91,10.75,historical,1931,3.745,2.362,5.739,2.955,8.0
Oslo,59.91,10.75,historical,1932,2.912,0.056,5.414,2.671,8.0
Oslo,59.91,10.75,historical,1933,3.334,1.714,4.88,2.765,8.0
Oslo,59.91,10.75,historical,1934,3.68,2.407,5.467,2.671,8.0
Oslo,59.91,10.75,historical,1935,3.429,1.063,5.264,2.607,8.0
Oslo,59.91,10.75,historical,1936,3.18,1.635,5.073,2.645,8.0
Oslo,59.91,10.75,historical,1937,3.321,1.711,5.263,2.667,8.0
Oslo,59.91,10.75,historical,1938,2.949,1.092,4.777,2.616,8.0
Oslo,59.91,10.75,historical,1939,2.807,1.254,4.629,2.723,8.0
Oslo,59.91,10.75,historical,1940,2.997,1.299,4.68,2.785,8.0
Oslo,59.91,10.75,historical,1941,2.102,0.893,4.039,2.477,8.0
Oslo,59.91,10.75,historical,1942,3.294,1.969,5.629,2.613,8.0
Oslo,59.91,10.75,historical,1943,3.234,1.117,5.561,2.546,8.0
Oslo,59.91,10.75,historical,1944,3.672,2.512,5.24,2.579,8.0
Oslo,59.91,10.75,historical,1945,2.232,1.155,3.666,2.644,8.0
Oslo,59.91,10.75,historical,1946,3.121,1.008,5.689,2.834,8.0
Oslo,59.91,10.75,historical,1947,2.773,0.93,5.237,2.566,8.0
Oslo,59.91,10.75,historical,1948,3.459,2.145,5.463,2.68,8.0
Oslo,59.91,10.75,historical,1949,2.808,1.324,4.872,2.607,8.0
Oslo,59.91,10.75,historical,1950,3.056,1.002,5.016,2.586,8.0
Oslo,59.91,10.75,historical,1951,3.33,1.428,5.308,2.873,8.0
Oslo,59.91,10.75,historical,1952,3.357,1.154,5.501,2.54,8.0
Oslo,59.91,10.75,historical,1953,2.96,1.198,5.395,2.697,8.0
Oslo,59.91,10.75,historical,1954,3.066,1.603,4.454,2.65,8.0
Oslo,59.91,10.75,historical,1955,3.617,1.929,5.972,2.675,8.0
Oslo,59.91,10.75,historical,1956,3.566,2.119,4.848,2.658,8.0
Oslo,59.91,10.75,historical,1957,2.849,1.432,4.504,2.621,8.0
Oslo,59.91,10.75,historical,1958,2.896,1.201,5.064,2.604,8.0
Oslo,59.91,10.75,historical,1959,3.288,1.925,5.786,2.899,8.0
Oslo,59.91,10.75,historical,1960,3.257,1.345,5.408,2.78,8.0
Oslo,59.91,10.75,historical,1961,3.272,1.252,5.599,2.583,8.0
Oslo,59.91,10.75,historical,1962,3.056,1.526,4.537,2.639,8.0
Oslo,59.91,10.75,historical,1963,3.705,1.559,5.595,2.721,8.0
Oslo,59.91,10.75,historical,1964,3.491,1.625,5.033,2.767,8.0
Oslo,59.91,10.75,historical,1965,2.61,0.411,4.838,2.654,8.0
Oslo,59.91,10.75,historical,1966,3.089,1.402,4.48,2.733,8.0
Oslo,59.91,10.75,historical,1967,3.119,1.61,4.349,2.81,8.0
Oslo,59.91,10.75,historical,1968,3.428,1.903,5.681,2.698,8.0
Oslo,59.91,10.75,historical,1969,2.734,0.873,5.05,2.646,8.0
Oslo,59.91,10.75,historical,1970,2.557,1.032,3.997,2.579,8.0
Oslo,59.91,10.75,historical,1971,3.207,1.564,4.911,2.767,8.0
Oslo,59.91,10.75,historical,1972,2.784,0.362,4.04,2.552,8.0
Oslo,59.91,10.75,historical,1973,2.95,1.017,5.331,2.605,8.0
Oslo,59.91,10.75,historical,1974,3.316,1.662,4.719,2.619,8.0
Oslo,59.91,10.75,historical,1975,3.266,1.347,4.518,2.703,8.0
Oslo,59.91,10.75,historical,1976,3.238,1.776,4.547,2.671,8.0
Oslo,59.91,10.75,historical,1977,2.933,1.387,5.195,2.518,8.0
Oslo,59.91,10.75,historical,1978,2.362,0.757,3.754,2.702,8.0
Oslo,59.91,10.75,historical,1979,2.993,1.596,4.884,2.703,8.0
Oslo,59.91,10.75,historical,1980,3.114,1.564,5.531,2.743,8.0
Oslo,59.91,10.75,historical,1981,2.849,0.597,6.038,2.771,8.0
Oslo,59.91,10.75,historical,1982,2.739,0.66,5.021,2.851,8.0
Oslo,59.91,10.75,historical,1983,3.395,1.613,5.37,2.755,8.0
Oslo,59.91,10.75,historical,1984,3.309,1.531,5.201,2.695,8.0
Oslo,59.91,10.75,historical,1985,3.262,2.016,4.263,2.866,8.0
Oslo,59.91,10.75,historical,1986,3.043,1.183,5.74,2.85,8.0
Oslo,59.91,10.75,historical,1987,3.609,1.843,5.052,2.749,8.0
Oslo,59.91,10.75,historical,1988,3.163,2.244,4.317,2.819,8.0
Oslo,59.91,10.75,historical,1989,3.452,2.075,5.17,2.712,8.0
Oslo,59.91,10.75,historical,1990,3.455,1.442,5.953,2.917,8.0
Oslo,59.91,10.75,historical,1991,3.568,1.454,6.806,2.803,8.0
Oslo,59.91,10.75,historical,1992,2.885,1.728,4.356,2.669,8.0
Oslo,59.91,10.75,historical,1993,3.195,1.089,4.971,2.752,8.0
Oslo,59.91,10.75,historical,1994,3.207,1.912,4.963,2.562,8.0
Oslo,59.91,10.75,historical,1995,3.617,2.213,4.755,2.833,8.0
Oslo,59.91,10.75,historical,1996,3.537,2.324,5.107,2.971,8.0
Oslo,59.91,10.75,historical,1997,3.619,2.702,4.81,2.815,8.0
Oslo,59.91,10.75,historical,1998,3.682,2.036,5.738,2.674,8.0
Oslo,59.91,10.75,historical,1999,3.973,1.953,5.516,2.693,8.0
Oslo,59.91,10.75,historical,2000,4.101,2.673,5.622,2.898,8.0
Oslo,59.91,10.75,historical,2001,4.256,2.146,6.395,2.699,8.0
Oslo,59.91,10.75,historical,2002,3.726,2.153,5.541,2.71,8.0
Oslo,59.91,10.75,historical,2003,3.931,1.966,5.924,2.777,8.0
Oslo,59.91,10.75,historical,2004,4.043,1.556,6.242,2.685,8.0
Oslo,59.91,10.75,historical,2005,4.202,3.02,6.115,2.879,8.0
Oslo,59.91,10.75,historical,2006,4.523,3.262,6.132,2.594,8.0
Oslo,59.91,10.75,historical,2007,4.376,2.555,6.405,2.659,8.0
Oslo,59.91,10.75,historical,2008,4.75,3.107,6.725,2.91,8.0
Oslo,59.91,10.75,historical,2009,4.374,2.802,6.414,2.979,8.0
Oslo,59.91,10.75,historical,2010,4.777,3.058,6.487,3.084,8.0
Oslo,59.91,10.75,historical,2011,4.64,3.595,6.586,2.719,8.0
Oslo,59.91,10.75,historical,2012,4.391,2.642,6.446,2.728,8.0
Oslo,59.91,10.75,historical,2013,4.461,2.986,5.436,2.91,8.0
Oslo,59.91,10.75,historical,2014,4.614,3.139,6.55,2.607,8.0
Oslo,59.91,10.75,ssp126,2015,4.625,1.895,6.897,2.974,8.0
Oslo,59.91,10.75,ssp126,2016,5.104,3.059,7.316,2.727,8.0
Oslo,59.91,10.75,ssp126,2017,4.503,2.662,7.083,2.841,8.0
Oslo,59.91,10.75,ssp126,2018,4.668,2.829,6.413,2.799,8.0
Oslo,59.91,10.75,ssp126,2019,4.781,2.74,6.288,2.869,8.0
Oslo,59.91,10.75,ssp126,2020,5.08,3.338,7.624,3.083,8.0
Oslo,59.91,10.75,ssp126,2021,4.535,2.545,6.849,2.763,8.0
Oslo,59.91,10.75,ssp126,2022,4.816,2.779,6.402,3.036,8.0
Oslo,59.91,10.75,ssp126,2023,5.152,3.007,7.599,2.788,8.0
Oslo,59.91,10.75,ssp126,2024,5.339,3.456,6.96,2.619,8.0
Oslo,59.91,10.75,ssp126,2025,5.167,4.071,6.451,2.97,8.0
Oslo,59.91,10.75,ssp126,2026,4.762,2.728,7.158,2.612,8.0
Oslo,59.91,10.75,ssp126,2027,5.019,3.268,7.04,2.922,8.0
Oslo,59.91,10.75,ssp126,2028,5.438,4.059,6.747,2.991,8.0
Oslo,59.91,10.75,ssp126,2029,5.52,4.207,6.998,2.7,8.0
Oslo,59.91,10.75,ssp126,2030,5.243,3.811,6.808,2.957,8.0
Oslo,59.91,10.75,ssp126,2031,5.416,3.971,7.629,2.848,8.0
Oslo,59.91,10.75,ssp126,2032,5.112,3.98,6.526,2.921,8.0
Oslo,59.91,10.75,ssp126,2033,5.487,3.488,7.556,2.844,8.0
Oslo,59.91,10.75,ssp126,2034,4.93,2.801,6.718,2.888,8.0
Oslo,59.91,10.75,ssp126,2035,5.224,3.675,7.109,2.825,8.0
Oslo,59.91,10.75,ssp126,2036,4.919,3.402,6.706,2.717,8.0
Oslo,59.91,10.75,ssp126,2037,5.128,3.447,7.202,2.728,8.0
Oslo,59.91,10.75,ssp126,2038,5.256,3.52,7.003,3.103,8.0
Oslo,59.91,10.75,ssp126,2039,4.702,1.896,6.924,2.687,8.0
Oslo,59.91,10.75,ssp126,2040,5.539,3.385,8.155,2.93,8.0
Oslo,59.91,10.75,ssp126,2041,5.839,4.047,7.504,2.768,8.0
Oslo,59.91,10.75,ssp126,2042,5.871,3.415,7.418,2.9,8.0
Oslo,59.91,10.75,ssp126,2043,5.407,3.186,7.862,2.846,8.0
Oslo,59.91,10.75,ssp126,2044,5.394,3.888,6.601,3.073,8.0
Oslo,59.91,10.75,ssp126,2045,5.642,4.436,7.085,2.907,8.0
Oslo,59.91,10.75,ssp126,2046,5.257,3.794,6.584,3.066,8.0
Oslo,59.91,10.75,ssp126,2047,5.12,4.086,6.282,2.92,8.0
Oslo,59.91,10.75,ssp126,2048,5.398,4.22,6.594,2.753,8.0
Oslo,59.91,10.75,ssp126,2049,5.69,4.363,7.196,3.02,8.0
Oslo,59.91,10.75,ssp126,2050,5.558,2.942,8.145,2.774,8.0
Oslo,59.91,10.75,ssp126,2051,5.127,3.187,7.246,2.756,8.0
Oslo,59.91,10.75,ssp126,2052,5.589,4.251,7.059,2.949,8.0
Oslo,59.91,10.75,ssp126,2053,5.429,3.409,7.357,2.912,8.0
Oslo,59.91,10.75,ssp126,2054,5.706,3.873,7.593,2.963,8.0
Oslo,59.91,10.75,ssp126,2055,5.933,4.901,7.143,2.723,8.0
Oslo,59.91,10.75,ssp126,2056,5.692,4.567,6.961,3.037,8.0
Oslo,59.91,10.75,ssp126,2057,5.816,3.767,7.068,2.783,8.0
Oslo,59.91,10.75,ssp126,2058,5.519,3.628,7.195,2.989,8.0
Oslo,59.91,10.75,ssp126,2059,6.134,4.331,7.727,2.964,8.0
Oslo,59.91,10.75,ssp126,2060,5.415,4.001,6.82,2.98,8.0
Oslo,59.91,10.75,ssp126,2061,5.702,4.265,7.049,2.669,8.0
Oslo,59.91,10.75,ssp126,2062,6.025,4.814,7.426,3.051,8.0
Oslo,59.91,10.75,ssp126,2063,5.678,4.259,7.006,3.174,8.0
Oslo,59.91,10.75,ssp126,2064,5.494,3.585,7.162,2.81,8.0
Oslo,59.91,10.75,ssp126,2065,5.844,4.765,6.889,2.499,8.0
Oslo,59.91,10.75,ssp126,2066,5.99,4.599,7.318,3.033,8.0
Oslo,59.91,10.75,ssp126,2067,5.492,3.42,7.217,2.813,8.0
Oslo,59.91,10.75,ssp126,2068,6.381,4.575,7.477,2.933,8.0
Oslo,59.91,10.75,ssp126,2069,5.504,3.264,7.417,2.847,8.0
Oslo,59.91,10.75,ssp126,2070,5.928,4.418,7.451,2.905,8.0
Oslo,59.91,10.75,ssp126,2071,5.96,4.476,7.553,2.84,8.0
Oslo,59.91,10.75,ssp126,2072,5.462,3.558,7.029,2.848,8.0
Oslo,59.91,10.75,ssp126,2073,5.394,3.431,6.744,2.865,8.0
Oslo,59.91,10.75,ssp126,2074,5.519,4.095,6.653,2.909,8.0
Oslo,59.91,10.75,ssp126,2075,5.303,3.476,7.013,3.039,8.0
Oslo,59.91,10.75,ssp126,2076,5.874,4.501,7.5,3.035,8.0
Oslo,59.91,10.75,ssp126,2077,5.97,4.007,7.911,2.717,8.0
Oslo,59.91,10.75,ssp126,2078,5.76,4.183,6.85,2.989,8.0
Oslo,59.91,10.75,ssp126,2079,5.792,4.462,7.346,2.971,8.0
Oslo,59.91,10.75,ssp126,2080,5.855,4.013,6.936,3.162,8.0
Oslo,59.91,10.75,ssp126,2081,5.149,3.526,6.842,2.8,8.0
Oslo,59.91,10.75,ssp126,2082,6.131,4.615,7.427,3.01,8.0
Oslo,59.91,10.75,ssp126,2083,5.436,3.131,7.355,2.76,8.0
Oslo,59.91,10.75,ssp126,2084,5.622,3.773,7.15,2.844,8.0
Oslo,59.91,10.75,ssp126,2085,5.435,4.5,7.17,3.005,8.0
Oslo,59.91,10.75,ssp126,2086,5.574,3.757,7.199,2.844,8.0
Oslo,59.91,10.75,ssp126,2087,5.535,4.048,6.993,2.975,8.0
Oslo,59.91,10.75,ssp126,2088,5.557,3.463,7.454,2.893,8.0
Oslo,59.91,10.75,ssp126,2089,5.906,5.255,6.807,2.738,8.0
Oslo,59.91,10.75,ssp126,2090,5.781,3.798,7.514,2.767,8.0
Oslo,59.91,10.75,ssp126,2091,5.377,4.2,6.772,2.86,8.0
Oslo,59.91,10.75,ssp126,2092,5.778,4.8,6.656,2.84,8.0
Oslo,59.91,10.75,ssp126,2093,5.669,3.659,7.193,2.959,8.0
Oslo,59.91,10.75,ssp126,2094,5.09,3.711,6.445,2.688,8.0
Oslo,59.91,10.75,ssp126,2095,5.753,3.581,7.433,2.799,8.0
Oslo,59.91,10.75,ssp126,2096,5.718,3.882,7.134,2.838,8.0
Oslo,59.91,10.75,ssp126,2097,5.63,3.823,7.289,2.895,8.0
Oslo,59.91,10.75,ssp126,2098,5.233,3.59,7.229,2.872,8.0
Oslo,59.91,10.75,ssp126,2099,5.609,3.261,7.096,3.058,8.0
Oslo,59.91,10.75,ssp126,2100,5.3,3.299,6.711,2.878,8.0
Oslo,59.91,10.75,ssp245,2015,4.433,2.866,6.667,2.802,8.0
Oslo,59.91,10.75,ssp245,2016,4.677,3.085,6.532,2.673,8.0
Oslo,59.91,10.75,ssp245,2017,4.772,3.305,6.117,2.847,8.0
Oslo,59.91,10.75,ssp245,2018,4.261,2.497,5.958,2.628,8.0
Oslo,59.91,10.75,ssp245,2019,4.792,3.338,6.126,2.818,8.0
Oslo,59.91,10.75,ssp245,2020,4.83,2.707,6.915,2.658,8.0
Oslo,59.91,10.75,ssp245,2021,4.22,2.597,6.078,2.865,8.0
Oslo,59.91,10.75,ssp245,2022,4.887,3.729,6.022,2.756,8.0
Oslo,59.91,10.75,ssp245,2023,4.414,2.485,6.234,2.78,8.0
Oslo,59.91,10.75,ssp245,2024,5.379,3.517,6.797,2.743,8.0
Oslo,59.91,10.75,ssp245,2025,5.123,3.531,6.603,2.798,8.0
Oslo,59.91,10.75,ssp245,2026,4.768,2.94,6.566,2.931,8.0
Oslo,59.91,10.75,ssp245,2027,5.038,3.627,7.284,2.761,8.0
Oslo,59.91,10.75,ssp245,2028,4.864,3.387,6.47,2.776,8.0
Oslo,59.91,10.75,ssp245,2029,4.74,3.315,6.359,2.876,8.0
Oslo,59.91,10.75,ssp245,2030,5.813,4.689,7.381,3.109,8.0
Oslo,59.91,10.75,ssp245,2031,5.575,3.112,7.466,2.821,8.0
Oslo,59.91,10.75,ssp245,2032,5.238,3.401,6.862,2.797,8.0
Oslo,59.91,10.75,ssp245,2033,4.43,2.922,5.575,2.781,8.0
Oslo,59.91,10.75,ssp245,2034,5.24,3.889,6.726,2.837,8.0
Oslo,59.91,10.75,ssp245,2035,5.215,3.035,6.82,2.994,8.0
Oslo,59.91,10.75,ssp245,2036,5.649,3.866,7.424,2.99,8.0
Oslo,59.91,10.75,ssp245,2037,5.747,3.844,7.458,2.969,8.0
Oslo,59.91,10.75,ssp245,2038,5.632,4.301,7.816,2.824,8.0
Oslo,59.91,10.75,ssp245,2039,5.781,4.128,7.615,2.748,8.0
Oslo,59.91,10.75,ssp245,2040,5.078,3.623,6.544,2.886,7.0
Oslo,59.91,10.75,ssp245,2041,5.267,4.418,6.349,3.012,7.0
Oslo,59.91,10.75,ssp245,2042,5.37,3.949,7.519,2.879,7.0
Oslo,59.91,10.75,ssp245,2043,5.53,4.477,6.836,2.816,7.0
Oslo,59.91,10.75,ssp245,2044,5.385,3.697,6.906,2.933,7.0
Oslo,59.91,10.75,ssp245,2045,5.518,4.049,7.21,2.861,7.0
Oslo,59.91,10.75,ssp245,2046,5.44,4.053,7.334,2.863,7.0
Oslo,59.91,10.75,ssp245,2047,5.809,4.486,7.237,3.208,7.0
Oslo,59.91,10.75,ssp245,2048,6.105,4.663,7.29,2.999,7.0
Oslo,59.91,10.75,ssp245,2049,5.438,4.593,6.241,2.916,7.0
Oslo,59.91,10.75,ssp245,2050,5.73,3.925,7.389,2.624,7.0
Oslo,59.91,10.75,ssp245,2051,5.794,4.457,7.899,2.756,7.0
Oslo,59.91,10.75,ssp245,2052,5.52,3.667,7.295,2.915,7.0
Oslo,59.91,10.75,ssp245,2053,5.1,3.599,6.495,2.986,7.0
Oslo,59.91,10.75,ssp245,2054,5.944,4.536,7.426,2.823,7.0
Oslo,59.91,10.75,ssp245,2055,5.626,4.263,6.868,3.066,7.0
Oslo,59.91,10.75,ssp245,2056,5.828,3.962,7.323,3.03,7.0
Oslo,59.91,10.75,ssp245,2057,5.697,4.337,7.3,2.953,7.0
Oslo,59.91,10.75,ssp245,2058,5.865,3.919,7.302,3.046,7.0
Oslo,59.91,10.75,ssp245,2059,6.028,4.611,7.42,2.901,7.0
Oslo,59.91,10.75,ssp245,2060,6.216,4.317,8.377,3.02,7.0
Oslo,59.91,10.75,ssp245,2061,5.99,4.193,7.769,2.779,7.0
Oslo,59.91,10.75,ssp245,2062,6.078,4.614,7.479,3.06,7.0
Oslo,59.91,10.75,ssp245,2063,6.211,4.047,8.292,3.041,7.0
Oslo,59.91,10.75,ssp245,2064,6.18,4.023,7.92,2.787,7.0
Oslo,59.91,10.75,ssp245,2065,5.785,3.462,7.644,3.006,7.0
Oslo,59.91,10.75,ssp245,2066,5.999,4.468,7.476,2.874,7.0
Oslo,59.91,10.75,ssp245,2067,5.875,4.052,7.562,2.874,7.0
Oslo,59.91,10.75,ssp245,2068,6.391,4.46,7.806,3.078,7.0
Oslo,59.91,10.75,ssp245,2069,6.07,3.818,7.762,3.031,7.0
Oslo,59.91,10.75,ssp245,2070,6.42,4.449,7.98,2.935,7.0
Oslo,59.91,10.75,ssp245,2071,5.925,4.068,7.518,2.911,7.0
Oslo,59.91,10.75,ssp245,2072,6.173,4.632,7.492,3.23,7.0
Oslo,59.91,10.75,ssp245,2073,5.724,4.011,7.186,3.068,7.0
Oslo,59.91,10.75,ssp245,2074,6.065,4.179,7.754,2.94,7.0
Oslo,59.91,10.75,ssp245,2075,6.104,4.083,7.866,2.845,7.0
Oslo,59.91,10.75,ssp245,2076,6.325,5.191,7.446,3.17,7.0
Oslo,59.91,10.75,ssp245,2077,6.267,4.483,7.635,3.007,7.0
Oslo,59.91,10.75,ssp245,2078,6.554,4.877,8.013,3.016,7.0
Oslo,59.91,10.75,ssp245,2079,6.499,4.634,8.043,2.969,7.0
Oslo,59.91,10.75,ssp245,2080,6.458,4.751,8.013,3.293,7.0
Oslo,59.91,10.75,ssp245,2081,6.315,4.614,8.35,2.983,7.0
Oslo,59.91,10.75,ssp245,2082,6.523,5.28,7.542,3.051,7.0
Oslo,59.91,10.75,ssp245,2083,6.327,4.598,7.577,2.875,7.0
Oslo,59.91,10.75,ssp245,2084,6.538,5.446,7.71,3.11,7.0
Oslo,59.91,10.75,ssp245,2085,6.172,4.871,7.883,2.834,7.0
Oslo,59.91,10.75,ssp245,2086,6.195,5.045,7.091,2.715,7.0
Oslo,59.91,10.75,ssp245,2087,6.363,4.746,7.476,2.932,7.0
Oslo,59.91,10.75,ssp245,2088,6.498,4.227,8.54,2.661,7.0
Oslo,59.91,10.75,ssp245,2089,6.036,3.886,7.905,3.051,7.0
Oslo,59.91,10.75,ssp245,2090,6.269,3.714,8.006,2.716,7.0
Oslo,59.91,10.75,ssp245,2091,6.517,4.127,7.743,3.067,7.0
Oslo,59.91,10.75,ssp245,2092,6.437,4.63,7.649,3.014,7.0
Oslo,59.91,10.75,ssp245,2093,6.769,5.834,7.592,2.972,7.0
Oslo,59.91,10.75,ssp245,2094,6.278,4.465,7.777,3.059,7.0
Oslo,59.91,10.75,ssp245,2095,6.305,4.6,7.772,2.951,7.0
Oslo,59.91,10.75,ssp245,2096,6.487,4.94,7.729,2.96,7.0
Oslo,59.91,10.75,ssp245,2097,6.48,4.943,7.701,3.066,7.0
Oslo,59.91,10.75,ssp245,2098,6.565,4.878,8.041,2.823,7.0
Oslo,59.91,10.75,ssp245,2099,6.205,4.436,7.679,3.143,7.0
Oslo,59.91,10.75,ssp245,2100,6.533,5.031,7.847,3.146,7.0
Oslo,59.91,10.75,ssp585,2015,4.123,1.891,6.626,2.623,8.0
Oslo,59.91,10.75,ssp585,2016,4.516,2.533,7.171,2.579,8.0
Oslo,59.91,10.75,ssp585,2017,4.72,3.556,6.198,2.8,8.0
Oslo,59.91,10.75,ssp585,2018,4.515,2.709,6.81,2.777,8.0
Oslo,59.91,10.75,ssp585,2019,4.255,2.051,6.511,2.859,8.0
Oslo,59.91,10.75,ssp585,2020,4.478,2.95,5.857,2.868,8.0
Oslo,59.91,10.75,ssp585,2021,5.106,3.422,7.138,3.044,8.0
Oslo,59.91,10.75,ssp585,2022,4.761,3.03,6.753,2.915,8.0
Oslo,59.91,10.75,ssp585,2023,4.764,2.626,6.883,2.73,8.0
Oslo,59.91,10.75,ssp585,2024,4.911,3.035,6.444,3.081,8.0
Oslo,59.91,10.75,ssp585,2025,4.929,3.739,7.046,2.752,8.0
Oslo,59.91,10.75,ssp585,2026,4.589,2.853,6.301,2.696,8.0
Oslo,59.91,10.75,ssp585,2027,4.898,3.513,6.936,2.886,8.0
Oslo,59.91,10.75,ssp585,2028,5.189,3.961,7.367,3.001,8.0
Oslo,59.91,10.75,ssp585,2029,5.537,3.412,7.304,2.914,8.0
Oslo,59.91,10.75,ssp585,2030,5.326,4.214,6.553,2.978,8.0
Oslo,59.91,10.75,ssp585,2031,5.093,3.494,7.009,2.754,8.0
Oslo,59.91,10.75,ssp585,2032,5.566,3.629,7.268,2.52,8.0
Oslo,59.91,10.75,ssp585,2033,4.754,2.563,6.968,2.956,8.0
Oslo,59.91,10.75,ssp585,2034,5.746,3.665,7.984,2.792,8.0
Oslo,59.91,10.75,ssp585,2035,6.104,4.663,7.4,2.73,8.0
Oslo,59.91,10.75,ssp585,2036,6.181,4.542,8.115,2.969,8.0
Oslo,59.91,10.75,ssp585,2037,5.767,3.944,7.253,2.969,8.0
Oslo,59.91,10.75,ssp585,2038,5.608,3.956,7.45,2.976,8.0
Oslo,59.91,10.75,ssp585,2039,5.837,3.822,7.728,3.041,8.0
Oslo,59.91,10.75,ssp585,2040,5.6,3.733,7.115,2.801,8.0
Oslo,59.91,10.75,ssp585,2041,6.193,4.608,8.379,2.931,8.0
Oslo,59.91,10.75,ssp585,2042,5.73,4.263,7.025,2.916,8.0
Oslo,59.91,10.75,ssp585,2043,5.982,4.082,7.848,3.03,8.0
Oslo,59.91,10.75,ssp585,2044,6.174,4.239,8.094,2.816,8.0
Oslo,59.91,10.75,ssp585,2045,6.528,4.408,8.265,3.082,8.0
Oslo,59.91,10.75,ssp585,2046,6.28,4.246,8.097,3.108,8.0
Oslo,59.91,10.75,ssp585,2047,6.381,4.991,7.997,3.011,8.0
Oslo,59.91,10.75,ssp585,2048,6.428,4.561,8.504,2.992,8.0
Oslo,59.91,10.75,ssp585,2049,5.84,3.415,7.861,2.752,8.0
Oslo,59.91,10.75,ssp585,2050,6.636,4.191,8.292,2.842,8.0
Oslo,59.91,10.75,ssp585,2051,7.115,5.133,8.928,2.927,8.0
Oslo,59.91,10.75,ssp585,2052,6.56,5.246,7.821,2.787,8.0
Oslo,59.91,10.75,ssp585,2053,6.817,4.721,8.777,2.744,8.0
Oslo,59.91,10.75,ssp585,2054,6.57,4.478,9.018,3.025,8.0
Oslo,59.91,10.75,ssp585,2055,6.889,5.164,8.462,3.072,8.0
Oslo,59.91,10.75,ssp585,2056,6.742,4.76,8.52,3.126,8.0
Oslo,59.91,10.75,ssp585,2057,7.017,5.508,8.438,3.233,8.0
Oslo,59.91,10.75,ssp585,2058,6.549,4.65,8.338,3.095,8.0
Oslo,59.91,10.75,ssp585,2059,6.929,5.268,8.601,2.869,8.0
Oslo,59.91,10.75,ssp585,2060,7.428,5.483,8.675,3.023,8.0
Oslo,59.91,10.75,ssp585,2061,7.067,4.747,8.747,3.125,8.0
Oslo,59.91,10.75,ssp585,2062,7.015,5.501,8.379,3.287,8.0
Oslo,59.91,10.75,ssp585,2063,7.208,5.679,8.33,2.947,8.0
Oslo,59.91,10.75,ssp585,2064,7.204,4.946,9.536,3.064,8.0
Oslo,59.91,10.75,ssp585,2065,7.85,5.633,9.923,2.812,8.0
Oslo,59.91,10.75,ssp585,2066,7.003,5.074,8.769,3.057,8.0
Oslo,59.91,10.75,ssp585,2067,7.494,5.688,9.127,3.147,8.0
Oslo,59.91,10.75,ssp585,2068,7.706,5.625,9.939,3.201,8.0
Oslo,59.91,10.75,ssp585,2069,7.493,4.792,9.232,3.154,8.0
Oslo,59.91,10.75,ssp585,2070,8.004,5.905,9.833,3.169,8.0
Oslo,59.91,10.75,ssp585,2071,7.983,6.565,8.967,3.182,8.0
Oslo,59.91,10.75,ssp585,2072,8.304,6.746,10.121,3.31,8.0
Oslo,59.91,10.75,ssp585,2073,7.654,5.726,9.177,3.059,8.0
Oslo,59.91,10.75,ssp585,2074,7.989,6.24,10.385,3.226,8.0
Oslo,59.91,10.75,ssp585,2075,7.874,5.28,9.889,3.043,8.0
Oslo,59.91,10.75,ssp585,2076,7.936,6.21,9.872,3.138,8.0
Oslo,59.91,10.75,ssp585,2077,8.109,5.543,9.797,2.953,8.0
Oslo,59.91,10.75,ssp585,2078,8.334,5.845,10.866,3.098,8.0
Oslo,59.91,10.75,ssp585,2079,8.191,5.699,10.35,3.129,8.0
Oslo,59.91,10.75,ssp585,2080,8.44,6.268,10.21,3.051,8.0
Oslo,59.91,10.75,ssp585,2081,8.35,6.574,9.865,3.264,8.0
Oslo,59.91,10.75,ssp585,2082,8.332,6.126,10.414,2.977,8.0
Oslo,59.91,10.75,ssp585,2083,8.57,5.85,10.438,3.262,8.0
Oslo,59.91,10.75,ssp585,2084,9.009,6.697,10.599,2.986,8.0
Oslo,59.91,10.75,ssp585,2085,8.929,6.776,10.526,3.039,8.0
Oslo,59.91,10.75,ssp585,2086,9.421,6.71,11.499,3.048,8.0
Oslo,59.91,10.75,ssp585,2087,9.331,7.273,10.76,3.35,8.0
Oslo,59.91,10.75,ssp585,2088,9.458,7.82,10.892,2.968,8.0
Oslo,59.91,10.75,ssp585,2089,9.416,6.825,10.984,3.381,8.0
Oslo,59.91,10.75,ssp585,2090,9.875,7.612,11.104,3.262,8.0
Oslo,59.91,10.75,ssp585,2091,9.613,7.253,11.204,3.398,8.0
Oslo,59.91,10.75,ssp585,2092,9.595,7.66,11.491,3.459,8.0
Oslo,59.91,10.75,ssp585,2093,9.943,7.491,11.504,3.059,8.0
Oslo,59.91,10.75,ssp585,2094,9.971,7.484,12.217,3.368,8.0
Oslo,59.91,10.75,ssp585,2095,9.53,7.012,11.13,3.327,8.0
Oslo,59.91,10.75,ssp585,2096,9.965,7.315,11.748,3.248,8.0
Oslo,59.91,10.75,ssp585,2097,9.931,6.967,11.807,3.188,8.0
Oslo,59.91,10.75,ssp585,2098,10.351,7.278,12.341,3.129,8.0
Oslo,59.91,10.75,ssp585,2099,10.078,7.794,11.744,3.386,8.0
Oslo,59.91,10.75,ssp585,2100,10.181,7.424,11.88,3.226,8.0
Paris,48.86,2.35,historical,1850,10.436,9.318,12.806,2.447,8.0
Paris,48.86,2.35,historical,1851,10.115,9.39,11.369,2.397,8.0
Paris,48.86,2.35,historical,1852,10.604,9.484,12.336,2.661,8.0
Paris,48.86,2.35,historical,1853,10.158,9.242,12.025,2.499,8.0
Paris,48.86,2.35,historical,1854,10.441,9.107,12.795,2.603,8.0
Paris,48.86,2.35,historical,1855,10.541,9.301,12.065,2.599,8.0
Paris,48.86,2.35,historical,1856,10.459,9.842,11.36,2.576,8.0
Paris,48.86,2.35,historical,1857,10.812,9.918,12.277,2.559,8.0
Paris,48.86,2.35,historical,1858,10.455,9.699,12.059,2.396,8.0
Paris,48.86,2.35,historical,1859,10.528,9.496,12.117,2.527,8.0
Paris,48.86,2.35,historical,1860,10.575,9.412,12.437,2.525,8.0
Paris,48.86,2.35,historical,1861,10.625,9.524,12.734,2.545,8.0
Paris,48.86,2.35,historical,1862,10.053,9.124,11.889,2.33,8.0
Paris,48.86,2.35,historical,1863,10.099,9.083,11.459,2.558,8.0
Paris,48.86,2.35,historical,1864,10.221,9.126,12.017,2.593,8.0
Paris,48.86,2.35,historical,1865,10.113,8.92,11.27,2.544,8.0
Paris,48.86,2.35,historical,1866,10.605,9.677,11.867,2.505,8.0
Paris,48.86,2.35,historical,1867,10.628,9.458,12.671,2.353,8.0
Paris,48.86,2.35,historical,1868,10.949,9.804,12.683,2.417,8.0
Paris,48.86,2.35,historical,1869,10.301,8.956,12.264,2.437,8.0
Paris,48.86,2.35,historical,1870,10.31,9.155,11.441,2.693,8.0
Paris,48.86,2.35,historical,1871,10.593,9.718,12.077,2.361,8.0
Paris,48.86,2.35,historical,1872,10.167,8.544,12.071,2.408,8.0
Paris,48.86,2.35,historical,1873,10.856,9.402,13.028,2.486,8.0
Paris,48.86,2.35,historical,1874,10.672,9.522,11.942,2.457,8.0
Paris,48.86,2.35,historical,1875,10.281,9.223,12.197,2.489,8.0
Paris,48.86,2.35,historical,1876,10.531,9.032,12.717,2.479,8.0
Paris,48.86,2.35,historical,1877,10.046,7.65,12.259,2.458,8.0
Paris,48.86,2.35,historical,1878,10.68,9.273,12.954,2.326,8.0
Paris,48.86,2.35,historical,1879,10.585,9.363,12.356,2.676,8.0
Paris,48.86,2.35,historical,1880,10.414,8.976,12.461,2.516,8.0
Paris,48.86,2.35,historical,1881,10.337,8.224,12.535,2.487,8.0
Paris,48.86,2.35,historical,1882,10.548,9.18,12.476,2.576,8.0
Paris,48.86,2.35,historical,1883,10.664,9.813,12.157,2.714,8.0
Paris,48.86,2.35,historical,1884,10.366,8.82,11.969,2.545,8.0
Paris,48.86,2.35,historical,1885,9.931,8.842,12.367,2.628,8.0
Paris,48.86,2.35,historical,1886,10.582,9.618,12.095,2.471,8.0
Paris,48.86,2.35,historical,1887,10.227,8.387,12.231,2.461,8.0
Paris,48.86,2.35,historical,1888,10.552,9.413,12.198,2.506,8.0
Paris,48.86,2.35,historical,1889,10.783,9.734,12.108,2.421,8.0
Paris,48.86,2.35,historical,1890,10.207,9.33,11.833,2.556,8.0
Paris,48.86,2.35,historical,1891,10.483,8.558,12.571,2.569,8.0
Paris,48.86,2.35,historical,1892,10.327,9.346,11.732,2.634,8.0
Paris,48.86,2.35,historical,1893,10.721,9.853,12.135,2.354,8.0
Paris,48.86,2.35,historical,1894,10.845,8.796,12.686,2.386,8.0
Paris,48.86,2.35,historical,1895,10.483,8.92,12.757,2.462,8.0
Paris,48.86,2.35,historical,1896,10.757,9.956,12.33,2.189,8.0
Paris,48.86,2.35,historical,1897,10.589,9.65,12.132,2.437,8.0
Paris,48.86,2.35,historical,1898,10.416,9.15,12.538,2.415,8.0
Paris,48.86,2.35,historical,1899,10.566,9.227,12.582,2.541,8.0
Paris,48.86,2.35,historical,1900,10.762,9.781,12.379,2.54,8.0
Paris,48.86,2.35,historical,1901,10.724,9.85,12.234,2.606,8.0
Paris,48.86,2.35,historical,1902,10.701,9.682,12.269,2.532,8.0
Paris,48.86,2.35,historical,1903,10.217,8.67,11.648,2.599,8.0
Paris,48.86,2.35,historical,1904,10.104,8.915,11.806,2.669,8.0
Paris,48.86,2.35,historical,1905,10.546,9.443,12.405,2.445,8.0
Paris,48.86,2.35,historical,1906,10.717,9.094,12.259,2.597,8.0
Paris,48.86,2.35,historical,1907,10.569,9.38,12.263,2.576,8.0
Paris,48.86,2.35,historical,1908,10.375,9.555,11.879,2.448,8.0
Paris,48.86,2.35,historical,1909,10.114,9.08,11.845,2.5,8.0
Paris,48.86,2.35,historical,1910,10.262,9.183,11.98,2.444,8.0
Paris,48.86,2.35,historical,1911,10.777,9.953,12.68,2.53,8.0
Paris,48.86,2.35,historical,1912,10.532,9.163,11.816,2.48,8.0
Paris,48.86,2.35,historical,1913,9.96,8.671,12.026,2.483,8.0
Paris,48.86,2.35,historical,1914,10.408,9.288,12.123,2.62,8.0
Paris,48.86,2.35,historical,1915,10.337,8.612,12.156,2.61,8.0
Paris,48.86,2.35,historical,1916,10.67,9.262,12.441,2.378,8.0
Paris,48.86,2.35,historical,1917,10.685,9.147,12.287,2.32,8.0
Paris,48.86,2.35,historical,1918,10.416,8.956,11.655,2.671,8.0
Paris,48.86,2.35,historical,1919,10.606,9.101,12.28,2.315,8.0
Paris,48.86,2.35,historical,1920,10.493,8.789,12.292,2.412,8.0
Paris,48.86,2.35,historical,1921,10.812,10.085,12.019,2.628,8.0
Paris,48.86,2.35,historical,1922,10.392,9.104,12.73,2.54,8.0
Paris,48.86,2.35,historical,1923,10.198,9.337,11.899,2.654,8.0
Paris,48.86,2.35,historical,1924,10.307,9.407,12.006,2.571,8.0
Paris,48.86,2.35,historical,1925,10.478,9.2,12.096,2.437,8.0
Paris,48.86,2.35,historical,1926,10.161,8.969,12.962,2.58,8.0
Paris,48.86,2.35,historical,1927,10.704,9.442,12.057,2.554,8.0
Paris,48.86,2.35,historical,1928,10.59,9.464,12.639,2.438,8.0
Paris,48.86,2.35,historical,1929,10.171,8.906,11.204,2.486,8.0
Paris,48.86,2.35,historical,1930,10.439,9.103,12.524,2.555,8.0
Paris,48.86,2.35,historical,1931,10.493,9.411,12.211,2.759,8.0
Paris,48.86,2.35,historical,1932,10.099,8.975,11.709,2.487,8.0
Paris,48.86,2.35,historical,1933,10.499,9.55,11.811,2.362,8.0
Paris,48.86,2.35,historical,1934,11.096,9.669,12.309,2.38,8.0
Paris,48.86,2.35,historical,1935,10.803,9.366,12.191,2.429,8.0
Paris,48.86,2.35,historical,1936,10.463,8.99,12.346,2.527,8.0
Paris,48.86,2.35,historical,1937,10.653,9.766,12.13,2.492,8.0
Paris,48.86,2.35,historical,1938,10.671,9.463,12.337,2.55,8.0
Paris,48.86,2.35,historical,1939,10.354,9.11,12.081,2.739,8.0
Paris,48.86,2.35,historical,1940,10.437,9.156,12.022,2.605,8.0
Paris,48.86,2.35,historical,1941,10.108,8.741,11.738,2.466,8.0
Paris,48.86,2.35,historical,1942,10.745,9.316,13.146,2.488,8.0
Paris,48.86,2.35,historical,1943,10.267,9.099,12.227,2.445,8.0
Paris,48.86,2.35,historical,1944,10.595,9.659,12.121,2.543,8.0
Paris,48.86,2.35,historical,1945,10.193,9.145,11.696,2.755,8.0
Paris,48.86,2.35,historical,1946,10.538,9.359,12.277,2.751,8.0
Paris,48.86,2.35,historical,1947,10.327,9.336,11.864,2.522,8.0
Paris,48.86,2.35,historical,1948,10.485,9.494,11.37,2.554,8.0
Paris,48.86,2.35,historical,1949,10.549,9.205,12.577,2.636,8.0
Paris,48.86,2.35,historical,1950,10.48,9.361,12.231,2.431,8.0
Paris,48.86,2.35,historical,1951,10.771,9.94,12.406,2.575,8.0
Paris,48.86,2.35,historical,1952,10.662,9.551,12.486,2.507,8.0
Paris,48.86,2.35,historical,1953,10.325,9.016,12.467,2.361,8.0
Paris,48.86,2.35,historical,1954,10.594,9.388,12.185,2.473,8.0
Paris,48.86,2.35,historical,1955,10.813,9.489,12.685,2.414,8.0
Paris,48.86,2.35,historical,1956,10.723,9.77,12.075,2.452,8.0
Paris,48.86,2.35,historical,1957,10.46,9.424,12.093,2.504,8.0
Paris,48.86,2.35,historical,1958,10.531,9.46,11.902,2.507,8.0
Paris,48.86,2.35,historical,1959,10.664,9.815,12.475,2.647,8.0
Paris,48.86,2.35,historical,1960,10.632,9.517,12.068,2.595,8.0
Paris,48.86,2.35,historical,1961,10.517,9.334,12.138,2.473,8.0
Paris,48.86,2.35,historical,1962,10.536,9.371,12.23,2.54,8.0
Paris,48.86,2.35,historical,1963,10.802,9.627,12.639,2.746,8.0
Paris,48.86,2.35,historical,1964,10.166,8.926,11.594,2.543,8.0
Paris,48.86,2.35,historical,1965,10.571,9.567,11.83,2.545,8.0
Paris,48.86,2.35,historical,1966,10.517,9.064,11.827,2.475,8.0
Paris,48.86,2.35,historical,1967,10.783,9.468,12.032,2.508,8.0
Paris,48.86,2.35,historical,1968,10.414,9.185,12.009,2.411,8.0
Paris,48.86,2.35,historical,1969,10.502,9.513,11.987,2.387,8.0
Paris,48.86,2.35,historical,1970,10.18,8.832,11.919,2.425,8.0
Paris,48.86,2.35,historical,1971,10.444,9.116,11.939,2.624,8.0
Paris,48.86,2.35,historical,1972,10.263,9.394,11.046,2.433,8.0
Paris,48.86,2.35,historical,1973,10.745,9.624,12.623,2.573,8.0
Paris,48.86,2.35,historical,1974,10.315,9.296,11.618,2.459,8.0
Paris,48.86,2.35,historical,1975,10.655,9.743,11.596,2.475,8.0
Paris,48.86,2.35,historical,1976,10.783,9.959,12.006,2.471,8.0
Paris,48.86,2.35,historical,1977,10.335,9.298,12.015,2.461,8.0
Paris,48.86,2.35,historical,1978,10.388,9.424,11.248,2.624,8.0
Paris,48.86,2.35,historical,1979,10.582,9.342,11.811,2.421,8.0
Paris,48.86,2.35,historical,1980,10.395,9.224,11.816,2.537,8.0
Paris,48.86,2.35,historical,1981,10.58,9.119,12.369,2.574,8.0
Paris,48.86,2.35,historical,1982,10.582,9.44,12.68,2.697,8.0
Paris,48.86,2.35,historical,1983,10.584,9.708,11.733,2.852,8.0
Paris,48.86,2.35,historical,1984,10.588,9.701,12.11,2.451,8.0
Paris,48.86,2.35,historical,1985,10.543,9.028,12.387,2.611,8.0
Paris,48.86,2.35,historical,1986,10.395,8.739,12.717,2.554,8.0
Paris,48.86,2.35,historical,1987,10.941,10.152,12.108,2.349,8.0
Paris,48.86,2.35,historical,1988,10.751,9.615,12.133,2.598,8.0
Paris,48.86,2.35,historical,1989,10.502,9.395,12.356,2.558,8.0
Paris,48.86,2.35,historical,1990,10.558,9.466,12.561,2.779,8.0
Paris,48.86,2.35,historical,1991,10.851,9.146,13.09,2.336,8.0
Paris,48.86,2.35,historical,1992,10.468,8.954,12.066,2.562,8.0
Paris,48.86,2.35,historical,1993,10.527,9.143,11.592,2.758,8.0
Paris,48.86,2.35,historical,1994,10.739,9.163,12.103,2.664,8.0
Paris,48.86,2.35,historical,1995,10.729,9.244,12.067,2.502,8.0
Paris,48.86,2.35,historical,1996,11.1,10.037,11.909,2.764,8.0
Paris,48.86,2.35,historical,1997,11.282,10.175,12.749,2.692,8.0
Paris,48.86,2.35,historical,1998,10.838,9.461,12.726,2.578,8.0
Paris,48.86,2.35,historical,1999,11.206,10.055,12.556,2.374,8.0
Paris,48.86,2.35,historical,2000,11.247,10.312,12.446,2.717,8.0
Paris,48.86,2.35,historical,2001,11.194,9.86,13.129,2.603,8.0
Paris,48.86,2.35,historical,2002,11.025,10.006,11.994,2.595,8.0
Paris,48.86,2.35,historical,2003,11.546,10.1,13.06,2.555,8.0
Paris,48.86,2.35,historical,2004,11.337,10.184,12.899,2.409,8.0
Paris,48.86,2.35,historical,2005,11.153,9.777,13.003,2.457,8.0
Paris,48.86,2.35,historical,2006,11.523,10.486,13.232,2.404,8.0
Paris,48.86,2.35,historical,2007,11.523,10.136,13.099,2.569,8.0
Paris,48.86,2.35,historical,2008,11.807,10.963,12.952,2.566,8.0
Paris,48.86,2.35,historical,2009,11.599,10.431,13.22,2.497,8.0
Paris,48.86,2.35,historical,2010,11.545,10.13,12.943,2.53,8.0
Paris,48.86,2.35,historical,2011,11.488,10.346,13.259,2.508,8.0
Paris,48.86,2.35,historical,2012,11.802,10.624,13.954,2.578,8.0
Paris,48.86,2.35,historical,2013,11.805,11.032,12.789,2.649,8.0
Paris,48.86,2.35,historical,2014,11.265,10.206,13.407,2.525,8.0
Paris,48.86,2.35,ssp126,2015,11.859,10.696,13.686,2.65,8.0
Paris,48.86,2.35,ssp126,2016,12.129,11.092,13.959,2.758,8.0
Paris,48.86,2.35,ssp126,2017,11.884,11.043,13.247,2.516,8.0
Paris,48.86,2.35,ssp126,2018,12.146,11.159,13.685,2.552,8.0
Paris,48.86,2.35,ssp126,2019,11.959,10.616,13.855,2.567,8.0
Paris,48.86,2.35,ssp126,2020,12.166,10.802,14.224,2.633,8.0
Paris,48.86,2.35,ssp126,2021,11.864,10.82,13.232,2.838,8.0
Paris,48.86,2.35,ssp126,2022,12.263,10.969,13.651,2.592,8.0
Paris,48.86,2.35,ssp126,2023,12.389,11.25,14.053,2.472,8.0
Paris,48.86,2.35,ssp126,2024,12.36,11.545,13.803,2.674,8.0
Paris,48.86,2.35,ssp126,2025,12.067,10.894,13.624,2.683,8.0
Paris,48.86,2.35,ssp126,2026,12.043,10.828,13.879,2.704,8.0
Paris,48.86,2.35,ssp126,2027,12.413,10.859,14.425,2.464,8.0
Paris,48.86,2.35,ssp126,2028,12.254,11.095,13.348,2.671,8.0
Paris,48.86,2.35,ssp126,2029,12.495,11.544,13.722,2.446,8.0
Paris,48.86,2.35,ssp126,2030,12.365,11.655,13.236,2.629,8.0
Paris,48.86,2.35,ssp126,2031,12.354,11.157,14.259,2.534,8.0
Paris,48.86,2.35,ssp126,2032,12.091,10.836,13.478,2.559,8.0
Paris,48.86,2.35,ssp126,2033,12.275,11.078,14.307,2.698,8.0
Paris,48.86,2.35,ssp126,2034,11.89,10.735,13.276,2.749,8.0
Paris,48.86,2.35,ssp126,2035,12.378,11.078,13.594,2.438,8.0
Paris,48.86,2.35,ssp126,2036,12.032,10.746,13.532,2.556,8.0
Paris,48.86,2.35,ssp126,2037,12.444,10.94,13.721,2.729,8.0
Paris,48.86,2.35,ssp126,2038,12.434,11.332,14.023,2.756,8.0
Paris,48.86,2.35,ssp126,2039,12.279,11.006,14.07,2.72,8.0
Paris,48.86,2.35,ssp126,2040,12.545,10.908,14.107,2.765,8.0
Paris,48.86,2.35,ssp126,2041,12.576,11.403,13.872,2.573,8.0
Paris,48.86,2.35,ssp126,2042,12.711,10.995,14.467,2.834,8.0
Paris,48.86,2.35,ssp126,2043,12.558,11.233,13.686,2.374,8.0
Paris,48.86,2.35,ssp126,2044,12.64,11.533,13.648,2.554,8.0
Paris,48.86,2.35,ssp126,2045,12.604,12.009,13.194,2.722,8.0
Paris,48.86,2.35,ssp126,2046,12.364,11.583,13.642,2.706,8.0
Paris,48.86,2.35,ssp126,2047,12.604,11.46,14.087,2.693,8.0
Paris,48.86,2.35,ssp126,2048,12.634,11.766,13.563,2.375,8.0
Paris,48.86,2.35,ssp126,2049,12.329,11.445,13.004,2.474,8.0
Paris,48.86,2.35,ssp126,2050,12.475,11.07,13.935,2.604,8.0
Paris,48.86,2.35,ssp126,2051,12.331,10.755,13.645,2.61,8.0
Paris,48.86,2.35,ssp126,2052,12.42,11.568,13.242,2.548,8.0
Paris,48.86,2.35,ssp126,2053,12.39,11.303,13.851,2.536,8.0
Paris,48.86,2.35,ssp126,2054,12.769,11.312,13.741,2.701,8.0
Paris,48.86,2.35,ssp126,2055,12.727,11.802,13.53,2.506,8.0
Paris,48.86,2.35,ssp126,2056,12.786,12.039,13.707,2.753,8.0
Paris,48.86,2.35,ssp126,2057,12.807,11.505,13.758,2.487,8.0
Paris,48.86,2.35,ssp126,2058,12.573,11.696,13.525,2.627,8.0
Paris,48.86,2.35,ssp126,2059,12.765,11.694,14.012,2.554,8.0
Paris,48.86,2.35,ssp126,2060,12.58,11.862,13.422,2.684,8.0
Paris,48.86,2.35,ssp126,2061,12.933,11.898,13.843,2.772,8.0
Paris,48.86,2.35,ssp126,2062,12.899,12.221,13.635,2.681,8.0
Paris,48.86,2.35,ssp126,2063,12.572,11.371,13.391,2.607,8.0
Paris,48.86,2.35,ssp126,2064,12.491,11.582,13.963,2.711,8.0
Paris,48.86,2.35,ssp126,2065,12.68,11.121,14.066,2.487,8.0
Paris,48.86,2.35,ssp126,2066,12.902,12.087,14.054,2.664,8.0
Paris,48.86,2.35,ssp126,2067,12.933,11.892,14.247,2.626,8.0
Paris,48.86,2.35,ssp126,2068,12.614,11.583,13.834,2.547,8.0
Paris,48.86,2.35,ssp126,2069,12.764,11.587,14.155,2.426,8.0
Paris,48.86,2.35,ssp126,2070,12.854,11.826,13.635,2.315,8.0
Paris,48.86,2.35,ssp126,2071,12.601,11.837,13.193,2.42,8.0
Paris,48.86,2.35,ssp126,2072,12.482,11.044,13.445,2.582,8.0
Paris,48.86,2.35,ssp126,2073,12.666,10.673,13.757,2.641,8.0
Paris,48.86,2.35,ssp126,2074,12.494,11.305,13.698,2.626,8.0
Paris,48.86,2.35,ssp126,2075,12.6,11.467,13.781,2.793,8.0
Paris,48.86,2.35,ssp126,2076,12.6,11.607,14.061,2.722,8.0
Paris,48.86,2.35,ssp126,2077,12.685,11.682,13.548,2.423,8.0
Paris,48.86,2.35,ssp126,2078,12.797,11.639,13.746,2.701,8.0
Paris,48.86,2.35,ssp126,2079,13.054,12.151,14.384,2.553,8.0
Paris,48.86,2.35,ssp126,2080,12.789,11.515,13.585,2.664,8.0
Paris,48.86,2.35,ssp126,2081,12.448,10.934,13.609,2.656,8.0
Paris,48.86,2.35,ssp126,2082,12.568,11.271,13.471,2.536,8.0
Paris,48.86,2.35,ssp126,2083,12.454,11.158,13.802,2.574,8.0
Paris,48.86,2.35,ssp126,2084,12.348,10.983,13.246,2.557,8.0
Paris,48.86,2.35,ssp126,2085,12.559,11.991,13.479,2.841,8.0
Paris,48.86,2.35,ssp126,2086,12.757,11.677,14.084,2.561,8.0
Paris,48.86,2.35,ssp126,2087,12.627,11.385,13.867,2.833,8.0
Paris,48.86,2.35,ssp126,2088,12.706,10.673,14.015,2.606,8.0
Paris,48.86,2.35,ssp126,2089,13.173,12.459,13.983,2.617,8.0
Paris,48.86,2.35,ssp126,2090,12.672,11.255,14.039,2.532,8.0
Paris,48.86,2.35,ssp126,2091,12.72,11.927,13.93,2.657,8.0
Paris,48.86,2.35,ssp126,2092,12.915,12.065,13.632,2.471,8.0
Paris,48.86,2.35,ssp126,2093,12.846,11.299,14.258,2.436,8.0
Paris,48.86,2.35,ssp126,2094,12.855,11.256,14.43,2.719,8.0
Paris,48.86,2.35,ssp126,2095,12.594,11.044,13.676,2.412,8.0
Paris,48.86,2.35,ssp126,2096,12.655,11.385,13.737,2.614,8.0
Paris,48.86,2.35,ssp126,2097,12.585,11.413,13.796,2.615,8.0
Paris,48.86,2.35,ssp126,2098,12.656,11.436,13.899,2.385,8.0
Paris,48.86,2.35,ssp126,2099,12.657,11.253,14.049,2.604,8.0
Paris,48.86,2.35,ssp126,2100,12.525,11.243,13.706,2.52,8.0
Paris,48.86,2.35,ssp245,2015,11.344,9.548,14.045,2.358,8.0
Paris,48.86,2.35,ssp245,2016,11.73,10.565,13.472,2.461,8.0
Paris,48.86,2.35,ssp245,2017,11.891,10.768,13.563,2.547,8.0
Paris,48.86,2.35,ssp245,2018,11.778,10.974,12.751,2.426,8.0
Paris,48.86,2.35,ssp245,2019,12.088,11.383,12.771,2.595,8.0
Paris,48.86,2.35,ssp245,2020,12.077,10.88,13.625,2.669,8.0
Paris,48.86,2.35,ssp245,2021,11.717,10.536,13.349,2.59,8.0
Paris,48.86,2.35,ssp245,2022,11.989,11.385,12.524,2.637,8.0
Paris,48.86,2.35,ssp245,2023,11.676,10.44,12.857,2.608,8.0
Paris,48.86,2.35,ssp245,2024,12.267,10.87,13.867,2.579,8.0
Paris,48.86,2.35,ssp245,2025,12.154,10.782,13.345,2.664,8.0
Paris,48.86,2.35,ssp245,2026,12.21,11.207,13.782,2.61,8.0
Paris,48.86,2.35,ssp245,2027,12.009,10.838,13.5,2.439,8.0
Paris,48.86,2.35,ssp245,2028,12.47,11.221,14.266,2.469,8.0
Paris,48.86,2.35,ssp245,2029,11.778,10.898,13.037,2.611,8.0
Paris,48.86,2.35,ssp245,2030,12.487,10.934,13.683,2.525,8.0
Paris,48.86,2.35,ssp245,2031,12.123,10.864,13.42,2.482,8.0
Paris,48.86,2.35,ssp245,2032,12.216,11.061,13.405,2.701,8.0
Paris,48.86,2.35,ssp245,2033,11.852,10.8,12.915,2.484,8.0
Paris,48.86,2.35,ssp245,2034,12.676,11.369,13.814,2.501,8.0
Paris,48.86,2.35,ssp245,2035,12.25,11.48,13.24,2.562,8.0
Paris,48.86,2.35,ssp245,2036,12.5,11.492,13.759,2.419,8.0
Paris,48.86,2.35,ssp245,2037,12.55,11.125,13.876,2.583,8.0
Paris,48.86,2.35,ssp245,2038,12.406,11.172,13.565,2.662,8.0
Paris,48.86,2.35,ssp245,2039,12.619,11.683,13.708,2.449,8.0
Paris,48.86,2.35,ssp245,2040,12.146,11.49,13.098,2.705,7.0
Paris,48.86,2.35,ssp245,2041,12.641,11.624,13.716,2.424,7.0
Paris,48.86,2.35,ssp245,2042,12.34,11.107,13.644,2.407,7.0
Paris,48.86,2.35,ssp245,2043,12.811,11.801,14.512,2.394,7.0
Paris,48.86,2.35,ssp245,2044,12.631,11.45,13.732,2.58,7.0
Paris,48.86,2.35,ssp245,2045,12.751,11.449,14.027,2.32,7.0
Paris,48.86,2.35,ssp245,2046,12.833,11.504,14.191,2.707,7.0
Paris,48.86,2.35,ssp245,2047,12.31,11.557,13.277,2.852,7.0
Paris,48.86,2.35,ssp245,2048,12.867,11.664,13.94,2.708,7.0
Paris,48.86,2.35,ssp245,2049,12.623,11.494,13.756,2.486,7.0
Paris,48.86,2.35,ssp245,2050,12.929,12.033,14.407,2.33,7.0
Paris,48.86,2.35,ssp245,2051,13.136,12.185,14.435,2.557,7.0
Paris,48.86,2.35,ssp245,2052,12.584,11.495,13.65,2.619,7.0
Paris,48.86,2.35,ssp245,2053,12.541,11.564,13.276,2.627,7.0
Paris,48.86,2.35,ssp245,2054,13.216,12.075,14.477,2.375,7.0
Paris,48.86,2.35,ssp245,2055,12.787,11.212,14.649,2.943,7.0
Paris,48.86,2.35,ssp245,2056,12.879,11.738,14.103,2.518,7.0
Paris,48.86,2.35,ssp245,2057,13.062,11.962,13.947,2.525,7.0
Paris,48.86,2.35,ssp245,2058,12.886,11.609,14.415,2.436,7.0
Paris,48.86,2.35,ssp245,2059,13.039,12.308,13.959,2.537,7.0
Paris,48.86,2.35,ssp245,2060,13.056,12.128,14.206,2.45,7.0
Paris,48.86,2.35,ssp245,2061,12.969,12.078,14.472,2.347,7.0
Paris,48.86,2.35,ssp245,2062,13.199,12.121,14.326,2.58,7.0
Paris,48.86,2.35,ssp245,2063,13.204,11.945,14.289,2.605,7.0
Paris,48.86,2.35,ssp245,2064,13.212,12.094,14.502,2.444,7.0
Paris,48.86,2.35,ssp245,2065,13.138,11.768,14.26,2.582,7.0
Paris,48.86,2.35,ssp245,2066,13.181,12.299,14.291,2.52,7.0
Paris,48.86,2.35,ssp245,2067,13.008,11.958,14.038,2.599,7.0
Paris,48.86,2.35,ssp245,2068,12.904,12.008,14.452,2.359,7.0
Paris,48.86,2.35,ssp245,2069,13.298,11.923,14.571,2.44,7.0
Paris,48.86,2.35,ssp245,2070,13.153,11.794,14.631,2.453,7.0
Paris,48.86,2.35,ssp245,2071,12.748,11.423,13.931,2.284,7.0
Paris,48.86,2.35,ssp245,2072,13.015,11.894,14.269,2.475,7.0
Paris,48.86,2.35,ssp245,2073,13.441,11.836,14.448,2.604,7.0
Paris,48.86,2.35,ssp245,2074,13.118,11.666,14.549,2.819,7.0
Paris,48.86,2.35,ssp245,2075,12.916,11.418,14.783,2.585,7.0
Paris,48.86,2.35,ssp245,2076,13.236,12.082,13.951,2.495,7.0
Paris,48.86,2.35,ssp245,2077,13.533,12.558,14.572,2.48,7.0
Paris,48.86,2.35,ssp245,2078,13.557,11.991,15.008,2.501,7.0
Paris,48.86,2.35,ssp245,2079,13.73,12.052,15.211,2.344,7.0
Paris,48.86,2.35,ssp245,2080,13.796,12.543,14.84,2.642,7.0
Paris,48.86,2.35,ssp245,2081,13.578,12.341,14.732,2.506,7.0
Paris,48.86,2.35,ssp245,2082,13.768,12.764,14.524,2.515,7.0
Paris,48.86,2.35,ssp245,2083,13.525,11.757,14.938,2.731,7.0
Paris,48.86,2.35,ssp245,2084,13.506,12.167,14.737,2.636,7.0
Paris,48.86,2.35,ssp245,2085,13.557,12.319,14.731,2.802,7.0
Paris,48.86,2.35,ssp245,2086,13.674,12.776,14.669,2.628,7.0
Paris,48.86,2.35,ssp245,2087,13.639,12.406,15.282,2.567,7.0
Paris,48.86,2.35,ssp245,2088,13.702,12.095,14.928,2.495,7.0
Paris,48.86,2.35,ssp245,2089,12.979,11.504,14.116,2.829,7.0
Paris,48.86,2.35,ssp245,2090,13.517,11.552,14.835,2.501,7.0
Paris,48.86,2.35,ssp245,2091,13.68,12.539,15.066,2.424,7.0
Paris,48.86,2.35,ssp245,2092,13.781,12.756,14.497,2.589,7.0
Paris,48.86,2.35,ssp245,2093,13.843,12.894,14.732,2.626,7.0
Paris,48.86,2.35,ssp245,2094,13.479,12.383,14.646,2.728,7.0
Paris,48.86,2.35,ssp245,2095,13.531,12.055,14.392,2.87,7.0
Paris,48.86,2.35,ssp245,2096,13.599,12.482,14.702,2.609,7.0
Paris,48.86,2.35,ssp245,2097,13.833,12.246,15.485,2.7,7.0
Paris,48.86,2.35,ssp245,2098,13.815,12.72,14.677,2.568,7.0
Paris,48.86,2.35,ssp245,2099,13.652,12.105,15.113,2.454,7.0
Paris,48.86,2.35,ssp245,2100,13.753,12.228,14.955,2.871,7.0
Paris,48.86,2.35,ssp585,2015,11.447,10.224,13.614,2.491,8.0
Paris,48.86,2.35,ssp585,2016,11.707,10.604,13.013,2.575,8.0
Paris,48.86,2.35,ssp585,2017,11.836,10.514,13.411,2.684,8.0
Paris,48.86,2.35,ssp585,2018,11.682,10.52,13.545,2.623,8.0
Paris,48.86,2.35,ssp585,2019,12.024,11.117,13.13,2.928,8.0
Paris,48.86,2.35,ssp585,2020,11.777,10.623,12.885,2.866,8.0
Paris,48.86,2.35,ssp585,2021,11.997,10.875,13.777,2.525,8.0
Paris,48.86,2.35,ssp585,2022,11.931,10.958,13.212,2.749,8.0
Paris,48.86,2.35,ssp585,2023,11.972,10.237,13.585,2.358,8.0
Paris,48.86,2.35,ssp585,2024,12.013,10.885,13.21,2.412,8.0
Paris,48.86,2.35,ssp585,2025,11.526,10.189,13.275,2.642,8.0
Paris,48.86,2.35,ssp585,2026,12.027,10.803,13.626,2.419,8.0
Paris,48.86,2.35,ssp585,2027,12.241,10.556,13.874,2.512,8.0
Paris,48.86,2.35,ssp585,2028,12.338,11.485,13.601,2.562,8.0
Paris,48.86,2.35,ssp585,2029,12.651,11.618,13.746,2.353,8.0
Paris,48.86,2.35,ssp585,2030,11.925,10.901,12.996,2.417,8.0
Paris,48.86,2.35,ssp585,2031,12.181,11.263,13.656,2.596,8.0
Paris,48.86,2.35,ssp585,2032,12.428,11.327,14.096,2.323,8.0
Paris,48.86,2.35,ssp585,2033,12.107,10.63,14.058,2.54,8.0
Paris,48.86,2.35,ssp585,2034,12.7,11.017,14.386,2.489,8.0
Paris,48.86,2.35,ssp585,2035,12.871,11.434,14.0,2.346,8.0
Paris,48.86,2.35,ssp585,2036,12.942,12.083,14.466,2.633,8.0
Paris,48.86,2.35,ssp585,2037,12.902,11.855,13.979,2.69,8.0
Paris,48.86,2.35,ssp585,2038,12.316,11.08,13.589,2.671,8.0
Paris,48.86,2.35,ssp585,2039,12.686,11.051,14.376,2.547,8.0
Paris,48.86,2.35,ssp585,2040,12.464,11.146,13.674,2.628,8.0
Paris,48.86,2.35,ssp585,2041,13.033,11.844,14.744,2.606,8.0
Paris,48.86,2.35,ssp585,2042,12.661,10.984,14.117,2.638,8.0
Paris,48.86,2.35,ssp585,2043,13.168,12.051,14.117,2.664,8.0
Paris,48.86,2.35,ssp585,2044,12.798,11.722,14.205,2.537,8.0
Paris,48.86,2.35,ssp585,2045,13.153,11.806,14.474,2.436,8.0
Paris,48.86,2.35,ssp585,2046,13.043,11.756,14.594,2.562,8.0
Paris,48.86,2.35,ssp585,2047,13.247,12.221,14.329,2.423,8.0
Paris,48.86,2.35,ssp585,2048,12.898,11.841,14.235,2.54,8.0
Paris,48.86,2.35,ssp585,2049,12.986,11.548,14.077,2.584,8.0
Paris,48.86,2.35,ssp585,2050,13.289,11.909,14.739,2.404,8.0
Paris,48.86,2.35,ssp585,2051,13.72,12.256,15.282,2.66,8.0
Paris,48.86,2.35,ssp585,2052,13.188,11.667,14.458,2.584,8.0
Paris,48.86,2.35,ssp585,2053,13.816,12.401,15.361,2.423,8.0
Paris,48.86,2.35,ssp585,2054,13.352,11.978,14.588,2.603,8.0
Paris,48.86,2.35,ssp585,2055,13.662,12.144,14.96,2.282,8.0
Paris,48.86,2.35,ssp585,2056,13.679,12.345,14.892,2.481,8.0
Paris,48.86,2.35,ssp585,2057,13.531,12.205,14.858,2.635,8.0
Paris,48.86,2.35,ssp585,2058,13.525,12.449,14.554,2.561,8.0
Paris,48.86,2.35,ssp585,2059,13.951,12.576,15.472,2.596,8.0
Paris,48.86,2.35,ssp585,2060,13.876,12.601,15.009,2.603,8.0
Paris,48.86,2.35,ssp585,2061,13.992,11.699,15.643,2.435,8.0
Paris,48.86,2.35,ssp585,2062,13.851,13.092,14.495,2.57,8.0
Paris,48.86,2.35,ssp585,2063,14.298,13.189,15.073,2.568,8.0
Paris,48.86,2.35,ssp585,2064,14.126,12.844,15.404,2.467,8.0
Paris,48.86,2.35,ssp585,2065,14.29,12.608,15.541,2.477,8.0
Paris,48.86,2.35,ssp585,2066,14.02,12.651,15.574,2.678,8.0
Paris,48.86,2.35,ssp585,2067,14.366,12.931,15.342,2.663,8.0
Paris,48.86,2.35,ssp585,2068,14.394,13.1,15.643,2.73,8.0
Paris,48.86,2.35,ssp585,2069,14.361,12.567,15.769,2.472,8.0
Paris,48.86,2.35,ssp585,2070,14.685,12.784,16.134,2.655,8.0
Paris,48.86,2.35,ssp585,2071,14.292,12.587,15.713,2.506,8.0
Paris,48.86,2.35,ssp585,2072,14.743,13.464,15.932,2.379,8.0
Paris,48.86,2.35,ssp585,2073,14.766,13.366,15.866,2.48,8.0
Paris,48.86,2.35,ssp585,2074,14.86,13.477,15.982,2.588,8.0
Paris,48.86,2.35,ssp585,2075,14.933,13.33,16.505,2.469,8.0
Paris,48.86,2.35,ssp585,2076,14.806,13.359,16.006,2.514,8.0
Paris,48.86,2.35,ssp585,2077,14.913,13.319,16.542,2.488,8.0
Paris,48.86,2.35,ssp585,2078,15.116,13.142,16.672,2.294,8.0
Paris,48.86,2.35,ssp585,2079,15.24,12.601,16.946,2.671,8.0
Paris,48.86,2.35,ssp585,2080,15.578,13.817,16.715,2.421,8.0
Paris,48.86,2.35,ssp585,2081,15.651,14.091,17.037,2.735,8.0
Paris,48.86,2.35,ssp585,2082,15.531,13.319,17.472,2.555,8.0
Paris,48.86,2.35,ssp585,2083,15.247,12.951,16.602,2.508,8.0
Paris,48.86,2.35,ssp585,2084,15.904,14.336,17.142,2.503,8.0
Paris,48.86,2.35,ssp585,2085,15.657,13.903,17.195,2.474,8.0
Paris,48.86,2.35,ssp585,2086,15.969,13.719,17.585,2.457,8.0
Paris,48.86,2.35,ssp585,2087,16.065,14.426,17.247,2.594,8.0
Paris,48.86,2.35,ssp585,2088,16.077,14.628,17.398,2.547,8.0
Paris,48.86,2.35,ssp585,2089,16.139,13.824,18.04,2.49,8.0
Paris,48.86,2.35,ssp585,2090,16.376,14.636,17.738,2.56,8.0
Paris,48.86,2.35,ssp585,2091,16.16,14.639,17.456,2.607,8.0
Paris,48.86,2.35,ssp585,2092,16.303,14.552,18.022,2.821,8.0
Paris,48.86,2.35,ssp585,2093,16.492,14.719,18.184,2.584,8.0
Paris,48.86,2.35,ssp585,2094,16.41,14.665,17.909,2.571,8.0
Paris,48.86,2.35,ssp585,2095,16.412,14.369,18.22,2.62,8.0
Paris,48.86,2.35,ssp585,2096,16.593,14.804,18.104,2.481,8.0
Paris,48.86,2.35,ssp585,2097,16.841,14.674,18.556,2.59,8.0
Paris,48.86,2.35,ssp585,2098,16.926,14.1,18.569,2.357,8.0
Paris,48.86,2.35,ssp585,2099,17.075,15.889,18.659,2.435,8.0
Paris,48.86,2.35,ssp585,2100,16.942,14.999,18.697,2.289,8.0
Phoenix,33.45,-112.07,historical,1850,18.006,15.392,21.245,0.913,8.0
Phoenix,33.45,-112.07,historical,1851,18.085,15.575,21.018,0.998,8.0
Phoenix,33.45,-112.07,historical,1852,17.948,14.719,21.605,1.008,8.0
Phoenix,33.45,-112.07,historical,1853,18.157,15.323,21.621,0.895,8.0
Phoenix,33.45,-112.07,historical,1854,18.342,15.743,21.522,0.937,8.0
Phoenix,33.45,-112.07,historical,1855,18.234,15.996,21.167,1.0,8.0
Phoenix,33.45,-112.07,historical,1856,18.003,15.922,21.953,1.017,8.0
Phoenix,33.45,-112.07,historical,1857,18.189,15.446,21.978,1.064,8.0
Phoenix,33.45,-112.07,historical,1858,17.971,15.389,21.273,1.104,8.0
Phoenix,33.45,-112.07,historical,1859,18.16,15.695,21.472,1.039,8.0
Phoenix,33.45,-112.07,historical,1860,18.121,15.649,22.345,1.124,8.0
Phoenix,33.45,-112.07,historical,1861,17.978,15.147,21.624,1.078,8.0
Phoenix,33.45,-112.07,historical,1862,17.799,15.168,21.073,1.141,8.0
Phoenix,33.45,-112.07,historical,1863,17.989,15.044,21.661,0.985,8.0
Phoenix,33.45,-112.07,historical,1864,18.285,15.14,21.988,1.045,8.0
Phoenix,33.45,-112.07,historical,1865,18.134,15.685,21.338,1.104,8.0
Phoenix,33.45,-112.07,historical,1866,18.11,15.318,21.615,0.956,8.0
Phoenix,33.45,-112.07,historical,1867,18.094,15.049,22.022,1.017,8.0
Phoenix,33.45,-112.07,historical,1868,18.047,15.676,21.046,1.179,8.0
Phoenix,33.45,-112.07,historical,1869,17.836,15.33,21.318,0.94,8.0
Phoenix,33.45,-112.07,historical,1870,18.288,15.559,21.234,0.974,8.0
Phoenix,33.45,-112.07,historical,1871,18.077,15.376,21.415,1.209,8.0
Phoenix,33.45,-112.07,historical,1872,18.09,15.33,21.923,1.265,8.0
Phoenix,33.45,-112.07,historical,1873,17.77,15.59,21.362,1.093,8.0
Phoenix,33.45,-112.07,historical,1874,18.124,15.36,21.762,0.96,8.0
Phoenix,33.45,-112.07,historical,1875,18.16,15.959,21.516,0.878,8.0
Phoenix,33.45,-112.07,historical,1876,18.099,15.192,21.996,0.97,8.0
Phoenix,33.45,-112.07,historical,1877,18.272,15.769,21.429,0.879,8.0
Phoenix,33.45,-112.07,historical,1878,18.012,15.178,21.53,1.159,8.0
Phoenix,33.45,-112.07,historical,1879,18.158,15.38,21.626,1.017,8.0
Phoenix,33.45,-112.07,historical,1880,18.249,15.745,21.242,0.955,8.0
Phoenix,33.45,-112.07,historical,1881,18.268,15.518,22.679,1.08,8.0
Phoenix,33.45,-112.07,historical,1882,18.033,14.901,22.43,1.01,8.0
Phoenix,33.45,-112.07,historical,1883,18.012,15.666,21.689,0.909,8.0
Phoenix,33.45,-112.07,historical,1884,17.186,14.272,21.213,1.134,8.0
Phoenix,33.45,-112.07,historical,1885,17.598,14.996,21.442,1.004,8.0
Phoenix,33.45,-112.07,historical,1886,17.799,15.072,21.131,0.852,8.0
Phoenix,33.45,-112.07,historical,1887,17.872,15.417,21.327,0.969,8.0
Phoenix,33.45,-112.07,historical,1888,17.952,15.467,21.322,1.002,8.0
Phoenix,33.45,-112.07,historical,1889,17.977,15.439,21.999,1.027,8.0
Phoenix,33.45,-112.07,historical,1890,17.89,15.114,21.173,0.874,8.0
Phoenix,33.45,-112.07,historical,1891,18.129,15.902,21.565,0.86,8.0
Phoenix,33.45,-112.07,historical,1892,17.995,15.63,21.834,1.097,8.0
Phoenix,33.45,-112.07,historical,1893,18.164,15.338,21.674,0.98,8.0
Phoenix,33.45,-112.07,historical,1894,18.027,14.997,21.627,0.958,8.0
Phoenix,33.45,-112.07,historical,1895,17.928,15.466,21.327,0.926,8.0
Phoenix,33.45,-112.07,historical,1896,18.141,15.855,21.273,0.859,8.0
Phoenix,33.45,-112.07,historical,1897,17.959,16.014,20.912,1.04,8.0
Phoenix,33.45,-112.07,historical,1898,18.097,15.567,21.53,0.952,8.0
Phoenix,33.45,-112.07,historical,1899,17.958,15.464,21.587,0.83,8.0
Phoenix,33.45,-112.07,historical,1900,17.965,15.125,21.738,1.034,8.0
Phoenix,33.45,-112.07,historical,1901,18.121,15.605,21.304,1.041,8.0
Phoenix,33.45,-112.07,historical,1902,17.916,15.804,21.293,0.965,8.0
Phoenix,33.45,-112.07,historical,1903,17.325,14.568,20.545,0.904,8.0
Phoenix,33.45,-112.07,historical,1904,17.615,15.101,21.211,1.166,8.0
Phoenix,33.45,-112.07,historical,1905,17.636,14.977,20.528,1.005,8.0
Phoenix,33.45,-112.07,historical,1906,17.61,14.6,21.001,0.978,8.0
Phoenix,33.45,-112.07,historical,1907,17.741,14.979,20.999,0.929,8.0
Phoenix,33.45,-112.07,historical,1908,18.085,15.116,21.563,0.894,8.0
Phoenix,33.45,-112.07,historical,1909,18.139,15.842,21.566,0.827,8.0
Phoenix,33.45,-112.07,historical,1910,17.961,15.31,21.24,0.986,8.0
Phoenix,33.45,-112.07,historical,1911,18.11,15.639,21.406,1.13,8.0
Phoenix,33.45,-112.07,historical,1912,17.626,14.793,21.552,1.159,8.0
Phoenix,33.45,-112.07,historical,1913,17.303,14.313,21.159,0.997,8.0
Phoenix,33.45,-112.07,historical,1914,17.93,14.633,21.195,0.888,8.0
Phoenix,33.45,-112.07,historical,1915,17.985,15.154,21.266,1.005,8.0
Phoenix,33.45,-112.07,historical,1916,17.769,14.769,21.121,1.206,8.0
Phoenix,33.45,-112.07,historical,1917,18.137,15.509,21.557,0.967,8.0
Phoenix,33.45,-112.07,historical,1918,18.037,14.871,21.743,0.974,8.0
Phoenix,33.45,-112.07,historical,1919,17.681,14.834,22.118,1.128,8.0
Phoenix,33.45,-112.07,historical,1920,17.941,15.268,21.671,1.071,8.0
Phoenix,33.45,-112.07,historical,1921,18.239,15.702,21.819,0.882,8.0
Phoenix,33.45,-112.07,historical,1922,18.077,15.56,20.92,1.072,8.0
Phoenix,33.45,-112.07,historical,1923,17.999,15.487,21.558,1.092,8.0
Phoenix,33.45,-112.07,historical,1924,18.153,15.59,21.85,0.964,8.0
Phoenix,33.45,-112.07,historical,1925,18.122,15.206,22.073,1.004,8.0
Phoenix,33.45,-112.07,historical,1926,17.865,15.16,21.352,0.952,8.0
Phoenix,33.45,-112.07,historical,1927,18.101,15.446,21.574,0.94,8.0
Phoenix,33.45,-112.07,historical,1928,18.348,15.52,22.172,0.919,8.0
Phoenix,33.45,-112.07,historical,1929,17.816,15.032,21.294,1.06,8.0
Phoenix,33.45,-112.07,historical,1930,18.282,15.474,22.104,0.947,8.0
Phoenix,33.45,-112.07,historical,1931,18.092,15.54,21.704,1.012,8.0
Phoenix,33.45,-112.07,historical,1932,17.891,15.457,20.887,1.05,8.0
Phoenix,33.45,-112.07,historical,1933,18.393,16.067,21.82,0.919,8.0
Phoenix,33.45,-112.07,historical,1934,17.973,15.291,21.433,1.031,8.0
Phoenix,33.45,-112.07,historical,1935,18.295,15.95,21.969,1.055,8.0
Phoenix,33.45,-112.07,historical,1936,18.049,14.836,21.744,0.992,8.0
Phoenix,33.45,-112.07,historical,1937,18.191,15.311,22.581,0.875,8.0
Phoenix,33.45,-112.07,historical,1938,18.12,15.457,21.408,1.147,8.0
Phoenix,33.45,-112.07,historical,1939,17.636,14.941,20.711,1.2,8.0
Phoenix,33.45,-112.07,historical,1940,17.75,14.878,21.009,1.095,8.0
Phoenix,33.45,-112.07,historical,1941,18.342,15.53,21.601,0.875,8.0
Phoenix,33.45,-112.07,historical,1942,18.077,15.827,21.261,1.18,8.0
Phoenix,33.45,-112.07,historical,1943,17.765,15.358,20.688,1.121,8.0
Phoenix,33.45,-112.07,historical,1944,18.126,15.329,21.65,0.977,8.0
Phoenix,33.45,-112.07,historical,1945,17.903,15.368,21.189,0.972,8.0
Phoenix,33.45,-112.07,historical,1946,18.149,15.339,21.282,0.876,8.0
Phoenix,33.45,-112.07,historical,1947,18.011,15.107,21.083,1.136,8.0
Phoenix,33.45,-112.07,historical,1948,18.275,15.764,21.744,0.958,8.0
Phoenix,33.45,-112.07,historical,1949,18.112,15.236,21.695,0.982,8.0
Phoenix,33.45,-112.07,historical,1950,18.118,15.566,21.043,0.91,8.0
Phoenix,33.45,-112.07,historical,1951,17.849,14.945,20.996,0.905,8.0
Phoenix,33.45,-112.07,historical,1952,18.252,15.837,21.966,1.088,8.0
Phoenix,33.45,-112.07,historical,1953,18.089,15.347,21.561,0.987,8.0
Phoenix,33.45,-112.07,historical,1954,18.048,15.138,21.838,1.02,8.0
Phoenix,33.45,-112.07,historical,1955,18.11,15.008,21.607,0.952,8.0
Phoenix,33.45,-112.07,historical,1956,18.195,15.594,21.526,0.89,8.0
Phoenix,33.45,-112.07,historical,1957,18.452,15.833,21.648,0.889,8.0
Phoenix,33.45,-112.07,historical,1958,18.175,15.645,21.588,1.05,8.0
Phoenix,33.45,-112.07,historical,1959,18.107,15.148,21.41,1.156,8.0
Phoenix,33.45,-112.07,historical,1960,18.063,15.407,21.702,1.001,8.0
Phoenix,33.45,-112.07,historical,1961,18.115,15.301,22.355,0.903,8.0
Phoenix,33.45,-112.07,historical,1962,18.173,15.983,20.964,0.856,8.0
Phoenix,33.45,-112.07,historical,1963,17.998,15.629,20.906,1.007,8.0
Phoenix,33.45,-112.07,historical,1964,17.548,14.925,21.227,0.994,8.0
Phoenix,33.45,-112.07,historical,1965,17.696,15.276,20.761,1.113,8.0
Phoenix,33.45,-112.07,historical,1966,17.805,14.896,21.378,1.029,8.0
Phoenix,33.45,-112.07,historical,1967,17.996,15.814,21.263,0.871,8.0
Phoenix,33.45,-112.07,historical,1968,17.879,14.654,21.782,0.913,8.0
Phoenix,33.45,-112.07,historical,1969,17.832,15.339,21.355,1.087,8.0
Phoenix,33.45,-112.07,historical,1970,18.205,15.918,21.06,0.797,8.0
Phoenix,33.45,-112.07,historical,1971,18.079,15.72,21.475,0.824,8.0
Phoenix,33.45,-112.07,historical,1972,17.845,15.359,20.886,0.839,8.0
Phoenix,33.45,-112.07,historical,1973,17.861,15.148,21.08,1.03,8.0
Phoenix,33.45,-112.07,historical,1974,18.191,15.412,21.554,0.968,8.0
Phoenix,33.45,-112.07,historical,1975,17.912,14.913,21.542,1.135,8.0
Phoenix,33.45,-112.07,historical,1976,18.007,15.064,21.069,0.905,8.0
Phoenix,33.45,-112.07,historical,1977,18.337,15.445,21.973,1.022,8.0
Phoenix,33.45,-112.07,historical,1978,17.703,15.199,21.195,1.198,8.0
Phoenix,33.45,-112.07,historical,1979,18.079,15.413,21.691,1.096,8.0
Phoenix,33.45,-112.07,historical,1980,18.316,15.746,21.771,0.851,8.0
Phoenix,33.45,-112.07,historical,1981,17.99,15.486,21.28,0.995,8.0
Phoenix,33.45,-112.07,historical,1982,18.17,15.841,20.731,1.12,8.0
Phoenix,33.45,-112.07,historical,1983,17.626,15.382,20.527,1.219,8.0
Phoenix,33.45,-112.07,historical,1984,17.936,15.145,21.709,0.96,8.0
Phoenix,33.45,-112.07,historical,1985,18.105,14.869,21.55,0.875,8.0
Phoenix,33.45,-112.07,historical,1986,18.184,15.798,21.442,0.933,8.0
Phoenix,33.45,-112.07,historical,1987,18.127,15.056,21.985,0.946,8.0
Phoenix,33.45,-112.07,historical,1988,18.356,15.496,22.274,0.955,8.0
Phoenix,33.45,-112.07,historical,1989,18.504,16.023,21.587,1.1,8.0
Phoenix,33.45,-112.07,historical,1990,18.077,15.202,21.654,1.09,8.0
Phoenix,33.45,-112.07,historical,1991,18.334,15.475,21.754,0.961,8.0
Phoenix,33.45,-112.07,historical,1992,17.992,14.978,21.471,1.001,8.0
Phoenix,33.45,-112.07,historical,1993,17.86,15.51,21.101,0.952,8.0
Phoenix,33.45,-112.07,historical,1994,18.217,15.501,21.611,0.798,8.0
Phoenix,33.45,-112.07,historical,1995,18.7,15.6,22.453,0.843,8.0
Phoenix,33.45,-112.07,historical,1996,18.433,15.238,22.346,0.929,8.0
Phoenix,33.45,-112.07,historical,1997,18.528,16.088,21.306,0.925,8.0
Phoenix,33.45,-112.07,historical,1998,18.78,16.157,22.164,0.825,8.0
Phoenix,33.45,-112.07,historical,1999,18.793,16.414,21.928,0.771,8.0
Phoenix,33.45,-112.07,historical,2000,19.061,16.414,22.496,1.01,8.0
Phoenix,33.45,-112.07,historical,2001,18.686,15.78,22.336,1.0,8.0
Phoenix,33.45,-112.07,historical,2002,18.772,15.783,22.698,1.144,8.0
Phoenix,33.45,-112.07,historical,2003,18.81,16.239,22.113,1.292,8.0
Phoenix,33.45,-112.07,historical,2004,18.954,16.104,22.416,0.977,8.0
Phoenix,33.45,-112.07,historical,2005,19.198,16.52,22.915,1.08,8.0
Phoenix,33.45,-112.07,historical,2006,18.676,15.826,22.116,0.856,8.0
Phoenix,33.45,-112.07,historical,2007,19.204,16.289,22.929,0.985,8.0
Phoenix,33.45,-112.07,historical,2008,18.986,15.889,22.766,0.931,8.0
Phoenix,33.45,-112.07,historical,2009,19.078,16.24,22.843,0.942,8.0
Phoenix,33.45,-112.07,historical,2010,19.332,16.734,22.852,0.988,8.0
Phoenix,33.45,-112.07,historical,2011,19.347,16.547,22.524,0.823,8.0
Phoenix,33.45,-112.07,historical,2012,19.301,16.455,23.328,0.742,8.0
Phoenix,33.45,-112.07,historical,2013,19.259,17.0,21.979,0.939,8.0
Phoenix,33.45,-112.07,historical,2014,19.471,16.91,22.809,0.96,8.0
Phoenix,33.45,-112.07,ssp126,2015,18.998,16.267,22.028,0.899,8.0
Phoenix,33.45,-112.07,ssp126,2016,19.814,17.128,23.392,0.84,8.0
Phoenix,33.45,-112.07,ssp126,2017,19.24,16.531,21.967,1.151,8.0
Phoenix,33.45,-112.07,ssp126,2018,19.175,16.231,22.066,1.068,8.0
Phoenix,33.45,-112.07,ssp126,2019,19.456,16.635,22.802,1.1,8.0
Phoenix,33.45,-112.07,ssp126,2020,19.314,16.189,22.994,0.885,8.0
Phoenix,33.45,-112.07,ssp126,2021,20.121,17.502,23.925,0.837,8.0
Phoenix,33.45,-112.07,ssp126,2022,19.785,17.018,23.119,1.042,8.0
Phoenix,33.45,-112.07,ssp126,2023,19.871,16.946,23.658,0.883,8.0
Phoenix,33.45,-112.07,ssp126,2024,19.59,17.05,22.51,1.009,8.0
Phoenix,33.45,-112.07,ssp126,2025,20.14,17.361,23.539,0.847,8.0
Phoenix,33.45,-112.07,ssp126,2026,19.785,17.388,23.022,0.926,8.0
Phoenix,33.45,-112.07,ssp126,2027,20.123,17.133,23.645,0.779,8.0
Phoenix,33.45,-112.07,ssp126,2028,20.181,16.842,23.723,1.069,8.0
Phoenix,33.45,-112.07,ssp126,2029,19.836,17.041,23.442,0.979,8.0
Phoenix,33.45,-112.07,ssp126,2030,19.925,17.14,23.542,0.977,8.0
Phoenix,33.45,-112.07,ssp126,2031,19.837,17.435,22.925,0.952,8.0
Phoenix,33.45,-112.07,ssp126,2032,19.994,17.483,23.412,0.922,8.0
Phoenix,33.45,-112.07,ssp126,2033,20.037,17.149,23.591,0.98,8.0
Phoenix,33.45,-112.07,ssp126,2034,20.41,17.002,24.4,1.042,8.0
Phoenix,33.45,-112.07,ssp126,2035,19.844,17.262,23.362,1.177,8.0
Phoenix,33.45,-112.07,ssp126,2036,20.383,17.745,23.766,1.015,8.0
Phoenix,33.45,-112.07,ssp126,2037,20.295,17.649,23.908,0.961,8.0
Phoenix,33.45,-112.07,ssp126,2038,20.399,17.946,23.372,0.909,8.0
Phoenix,33.45,-112.07,ssp126,2039,20.33,17.374,23.545,1.205,8.0
Phoenix,33.45,-112.07,ssp126,2040,20.285,17.626,23.886,0.954,8.0
Phoenix,33.45,-112.07,ssp126,2041,20.491,18.181,23.385,0.916,8.0
Phoenix,33.45,-112.07,ssp126,2042,20.639,17.472,24.989,0.979,8.0
Phoenix,33.45,-112.07,ssp126,2043,20.255,17.617,23.764,0.981,8.0
Phoenix,33.45,-112.07,ssp126,2044,20.606,18.145,23.683,0.886,8.0
Phoenix,33.45,-112.07,ssp126,2045,20.545,18.005,23.665,0.958,8.0
Phoenix,33.45,-112.07,ssp126,2046,20.309,18.006,23.681,1.032,8.0
Phoenix,33.45,-112.07,ssp126,2047,20.213,17.51,23.675,0.905,8.0
Phoenix,33.45,-112.07,ssp126,2048,20.466,17.865,23.595,0.869,8.0
Phoenix,33.45,-112.07,ssp126,2049,20.361,17.838,23.963,0.952,8.0
Phoenix,33.45,-112.07,ssp126,2050,20.563,18.036,23.736,0.934,8.0
Phoenix,33.45,-112.07,ssp126,2051,20.308,17.382,23.556,0.999,8.0
Phoenix,33.45,-112.07,ssp126,2052,20.601,17.588,24.316,1.006,8.0
Phoenix,33.45,-112.07,ssp126,2053,20.657,17.664,24.009,0.89,8.0
Phoenix,33.45,-112.07,ssp126,2054,20.341,17.765,23.352,1.086,8.0
Phoenix,33.45,-112.07,ssp126,2055,20.462,17.308,24.218,0.979,8.0
Phoenix,33.45,-112.07,ssp126,2056,20.438,17.848,24.269,1.128,8.0
Phoenix,33.45,-112.07,ssp126,2057,20.683,17.748,23.79,1.03,8.0
Phoenix,33.45,-112.07,ssp126,2058,20.67,18.2,24.451,0.882,8.0
Phoenix,33.45,-112.07,ssp126,2059,20.761,18.318,23.547,0.894,8.0
Phoenix,33.45,-112.07,ssp126,2060,20.825,18.381,24.221,1.031,8.0
Phoenix,33.45,-112.07,ssp126,2061,20.339,17.565,24.035,1.121,8.0
Phoenix,33.45,-112.07,ssp126,2062,20.412,18.026,24.023,1.252,8.0
Phoenix,33.45,-112.07,ssp126,2063,20.278,17.639,23.13,1.098,8.0
Phoenix,33.45,-112.07,ssp126,2064,20.321,17.752,23.316,1.003,8.0
Phoenix,33.45,-112.07,ssp126,2065,20.49,18.066,23.87,1.041,8.0
Phoenix,33.45,-112.07,ssp126,2066,20.393,17.977,23.384,1.07,8.0
Phoenix,33.45,-112.07,ssp126,2067,20.45,17.996,23.853,0.974,8.0
Phoenix,33.45,-112.07,ssp126,2068,20.543,18.0,23.539,0.934,8.0
Phoenix,33.45,-112.07,ssp126,2069,20.766,18.102,24.342,0.917,8.0
Phoenix,33.45,-112.07,ssp126,2070,20.474,17.944,23.616,0.936,8.0
Phoenix,33.45,-112.07,ssp126,2071,20.628,17.892,23.671,0.865,8.0
Phoenix,33.45,-112.07,ssp126,2072,20.746,18.0,23.73,0.97,8.0
Phoenix,33.45,-112.07,ssp126,2073,20.506,17.753,23.796,0.872,8.0
Phoenix,33.45,-112.07,ssp126,2074,20.604,17.941,24.328,0.888,8.0
Phoenix,33.45,-112.07,ssp126,2075,20.026,17.131,23.449,1.466,8.0
Phoenix,33.45,-112.07,ssp126,2076,20.662,17.43,24.129,0.987,8.0
Phoenix,33.45,-112.07,ssp126,2077,20.503,17.863,23.882,1.188,8.0
Phoenix,33.45,-112.07,ssp126,2078,20.191,17.568,23.45,1.008,8.0
Phoenix,33.45,-112.07,ssp126,2079,20.438,17.601,23.862,0.945,8.0
Phoenix,33.45,-112.07,ssp126,2080,20.491,17.282,24.039,0.922,8.0
Phoenix,33.45,-112.07,ssp126,2081,20.728,17.701,24.203,0.875,8.0
Phoenix,33.45,-112.07,ssp126,2082,20.645,17.9,24.007,1.087,8.0
Phoenix,33.45,-112.07,ssp126,2083,21.219,18.821,24.208,0.831,8.0
Phoenix,33.45,-112.07,ssp126,2084,20.615,18.423,23.83,1.048,8.0
Phoenix,33.45,-112.07,ssp126,2085,20.57,17.658,24.371,0.922,8.0
Phoenix,33.45,-112.07,ssp126,2086,20.332,17.863,23.065,1.077,8.0
Phoenix,33.45,-112.07,ssp126,2087,20.416,17.374,24.092,1.049,8.0
Phoenix,33.45,-112.07,ssp126,2088,20.494,17.763,23.399,1.153,8.0
Phoenix,33.45,-112.07,ssp126,2089,20.688,18.029,24.127,0.907,8.0
Phoenix,33.45,-112.07,ssp126,2090,20.362,17.405,23.853,1.033,8.0
Phoenix,33.45,-112.07,ssp126,2091,20.513,18.463,23.199,0.964,8.0
Phoenix,33.45,-112.07,ssp126,2092,20.496,18.085,23.599,1.058,8.0
Phoenix,33.45,-112.07,ssp126,2093,20.619,18.006,23.976,0.959,8.0
Phoenix,33.45,-112.07,ssp126,2094,20.62,18.049,24.418,1.035,8.0
Phoenix,33.45,-112.07,ssp126,2095,19.939,17.546,23.156,1.071,8.0
Phoenix,33.45,-112.07,ssp126,2096,20.401,17.506,23.734,1.067,8.0
Phoenix,33.45,-112.07,ssp126,2097,20.371,17.676,23.536,0.989,8.0
Phoenix,33.45,-112.07,ssp126,2098,20.486,17.9,23.868,1.015,8.0
Phoenix,33.45,-112.07,ssp126,2099,20.583,17.164,24.63,0.919,8.0
Phoenix,33.45,-112.07,ssp126,2100,20.388,17.635,23.814,1.054,8.0
Phoenix,33.45,-112.07,ssp245,2015,19.284,16.425,22.436,0.874,8.0
Phoenix,33.45,-112.07,ssp245,2016,19.594,16.751,23.338,0.76,8.0
Phoenix,33.45,-112.07,ssp245,2017,19.367,16.631,22.985,0.97,8.0
Phoenix,33.45,-112.07,ssp245,2018,19.133,16.264,22.444,1.317,8.0
Phoenix,33.45,-112.07,ssp245,2019,19.399,17.041,22.495,0.963,8.0
Phoenix,33.45,-112.07,ssp245,2020,19.694,17.43,22.739,0.863,8.0
Phoenix,33.45,-112.07,ssp245,2021,20.064,17.216,23.301,0.872,8.0
Phoenix,33.45,-112.07,ssp245,2022,19.602,16.759,23.271,1.096,8.0
Phoenix,33.45,-112.07,ssp245,2023,19.602,17.154,22.593,0.912,8.0
Phoenix,33.45,-112.07,ssp245,2024,19.555,16.809,22.876,0.91,8.0
Phoenix,33.45,-112.07,ssp245,2025,19.774,16.998,23.34,0.854,8.0
Phoenix,33.45,-112.07,ssp245,2026,20.085,17.632,23.1,1.019,8.0
Phoenix,33.45,-112.07,ssp245,2027,20.269,17.707,24.094,0.77,8.0
Phoenix,33.45,-112.07,ssp245,2028,19.905,17.334,22.995,0.972,8.0
Phoenix,33.45,-112.07,ssp245,2029,20.038,17.59,23.543,0.935,8.0
Phoenix,33.45,-112.07,ssp245,2030,19.871,17.226,23.203,1.117,8.0
Phoenix,33.45,-112.07,ssp245,2031,20.113,17.754,23.153,0.944,8.0
Phoenix,33.45,-112.07,ssp245,2032,20.062,17.412,23.494,1.013,8.0
Phoenix,33.45,-112.07,ssp245,2033,20.443,17.885,23.983,0.778,8.0
Phoenix,33.45,-112.07,ssp245,2034,19.804,17.447,23.468,1.098,8.0
Phoenix,33.45,-112.07,ssp245,2035,20.186,17.355,23.673,0.938,8.0
Phoenix,33.45,-112.07,ssp245,2036,20.31,17.459,24.017,0.878,8.0
Phoenix,33.45,-112.07,ssp245,2037,20.097,17.349,23.349,0.965,8.0
Phoenix,33.45,-112.07,ssp245,2038,20.308,17.102,23.958,0.986,8.0
Phoenix,33.45,-112.07,ssp245,2039,20.291,17.896,23.431,1.0,8.0
Phoenix,33.45,-112.07,ssp245,2040,19.656,18.1,22.387,1.044,7.0
Phoenix,33.45,-112.07,ssp245,2041,19.316,16.847,22.31,1.267,7.0
Phoenix,33.45,-112.07,ssp245,2042,19.65,17.826,22.573,1.167,7.0
Phoenix,33.45,-112.07,ssp245,2043,19.495,17.816,21.87,0.976,7.0
Phoenix,33.45,-112.07,ssp245,2044,19.801,17.432,22.555,0.967,7.0
Phoenix,33.45,-112.07,ssp245,2045,20.045,18.271,22.469,0.874,7.0
Phoenix,33.45,-112.07,ssp245,2046,19.924,18.004,23.194,1.028,7.0
Phoenix,33.45,-112.07,ssp245,2047,19.837,17.971,22.557,0.935,7.0
Phoenix,33.45,-112.07,ssp245,2048,19.712,17.445,22.05,1.065,7.0
Phoenix,33.45,-112.07,ssp245,2049,19.794,17.612,22.618,1.134,7.0
Phoenix,33.45,-112.07,ssp245,2050,19.885,18.156,22.378,1.088,7.0
Phoenix,33.45,-112.07,ssp245,2051,19.969,18.173,23.029,0.869,7.0
Phoenix,33.45,-112.07,ssp245,2052,19.889,17.347,22.954,1.081,7.0
Phoenix,33.45,-112.07,ssp245,2053,19.833,17.97,22.802,1.153,7.0
Phoenix,33.45,-112.07,ssp245,2054,20.391,18.51,22.793,1.071,7.0
Phoenix,33.45,-112.07,ssp245,2055,20.367,18.342,23.537,1.006,7.0
Phoenix,33.45,-112.07,ssp245,2056,19.964,17.871,22.254,0.918,7.0
Phoenix,33.45,-112.07,ssp245,2057,20.35,18.23,23.316,1.029,7.0
Phoenix,33.45,-112.07,ssp245,2058,20.209,18.494,23.054,1.082,7.0
Phoenix,33.45,-112.07,ssp245,2059,20.409,18.787,23.285,0.916,7.0
Phoenix,33.45,-112.07,ssp245,2060,20.278,18.002,23.122,0.944,7.0
Phoenix,33.45,-112.07,ssp245,2061,20.547,18.499,23.492,0.988,7.0
Phoenix,33.45,-112.07,ssp245,2062,20.406,18.439,23.173,1.044,7.0
Phoenix,33.45,-112.07,ssp245,2063,20.366,18.548,23.219,0.955,7.0
Phoenix,33.45,-112.07,ssp245,2064,20.34,18.709,22.252,0.97,7.0
Phoenix,33.45,-112.07,ssp245,2065,20.369,18.619,22.87,0.961,7.0
Phoenix,33.45,-112.07,ssp245,2066,20.7,18.563,23.866,0.895,7.0
Phoenix,33.45,-112.07,ssp245,2067,20.422,18.586,22.655,0.898,7.0
Phoenix,33.45,-112.07,ssp245,2068,20.291,18.2,22.995,0.809,7.0
Phoenix,33.45,-112.07,ssp245,2069,20.789,18.502,23.626,1.056,7.0
Phoenix,33.45,-112.07,ssp245,2070,20.277,18.545,22.577,0.957,7.0
Phoenix,33.45,-112.07,ssp245,2071,20.504,18.782,23.462,0.882,7.0
Phoenix,33.45,-112.07,ssp245,2072,20.545,18.544,23.132,1.068,7.0
Phoenix,33.45,-112.07,ssp245,2073,20.6,18.902,23.176,0.929,7.0
Phoenix,33.45,-112.07,ssp245,2074,20.586,18.629,23.569,0.92,7.0
Phoenix,33.45,-112.07,ssp245,2075,20.511,18.705,23.131,0.957,7.0
Phoenix,33.45,-112.07,ssp245,2076,20.951,18.959,24.062,0.776,7.0
Phoenix,33.45,-112.07,ssp245,2077,20.275,18.337,22.597,1.151,7.0
Phoenix,33.45,-112.07,ssp245,2078,20.887,19.154,23.552,1.077,7.0
Phoenix,33.45,-112.07,ssp245,2079,20.856,19.537,23.137,0.887,7.0
Phoenix,33.45,-112.07,ssp245,2080,20.593,18.518,23.458,0.879,7.0
Phoenix,33.45,-112.07,ssp245,2081,20.632,18.748,22.87,0.903,7.0
Phoenix,33.45,-112.07,ssp245,2082,20.388,18.091,23.916,1.077,7.0
Phoenix,33.45,-112.07,ssp245,2083,21.011,18.79,23.742,0.89,7.0
Phoenix,33.45,-112.07,ssp245,2084,20.73,18.912,23.288,0.885,7.0
Phoenix,33.45,-112.07,ssp245,2085,20.584,18.246,24.025,1.199,7.0
Phoenix,33.45,-112.07,ssp245,2086,20.557,18.505,23.086,1.068,7.0
Phoenix,33.45,-112.07,ssp245,2087,21.122,19.053,23.321,0.887,7.0
Phoenix,33.45,-112.07,ssp245,2088,21.243,19.534,23.735,0.899,7.0
Phoenix,33.45,-112.07,ssp245,2089,20.85,18.609,23.327,1.318,7.0
Phoenix,33.45,-112.07,ssp245,2090,20.899,18.981,23.48,1.033,7.0
Phoenix,33.45,-112.07,ssp245,2091,21.098,19.016,24.05,0.799,7.0
Phoenix,33.45,-112.07,ssp245,2092,21.092,19.036,23.889,1.184,7.0
Phoenix,33.45,-112.07,ssp245,2093,21.179,19.228,23.372,0.859,7.0
Phoenix,33.45,-112.07,ssp245,2094,21.168,19.233,23.199,0.876,7.0
Phoenix,33.45,-112.07,ssp245,2095,20.912,18.86,23.441,1.088,7.0
Phoenix,33.45,-112.07,ssp245,2096,21.116,19.683,23.635,0.948,7.0
Phoenix,33.45,-112.07,ssp245,2097,21.049,19.153,23.563,1.289,7.0
Phoenix,33.45,-112.07,ssp245,2098,20.617,18.068,23.745,1.096,7.0
Phoenix,33.45,-112.07,ssp245,2099,20.681,19.279,22.944,0.992,7.0
Phoenix,33.45,-112.07,ssp245,2100,21.065,18.659,24.129,1.112,7.0
Phoenix,33.45,-112.07,ssp585,2015,19.493,17.054,22.813,1.018,8.0
Phoenix,33.45,-112.07,ssp585,2016,19.523,16.56,23.576,0.938,8.0
Phoenix,33.45,-112.07,ssp585,2017,19.607,16.987,23.65,1.001,8.0
Phoenix,33.45,-112.07,ssp585,2018,19.174,16.929,22.162,1.101,8.0
Phoenix,33.45,-112.07,ssp585,2019,19.133,16.918,22.421,1.015,8.0
Phoenix,33.45,-112.07,ssp585,2020,19.66,16.994,23.096,0.886,8.0
Phoenix,33.45,-112.07,ssp585,2021,19.746,17.148,23.43,0.905,8.0
Phoenix,33.45,-112.07,ssp585,2022,19.644,16.771,22.866,1.085,8.0
Phoenix,33.45,-112.07,ssp585,2023,19.59,16.913,22.644,1.066,8.0
Phoenix,33.45,-112.07,ssp585,2024,19.92,17.078,23.123,0.866,8.0
Phoenix,33.45,-112.07,ssp585,2025,19.814,16.758,23.45,0.96,8.0
Phoenix,33.45,-112.07,ssp585,2026,19.892,17.696,22.376,0.95,8.0
Phoenix,33.45,-112.07,ssp585,2027,20.202,17.681,23.314,1.029,8.0
Phoenix,33.45,-112.07,ssp585,2028,19.926,16.891,23.45,1.005,8.0
Phoenix,33.45,-112.07,ssp585,2029,20.083,17.554,23.453,0.82,8.0
Phoenix,33.45,-112.07,ssp585,2030,20.283,17.646,23.839,0.944,8.0
Phoenix,33.45,-112.07,ssp585,2031,19.984,17.605,23.226,0.848,8.0
Phoenix,33.45,-112.07,ssp585,2032,19.819,16.9,23.225,1.032,8.0
Phoenix,33.45,-112.07,ssp585,2033,20.034,17.387,23.046,1.095,8.0
Phoenix,33.45,-112.07,ssp585,2034,20.259,17.477,23.525,0.74,8.0
Phoenix,33.45,-112.07,ssp585,2035,20.355,18.311,23.605,0.988,8.0
Phoenix,33.45,-112.07,ssp585,2036,19.592,17.336,22.279,1.183,8.0
Phoenix,33.45,-112.07,ssp585,2037,20.225,17.579,23.614,0.993,8.0
Phoenix,33.45,-112.07,ssp585,2038,20.219,17.489,23.982,0.927,8.0
Phoenix,33.45,-112.07,ssp585,2039,20.482,17.776,23.995,0.82,8.0
Phoenix,33.45,-112.07,ssp585,2040,20.683,18.216,23.918,1.092,8.0
Phoenix,33.45,-112.07,ssp585,2041,20.775,17.812,24.409,1.065,8.0
Phoenix,33.45,-112.07,ssp585,2042,21.177,17.979,24.744,0.787,8.0
Phoenix,33.45,-112.07,ssp585,2043,21.096,18.212,24.741,0.698,8.0
Phoenix,33.45,-112.07,ssp585,2044,20.975,17.836,24.783,1.044,8.0
Phoenix,33.45,-112.07,ssp585,2045,21.059,18.642,24.375,0.858,8.0
Phoenix,33.45,-112.07,ssp585,2046,20.782,18.323,23.804,0.923,8.0
Phoenix,33.45,-112.07,ssp585,2047,20.987,18.399,24.163,1.04,8.0
Phoenix,33.45,-112.07,ssp585,2048,21.336,19.086,24.743,1.053,8.0
Phoenix,33.45,-112.07,ssp585,2049,21.506,18.606,24.769,0.955,8.0
Phoenix,33.45,-112.07,ssp585,2050,21.472,19.001,24.947,1.052,8.0
Phoenix,33.45,-112.07,ssp585,2051,21.344,18.628,24.835,0.998,8.0
Phoenix,33.45,-112.07,ssp585,2052,21.397,19.149,24.482,0.822,8.0
Phoenix,33.45,-112.07,ssp585,2053,21.281,18.461,24.301,1.008,8.0
Phoenix,33.45,-112.07,ssp585,2054,21.67,19.023,24.8,0.843,8.0
Phoenix,33.45,-112.07,ssp585,2055,21.687,19.149,24.842,1.012,8.0
Phoenix,33.45,-112.07,ssp585,2056,21.591,19.109,25.028,1.039,8.0
Phoenix,33.45,-112.07,ssp585,2057,21.959,19.292,25.479,0.938,8.0
Phoenix,33.45,-112.07,ssp585,2058,21.781,19.171,25.094,0.923,8.0
Phoenix,33.45,-112.07,ssp585,2059,21.937,18.86,25.414,0.867,8.0
Phoenix,33.45,-112.07,ssp585,2060,22.443,19.898,25.722,0.856,8.0
Phoenix,33.45,-112.07,ssp585,2061,21.933,18.966,25.435,1.027,8.0
Phoenix,33.45,-112.07,ssp585,2062,22.247,19.173,25.489,1.144,8.0
Phoenix,33.45,-112.07,ssp585,2063,22.226,19.345,25.805,1.085,8.0
Phoenix,33.45,-112.07,ssp585,2064,22.112,19.176,25.872,1.065,8.0
Phoenix,33.45,-112.07,ssp585,2065,22.217,19.488,25.968,1.256,8.0
Phoenix,33.45,-112.07,ssp585,2066,22.308,19.794,25.363,1.202,8.0
Phoenix,33.45,-112.07,ssp585,2067,22.13,19.588,25.155,0.931,8.0
Phoenix,33.45,-112.07,ssp585,2068,22.437,19.595,25.675,0.895,8.0
Phoenix,33.45,-112.07,ssp585,2069,22.986,19.961,26.885,0.974,8.0
Phoenix,33.45,-112.07,ssp585,2070,22.54,19.893,26.397,1.087,8.0
Phoenix,33.45,-112.07,ssp585,2071,22.303,19.799,25.613,1.091,8.0
Phoenix,33.45,-112.07,ssp585,2072,22.884,20.062,26.8,0.951,8.0
Phoenix,33.45,-112.07,ssp585,2073,22.948,19.565,26.614,1.044,8.0
Phoenix,33.45,-112.07,ssp585,2074,22.754,19.2,26.385,1.201,8.0
Phoenix,33.45,-112.07,ssp585,2075,23.288,20.307,26.653,1.099,8.0
Phoenix,33.45,-112.07,ssp585,2076,23.256,20.798,26.565,0.935,8.0
Phoenix,33.45,-112.07,ssp585,2077,23.523,20.563,27.196,0.903,8.0
Phoenix,33.45,-112.07,ssp585,2078,23.46,20.991,26.914,0.966,8.0
Phoenix,33.45,-112.07,ssp585,2079,23.599,20.931,27.052,0.99,8.0
Phoenix,33.45,-112.07,ssp585,2080,23.666,20.98,27.075,0.91,8.0
Phoenix,33.45,-112.07,ssp585,2081,23.626,20.957,27.039,0.91,8.0
Phoenix,33.45,-112.07,ssp585,2082,23.554,20.64,26.807,1.029,8.0
Phoenix,33.45,-112.07,ssp585,2083,23.844,20.979,27.222,0.918,8.0
Phoenix,33.45,-112.07,ssp585,2084,23.896,20.871,27.647,1.043,8.0
Phoenix,33.45,-112.07,ssp585,2085,24.021,20.846,27.992,0.879,8.0
Phoenix,33.45,-112.07,ssp585,2086,24.148,21.399,27.809,0.979,8.0
Phoenix,33.45,-112.07,ssp585,2087,24.232,21.725,27.44,0.844,8.0
Phoenix,33.45,-112.07,ssp585,2088,24.473,21.418,27.798,0.971,8.0
Phoenix,33.45,-112.07,ssp585,2089,24.451,21.572,27.943,1.023,8.0
Phoenix,33.45,-112.07,ssp585,2090,24.34,21.862,28.024,1.006,8.0
Phoenix,33.45,-112.07,ssp585,2091,24.278,21.584,27.428,0.997,8.0
Phoenix,33.45,-112.07,ssp585,2092,24.459,22.045,28.249,0.897,8.0
Phoenix,33.45,-112.07,ssp585,2093,24.956,22.297,29.231,0.898,8.0
Phoenix,33.45,-112.07,ssp585,2094,24.545,22.097,28.058,0.975,8.0
Phoenix,33.45,-112.07,ssp585,2095,24.636,21.272,28.214,1.042,8.0
Phoenix,33.45,-112.07,ssp585,2096,24.757,21.791,29.072,1.082,8.0
Phoenix,33.45,-112.07,ssp585,2097,25.512,22.778,29.062,0.958,8.0
Phoenix,33.45,-112.07,ssp585,2098,25.014,22.084,28.767,0.943,8.0
Phoenix,33.45,-112.07,ssp585,2099,24.948,21.537,29.608,1.014,8.0
Phoenix,33.45,-112.07,ssp585,2100,25.417,22.299,29.74,0.954,8.0
Reykjavik,64.15,-21.94,historical,1850,3.157,1.344,5.662,3.17,8.0
Reykjavik,64.15,-21.94,historical,1851,3.307,1.37,5.46,3.437,8.0
Reykjavik,64.15,-21.94,historical,1852,3.324,1.462,4.88,3.237,8.0
Reykjavik,64.15,-21.94,historical,1853,3.288,1.696,5.437,3.307,8.0
Reykjavik,64.15,-21.94,historical,1854,2.701,0.972,5.618,3.311,8.0
Reykjavik,64.15,-21.94,historical,1855,2.646,0.597,6.008,3.264,8.0
Reykjavik,64.15,-21.94,historical,1856,2.748,0.955,5.44,3.248,8.0
Reykjavik,64.15,-21.94,historical,1857,2.718,0.947,4.714,3.239,8.0
Reykjavik,64.15,-21.94,historical,1858,3.181,1.404,5.286,3.357,8.0
Reykjavik,64.15,-21.94,historical,1859,2.78,1.202,5.222,3.022,8.0
Reykjavik,64.15,-21.94,historical,1860,2.939,1.444,5.381,3.349,8.0
Reykjavik,64.15,-21.94,historical,1861,2.701,1.077,5.006,3.418,8.0
Reykjavik,64.15,-21.94,historical,1862,2.713,0.734,4.745,3.289,8.0
Reykjavik,64.15,-21.94,historical,1863,2.982,1.598,5.422,3.121,8.0
Reykjavik,64.15,-21.94,historical,1864,2.792,0.94,5.484,3.042,8.0
Reykjavik,64.15,-21.94,historical,1865,3.093,1.385,5.178,3.292,8.0
Reykjavik,64.15,-21.94,historical,1866,3.534,2.077,5.927,3.416,8.0
Reykjavik,64.15,-21.94,historical,1867,3.344,1.927,4.838,3.381,8.0
Reykjavik,64.15,-21.94,historical,1868,3.016,1.627,4.575,3.446,8.0
Reykjavik,64.15,-21.94,historical,1869,3.51,2.36,5.09,3.426,8.0
Reykjavik,64.15,-21.94,historical,1870,3.717,2.134,5.86,3.38,8.0
Reykjavik,64.15,-21.94,historical,1871,3.234,1.184,5.215,3.331,8.0
Reykjavik,64.15,-21.94,historical,1872,2.928,0.4,5.244,3.241,8.0
Reykjavik,64.15,-21.94,historical,1873,3.087,0.517,5.257,3.458,8.0
Reykjavik,64.15,-21.94,historical,1874,3.119,0.056,5.363,3.45,8.0
Reykjavik,64.15,-21.94,historical,1875,3.218,1.283,5.562,3.409,8.0
Reykjavik,64.15,-21.94,historical,1876,3.062,0.656,5.374,3.119,8.0
Reykjavik,64.15,-21.94,historical,1877,3.197,0.969,5.282,3.281,8.0
Reykjavik,64.15,-21.94,historical,1878,2.933,0.285,4.977,3.437,8.0
Reykjavik,64.15,-21.94,historical,1879,2.569,-0.046,5.666,3.258,8.0
Reykjavik,64.15,-21.94,historical,1880,2.806,0.115,5.508,3.355,8.0
Reykjavik,64.15,-21.94,historical,1881,2.878,-0.742,5.788,3.238,8.0
Reykjavik,64.15,-21.94,historical,1882,3.23,0.392,5.46,3.414,8.0
Reykjavik,64.15,-21.94,historical,1883,3.118,0.654,5.265,3.426,8.0
Reykjavik,64.15,-21.94,historical,1884,3.36,0.948,5.423,3.403,8.0
Reykjavik,64.15,-21.94,historical,1885,2.8,-0.297,5.381,3.206,8.0
Reykjavik,64.15,-21.94,historical,1886,2.878,0.401,5.433,3.319,8.0
Reykjavik,64.15,-21.94,historical,1887,3.225,1.209,5.717,3.318,8.0
Reykjavik,64.15,-21.94,historical,1888,2.838,1.008,4.568,3.199,8.0
Reykjavik,64.15,-21.94,historical,1889,2.824,0.572,5.051,3.611,8.0
Reykjavik,64.15,-21.94,historical,1890,3.082,1.554,4.849,3.069,8.0
Reykjavik,64.15,-21.94,historical,1891,2.796,1.04,5.087,3.299,8.0
Reykjavik,64.15,-21.94,historical,1892,3.003,1.716,4.652,3.378,8.0
Reykjavik,64.15,-21.94,historical,1893,2.979,1.603,5.071,3.565,8.0
Reykjavik,64.15,-21.94,historical,1894,3.125,1.277,6.102,3.279,8.0
Reykjavik,64.15,-21.94,historical,1895,3.359,1.815,5.591,3.237,8.0
Reykjavik,64.15,-21.94,historical,1896,3.666,2.045,5.528,3.335,8.0
Reykjavik,64.15,-21.94,historical,1897,3.257,1.494,5.135,3.382,8.0
Reykjavik,64.15,-21.94,historical,1898,3.222,1.051,5.213,3.37,8.0
Reykjavik,64.15,-21.94,historical,1899,2.994,1.031,5.512,3.267,8.0
Reykjavik,64.15,-21.94,historical,1900,2.763,1.317,5.434,3.107,8.0
Reykjavik,64.15,-21.94,historical,1901,2.833,0.175,5.411,3.278,8.0
Reykjavik,64.15,-21.94,historical,1902,3.061,0.24,5.819,3.24,8.0
Reykjavik,64.15,-21.94,historical,1903,2.845,0.87,5.05,3.234,8.0
Reykjavik,64.15,-21.94,historical,1904,2.859,1.443,4.917,3.102,8.0
Reykjavik,64.15,-21.94,historical,1905,2.657,-0.299,5.513,3.429,8.0
Reykjavik,64.15,-21.94,historical,1906,2.665,0.028,5.087,3.263,8.0
Reykjavik,64.15,-21.94,historical,1907,3.254,1.888,5.505,3.206,8.0
Reykjavik,64.15,-21.94,historical,1908,3.328,0.923,5.389,3.306,8.0
Reykjavik,64.15,-21.94,historical,1909,3.194,0.988,6.229,3.526,8.0
Reykjavik,64.15,-21.94,historical,1910,2.905,1.197,5.109,3.504,8.0
Reykjavik,64.15,-21.94,historical,1911,2.615,0.827,5.197,3.313,8.0
Reykjavik,64.15,-21.94,historical,1912,3.02,0.502,5.509,3.396,8.0
Reykjavik,64.15,-21.94,historical,1913,2.648,-0.634,6.034,3.222,8.0
Reykjavik,64.15,-21.94,historical,1914,2.95,-0.282,5.353,3.417,8.0
Reykjavik,64.15,-21.94,historical,1915,2.886,0.625,5.202,3.179,8.0
Reykjavik,64.15,-21.94,historical,1916,3.322,1.118,5.651,3.473,8.0
Reykjavik,64.15,-21.94,historical,1917,3.778,2.031,6.117,3.49,8.0
Reykjavik,64.15,-21.94,historical,1918,3.373,1.865,4.965,3.206,8.0
Reykjavik,64.15,-21.94,historical,1919,3.381,1.359,5.399,3.369,8.0
Reykjavik,64.15,-21.94,historical,1920,3.065,0.411,5.423,3.201,8.0
Reykjavik,64.15,-21.94,historical,1921,2.867,0.092,5.612,3.301,8.0
Reykjavik,64.15,-21.94,historical,1922,2.995,0.436,5.677,3.305,8.0
Reykjavik,64.15,-21.94,historical,1923,3.07,-0.459,5.206,3.374,8.0
Reykjavik,64.15,-21.94,historical,1924,2.991,0.387,5.222,3.203,8.0
Reykjavik,64.15,-21.94,historical,1925,2.948,1.118,4.73,3.014,8.0
Reykjavik,64.15,-21.94,historical,1926,3.169,0.932,5.287,3.126,8.0
Reykjavik,64.15,-21.94,historical,1927,3.363,1.319,5.34,3.337,8.0
Reykjavik,64.15,-21.94,historical,1928,3.218,0.858,6.084,3.448,8.0
Reykjavik,64.15,-21.94,historical,1929,2.977,0.287,5.859,3.431,8.0
Reykjavik,64.15,-21.94,historical,1930,2.837,0.476,5.632,3.339,8.0
Reykjavik,64.15,-21.94,historical,1931,2.784,1.035,5.399,3.348,8.0
Reykjavik,64.15,-21.94,historical,1932,3.162,0.86,5.332,3.31,8.0
Reykjavik,64.15,-21.94,historical,1933,3.494,1.47,5.423,3.358,8.0
Reykjavik,64.15,-21.94,historical,1934,3.46,0.923,5.515,3.493,8.0
Reykjavik,64.15,-21.94,historical,1935,3.432,1.052,6.011,3.577,8.0
Reykjavik,64.15,-21.94,historical,1936,3.402,0.299,6.053,3.263,8.0
Reykjavik,64.15,-21.94,historical,1937,3.316,1.854,5.729,3.43,8.0
Reykjavik,64.15,-21.94,historical,1938,3.709,1.831,5.735,3.302,8.0
Reykjavik,64.15,-21.94,historical,1939,3.52,0.889,5.687,3.342,8.0
Reykjavik,64.15,-21.94,historical,1940,3.455,1.044,5.845,3.326,8.0
Reykjavik,64.15,-21.94,historical,1941,3.608,1.564,5.616,3.329,8.0
Reykjavik,64.15,-21.94,historical,1942,3.656,1.79,5.811,3.519,8.0
Reykjavik,64.15,-21.94,historical,1943,3.464,1.487,5.785,3.567,8.0
Reykjavik,64.15,-21.94,historical,1944,3.515,1.645,5.799,3.413,8.0
Reykjavik,64.15,-21.94,historical,1945,3.316,0.859,6.505,3.019,8.0
Reykjavik,64.15,-21.94,historical,1946,3.519,1.645,5.592,3.24,8.0
Reykjavik,64.15,-21.94,historical,1947,3.481,1.689,5.42,3.371,8.0
Reykjavik,64.15,-21.94,historical,1948,3.396,1.17,5.763,3.311,8.0
Reykjavik,64.15,-21.94,historical,1949,3.455,1.116,5.532,3.309,8.0
Reykjavik,64.15,-21.94,historical,1950,3.313,1.278,5.267,3.476,8.0
Reykjavik,64.15,-21.94,historical,1951,3.355,1.449,4.947,3.328,8.0
Reykjavik,64.15,-21.94,historical,1952,3.251,1.074,5.193,3.414,8.0
Reykjavik,64.15,-21.94,historical,1953,3.294,1.458,5.031,3.33,8.0
Reykjavik,64.15,-21.94,historical,1954,3.358,1.689,4.962,3.433,8.0
Reykjavik,64.15,-21.94,historical,1955,2.69,0.933,4.981,3.481,8.0
Reykjavik,64.15,-21.94,historical,1956,3.557,2.041,5.431,3.57,8.0
Reykjavik,64.15,-21.94,historical,1957,3.387,2.163,4.958,3.4,8.0
Reykjavik,64.15,-21.94,historical,1958,3.308,1.541,5.299,3.172,8.0
Reykjavik,64.15,-21.94,historical,1959,3.967,2.482,5.428,3.197,8.0
Reykjavik,64.15,-21.94,historical,1960,3.5,1.657,5.887,3.342,8.0
Reykjavik,64.15,-21.94,historical,1961,3.536,1.783,5.393,3.333,8.0
Reykjavik,64.15,-21.94,historical,1962,3.523,1.128,6.357,3.384,8.0
Reykjavik,64.15,-21.94,historical,1963,3.692,1.739,6.113,3.51,8.0
Reykjavik,64.15,-21.94,historical,1964,2.812,0.602,5.417,3.295,8.0
Reykjavik,64.15,-21.94,historical,1965,3.082,1.106,5.1,3.219,8.0
Reykjavik,64.15,-21.94,historical,1966,2.519,-0.166,5.474,3.377,8.0
Reykjavik,64.15,-21.94,historical,1967,2.42,-0.453,5.397,3.153,8.0
Reykjavik,64.15,-21.94,historical,1968,2.9,0.844,5.427,3.367,8.0
Reykjavik,64.15,-21.94,historical,1969,3.025,1.356,4.91,3.325,8.0
Reykjavik,64.15,-21.94,historical,1970,3.408,1.697,5.072,3.395,8.0
Reykjavik,64.15,-21.94,historical,1971,3.199,1.584,5.438,3.205,8.0
Reykjavik,64.15,-21.94,historical,1972,2.937,1.158,5.432,3.277,8.0
Reykjavik,64.15,-21.94,historical,1973,3.166,1.004,5.343,3.328,8.0
Reykjavik,64.15,-21.94,historical,1974,3.28,0.406,5.77,3.665,8.0
Reykjavik,64.15,-21.94,historical,1975,3.445,1.545,5.914,3.586,8.0
Reykjavik,64.15,-21.94,historical,1976,3.258,0.918,6.075,3.716,8.0
Reykjavik,64.15,-21.94,historical,1977,3.102,1.248,5.239,3.471,8.0
Reykjavik,64.15,-21.94,historical,1978,2.928,0.62,5.224,3.081,8.0
Reykjavik,64.15,-21.94,historical,1979,3.258,1.278,5.206,3.262,8.0
Reykjavik,64.15,-21.94,historical,1980,3.17,1.218,5.761,3.263,8.0
Reykjavik,64.15,-21.94,historical,1981,3.283,1.18,6.074,3.216,8.0
Reykjavik,64.15,-21.94,historical,1982,2.834,0.919,5.851,3.127,8.0
Reykjavik,64.15,-21.94,historical,1983,2.774,1.057,5.794,3.191,8.0
Reykjavik,64.15,-21.94,historical,1984,3.377,1.702,5.473,3.351,8.0
Reykjavik,64.15,-21.94,historical,1985,3.681,1.261,6.045,3.279,8.0
Reykjavik,64.15,-21.94,historical,1986,3.11,0.646,5.519,3.322,8.0
Reykjavik,64.15,-21.94,historical,1987,3.101,0.0,5.487,3.383,8.0
Reykjavik,64.15,-21.94,historical,1988,3.338,0.777,5.677,3.444,8.0
Reykjavik,64.15,-21.94,historical,1989,3.077,0.24,5.544,3.317,8.0
Reykjavik,64.15,-21.94,historical,1990,3.08,0.316,5.778,3.271,8.0
Reykjavik,64.15,-21.94,historical,1991,3.463,1.289,6.177,3.543,8.0
Reykjavik,64.15,-21.94,historical,1992,3.498,1.208,6.006,3.234,8.0
Reykjavik,64.15,-21.94,historical,1993,4.028,1.742,6.229,3.311,8.0
Reykjavik,64.15,-21.94,historical,1994,3.608,2.265,6.333,3.253,8.0
Reykjavik,64.15,-21.94,historical,1995,3.378,0.412,6.352,3.528,8.0
Reykjavik,64.15,-21.94,historical,1996,3.072,0.892,6.116,3.214,8.0
Reykjavik,64.15,-21.94,historical,1997,3.808,1.993,6.388,3.148,8.0
Reykjavik,64.15,-21.94,historical,1998,4.192,2.557,6.67,3.462,8.0
Reykjavik,64.15,-21.94,historical,1999,4.628,3.038,6.236,3.278,8.0
Reykjavik,64.15,-21.94,historical,2000,4.183,2.651,6.568,3.109,8.0
Reykjavik,64.15,-21.94,historical,2001,5.103,3.926,6.709,3.643,8.0
Reykjavik,64.15,-21.94,historical,2002,4.83,3.409,6.242,3.423,8.0
Reykjavik,64.15,-21.94,historical,2003,4.743,2.896,6.591,3.393,8.0
Reykjavik,64.15,-21.94,historical,2004,4.544,3.015,6.495,3.484,8.0
Reykjavik,64.15,-21.94,historical,2005,4.482,2.472,6.39,3.474,8.0
Reykjavik,64.15,-21.94,historical,2006,4.753,3.107,6.658,3.713,8.0
Reykjavik,64.15,-21.94,historical,2007,4.588,2.82,6.341,3.44,8.0
Reykjavik,64.15,-21.94,historical,2008,4.28,2.36,6.744,3.443,8.0
Reykjavik,64.15,-21.94,historical,2009,4.013,2.324,5.918,3.251,8.0
Reykjavik,64.15,-21.94,historical,2010,4.624,3.191,6.349,3.614,8.0
Reykjavik,64.15,-21.94,historical,2011,4.91,3.852,6.516,3.474,8.0
Reykjavik,64.15,-21.94,historical,2012,4.738,3.274,6.603,3.383,8.0
Reykjavik,64.15,-21.94,historical,2013,4.806,3.472,6.268,3.334,8.0
Reykjavik,64.15,-21.94,historical,2014,5.047,3.595,6.646,3.667,8.0
Reykjavik,64.15,-21.94,ssp126,2015,4.89,3.83,6.607,3.348,8.0
Reykjavik,64.15,-21.94,ssp126,2016,4.832,3.306,7.094,3.484,8.0
Reykjavik,64.15,-21.94,ssp126,2017,4.911,3.432,6.769,3.576,8.0
Reykjavik,64.15,-21.94,ssp126,2018,5.024,3.516,6.66,3.422,8.0
Reykjavik,64.15,-21.94,ssp126,2019,5.099,3.213,6.911,3.351,8.0
Reykjavik,64.15,-21.94,ssp126,2020,4.726,3.635,6.395,3.247,8.0
Reykjavik,64.15,-21.94,ssp126,2021,4.979,3.504,6.617,3.221,8.0
Reykjavik,64.15,-21.94,ssp126,2022,4.668,3.053,6.391,3.556,8.0
Reykjavik,64.15,-21.94,ssp126,2023,4.721,3.638,5.961,3.612,8.0
Reykjavik,64.15,-21.94,ssp126,2024,4.893,3.339,6.399,3.809,8.0
Reykjavik,64.15,-21.94,ssp126,2025,4.834,2.801,6.807,3.54,8.0
Reykjavik,64.15,-21.94,ssp126,2026,4.496,2.512,6.686,3.547,8.0
Reykjavik,64.15,-21.94,ssp126,2027,5.168,3.331,6.858,3.353,8.0
Reykjavik,64.15,-21.94,ssp126,2028,5.136,3.772,6.824,3.547,8.0
Reykjavik,64.15,-21.94,ssp126,2029,5.167,4.139,7.098,3.597,8.0
Reykjavik,64.15,-21.94,ssp126,2030,5.048,3.193,6.959,3.197,8.0
Reykjavik,64.15,-21.94,ssp126,2031,5.011,3.347,6.944,3.47,8.0
Reykjavik,64.15,-21.94,ssp126,2032,5.044,3.359,6.999,3.231,8.0
Reykjavik,64.15,-21.94,ssp126,2033,4.588,2.856,6.507,3.419,8.0
Reykjavik,64.15,-21.94,ssp126,2034,4.456,2.478,6.479,3.278,8.0
Reykjavik,64.15,-21.94,ssp126,2035,4.745,3.001,6.736,3.594,8.0
Reykjavik,64.15,-21.94,ssp126,2036,4.97,2.88,6.747,3.483,8.0
Reykjavik,64.15,-21.94,ssp126,2037,5.078,3.4,6.881,3.333,8.0
Reykjavik,64.15,-21.94,ssp126,2038,5.182,3.482,6.715,3.478,8.0
Reykjavik,64.15,-21.94,ssp126,2039,5.361,4.169,6.649,3.297,8.0
Reykjavik,64.15,-21.94,ssp126,2040,5.31,4.275,6.481,3.321,8.0
Reykjavik,64.15,-21.94,ssp126,2041,5.513,4.491,6.804,3.609,8.0
Reykjavik,64.15,-21.94,ssp126,2042,5.284,3.988,6.766,3.223,8.0
Reykjavik,64.15,-21.94,ssp126,2043,5.483,4.313,6.634,3.54,8.0
Reykjavik,64.15,-21.94,ssp126,2044,5.046,3.333,6.711,3.313,8.0
Reykjavik,64.15,-21.94,ssp126,2045,5.435,4.132,7.113,3.201,8.0
Reykjavik,64.15,-21.94,ssp126,2046,5.18,3.784,6.569,3.303,8.0
Reykjavik,64.15,-21.94,ssp126,2047,4.898,3.292,6.766,3.111,8.0
Reykjavik,64.15,-21.94,ssp126,2048,5.41,4.081,7.039,3.457,8.0
Reykjavik,64.15,-21.94,ssp126,2049,5.207,2.904,7.216,3.482,8.0
Reykjavik,64.15,-21.94,ssp126,2050,5.218,3.541,6.771,3.251,8.0
Reykjavik,64.15,-21.94,ssp126,2051,5.164,3.972,6.973,3.28,8.0
Reykjavik,64.15,-21.94,ssp126,2052,5.163,3.498,6.85,3.242,8.0
Reykjavik,64.15,-21.94,ssp126,2053,4.648,2.892,6.561,3.181,8.0
Reykjavik,64.15,-21.94,ssp126,2054,4.521,2.865,6.895,3.203,8.0
Reykjavik,64.15,-21.94,ssp126,2055,4.644,2.646,6.86,3.429,8.0
Reykjavik,64.15,-21.94,ssp126,2056,4.989,3.264,6.616,3.254,8.0
Reykjavik,64.15,-21.94,ssp126,2057,5.162,3.457,7.148,3.688,8.0
Reykjavik,64.15,-21.94,ssp126,2058,4.982,2.842,7.105,3.272,8.0
Reykjavik,64.15,-21.94,ssp126,2059,5.133,3.117,7.101,3.518,8.0
Reykjavik,64.15,-21.94,ssp126,2060,5.0,2.958,7.035,3.163,8.0
Reykjavik,64.15,-21.94,ssp126,2061,4.947,3.252,6.848,3.173,8.0
Reykjavik,64.15,-21.94,ssp126,2062,4.971,3.004,6.512,3.497,8.0
Reykjavik,64.15,-21.94,ssp126,2063,5.45,3.385,7.188,3.268,8.0
Reykjavik,64.15,-21.94,ssp126,2064,5.14,3.109,6.986,3.389,8.0
Reykjavik,64.15,-21.94,ssp126,2065,5.362,3.986,6.569,3.473,8.0
Reykjavik,64.15,-21.94,ssp126,2066,5.333,3.748,6.764,3.271,8.0
Reykjavik,64.15,-21.94,ssp126,2067,5.226,3.435,7.031,3.318,8.0
Reykjavik,64.15,-21.94,ssp126,2068,5.294,3.343,7.169,3.615,8.0
Reykjavik,64.15,-21.94,ssp126,2069,5.279,3.469,7.182,3.487,8.0
Reykjavik,64.15,-21.94,ssp126,2070,5.302,3.227,7.036,3.405,8.0
Reykjavik,64.15,-21.94,ssp126,2071,5.648,4.112,6.921,3.423,8.0
Reykjavik,64.15,-21.94,ssp126,2072,5.0,2.771,6.791,3.284,8.0
Reykjavik,64.15,-21.94,ssp126,2073,4.745,2.263,6.729,3.096,8.0
Reykjavik,64.15,-21.94,ssp126,2074,4.846,2.522,6.799,3.193,8.0
Reykjavik,64.15,-21.94,ssp126,2075,4.597,1.791,6.535,3.011,8.0
Reykjavik,64.15,-21.94,ssp126,2076,4.835,1.692,7.565,3.262,8.0
Reykjavik,64.15,-21.94,ssp126,2077,4.853,2.229,7.177,3.485,8.0
Reykjavik,64.15,-21.94,ssp126,2078,5.135,3.079,6.838,3.128,8.0
Reykjavik,64.15,-21.94,ssp126,2079,4.976,2.962,6.553,3.356,8.0
Reykjavik,64.15,-21.94,ssp126,2080,4.895,2.777,7.058,3.08,8.0
Reykjavik,64.15,-21.94,ssp126,2081,5.004,2.356,6.973,3.275,8.0
Reykjavik,64.15,-21.94,ssp126,2082,5.072,2.648,6.841,3.174,8.0
Reykjavik,64.15,-21.94,ssp126,2083,4.936,2.554,6.661,3.434,8.0
Reykjavik,64.15,-21.94,ssp126,2084,5.122,3.296,6.953,3.111,8.0
Reykjavik,64.15,-21.94,ssp126,2085,4.912,2.657,6.762,3.17,8.0
Reykjavik,64.15,-21.94,ssp126,2086,5.158,3.162,7.212,3.305,8.0
Reykjavik,64.15,-21.94,ssp126,2087,5.332,3.033,6.843,3.146,8.0
Reykjavik,64.15,-21.94,ssp126,2088,5.078,3.266,7.077,3.33,8.0
Reykjavik,64.15,-21.94,ssp126,2089,5.2,3.281,7.243,3.44,8.0
Reykjavik,64.15,-21.94,ssp126,2090,5.239,3.49,6.864,3.585,8.0
Reykjavik,64.15,-21.94,ssp126,2091,5.088,2.64,6.928,3.202,8.0
Reykjavik,64.15,-21.94,ssp126,2092,5.287,2.378,7.177,3.379,8.0
Reykjavik,64.15,-21.94,ssp126,2093,5.378,3.733,6.961,3.466,8.0
Reykjavik,64.15,-21.94,ssp126,2094,5.437,3.795,7.483,3.138,8.0
Reykjavik,64.15,-21.94,ssp126,2095,5.572,3.934,7.231,3.499,8.0
Reykjavik,64.15,-21.94,ssp126,2096,5.387,3.169,7.269,3.411,8.0
Reykjavik,64.15,-21.94,ssp126,2097,5.322,2.846,7.239,3.29,8.0
Reykjavik,64.15,-21.94,ssp126,2098,5.17,3.16,7.579,3.15,8.0
Reykjavik,64.15,-21.94,ssp126,2099,5.102,2.825,7.296,3.257,8.0
Reykjavik,64.15,-21.94,ssp126,2100,5.522,3.744,7.677,3.074,8.0
Reykjavik,64.15,-21.94,ssp245,2015,4.79,3.615,6.786,3.64,8.0
Reykjavik,64.15,-21.94,ssp245,2016,5.029,3.698,7.031,3.56,8.0
Reykjavik,64.15,-21.94,ssp245,2017,5.11,3.682,6.881,3.495,8.0
Reykjavik,64.15,-21.94,ssp245,2018,4.906,3.302,6.583,3.526,8.0
Reykjavik,64.15,-21.94,ssp245,2019,4.623,3.396,6.49,3.588,8.0
Reykjavik,64.15,-21.94,ssp245,2020,4.822,3.203,6.429,3.376,8.0
Reykjavik,64.15,-21.94,ssp245,2021,4.975,3.498,6.767,3.376,8.0
Reykjavik,64.15,-21.94,ssp245,2022,5.188,3.184,7.173,3.452,8.0
Reykjavik,64.15,-21.94,ssp245,2023,5.519,4.625,6.956,3.579,8.0
Reykjavik,64.15,-21.94,ssp245,2024,5.387,4.354,6.674,3.646,8.0
Reykjavik,64.15,-21.94,ssp245,2025,4.926,3.454,6.477,3.547,8.0
Reykjavik,64.15,-21.94,ssp245,2026,4.862,3.45,6.766,3.524,8.0
Reykjavik,64.15,-21.94,ssp245,2027,5.063,3.308,6.842,3.51,8.0
Reykjavik,64.15,-21.94,ssp245,2028,4.992,3.135,6.691,3.389,8.0
Reykjavik,64.15,-21.94,ssp245,2029,4.817,3.14,7.031,3.439,8.0
Reykjavik,64.15,-21.94,ssp245,2030,4.757,2.906,6.506,3.541,8.0
Reykjavik,64.15,-21.94,ssp245,2031,4.943,3.11,6.672,3.574,8.0
Reykjavik,64.15,-21.94,ssp245,2032,5.085,3.522,6.845,3.372,8.0
Reykjavik,64.15,-21.94,ssp245,2033,5.026,3.426,6.045,3.382,8.0
Reykjavik,64.15,-21.94,ssp245,2034,4.98,3.461,6.471,3.331,8.0
Reykjavik,64.15,-21.94,ssp245,2035,5.21,3.357,7.192,3.185,8.0
Reykjavik,64.15,-21.94,ssp245,2036,4.988,3.125,7.033,3.484,8.0
Reykjavik,64.15,-21.94,ssp245,2037,5.097,3.343,6.904,3.41,8.0
Reykjavik,64.15,-21.94,ssp245,2038,5.695,4.489,7.069,3.339,8.0
Reykjavik,64.15,-21.94,ssp245,2039,5.518,4.064,6.966,3.612,8.0
Reykjavik,64.15,-21.94,ssp245,2040,4.79,3.535,6.59,3.281,7.0
Reykjavik,64.15,-21.94,ssp245,2041,4.946,3.014,6.567,3.388,7.0
Reykjavik,64.15,-21.94,ssp245,2042,5.393,4.31,7.025,3.455,7.0
Reykjavik,64.15,-21.94,ssp245,2043,5.237,4.214,6.686,3.625,7.0
Reykjavik,64.15,-21.94,ssp245,2044,5.229,3.877,7.166,3.347,7.0
Reykjavik,64.15,-21.94,ssp245,2045,5.159,4.118,6.987,3.488,7.0
Reykjavik,64.15,-21.94,ssp245,2046,5.015,3.618,6.897,3.452,7.0
Reykjavik,64.15,-21.94,ssp245,2047,5.294,4.087,6.843,3.331,7.0
Reykjavik,64.15,-21.94,ssp245,2048,4.988,3.363,7.304,3.386,7.0
Reykjavik,64.15,-21.94,ssp245,2049,5.074,3.629,7.136,3.502,7.0
Reykjavik,64.15,-21.94,ssp245,2050,5.562,4.709,6.754,3.502,7.0
Reykjavik,64.15,-21.94,ssp245,2051,5.208,3.607,6.914,3.511,7.0
Reykjavik,64.15,-21.94,ssp245,2052,5.395,4.179,6.993,3.204,7.0
Reykjavik,64.15,-21.94,ssp245,2053,5.015,3.867,6.92,3.217,7.0
Reykjavik,64.15,-21.94,ssp245,2054,5.138,4.107,6.406,3.55,7.0
Reykjavik,64.15,-21.94,ssp245,2055,4.886,3.154,6.308,3.203,7.0
Reykjavik,64.15,-21.94,ssp245,2056,5.098,3.535,6.764,3.249,7.0
Reykjavik,64.15,-21.94,ssp245,2057,5.528,4.014,6.97,3.392,7.0
Reykjavik,64.15,-21.94,ssp245,2058,5.563,4.423,6.854,3.295,7.0
Reykjavik,64.15,-21.94,ssp245,2059,5.54,4.086,7.245,3.268,7.0
Reykjavik,64.15,-21.94,ssp245,2060,5.359,4.369,6.739,3.321,7.0
Reykjavik,64.15,-21.94,ssp245,2061,5.102,3.563,6.623,3.413,7.0
Reykjavik,64.15,-21.94,ssp245,2062,4.98,3.523,6.554,3.318,7.0
Reykjavik,64.15,-21.94,ssp245,2063,5.164,3.635,6.572,3.44,7.0
Reykjavik,64.15,-21.94,ssp245,2064,5.367,3.807,6.916,3.267,7.0
Reykjavik,64.15,-21.94,ssp245,2065,5.242,3.28,6.998,3.285,7.0
Reykjavik,64.15,-21.94,ssp245,2066,5.172,2.676,6.824,3.52,7.0
Reykjavik,64.15,-21.94,ssp245,2067,5.301,3.566,6.578,3.345,7.0
Reykjavik,64.15,-21.94,ssp245,2068,4.978,2.669,6.863,3.644,7.0
Reykjavik,64.15,-21.94,ssp245,2069,5.119,2.969,7.111,3.33,7.0
Reykjavik,64.15,-21.94,ssp245,2070,5.224,3.75,6.794,3.417,7.0
Reykjavik,64.15,-21.94,ssp245,2071,5.261,3.706,6.495,3.2,7.0
Reykjavik,64.15,-21.94,ssp245,2072,5.386,3.413,6.783,3.317,7.0
Reykjavik,64.15,-21.94,ssp245,2073,5.607,3.436,7.086,3.449,7.0
Reykjavik,64.15,-21.94,ssp245,2074,5.898,3.944,7.417,3.23,7.0
Reykjavik,64.15,-21.94,ssp245,2075,5.891,3.733,7.594,3.374,7.0
Reykjavik,64.15,-21.94,ssp245,2076,5.702,3.781,7.256,3.259,7.0
Reykjavik,64.15,-21.94,ssp245,2077,5.583,3.508,7.101,3.45,7.0
Reykjavik,64.15,-21.94,ssp245,2078,5.465,3.588,7.17,3.431,7.0
Reykjavik,64.15,-21.94,ssp245,2079,5.427,3.438,7.166,3.327,7.0
Reykjavik,64.15,-21.94,ssp245,2080,5.526,3.051,7.346,3.289,7.0
Reykjavik,64.15,-21.94,ssp245,2081,5.705,3.993,6.863,3.38,7.0
Reykjavik,64.15,-21.94,ssp245,2082,5.825,3.403,7.573,3.525,7.0
Reykjavik,64.15,-21.94,ssp245,2083,5.84,3.964,7.57,3.189,7.0
Reykjavik,64.15,-21.94,ssp245,2084,5.325,2.984,7.499,3.173,7.0
Reykjavik,64.15,-21.94,ssp245,2085,5.66,3.616,7.298,3.294,7.0
Reykjavik,64.15,-21.94,ssp245,2086,5.93,3.351,7.599,3.355,7.0
Reykjavik,64.15,-21.94,ssp245,2087,5.915,3.968,7.199,3.521,7.0
Reykjavik,64.15,-21.94,ssp245,2088,5.835,3.888,7.511,3.633,7.0
Reykjavik,64.15,-21.94,ssp245,2089,5.75,3.981,6.927,3.064,7.0
Reykjavik,64.15,-21.94,ssp245,2090,6.157,3.999,7.392,3.297,7.0
Reykjavik,64.15,-21.94,ssp245,2091,5.759,3.809,7.055,3.391,7.0
Reykjavik,64.15,-21.94,ssp245,2092,5.46,2.832,7.234,3.139,7.0
Reykjavik,64.15,-21.94,ssp245,2093,5.513,3.281,7.092,3.343,7.0
Reykjavik,64.15,-21.94,ssp245,2094,5.497,3.219,7.428,3.26,7.0
Reykjavik,64.15,-21.94,ssp245,2095,5.58,3.485,7.392,2.982,7.0
Reykjavik,64.15,-21.94,ssp245,2096,5.87,3.81,7.492,3.208,7.0
Reykjavik,64.15,-21.94,ssp245,2097,5.923,4.083,7.416,3.534,7.0
Reykjavik,64.15,-21.94,ssp245,2098,5.854,3.153,7.483,3.21,7.0
Reykjavik,64.15,-21.94,ssp245,2099,5.941,4.195,7.597,3.098,7.0
Reykjavik,64.15,-21.94,ssp245,2100,5.787,3.816,7.322,3.166,7.0
Reykjavik,64.15,-21.94,ssp585,2015,4.895,3.378,7.099,3.255,8.0
Reykjavik,64.15,-21.94,ssp585,2016,4.555,2.568,7.069,3.555,8.0
Reykjavik,64.15,-21.94,ssp585,2017,4.83,3.449,6.893,3.516,8.0
Reykjavik,64.15,-21.94,ssp585,2018,4.707,3.193,7.337,3.563,8.0
Reykjavik,64.15,-21.94,ssp585,2019,4.5,2.197,6.454,3.245,8.0
Reykjavik,64.15,-21.94,ssp585,2020,5.105,3.535,7.241,3.225,8.0
Reykjavik,64.15,-21.94,ssp585,2021,4.548,3.15,6.436,3.384,8.0
Reykjavik,64.15,-21.94,ssp585,2022,4.662,2.932,6.567,3.433,8.0
Reykjavik,64.15,-21.94,ssp585,2023,4.844,2.637,6.958,3.308,8.0
Reykjavik,64.15,-21.94,ssp585,2024,4.485,2.338,6.671,3.302,8.0
Reykjavik,64.15,-21.94,ssp585,2025,5.125,3.497,6.916,3.551,8.0
Reykjavik,64.15,-21.94,ssp585,2026,4.952,3.604,6.479,3.379,8.0
Reykjavik,64.15,-21.94,ssp585,2027,4.765,3.296,6.349,3.301,8.0
Reykjavik,64.15,-21.94,ssp585,2028,4.842,3.566,6.568,3.387,8.0
Reykjavik,64.15,-21.94,ssp585,2029,4.995,3.491,6.749,3.654,8.0
Reykjavik,64.15,-21.94,ssp585,2030,4.882,3.411,6.582,3.266,8.0
Reykjavik,64.15,-21.94,ssp585,2031,5.029,2.823,6.7,3.436,8.0
Reykjavik,64.15,-21.94,ssp585,2032,5.499,3.809,7.143,3.748,8.0
Reykjavik,64.15,-21.94,ssp585,2033,5.036,3.301,7.379,3.397,8.0
Reykjavik,64.15,-21.94,ssp585,2034,5.493,3.993,7.492,3.581,8.0
Reykjavik,64.15,-21.94,ssp585,2035,5.383,3.884,6.813,3.811,8.0
Reykjavik,64.15,-21.94,ssp585,2036,5.394,3.941,7.146,3.581,8.0
Reykjavik,64.15,-21.94,ssp585,2037,5.347,4.071,6.691,3.366,8.0
Reykjavik,64.15,-21.94,ssp585,2038,5.454,4.276,7.113,3.339,8.0
Reykjavik,64.15,-21.94,ssp585,2039,5.156,3.064,7.031,3.473,8.0
Reykjavik,64.15,-21.94,ssp585,2040,5.367,3.788,7.133,3.324,8.0
Reykjavik,64.15,-21.94,ssp585,2041,5.263,3.609,7.526,3.413,8.0
Reykjavik,64.15,-21.94,ssp585,2042,5.117,3.211,7.131,3.474,8.0
Reykjavik,64.15,-21.94,ssp585,2043,5.35,3.538,7.39,3.283,8.0
Reykjavik,64.15,-21.94,ssp585,2044,5.495,4.162,7.051,3.5,8.0
Reykjavik,64.15,-21.94,ssp585,2045,5.561,4.508,7.126,3.457,8.0
Reykjavik,64.15,-21.94,ssp585,2046,5.534,4.484,6.646,3.431,8.0
Reykjavik,64.15,-21.94,ssp585,2047,6.071,4.693,7.609,3.579,8.0
Reykjavik,64.15,-21.94,ssp585,2048,5.857,4.381,7.457,3.47,8.0
Reykjavik,64.15,-21.94,ssp585,2049,5.945,4.249,7.392,3.313,8.0
Reykjavik,64.15,-21.94,ssp585,2050,5.686,4.025,7.316,3.526,8.0
Reykjavik,64.15,-21.94,ssp585,2051,5.981,4.44,7.33,3.817,8.0
Reykjavik,64.15,-21.94,ssp585,2052,5.969,4.446,7.551,3.292,8.0
Reykjavik,64.15,-21.94,ssp585,2053,6.274,4.902,7.837,3.613,8.0
Reykjavik,64.15,-21.94,ssp585,2054,6.033,4.845,7.296,3.512,8.0
Reykjavik,64.15,-21.94,ssp585,2055,6.005,4.748,7.337,3.628,8.0
Reykjavik,64.15,-21.94,ssp585,2056,6.291,4.594,7.832,3.464,8.0
Reykjavik,64.15,-21.94,ssp585,2057,6.033,4.395,7.723,3.284,8.0
Reykjavik,64.15,-21.94,ssp585,2058,6.238,4.873,8.117,3.393,8.0
Reykjavik,64.15,-21.94,ssp585,2059,6.29,5.089,7.703,3.523,8.0
Reykjavik,64.15,-21.94,ssp585,2060,6.151,4.703,7.741,3.409,8.0
Reykjavik,64.15,-21.94,ssp585,2061,6.146,4.366,8.04,3.36,8.0
Reykjavik,64.15,-21.94,ssp585,2062,5.848,3.645,8.052,3.178,8.0
Reykjavik,64.15,-21.94,ssp585,2063,5.998,3.695,8.069,3.341,8.0
Reykjavik,64.15,-21.94,ssp585,2064,6.098,3.94,8.217,3.492,8.0
Reykjavik,64.15,-21.94,ssp585,2065,6.376,4.393,8.068,3.833,8.0
Reykjavik,64.15,-21.94,ssp585,2066,6.311,4.185,8.341,3.252,8.0
Reykjavik,64.15,-21.94,ssp585,2067,6.573,4.697,7.967,3.284,8.0
Reykjavik,64.15,-21.94,ssp585,2068,6.383,4.512,8.306,3.207,8.0
Reykjavik,64.15,-21.94,ssp585,2069,6.459,4.752,8.403,3.608,8.0
Reykjavik,64.15,-21.94,ssp585,2070,6.605,4.69,8.275,3.522,8.0
Reykjavik,64.15,-21.94,ssp585,2071,6.648,4.612,8.516,3.556,8.0
Reykjavik,64.15,-21.94,ssp585,2072,6.227,4.403,7.703,3.459,8.0
Reykjavik,64.15,-21.94,ssp585,2073,6.628,4.819,8.356,3.312,8.0
Reykjavik,64.15,-21.94,ssp585,2074,6.717,4.371,8.222,3.414,8.0
Reykjavik,64.15,-21.94,ssp585,2075,6.662,4.303,7.982,3.714,8.0
Reykjavik,64.15,-21.94,ssp585,2076,6.628,4.222,8.16,3.453,8.0
Reykjavik,64.15,-21.94,ssp585,2077,6.675,3.973,8.54,3.363,8.0
Reykjavik,64.15,-21.94,ssp585,2078,6.805,4.941,8.406,3.52,8.0
Reykjavik,64.15,-21.94,ssp585,2079,7.022,4.838,8.516,3.584,8.0
Reykjavik,64.15,-21.94,ssp585,2080,7.061,4.943,8.913,3.605,8.0
Reykjavik,64.15,-21.94,ssp585,2081,6.783,4.394,8.55,3.404,8.0
Reykjavik,64.15,-21.94,ssp585,2082,7.153,4.79,8.657,3.664,8.0
Reykjavik,64.15,-21.94,ssp585,2083,7.569,6.072,8.895,3.442,8.0
Reykjavik,64.15,-21.94,ssp585,2084,7.522,5.745,9.015,3.635,8.0
Reykjavik,64.15,-21.94,ssp585,2085,7.791,6.131,9.06,3.57,8.0
Reykjavik,64.15,-21.94,ssp585,2086,7.663,5.573,9.122,3.967,8.0
Reykjavik,64.15,-21.94,ssp585,2087,7.723,5.754,9.118,3.538,8.0
Reykjavik,64.15,-21.94,ssp585,2088,7.66,4.963,9.432,3.829,8.0
Reykjavik,64.15,-21.94,ssp585,2089,7.902,5.616,9.718,3.538,8.0
Reykjavik,64.15,-21.94,ssp585,2090,7.71,5.739,9.542,3.813,8.0
Reykjavik,64.15,-21.94,ssp585,2091,7.647,5.725,9.026,3.654,8.0
Reykjavik,64.15,-21.94,ssp585,2092,7.953,5.831,9.375,3.36,8.0
Reykjavik,64.15,-21.94,ssp585,2093,7.941,6.093,9.354,3.715,8.0
Reykjavik,64.15,-21.94,ssp585,2094,8.151,6.54,9.414,3.698,8.0
Reykjavik,64.15,-21.94,ssp585,2095,8.151,6.137,9.88,3.356,8.0
Reykjavik,64.15,-21.94,ssp585,2096,8.12,6.013,9.697,3.619,8.0
Reykjavik,64.15,-21.94,ssp585,2097,8.28,6.347,9.542,3.686,8.0
Reykjavik,64.15,-21.94,ssp585,2098,8.33,6.203,9.865,3.747,8.0
Reykjavik,64.15,-21.94,ssp585,2099,8.202,6.24,9.971,3.692,8.0
Reykjavik,64.15,-21.94,ssp585,2100,8.402,5.992,10.087,3.66,8.0
Rome,41.9,12.5,historical,1850,15.592,13.697,17.894,1.928,8.0
Rome,41.9,12.5,historical,1851,15.215,13.766,16.399,1.675,8.0
Rome,41.9,12.5,historical,1852,15.509,13.933,17.175,1.776,8.0
Rome,41.9,12.5,historical,1853,15.271,13.367,16.808,1.932,8.0
Rome,41.9,12.5,historical,1854,15.458,13.396,17.382,1.738,8.0
Rome,41.9,12.5,historical,1855,15.641,13.699,17.135,1.878,8.0
Rome,41.9,12.5,historical,1856,15.384,14.124,16.472,1.729,8.0
Rome,41.9,12.5,historical,1857,15.604,14.171,17.08,1.714,8.0
Rome,41.9,12.5,historical,1858,15.412,13.621,17.078,1.868,8.0
Rome,41.9,12.5,historical,1859,15.69,14.343,17.014,1.798,8.0
Rome,41.9,12.5,historical,1860,15.528,13.461,17.284,1.829,8.0
Rome,41.9,12.5,historical,1861,15.629,14.121,17.17,1.813,8.0
Rome,41.9,12.5,historical,1862,15.047,13.535,16.801,1.844,8.0
Rome,41.9,12.5,historical,1863,14.986,13.734,16.334,1.944,8.0
Rome,41.9,12.5,historical,1864,15.421,13.946,16.755,1.829,8.0
Rome,41.9,12.5,historical,1865,15.134,13.914,16.35,1.795,8.0
Rome,41.9,12.5,historical,1866,15.312,13.656,16.654,1.882,8.0
Rome,41.9,12.5,historical,1867,15.31,13.88,16.758,1.675,8.0
Rome,41.9,12.5,historical,1868,15.625,13.971,17.541,1.772,8.0
Rome,41.9,12.5,historical,1869,15.408,13.71,17.432,1.868,8.0
Rome,41.9,12.5,historical,1870,15.349,14.282,16.633,1.862,8.0
Rome,41.9,12.5,historical,1871,15.44,13.961,17.259,1.845,8.0
Rome,41.9,12.5,historical,1872,15.327,13.369,17.209,1.997,8.0
Rome,41.9,12.5,historical,1873,15.56,13.93,17.672,1.772,8.0
Rome,41.9,12.5,historical,1874,15.392,14.05,16.674,1.768,8.0
Rome,41.9,12.5,historical,1875,15.59,14.016,17.481,1.836,8.0
Rome,41.9,12.5,historical,1876,15.516,13.815,17.49,1.971,8.0
Rome,41.9,12.5,historical,1877,15.329,13.822,17.323,1.841,8.0
Rome,41.9,12.5,historical,1878,15.439,13.892,17.417,1.809,8.0
Rome,41.9,12.5,historical,1879,15.695,14.099,17.286,1.75,8.0
Rome,41.9,12.5,historical,1880,15.466,13.923,17.025,1.815,8.0
Rome,41.9,12.5,historical,1881,15.359,14.015,17.783,1.684,8.0
Rome,41.9,12.5,historical,1882,15.474,14.086,17.322,1.791,8.0
Rome,41.9,12.5,historical,1883,15.467,13.987,16.931,1.614,8.0
Rome,41.9,12.5,historical,1884,14.979,14.035,17.022,1.868,8.0
Rome,41.9,12.5,historical,1885,15.132,13.777,16.583,1.853,8.0
Rome,41.9,12.5,historical,1886,15.459,14.136,16.998,1.851,8.0
Rome,41.9,12.5,historical,1887,15.242,13.709,17.145,2.075,8.0
Rome,41.9,12.5,historical,1888,15.3,13.758,16.632,1.866,8.0
Rome,41.9,12.5,historical,1889,15.478,14.22,16.854,1.848,8.0
Rome,41.9,12.5,historical,1890,15.421,13.782,16.909,1.978,8.0
Rome,41.9,12.5,historical,1891,15.428,13.866,17.451,1.66,8.0
Rome,41.9,12.5,historical,1892,15.418,14.003,16.887,1.882,8.0
Rome,41.9,12.5,historical,1893,15.493,14.177,16.904,1.679,8.0
Rome,41.9,12.5,historical,1894,15.694,14.252,17.128,1.951,8.0
Rome,41.9,12.5,historical,1895,15.52,14.064,17.558,1.722,8.0
Rome,41.9,12.5,historical,1896,15.695,14.41,17.574,1.941,8.0
Rome,41.9,12.5,historical,1897,15.455,14.233,17.055,1.754,8.0
Rome,41.9,12.5,historical,1898,15.471,14.111,17.373,1.802,8.0
Rome,41.9,12.5,historical,1899,15.494,13.846,17.327,1.733,8.0
Rome,41.9,12.5,historical,1900,15.678,13.631,17.814,1.794,8.0
Rome,41.9,12.5,historical,1901,15.71,14.192,17.146,1.864,8.0
Rome,41.9,12.5,historical,1902,15.592,13.744,17.277,1.865,8.0
Rome,41.9,12.5,historical,1903,15.099,13.305,16.93,1.855,8.0
Rome,41.9,12.5,historical,1904,15.194,13.386,17.29,1.852,8.0
Rome,41.9,12.5,historical,1905,15.489,14.062,16.871,1.85,8.0
Rome,41.9,12.5,historical,1906,15.616,14.393,17.538,1.742,8.0
Rome,41.9,12.5,historical,1907,15.229,13.47,17.192,1.864,8.0
Rome,41.9,12.5,historical,1908,15.24,14.054,16.551,1.83,8.0
Rome,41.9,12.5,historical,1909,14.936,13.246,16.496,1.694,8.0
Rome,41.9,12.5,historical,1910,15.101,13.581,16.781,1.706,8.0
Rome,41.9,12.5,historical,1911,15.704,14.203,17.504,1.794,8.0
Rome,41.9,12.5,historical,1912,15.196,13.669,16.547,1.751,8.0
Rome,41.9,12.5,historical,1913,15.126,13.609,17.077,2.002,8.0
Rome,41.9,12.5,historical,1914,15.138,13.95,17.206,1.891,8.0
Rome,41.9,12.5,historical,1915,15.272,13.612,17.5,1.666,8.0
Rome,41.9,12.5,historical,1916,15.389,13.609,17.227,1.668,8.0
Rome,41.9,12.5,historical,1917,15.496,14.159,16.982,1.597,8.0
Rome,41.9,12.5,historical,1918,15.321,13.824,16.906,1.833,8.0
Rome,41.9,12.5,historical,1919,15.235,13.939,16.696,1.885,8.0
Rome,41.9,12.5,historical,1920,15.213,13.784,16.638,1.898,8.0
Rome,41.9,12.5,historical,1921,15.605,14.226,17.195,1.827,8.0
Rome,41.9,12.5,historical,1922,15.363,13.487,17.7,1.77,8.0
Rome,41.9,12.5,historical,1923,15.512,14.113,17.417,1.923,8.0
Rome,41.9,12.5,historical,1924,15.245,13.624,16.916,1.817,8.0
Rome,41.9,12.5,historical,1925,15.679,14.069,17.385,1.998,8.0
Rome,41.9,12.5,historical,1926,15.213,13.322,17.028,1.877,8.0
Rome,41.9,12.5,historical,1927,15.615,14.517,16.729,1.663,8.0
Rome,41.9,12.5,historical,1928,15.543,14.158,17.178,1.863,8.0
Rome,41.9,12.5,historical,1929,15.235,13.6,16.858,1.921,8.0
Rome,41.9,12.5,historical,1930,15.603,13.663,17.635,1.692,8.0
Rome,41.9,12.5,historical,1931,15.49,14.198,17.1,1.649,8.0
Rome,41.9,12.5,historical,1932,15.268,13.964,17.027,1.929,8.0
Rome,41.9,12.5,historical,1933,15.513,14.136,17.536,1.782,8.0
Rome,41.9,12.5,historical,1934,15.925,14.674,17.043,1.797,8.0
Rome,41.9,12.5,historical,1935,15.382,14.221,17.226,1.912,8.0
Rome,41.9,12.5,historical,1936,15.339,13.257,17.293,1.718,8.0
Rome,41.9,12.5,historical,1937,15.355,14.275,16.434,1.863,8.0
Rome,41.9,12.5,historical,1938,15.552,13.847,17.213,1.894,8.0
Rome,41.9,12.5,historical,1939,15.463,14.125,17.097,1.867,8.0
Rome,41.9,12.5,historical,1940,15.715,14.113,17.557,1.715,8.0
Rome,41.9,12.5,historical,1941,15.171,13.667,16.887,1.889,8.0
Rome,41.9,12.5,historical,1942,15.478,14.111,17.667,1.6,8.0
Rome,41.9,12.5,historical,1943,15.289,13.996,17.098,1.855,8.0
Rome,41.9,12.5,historical,1944,15.565,13.874,17.175,1.931,8.0
Rome,41.9,12.5,historical,1945,15.526,14.021,17.302,1.885,8.0
Rome,41.9,12.5,historical,1946,15.508,13.759,17.355,1.835,8.0
Rome,41.9,12.5,historical,1947,15.273,13.404,16.801,1.793,8.0
Rome,41.9,12.5,historical,1948,15.642,14.043,17.086,1.665,8.0
Rome,41.9,12.5,historical,1949,15.367,13.8,17.255,1.933,8.0
Rome,41.9,12.5,historical,1950,15.2,13.796,17.035,1.692,8.0
Rome,41.9,12.5,historical,1951,15.929,14.271,17.259,1.628,8.0
Rome,41.9,12.5,historical,1952,15.613,14.373,17.03,1.824,8.0
Rome,41.9,12.5,historical,1953,15.465,13.492,17.485,1.752,8.0
Rome,41.9,12.5,historical,1954,15.431,13.938,17.071,1.633,8.0
Rome,41.9,12.5,historical,1955,15.738,14.363,17.625,1.727,8.0
Rome,41.9,12.5,historical,1956,15.498,14.249,17.302,1.817,8.0
Rome,41.9,12.5,historical,1957,15.501,14.141,17.427,1.782,8.0
Rome,41.9,12.5,historical,1958,15.506,14.328,17.083,1.686,8.0
Rome,41.9,12.5,historical,1959,15.701,13.85,17.248,1.612,8.0
Rome,41.9,12.5,historical,1960,15.504,14.291,16.938,1.795,8.0
Rome,41.9,12.5,historical,1961,15.455,13.842,17.096,1.937,8.0
Rome,41.9,12.5,historical,1962,15.532,14.114,17.223,1.971,8.0
Rome,41.9,12.5,historical,1963,15.544,14.412,17.263,1.758,8.0
Rome,41.9,12.5,historical,1964,15.418,14.339,16.623,1.867,8.0
Rome,41.9,12.5,historical,1965,15.439,14.334,16.876,1.787,8.0
Rome,41.9,12.5,historical,1966,15.304,14.211,17.007,1.822,8.0
Rome,41.9,12.5,historical,1967,15.61,14.223,17.404,1.711,8.0
Rome,41.9,12.5,historical,1968,15.314,13.8,17.245,1.68,8.0
Rome,41.9,12.5,historical,1969,15.256,13.696,16.613,1.684,8.0
Rome,41.9,12.5,historical,1970,15.137,13.659,16.844,1.755,8.0
Rome,41.9,12.5,historical,1971,15.52,13.647,17.462,1.813,8.0
Rome,41.9,12.5,historical,1972,15.15,13.726,16.409,1.695,8.0
Rome,41.9,12.5,historical,1973,15.47,14.105,16.811,1.751,8.0
Rome,41.9,12.5,historical,1974,15.209,14.046,16.818,1.611,8.0
Rome,41.9,12.5,historical,1975,15.453,13.927,17.027,1.61,8.0
Rome,41.9,12.5,historical,1976,15.323,14.028,16.851,1.594,8.0
Rome,41.9,12.5,historical,1977,15.209,13.712,16.963,1.903,8.0
Rome,41.9,12.5,historical,1978,15.491,14.013,17.181,1.836,8.0
Rome,41.9,12.5,historical,1979,15.449,14.227,16.879,1.726,8.0
Rome,41.9,12.5,historical,1980,15.407,14.11,16.642,1.625,8.0
Rome,41.9,12.5,historical,1981,15.616,14.388,17.366,1.713,8.0
Rome,41.9,12.5,historical,1982,15.642,14.073,17.458,1.652,8.0
Rome,41.9,12.5,historical,1983,15.341,14.008,17.215,2.002,8.0
Rome,41.9,12.5,historical,1984,15.433,13.968,16.978,1.764,8.0
Rome,41.9,12.5,historical,1985,15.263,13.605,17.089,1.972,8.0
Rome,41.9,12.5,historical,1986,15.59,14.169,17.41,1.746,8.0
Rome,41.9,12.5,historical,1987,15.512,14.422,17.047,1.696,8.0
Rome,41.9,12.5,historical,1988,15.693,14.227,17.204,1.727,8.0
Rome,41.9,12.5,historical,1989,15.301,13.886,16.55,1.795,8.0
Rome,41.9,12.5,historical,1990,15.688,14.086,16.934,1.783,8.0
Rome,41.9,12.5,historical,1991,15.713,14.062,17.633,1.809,8.0
Rome,41.9,12.5,historical,1992,15.258,13.536,16.853,1.731,8.0
Rome,41.9,12.5,historical,1993,15.341,14.18,16.448,1.882,8.0
Rome,41.9,12.5,historical,1994,15.733,13.83,17.797,1.84,8.0
Rome,41.9,12.5,historical,1995,15.544,14.343,17.036,1.788,8.0
Rome,41.9,12.5,historical,1996,15.991,14.866,17.485,1.854,8.0
Rome,41.9,12.5,historical,1997,16.292,14.227,18.205,1.71,8.0
Rome,41.9,12.5,historical,1998,15.909,14.158,17.966,1.904,8.0
Rome,41.9,12.5,historical,1999,15.955,14.357,17.952,1.847,8.0
Rome,41.9,12.5,historical,2000,16.318,15.085,17.732,1.688,8.0
Rome,41.9,12.5,historical,2001,16.192,14.53,18.436,1.864,8.0
Rome,41.9,12.5,historical,2002,16.049,14.707,17.475,1.851,8.0
Rome,41.9,12.5,historical,2003,16.3,14.746,17.689,1.614,8.0
Rome,41.9,12.5,historical,2004,16.432,14.948,18.092,1.957,8.0
Rome,41.9,12.5,historical,2005,16.032,14.516,17.783,1.814,8.0
Rome,41.9,12.5,historical,2006,16.269,14.671,18.407,1.535,8.0
Rome,41.9,12.5,historical,2007,16.294,15.039,18.076,1.885,8.0
Rome,41.9,12.5,historical,2008,16.691,15.165,18.231,1.702,8.0
Rome,41.9,12.5,historical,2009,16.554,15.228,18.684,1.736,8.0
Rome,41.9,12.5,historical,2010,16.583,15.395,18.215,1.674,8.0
Rome,41.9,12.5,historical,2011,16.424,15.358,18.041,1.77,8.0
Rome,41.9,12.5,historical,2012,17.011,15.635,18.907,1.869,8.0
Rome,41.9,12.5,historical,2013,16.677,15.351,18.265,1.705,8.0
Rome,41.9,12.5,historical,2014,16.539,14.993,17.945,1.846,8.0
Rome,41.9,12.5,ssp126,2015,16.714,15.159,18.527,1.719,8.0
Rome,41.9,12.5,ssp126,2016,16.806,15.342,18.854,1.901,8.0
Rome,41.9,12.5,ssp126,2017,16.706,15.121,18.474,1.799,8.0
Rome,41.9,12.5,ssp126,2018,16.788,15.264,18.852,1.675,8.0
Rome,41.9,12.5,ssp126,2019,16.844,15.006,18.924,1.871,8.0
Rome,41.9,12.5,ssp126,2020,16.998,15.84,18.521,1.628,8.0
Rome,41.9,12.5,ssp126,2021,16.883,15.378,18.154,1.665,8.0
Rome,41.9,12.5,ssp126,2022,17.228,15.656,18.963,1.606,8.0
Rome,41.9,12.5,ssp126,2023,17.28,15.56,18.819,1.829,8.0
Rome,41.9,12.5,ssp126,2024,17.131,15.413,18.869,1.625,8.0
Rome,41.9,12.5,ssp126,2025,17.274,15.717,18.784,1.707,8.0
Rome,41.9,12.5,ssp126,2026,16.946,15.429,18.818,1.847,8.0
Rome,41.9,12.5,ssp126,2027,17.401,15.78,19.744,1.797,8.0
Rome,41.9,12.5,ssp126,2028,17.34,16.056,18.496,1.775,8.0
Rome,41.9,12.5,ssp126,2029,17.216,15.439,18.991,1.821,8.0
Rome,41.9,12.5,ssp126,2030,17.255,15.714,18.285,1.761,8.0
Rome,41.9,12.5,ssp126,2031,17.476,16.201,18.914,1.736,8.0
Rome,41.9,12.5,ssp126,2032,17.302,15.772,19.169,1.665,8.0
Rome,41.9,12.5,ssp126,2033,17.386,15.743,19.512,1.751,8.0
Rome,41.9,12.5,ssp126,2034,17.38,16.004,19.302,1.968,8.0
Rome,41.9,12.5,ssp126,2035,17.348,15.643,19.208,1.676,8.0
Rome,41.9,12.5,ssp126,2036,17.281,15.726,18.849,1.796,8.0
Rome,41.9,12.5,ssp126,2037,17.351,15.56,18.888,1.805,8.0
Rome,41.9,12.5,ssp126,2038,17.595,15.89,19.215,1.963,8.0
Rome,41.9,12.5,ssp126,2039,17.436,15.684,19.165,1.886,8.0
Rome,41.9,12.5,ssp126,2040,17.413,15.688,19.553,1.675,8.0
Rome,41.9,12.5,ssp126,2041,17.392,15.722,19.188,1.729,8.0
Rome,41.9,12.5,ssp126,2042,17.828,16.006,19.704,1.756,8.0
Rome,41.9,12.5,ssp126,2043,17.504,15.911,18.914,1.592,8.0
Rome,41.9,12.5,ssp126,2044,17.681,16.042,19.549,1.527,8.0
Rome,41.9,12.5,ssp126,2045,17.277,15.877,18.667,1.932,8.0
Rome,41.9,12.5,ssp126,2046,17.437,15.955,19.311,1.819,8.0
Rome,41.9,12.5,ssp126,2047,17.848,16.193,19.591,1.673,8.0
Rome,41.9,12.5,ssp126,2048,17.65,16.203,18.803,1.831,8.0
Rome,41.9,12.5,ssp126,2049,17.512,16.111,18.804,1.827,8.0
Rome,41.9,12.5,ssp126,2050,17.626,15.97,19.577,1.807,8.0
Rome,41.9,12.5,ssp126,2051,17.594,15.975,19.106,1.709,8.0
Rome,41.9,12.5,ssp126,2052,17.496,16.319,18.602,1.823,8.0
Rome,41.9,12.5,ssp126,2053,17.615,16.07,19.212,1.755,8.0
Rome,41.9,12.5,ssp126,2054,17.981,16.481,19.023,1.811,8.0
Rome,41.9,12.5,ssp126,2055,17.696,16.055,18.888,1.738,8.0
Rome,41.9,12.5,ssp126,2056,17.894,16.32,19.31,1.782,8.0
Rome,41.9,12.5,ssp126,2057,17.886,16.166,19.796,1.725,8.0
Rome,41.9,12.5,ssp126,2058,17.785,15.82,19.541,1.737,8.0
Rome,41.9,12.5,ssp126,2059,17.746,16.618,18.89,1.739,8.0
Rome,41.9,12.5,ssp126,2060,17.779,16.34,19.141,1.709,8.0
Rome,41.9,12.5,ssp126,2061,18.062,16.692,19.374,1.837,8.0
Rome,41.9,12.5,ssp126,2062,17.957,16.115,19.664,1.716,8.0
Rome,41.9,12.5,ssp126,2063,17.896,16.227,19.332,1.458,8.0
Rome,41.9,12.5,ssp126,2064,18.037,16.684,19.511,1.823,8.0
Rome,41.9,12.5,ssp126,2065,17.612,15.901,19.305,1.883,8.0
Rome,41.9,12.5,ssp126,2066,17.991,16.202,19.803,1.763,8.0
Rome,41.9,12.5,ssp126,2067,17.949,16.47,19.275,1.69,8.0
Rome,41.9,12.5,ssp126,2068,17.874,16.581,19.81,1.518,8.0
Rome,41.9,12.5,ssp126,2069,17.792,16.225,19.687,1.688,8.0
Rome,41.9,12.5,ssp126,2070,17.851,16.431,19.0,1.677,8.0
Rome,41.9,12.5,ssp126,2071,17.745,16.162,19.139,1.572,8.0
Rome,41.9,12.5,ssp126,2072,17.504,15.671,19.076,1.723,8.0
Rome,41.9,12.5,ssp126,2073,17.852,16.256,19.39,1.945,8.0
Rome,41.9,12.5,ssp126,2074,17.756,16.489,19.479,1.815,8.0
Rome,41.9,12.5,ssp126,2075,17.997,16.828,19.439,1.478,8.0
Rome,41.9,12.5,ssp126,2076,17.764,16.462,19.459,1.554,8.0
Rome,41.9,12.5,ssp126,2077,17.523,15.894,18.763,1.607,8.0
Rome,41.9,12.5,ssp126,2078,17.866,15.894,19.581,1.627,8.0
Rome,41.9,12.5,ssp126,2079,18.226,16.132,19.683,1.67,8.0
Rome,41.9,12.5,ssp126,2080,17.94,15.933,19.723,1.684,8.0
Rome,41.9,12.5,ssp126,2081,17.557,16.024,19.178,1.768,8.0
Rome,41.9,12.5,ssp126,2082,17.688,15.856,19.407,1.814,8.0
Rome,41.9,12.5,ssp126,2083,17.585,15.542,19.091,1.671,8.0
Rome,41.9,12.5,ssp126,2084,17.929,16.376,19.389,1.789,8.0
Rome,41.9,12.5,ssp126,2085,17.759,16.455,19.18,1.811,8.0
Rome,41.9,12.5,ssp126,2086,17.983,15.93,19.85,1.589,8.0
Rome,41.9,12.5,ssp126,2087,18.133,15.896,19.901,1.597,8.0
Rome,41.9,12.5,ssp126,2088,17.739,15.627,19.541,1.667,8.0
Rome,41.9,12.5,ssp126,2089,18.184,16.829,19.521,1.647,8.0
Rome,41.9,12.5,ssp126,2090,17.808,15.706,19.472,1.651,8.0
Rome,41.9,12.5,ssp126,2091,18.126,16.662,19.55,1.723,8.0
Rome,41.9,12.5,ssp126,2092,17.761,16.201,19.072,1.756,8.0
Rome,41.9,12.5,ssp126,2093,17.723,16.172,19.873,1.73,8.0
Rome,41.9,12.5,ssp126,2094,17.842,15.781,20.183,1.885,8.0
Rome,41.9,12.5,ssp126,2095,17.868,16.13,19.507,1.934,8.0
Rome,41.9,12.5,ssp126,2096,17.551,15.56,19.452,1.922,8.0
Rome,41.9,12.5,ssp126,2097,17.646,15.52,19.191,1.617,8.0
Rome,41.9,12.5,ssp126,2098,17.718,15.89,19.54,1.737,8.0
Rome,41.9,12.5,ssp126,2099,18.003,16.417,19.665,1.567,8.0
Rome,41.9,12.5,ssp126,2100,17.867,15.654,20.042,1.737,8.0
Rome,41.9,12.5,ssp245,2015,16.632,14.938,18.912,1.777,8.0
Rome,41.9,12.5,ssp245,2016,16.641,15.203,18.808,1.905,8.0
Rome,41.9,12.5,ssp245,2017,16.714,15.356,18.578,1.831,8.0
Rome,41.9,12.5,ssp245,2018,16.633,15.469,17.631,1.807,8.0
Rome,41.9,12.5,ssp245,2019,16.979,15.888,17.905,1.638,8.0
Rome,41.9,12.5,ssp245,2020,16.895,15.199,18.237,1.76,8.0
Rome,41.9,12.5,ssp245,2021,16.787,15.301,18.397,1.719,8.0
Rome,41.9,12.5,ssp245,2022,17.117,15.91,18.36,1.854,8.0
Rome,41.9,12.5,ssp245,2023,16.702,15.429,18.107,2.113,8.0
Rome,41.9,12.5,ssp245,2024,16.866,15.652,18.322,1.692,8.0
Rome,41.9,12.5,ssp245,2025,17.141,15.636,18.911,1.805,8.0
Rome,41.9,12.5,ssp245,2026,17.284,16.01,18.781,1.858,8.0
Rome,41.9,12.5,ssp245,2027,17.128,15.981,18.279,1.722,8.0
Rome,41.9,12.5,ssp245,2028,17.504,16.073,19.221,1.722,8.0
Rome,41.9,12.5,ssp245,2029,16.815,15.556,18.561,1.881,8.0
Rome,41.9,12.5,ssp245,2030,16.967,15.852,18.456,1.741,8.0
Rome,41.9,12.5,ssp245,2031,17.174,15.705,19.197,1.623,8.0
Rome,41.9,12.5,ssp245,2032,17.144,15.777,18.379,1.845,8.0
Rome,41.9,12.5,ssp245,2033,17.048,15.558,19.018,1.86,8.0
Rome,41.9,12.5,ssp245,2034,17.414,16.136,18.881,2.049,8.0
Rome,41.9,12.5,ssp245,2035,17.47,16.41,18.888,1.876,8.0
Rome,41.9,12.5,ssp245,2036,17.48,16.172,18.828,1.763,8.0
Rome,41.9,12.5,ssp245,2037,17.634,16.014,19.289,1.626,8.0
Rome,41.9,12.5,ssp245,2038,17.539,15.915,18.95,1.867,8.0
Rome,41.9,12.5,ssp245,2039,17.613,16.105,18.737,1.877,8.0
Rome,41.9,12.5,ssp245,2040,17.095,15.876,18.802,1.732,7.0
Rome,41.9,12.5,ssp245,2041,17.401,16.021,18.864,1.629,7.0
Rome,41.9,12.5,ssp245,2042,17.088,16.104,18.399,1.778,7.0
Rome,41.9,12.5,ssp245,2043,17.22,16.089,18.414,1.662,7.0
Rome,41.9,12.5,ssp245,2044,17.267,15.987,18.355,1.585,7.0
Rome,41.9,12.5,ssp245,2045,17.612,16.644,18.82,1.802,7.0
Rome,41.9,12.5,ssp245,2046,17.314,16.104,19.095,1.691,7.0
Rome,41.9,12.5,ssp245,2047,17.286,16.23,18.418,1.926,7.0
Rome,41.9,12.5,ssp245,2048,17.356,15.729,18.576,1.543,7.0
Rome,41.9,12.5,ssp245,2049,17.409,16.061,18.906,1.794,7.0
Rome,41.9,12.5,ssp245,2050,17.566,16.471,18.924,1.716,7.0
Rome,41.9,12.5,ssp245,2051,17.51,16.197,18.818,1.728,7.0
Rome,41.9,12.5,ssp245,2052,17.325,15.892,18.59,1.947,7.0
Rome,41.9,12.5,ssp245,2053,17.531,16.523,18.469,1.722,7.0
Rome,41.9,12.5,ssp245,2054,17.883,16.514,19.146,1.606,7.0
Rome,41.9,12.5,ssp245,2055,17.816,16.3,19.234,1.573,7.0
Rome,41.9,12.5,ssp245,2056,17.65,16.277,19.752,1.731,7.0
Rome,41.9,12.5,ssp245,2057,18.083,16.884,19.047,1.483,7.0
Rome,41.9,12.5,ssp245,2058,17.717,16.744,18.79,1.863,7.0
Rome,41.9,12.5,ssp245,2059,18.041,16.625,19.378,1.57,7.0
Rome,41.9,12.5,ssp245,2060,17.772,16.43,19.067,1.645,7.0
Rome,41.9,12.5,ssp245,2061,17.796,16.829,18.815,1.657,7.0
Rome,41.9,12.5,ssp245,2062,17.952,16.406,19.533,1.421,7.0
Rome,41.9,12.5,ssp245,2063,18.204,16.663,19.978,1.638,7.0
Rome,41.9,12.5,ssp245,2064,18.071,17.199,19.096,1.716,7.0
Rome,41.9,12.5,ssp245,2065,18.137,16.905,19.544,1.741,7.0
Rome,41.9,12.5,ssp245,2066,17.933,16.418,19.141,1.637,7.0
Rome,41.9,12.5,ssp245,2067,17.81,16.642,18.811,1.729,7.0
Rome,41.9,12.5,ssp245,2068,17.828,16.843,19.091,1.521,7.0
Rome,41.9,12.5,ssp245,2069,18.322,17.586,19.319,1.543,7.0
Rome,41.9,12.5,ssp245,2070,18.072,16.902,19.525,1.659,7.0
Rome,41.9,12.5,ssp245,2071,17.964,16.579,19.584,1.769,7.0
Rome,41.9,12.5,ssp245,2072,18.019,17.086,19.049,1.572,7.0
Rome,41.9,12.5,ssp245,2073,18.215,17.258,19.356,1.555,7.0
Rome,41.9,12.5,ssp245,2074,18.02,16.59,19.67,1.785,7.0
Rome,41.9,12.5,ssp245,2075,17.957,16.907,19.477,1.655,7.0
Rome,41.9,12.5,ssp245,2076,18.147,17.017,19.534,1.534,7.0
Rome,41.9,12.5,ssp245,2077,18.389,17.297,19.214,1.533,7.0
Rome,41.9,12.5,ssp245,2078,18.362,17.057,19.665,1.62,7.0
Rome,41.9,12.5,ssp245,2079,18.444,16.956,19.857,1.563,7.0
Rome,41.9,12.5,ssp245,2080,18.735,17.245,20.19,1.247,7.0
Rome,41.9,12.5,ssp245,2081,18.662,17.017,19.996,1.515,7.0
Rome,41.9,12.5,ssp245,2082,18.337,17.069,19.832,1.619,7.0
Rome,41.9,12.5,ssp245,2083,18.341,17.184,19.6,1.603,7.0
Rome,41.9,12.5,ssp245,2084,18.379,17.136,19.664,1.735,7.0
Rome,41.9,12.5,ssp245,2085,18.852,17.518,20.416,1.67,7.0
Rome,41.9,12.5,ssp245,2086,18.494,16.999,20.15,1.963,7.0
Rome,41.9,12.5,ssp245,2087,18.543,17.395,20.218,1.725,7.0
Rome,41.9,12.5,ssp245,2088,18.409,17.19,19.705,1.604,7.0
Rome,41.9,12.5,ssp245,2089,18.292,16.997,19.724,1.89,7.0
Rome,41.9,12.5,ssp245,2090,18.267,16.864,19.538,1.863,7.0
Rome,41.9,12.5,ssp245,2091,18.69,16.826,20.153,1.586,7.0
Rome,41.9,12.5,ssp245,2092,18.806,17.545,19.872,1.659,7.0
Rome,41.9,12.5,ssp245,2093,18.704,17.237,20.094,1.735,7.0
Rome,41.9,12.5,ssp245,2094,18.525,17.019,19.863,1.698,7.0
Rome,41.9,12.5,ssp245,2095,18.456,16.854,19.673,1.629,7.0
Rome,41.9,12.5,ssp245,2096,18.596,17.283,19.807,1.653,7.0
Rome,41.9,12.5,ssp245,2097,18.56,17.03,20.158,1.755,7.0
Rome,41.9,12.5,ssp245,2098,18.646,17.154,20.339,1.454,7.0
Rome,41.9,12.5,ssp245,2099,18.571,17.264,20.118,1.69,7.0
Rome,41.9,12.5,ssp245,2100,18.915,17.131,20.648,1.62,7.0
Rome,41.9,12.5,ssp585,2015,16.489,14.925,18.457,2.005,8.0
Rome,41.9,12.5,ssp585,2016,16.543,15.3,17.984,1.781,8.0
Rome,41.9,12.5,ssp585,2017,16.864,15.041,18.743,1.597,8.0
Rome,41.9,12.5,ssp585,2018,16.601,15.234,18.194,1.806,8.0
Rome,41.9,12.5,ssp585,2019,17.068,15.788,18.388,1.677,8.0
Rome,41.9,12.5,ssp585,2020,16.764,15.443,18.498,1.854,8.0
Rome,41.9,12.5,ssp585,2021,16.889,15.441,18.734,1.677,8.0
Rome,41.9,12.5,ssp585,2022,17.256,16.082,19.021,1.85,8.0
Rome,41.9,12.5,ssp585,2023,16.986,15.43,18.883,1.908,8.0
Rome,41.9,12.5,ssp585,2024,17.317,15.618,18.702,1.569,8.0
Rome,41.9,12.5,ssp585,2025,16.762,15.084,18.487,1.946,8.0
Rome,41.9,12.5,ssp585,2026,17.073,15.871,18.634,1.791,8.0
Rome,41.9,12.5,ssp585,2027,17.244,15.566,19.85,1.785,8.0
Rome,41.9,12.5,ssp585,2028,17.499,16.093,19.339,1.717,8.0
Rome,41.9,12.5,ssp585,2029,17.436,15.59,18.508,1.574,8.0
Rome,41.9,12.5,ssp585,2030,17.075,15.373,18.728,1.709,8.0
Rome,41.9,12.5,ssp585,2031,17.293,15.682,19.13,1.569,8.0
Rome,41.9,12.5,ssp585,2032,17.062,15.328,19.118,1.875,8.0
Rome,41.9,12.5,ssp585,2033,17.307,15.743,19.281,1.652,8.0
Rome,41.9,12.5,ssp585,2034,17.713,16.379,19.442,1.578,8.0
Rome,41.9,12.5,ssp585,2035,17.574,15.933,19.487,1.568,8.0
Rome,41.9,12.5,ssp585,2036,17.909,16.31,19.617,1.768,8.0
Rome,41.9,12.5,ssp585,2037,17.753,16.25,19.4,1.632,8.0
Rome,41.9,12.5,ssp585,2038,17.547,15.954,19.572,1.603,8.0
Rome,41.9,12.5,ssp585,2039,17.582,15.96,19.398,1.519,8.0
Rome,41.9,12.5,ssp585,2040,17.694,16.084,18.943,1.695,8.0
Rome,41.9,12.5,ssp585,2041,18.326,16.413,20.169,1.665,8.0
Rome,41.9,12.5,ssp585,2042,17.918,15.997,19.964,1.738,8.0
Rome,41.9,12.5,ssp585,2043,18.288,16.963,19.61,1.75,8.0
Rome,41.9,12.5,ssp585,2044,17.994,16.417,19.662,1.662,8.0
Rome,41.9,12.5,ssp585,2045,18.228,17.091,19.907,1.592,8.0
Rome,41.9,12.5,ssp585,2046,18.148,16.627,19.647,1.555,8.0
Rome,41.9,12.5,ssp585,2047,18.175,16.543,19.817,1.593,8.0
Rome,41.9,12.5,ssp585,2048,18.067,16.773,19.777,1.705,8.0
Rome,41.9,12.5,ssp585,2049,18.311,16.593,20.303,1.958,8.0
Rome,41.9,12.5,ssp585,2050,18.357,16.225,20.497,1.631,8.0
Rome,41.9,12.5,ssp585,2051,18.692,17.171,20.537,1.517,8.0
Rome,41.9,12.5,ssp585,2052,18.768,16.709,20.234,1.663,8.0
Rome,41.9,12.5,ssp585,2053,18.728,17.27,20.282,1.781,8.0
Rome,41.9,12.5,ssp585,2054,18.806,16.988,20.565,1.637,8.0
Rome,41.9,12.5,ssp585,2055,18.785,17.157,20.649,1.381,8.0
Rome,41.9,12.5,ssp585,2056,18.966,17.388,20.604,1.458,8.0
Rome,41.9,12.5,ssp585,2057,18.988,17.428,20.52,1.662,8.0
Rome,41.9,12.5,ssp585,2058,18.856,16.914,20.56,1.651,8.0
Rome,41.9,12.5,ssp585,2059,19.367,17.662,21.276,1.526,8.0
Rome,41.9,12.5,ssp585,2060,18.887,17.418,20.598,1.873,8.0
Rome,41.9,12.5,ssp585,2061,19.137,16.942,21.184,1.779,8.0
Rome,41.9,12.5,ssp585,2062,19.175,17.508,20.792,1.496,8.0
Rome,41.9,12.5,ssp585,2063,19.354,17.432,20.837,1.457,8.0
Rome,41.9,12.5,ssp585,2064,19.458,18.194,20.88,1.477,8.0
Rome,41.9,12.5,ssp585,2065,19.096,17.509,20.853,1.502,8.0
Rome,41.9,12.5,ssp585,2066,19.354,18.043,21.128,1.534,8.0
Rome,41.9,12.5,ssp585,2067,19.501,17.845,21.339,1.597,8.0
Rome,41.9,12.5,ssp585,2068,19.582,18.158,21.065,1.466,8.0
Rome,41.9,12.5,ssp585,2069,19.87,18.55,21.097,1.584,8.0
Rome,41.9,12.5,ssp585,2070,19.894,18.269,21.731,1.61,8.0
Rome,41.9,12.5,ssp585,2071,19.538,17.655,21.39,1.64,8.0
Rome,41.9,12.5,ssp585,2072,20.268,18.81,21.671,1.384,8.0
Rome,41.9,12.5,ssp585,2073,20.215,18.641,21.649,1.587,8.0
Rome,41.9,12.5,ssp585,2074,20.364,18.643,21.918,1.513,8.0
Rome,41.9,12.5,ssp585,2075,20.175,18.466,21.66,1.459,8.0
Rome,41.9,12.5,ssp585,2076,20.304,18.367,22.345,1.732,8.0
Rome,41.9,12.5,ssp585,2077,20.277,18.366,21.864,1.502,8.0
Rome,41.9,12.5,ssp585,2078,20.259,18.902,22.175,1.35,8.0
Rome,41.9,12.5,ssp585,2079,20.385,17.978,22.47,1.622,8.0
Rome,41.9,12.5,ssp585,2080,20.843,18.972,22.805,1.218,8.0
Rome,41.9,12.5,ssp585,2081,21.119,19.4,22.768,1.381,8.0
Rome,41.9,12.5,ssp585,2082,20.609,18.729,22.358,1.516,8.0
Rome,41.9,12.5,ssp585,2083,20.7,19.256,22.55,1.419,8.0
Rome,41.9,12.5,ssp585,2084,21.023,19.773,22.286,1.432,8.0
Rome,41.9,12.5,ssp585,2085,21.12,19.409,22.918,1.42,8.0
Rome,41.9,12.5,ssp585,2086,21.107,18.832,22.773,1.565,8.0
Rome,41.9,12.5,ssp585,2087,21.373,19.364,22.991,1.458,8.0
Rome,41.9,12.5,ssp585,2088,21.405,19.693,23.088,1.398,8.0
Rome,41.9,12.5,ssp585,2089,21.631,20.001,23.418,1.204,8.0
Rome,41.9,12.5,ssp585,2090,21.648,19.677,23.443,1.5,8.0
Rome,41.9,12.5,ssp585,2091,21.599,19.824,23.182,1.411,8.0
Rome,41.9,12.5,ssp585,2092,21.704,19.446,23.697,1.612,8.0
Rome,41.9,12.5,ssp585,2093,21.808,19.807,23.518,1.398,8.0
Rome,41.9,12.5,ssp585,2094,21.724,19.303,23.886,1.392,8.0
Rome,41.9,12.5,ssp585,2095,21.894,20.294,23.313,1.62,8.0
Rome,41.9,12.5,ssp585,2096,22.173,20.523,23.965,1.539,8.0
Rome,41.9,12.5,ssp585,2097,22.269,20.47,23.955,1.427,8.0
Rome,41.9,12.5,ssp585,2098,22.21,19.766,23.938,1.646,8.0
Rome,41.9,12.5,ssp585,2099,22.423,21.238,24.091,1.345,8.0
Rome,41.9,12.5,ssp585,2100,22.219,20.192,23.671,1.414,8.0
San Diego,32.72,-117.16,historical,1850,18.32,16.988,20.103,0.583,8.0
San Diego,32.72,-117.16,historical,1851,18.218,16.48,19.995,0.681,8.0
San Diego,32.72,-117.16,historical,1852,18.221,16.375,19.982,0.696,8.0
San Diego,32.72,-117.16,historical,1853,18.508,17.036,20.246,0.654,8.0
San Diego,32.72,-117.16,historical,1854,18.49,17.371,20.082,0.636,8.0
San Diego,32.72,-117.16,historical,1855,18.561,17.378,20.19,0.659,8.0
San Diego,32.72,-117.16,historical,1856,18.228,16.93,20.033,0.771,8.0
San Diego,32.72,-117.16,historical,1857,18.412,16.703,20.128,0.768,8.0
San Diego,32.72,-117.16,historical,1858,18.333,16.943,19.792,0.771,8.0
San Diego,32.72,-117.16,historical,1859,18.551,17.25,20.183,0.811,8.0
San Diego,32.72,-117.16,historical,1860,18.493,17.181,20.341,0.795,8.0
San Diego,32.72,-117.16,historical,1861,18.351,16.549,20.085,0.736,8.0
San Diego,32.72,-117.16,historical,1862,18.386,16.801,20.377,0.758,8.0
San Diego,32.72,-117.16,historical,1863,18.456,16.668,20.145,0.685,8.0
San Diego,32.72,-117.16,historical,1864,18.462,16.723,20.084,0.762,8.0
San Diego,32.72,-117.16,historical,1865,18.594,17.22,20.206,0.801,8.0
San Diego,32.72,-117.16,historical,1866,18.423,16.931,20.142,0.685,8.0
San Diego,32.72,-117.16,historical,1867,18.411,16.463,20.291,0.752,8.0
San Diego,32.72,-117.16,historical,1868,18.535,17.344,20.134,0.75,8.0
San Diego,32.72,-117.16,historical,1869,18.378,16.865,19.861,0.723,8.0
San Diego,32.72,-117.16,historical,1870,18.733,17.386,20.328,0.671,8.0
San Diego,32.72,-117.16,historical,1871,18.625,17.15,20.426,0.776,8.0
San Diego,32.72,-117.16,historical,1872,18.545,17.203,20.378,0.937,8.0
San Diego,32.72,-117.16,historical,1873,18.221,16.745,19.763,0.827,8.0
San Diego,32.72,-117.16,historical,1874,18.639,16.979,20.303,0.552,8.0
San Diego,32.72,-117.16,historical,1875,18.366,17.203,19.587,0.657,8.0
San Diego,32.72,-117.16,historical,1876,18.408,16.488,20.352,0.707,8.0
San Diego,32.72,-117.16,historical,1877,18.518,17.035,20.259,0.565,8.0
San Diego,32.72,-117.16,historical,1878,18.222,16.337,20.216,0.85,8.0
San Diego,32.72,-117.16,historical,1879,18.494,17.15,20.333,0.71,8.0
San Diego,32.72,-117.16,historical,1880,18.45,16.868,20.693,0.668,8.0
San Diego,32.72,-117.16,historical,1881,18.532,16.841,20.758,0.834,8.0
San Diego,32.72,-117.16,historical,1882,18.341,16.417,20.683,0.769,8.0
San Diego,32.72,-117.16,historical,1883,18.262,16.646,20.135,0.625,8.0
San Diego,32.72,-117.16,historical,1884,17.846,16.352,19.721,0.841,8.0
San Diego,32.72,-117.16,historical,1885,17.904,16.026,19.905,0.674,8.0
San Diego,32.72,-117.16,historical,1886,17.877,16.103,19.845,0.567,8.0
San Diego,32.72,-117.16,historical,1887,18.239,16.839,19.495,0.637,8.0
San Diego,32.72,-117.16,historical,1888,18.228,17.06,19.687,0.727,8.0
San Diego,32.72,-117.16,historical,1889,18.347,16.843,20.271,0.754,8.0
San Diego,32.72,-117.16,historical,1890,18.287,16.484,20.034,0.568,8.0
San Diego,32.72,-117.16,historical,1891,18.366,17.269,20.075,0.65,8.0
San Diego,32.72,-117.16,historical,1892,18.247,16.921,20.026,0.931,8.0
San Diego,32.72,-117.16,historical,1893,18.406,16.928,20.488,0.737,8.0
San Diego,32.72,-117.16,historical,1894,18.313,16.297,20.181,0.698,8.0
San Diego,32.72,-117.16,historical,1895,18.272,17.051,19.839,0.573,8.0
San Diego,32.72,-117.16,historical,1896,18.374,16.821,20.309,0.626,8.0
San Diego,32.72,-117.16,historical,1897,18.316,17.151,19.762,0.785,8.0
San Diego,32.72,-117.16,historical,1898,18.356,17.03,19.826,0.785,8.0
San Diego,32.72,-117.16,historical,1899,18.082,16.827,19.782,0.61,8.0
San Diego,32.72,-117.16,historical,1900,18.336,16.793,19.935,0.831,8.0
San Diego,32.72,-117.16,historical,1901,18.464,16.868,19.81,0.773,8.0
San Diego,32.72,-117.16,historical,1902,18.156,16.822,19.848,0.621,8.0
San Diego,32.72,-117.16,historical,1903,17.788,16.582,19.572,0.622,8.0
San Diego,32.72,-117.16,historical,1904,18.143,16.788,19.795,0.924,8.0
San Diego,32.72,-117.16,historical,1905,18.009,16.756,19.68,0.671,8.0
San Diego,32.72,-117.16,historical,1906,18.0,15.916,20.177,0.756,8.0
San Diego,32.72,-117.16,historical,1907,18.044,16.461,19.896,0.691,8.0
San Diego,32.72,-117.16,historical,1908,18.256,16.558,19.91,0.724,8.0
San Diego,32.72,-117.16,historical,1909,18.418,17.112,19.745,0.562,8.0
San Diego,32.72,-117.16,historical,1910,18.36,16.635,20.558,0.699,8.0
San Diego,32.72,-117.16,historical,1911,18.611,17.279,20.477,0.904,8.0
San Diego,32.72,-117.16,historical,1912,18.096,16.74,19.461,0.892,8.0
San Diego,32.72,-117.16,historical,1913,17.792,15.978,19.335,0.77,8.0
San Diego,32.72,-117.16,historical,1914,18.236,16.292,20.994,0.696,8.0
San Diego,32.72,-117.16,historical,1915,18.232,16.627,19.817,0.711,8.0
San Diego,32.72,-117.16,historical,1916,18.191,16.238,20.425,0.889,8.0
San Diego,32.72,-117.16,historical,1917,18.529,16.742,20.889,0.53,8.0
San Diego,32.72,-117.16,historical,1918,18.593,17.092,20.25,0.827,8.0
San Diego,32.72,-117.16,historical,1919,18.09,16.099,20.341,0.72,8.0
San Diego,32.72,-117.16,historical,1920,18.257,16.524,20.367,0.739,8.0
San Diego,32.72,-117.16,historical,1921,18.544,16.464,20.798,0.681,8.0
San Diego,32.72,-117.16,historical,1922,18.325,16.455,20.119,0.874,8.0
San Diego,32.72,-117.16,historical,1923,18.121,16.631,19.628,0.895,8.0
San Diego,32.72,-117.16,historical,1924,18.483,16.8,20.453,0.739,8.0
San Diego,32.72,-117.16,historical,1925,18.534,16.805,20.412,0.611,8.0
San Diego,32.72,-117.16,historical,1926,18.361,16.339,20.523,0.759,8.0
San Diego,32.72,-117.16,historical,1927,18.428,16.074,20.258,0.731,8.0
San Diego,32.72,-117.16,historical,1928,18.662,16.831,20.365,0.688,8.0
San Diego,32.72,-117.16,historical,1929,18.25,16.383,19.967,0.903,8.0
San Diego,32.72,-117.16,historical,1930,18.505,16.679,20.584,0.582,8.0
San Diego,32.72,-117.16,historical,1931,18.498,17.034,20.351,0.667,8.0
San Diego,32.72,-117.16,historical,1932,18.341,16.822,19.834,0.752,8.0
San Diego,32.72,-117.16,historical,1933,18.748,17.196,20.671,0.661,8.0
San Diego,32.72,-117.16,historical,1934,18.424,16.748,20.269,0.779,8.0
San Diego,32.72,-117.16,historical,1935,18.662,17.14,20.532,0.797,8.0
San Diego,32.72,-117.16,historical,1936,18.428,16.437,20.563,0.667,8.0
San Diego,32.72,-117.16,historical,1937,18.48,16.782,20.312,0.649,8.0
San Diego,32.72,-117.16,historical,1938,18.393,16.807,20.329,0.803,8.0
San Diego,32.72,-117.16,historical,1939,18.105,16.969,19.901,0.918,8.0
San Diego,32.72,-117.16,historical,1940,18.187,16.661,20.01,0.798,8.0
San Diego,32.72,-117.16,historical,1941,18.733,17.039,20.727,0.632,8.0
San Diego,32.72,-117.16,historical,1942,18.402,16.998,20.067,0.849,8.0
San Diego,32.72,-117.16,historical,1943,18.308,16.544,20.103,0.838,8.0
San Diego,32.72,-117.16,historical,1944,18.501,16.788,20.394,0.717,8.0
San Diego,32.72,-117.16,historical,1945,18.402,16.937,20.232,0.839,8.0
San Diego,32.72,-117.16,historical,1946,18.474,17.048,20.387,0.575,8.0
San Diego,32.72,-117.16,historical,1947,18.383,16.862,20.158,0.796,8.0
San Diego,32.72,-117.16,historical,1948,18.663,17.011,21.201,0.751,8.0
San Diego,32.72,-117.16,historical,1949,18.296,16.806,20.169,0.788,8.0
San Diego,32.72,-117.16,historical,1950,18.36,16.679,20.219,0.695,8.0
San Diego,32.72,-117.16,historical,1951,18.071,16.162,19.795,0.698,8.0
San Diego,32.72,-117.16,historical,1952,18.457,16.739,20.306,0.858,8.0
San Diego,32.72,-117.16,historical,1953,18.505,17.118,20.379,0.669,8.0
San Diego,32.72,-117.16,historical,1954,18.442,16.746,20.153,0.773,8.0
San Diego,32.72,-117.16,historical,1955,18.261,16.697,19.808,0.703,8.0
San Diego,32.72,-117.16,historical,1956,18.381,16.783,20.308,0.596,8.0
San Diego,32.72,-117.16,historical,1957,18.519,16.76,20.147,0.696,8.0
San Diego,32.72,-117.16,historical,1958,18.665,16.946,20.368,0.71,8.0
San Diego,32.72,-117.16,historical,1959,18.389,16.437,20.816,0.768,8.0
San Diego,32.72,-117.16,historical,1960,18.282,16.532,20.239,0.738,8.0
San Diego,32.72,-117.16,historical,1961,18.411,16.796,20.16,0.656,8.0
San Diego,32.72,-117.16,historical,1962,18.329,16.852,19.987,0.795,8.0
San Diego,32.72,-117.16,historical,1963,18.207,16.51,19.899,0.724,8.0
San Diego,32.72,-117.16,historical,1964,17.886,16.192,19.754,0.743,8.0
San Diego,32.72,-117.16,historical,1965,18.049,16.519,19.686,0.799,8.0
San Diego,32.72,-117.16,historical,1966,18.171,16.275,20.421,0.731,8.0
San Diego,32.72,-117.16,historical,1967,18.156,16.582,19.892,0.645,8.0
San Diego,32.72,-117.16,historical,1968,18.1,16.067,20.051,0.608,8.0
San Diego,32.72,-117.16,historical,1969,18.257,16.562,20.04,0.825,8.0
San Diego,32.72,-117.16,historical,1970,18.317,16.811,20.179,0.582,8.0
San Diego,32.72,-117.16,historical,1971,18.328,16.792,19.953,0.589,8.0
San Diego,32.72,-117.16,historical,1972,18.176,16.954,19.615,0.735,8.0
San Diego,32.72,-117.16,historical,1973,18.309,16.461,20.271,0.731,8.0
San Diego,32.72,-117.16,historical,1974,18.511,16.786,20.17,0.789,8.0
San Diego,32.72,-117.16,historical,1975,18.128,16.425,20.19,0.865,8.0
San Diego,32.72,-117.16,historical,1976,18.129,16.257,20.351,0.626,8.0
San Diego,32.72,-117.16,historical,1977,18.709,16.938,20.817,0.776,8.0
San Diego,32.72,-117.16,historical,1978,18.187,16.743,19.907,0.989,8.0
San Diego,32.72,-117.16,historical,1979,18.343,16.945,20.408,0.75,8.0
San Diego,32.72,-117.16,historical,1980,18.322,16.708,20.453,0.694,8.0
San Diego,32.72,-117.16,historical,1981,18.337,16.747,20.638,0.75,8.0
San Diego,32.72,-117.16,historical,1982,18.495,17.178,20.258,0.745,8.0
San Diego,32.72,-117.16,historical,1983,18.224,17.188,20.066,0.907,8.0
San Diego,32.72,-117.16,historical,1984,18.217,16.134,20.318,0.759,8.0
San Diego,32.72,-117.16,historical,1985,18.378,16.111,20.784,0.683,8.0
San Diego,32.72,-117.16,historical,1986,18.5,16.771,20.337,0.763,8.0
San Diego,32.72,-117.16,historical,1987,18.176,16.491,20.129,0.669,8.0
San Diego,32.72,-117.16,historical,1988,18.432,16.768,20.362,0.675,8.0
San Diego,32.72,-117.16,historical,1989,18.76,17.187,20.579,0.778,8.0
San Diego,32.72,-117.16,historical,1990,18.333,16.657,20.521,0.891,8.0
San Diego,32.72,-117.16,historical,1991,18.507,16.716,20.572,0.722,8.0
San Diego,32.72,-117.16,historical,1992,18.253,16.586,20.06,0.777,8.0
San Diego,32.72,-117.16,historical,1993,18.059,16.669,19.576,0.77,8.0
San Diego,32.72,-117.16,historical,1994,18.362,16.747,20.762,0.644,8.0
San Diego,32.72,-117.16,historical,1995,18.702,16.921,20.978,0.615,8.0
San Diego,32.72,-117.16,historical,1996,18.632,16.838,21.102,0.654,8.0
San Diego,32.72,-117.16,historical,1997,18.651,17.008,20.453,0.716,8.0
San Diego,32.72,-117.16,historical,1998,18.789,17.228,20.884,0.606,8.0
San Diego,32.72,-117.16,historical,1999,18.922,17.592,20.625,0.591,8.0
San Diego,32.72,-117.16,historical,2000,18.987,17.029,20.947,0.831,8.0
San Diego,32.72,-117.16,historical,2001,18.928,17.022,21.083,0.653,8.0
San Diego,32.72,-117.16,historical,2002,19.009,17.161,20.871,0.969,8.0
San Diego,32.72,-117.16,historical,2003,19.105,17.599,20.677,1.086,8.0
San Diego,32.72,-117.16,historical,2004,19.047,17.536,20.929,0.85,8.0
San Diego,32.72,-117.16,historical,2005,19.371,17.478,21.277,0.826,8.0
San Diego,32.72,-117.16,historical,2006,18.857,16.675,20.921,0.66,8.0
San Diego,32.72,-117.16,historical,2007,19.328,17.418,21.678,0.64,8.0
San Diego,32.72,-117.16,historical,2008,19.071,17.09,20.867,0.752,8.0
San Diego,32.72,-117.16,historical,2009,19.103,17.186,21.036,0.799,8.0
San Diego,32.72,-117.16,historical,2010,19.231,17.645,21.243,0.724,8.0
San Diego,32.72,-117.16,historical,2011,19.432,17.795,21.545,0.608,8.0
San Diego,32.72,-117.16,historical,2012,19.356,17.481,21.565,0.525,8.0
San Diego,32.72,-117.16,historical,2013,19.241,17.891,21.035,0.703,8.0
San Diego,32.72,-117.16,historical,2014,19.352,17.705,21.596,0.725,8.0
San Diego,32.72,-117.16,ssp126,2015,18.979,16.921,21.405,0.814,8.0
San Diego,32.72,-117.16,ssp126,2016,19.414,17.787,21.556,0.549,8.0
San Diego,32.72,-117.16,ssp126,2017,19.286,17.667,21.296,0.812,8.0
San Diego,32.72,-117.16,ssp126,2018,19.33,17.531,21.741,0.775,8.0
San Diego,32.72,-117.16,ssp126,2019,19.5,17.787,21.414,1.021,8.0
San Diego,32.72,-117.16,ssp126,2020,19.414,17.907,21.092,0.648,8.0
San Diego,32.72,-117.16,ssp126,2021,19.974,18.552,22.002,0.785,8.0
San Diego,32.72,-117.16,ssp126,2022,19.786,18.352,21.794,0.795,8.0
San Diego,32.72,-117.16,ssp126,2023,19.763,17.965,22.013,0.647,8.0
San Diego,32.72,-117.16,ssp126,2024,19.701,18.23,21.706,0.747,8.0
San Diego,32.72,-117.16,ssp126,2025,20.095,18.481,21.901,0.651,8.0
San Diego,32.72,-117.16,ssp126,2026,19.76,18.162,21.49,0.658,8.0
San Diego,32.72,-117.16,ssp126,2027,19.879,17.947,21.852,0.552,8.0
San Diego,32.72,-117.16,ssp126,2028,20.174,18.145,22.28,0.845,8.0
San Diego,32.72,-117.16,ssp126,2029,19.78,18.428,21.961,0.907,8.0
San Diego,32.72,-117.16,ssp126,2030,19.868,18.532,22.031,0.854,8.0
San Diego,32.72,-117.16,ssp126,2031,19.922,18.707,21.393,0.782,8.0
San Diego,32.72,-117.16,ssp126,2032,19.945,18.46,21.834,0.522,8.0
San Diego,32.72,-117.16,ssp126,2033,19.998,18.426,22.102,0.576,8.0
San Diego,32.72,-117.16,ssp126,2034,20.414,18.661,22.261,0.684,8.0
San Diego,32.72,-117.16,ssp126,2035,20.14,18.56,21.864,0.822,8.0
San Diego,32.72,-117.16,ssp126,2036,20.402,18.804,22.237,0.833,8.0
San Diego,32.72,-117.16,ssp126,2037,20.274,18.667,22.121,0.735,8.0
San Diego,32.72,-117.16,ssp126,2038,20.315,18.76,22.546,0.724,8.0
San Diego,32.72,-117.16,ssp126,2039,20.354,18.748,22.763,1.013,8.0
San Diego,32.72,-117.16,ssp126,2040,20.263,18.626,22.711,0.764,8.0
San Diego,32.72,-117.16,ssp126,2041,20.4,19.064,22.151,0.726,8.0
San Diego,32.72,-117.16,ssp126,2042,20.673,18.777,22.485,0.706,8.0
San Diego,32.72,-117.16,ssp126,2043,20.213,18.434,22.108,0.727,8.0
San Diego,32.72,-117.16,ssp126,2044,20.461,18.879,22.127,0.659,8.0
San Diego,32.72,-117.16,ssp126,2045,20.336,18.961,22.03,0.827,8.0
San Diego,32.72,-117.16,ssp126,2046,20.227,19.014,22.266,0.868,8.0
San Diego,32.72,-117.16,ssp126,2047,20.165,18.634,22.219,0.696,8.0
San Diego,32.72,-117.16,ssp126,2048,20.4,19.005,22.518,0.603,8.0
San Diego,32.72,-117.16,ssp126,2049,20.281,18.981,21.991,0.677,8.0
San Diego,32.72,-117.16,ssp126,2050,20.459,19.071,22.597,0.605,8.0
San Diego,32.72,-117.16,ssp126,2051,20.404,18.751,22.597,0.806,8.0
San Diego,32.72,-117.16,ssp126,2052,20.554,18.97,22.977,0.811,8.0
San Diego,32.72,-117.16,ssp126,2053,20.566,18.77,23.072,0.634,8.0
San Diego,32.72,-117.16,ssp126,2054,20.232,18.821,22.321,0.862,8.0
San Diego,32.72,-117.16,ssp126,2055,20.414,18.723,23.061,0.641,8.0
San Diego,32.72,-117.16,ssp126,2056,20.412,19.028,21.939,0.921,8.0
San Diego,32.72,-117.16,ssp126,2057,20.591,19.021,22.672,0.829,8.0
San Diego,32.72,-117.16,ssp126,2058,20.561,19.04,22.572,0.613,8.0
San Diego,32.72,-117.16,ssp126,2059,20.652,19.347,22.372,0.718,8.0
San Diego,32.72,-117.16,ssp126,2060,20.796,19.265,22.965,0.809,8.0
San Diego,32.72,-117.16,ssp126,2061,20.409,18.791,22.296,0.796,8.0
San Diego,32.72,-117.16,ssp126,2062,20.393,18.993,22.46,1.024,8.0
San Diego,32.72,-117.16,ssp126,2063,20.328,18.77,22.213,0.805,8.0
San Diego,32.72,-117.16,ssp126,2064,20.407,18.928,22.104,0.669,8.0
San Diego,32.72,-117.16,ssp126,2065,20.55,19.108,22.173,0.782,8.0
San Diego,32.72,-117.16,ssp126,2066,20.441,19.31,22.231,0.769,8.0
San Diego,32.72,-117.16,ssp126,2067,20.341,18.897,22.027,0.761,8.0
San Diego,32.72,-117.16,ssp126,2068,20.491,19.155,22.617,0.624,8.0
San Diego,32.72,-117.16,ssp126,2069,20.729,19.44,22.738,0.619,8.0
San Diego,32.72,-117.16,ssp126,2070,20.348,18.966,22.394,0.758,8.0
San Diego,32.72,-117.16,ssp126,2071,20.359,18.984,22.199,0.629,8.0
San Diego,32.72,-117.16,ssp126,2072,20.603,18.988,22.33,0.712,8.0
San Diego,32.72,-117.16,ssp126,2073,20.565,19.067,22.861,0.682,8.0
San Diego,32.72,-117.16,ssp126,2074,20.444,19.04,22.451,0.708,8.0
San Diego,32.72,-117.16,ssp126,2075,20.35,18.867,22.335,1.075,8.0
San Diego,32.72,-117.16,ssp126,2076,20.569,18.858,22.418,0.688,8.0
San Diego,32.72,-117.16,ssp126,2077,20.568,19.237,22.568,0.882,8.0
San Diego,32.72,-117.16,ssp126,2078,20.426,18.923,22.17,0.744,8.0
San Diego,32.72,-117.16,ssp126,2079,20.463,18.843,22.63,0.751,8.0
San Diego,32.72,-117.16,ssp126,2080,20.389,18.059,22.766,0.64,8.0
San Diego,32.72,-117.16,ssp126,2081,20.634,18.515,22.914,0.71,8.0
San Diego,32.72,-117.16,ssp126,2082,20.679,19.289,22.294,0.91,8.0
San Diego,32.72,-117.16,ssp126,2083,21.148,19.525,22.866,0.56,8.0
San Diego,32.72,-117.16,ssp126,2084,20.742,19.52,22.073,0.785,8.0
San Diego,32.72,-117.16,ssp126,2085,20.62,18.605,22.382,0.71,8.0
San Diego,32.72,-117.16,ssp126,2086,20.367,19.184,21.975,0.877,8.0
San Diego,32.72,-117.16,ssp126,2087,20.301,18.927,22.07,0.857,8.0
San Diego,32.72,-117.16,ssp126,2088,20.675,19.375,22.174,0.831,8.0
San Diego,32.72,-117.16,ssp126,2089,20.601,18.833,22.431,0.631,8.0
San Diego,32.72,-117.16,ssp126,2090,20.359,18.899,21.905,0.764,8.0
San Diego,32.72,-117.16,ssp126,2091,20.446,19.182,22.143,0.849,8.0
San Diego,32.72,-117.16,ssp126,2092,20.579,19.357,22.096,0.721,8.0
San Diego,32.72,-117.16,ssp126,2093,20.557,19.165,22.224,0.682,8.0
San Diego,32.72,-117.16,ssp126,2094,20.702,19.486,22.398,0.861,8.0
San Diego,32.72,-117.16,ssp126,2095,20.209,18.752,22.539,0.722,8.0
San Diego,32.72,-117.16,ssp126,2096,20.371,18.657,22.538,0.849,8.0
San Diego,32.72,-117.16,ssp126,2097,20.542,19.352,22.056,0.68,8.0
San Diego,32.72,-117.16,ssp126,2098,20.504,18.9,22.16,0.784,8.0
San Diego,32.72,-117.16,ssp126,2099,20.646,18.718,22.393,0.594,8.0
San Diego,32.72,-117.16,ssp126,2100,20.518,18.755,22.526,0.894,8.0
San Diego,32.72,-117.16,ssp245,2015,19.217,17.54,21.776,0.741,8.0
San Diego,32.72,-117.16,ssp245,2016,19.36,17.548,21.364,0.566,8.0
San Diego,32.72,-117.16,ssp245,2017,19.411,17.883,21.401,0.738,8.0
San Diego,32.72,-117.16,ssp245,2018,19.203,17.304,21.656,1.021,8.0
San Diego,32.72,-117.16,ssp245,2019,19.386,17.815,21.273,0.738,8.0
San Diego,32.72,-117.16,ssp245,2020,19.429,18.205,21.489,0.617,8.0
San Diego,32.72,-117.16,ssp245,2021,19.977,18.124,22.293,0.651,8.0
San Diego,32.72,-117.16,ssp245,2022,19.638,18.017,21.708,0.939,8.0
San Diego,32.72,-117.16,ssp245,2023,19.547,18.047,21.398,0.695,8.0
San Diego,32.72,-117.16,ssp245,2024,19.539,17.635,22.092,0.634,8.0
San Diego,32.72,-117.16,ssp245,2025,19.733,18.131,22.169,0.716,8.0
San Diego,32.72,-117.16,ssp245,2026,20.135,18.519,22.322,0.725,8.0
San Diego,32.72,-117.16,ssp245,2027,20.272,18.695,22.151,0.586,8.0
San Diego,32.72,-117.16,ssp245,2028,19.93,18.315,22.012,0.76,8.0
San Diego,32.72,-117.16,ssp245,2029,20.059,18.637,21.616,0.667,8.0
San Diego,32.72,-117.16,ssp245,2030,19.968,18.708,22.052,0.817,8.0
San Diego,32.72,-117.16,ssp245,2031,20.107,18.535,22.184,0.747,8.0
San Diego,32.72,-117.16,ssp245,2032,19.973,18.235,21.942,0.693,8.0
San Diego,32.72,-117.16,ssp245,2033,20.235,18.575,22.609,0.601,8.0
San Diego,32.72,-117.16,ssp245,2034,19.968,18.416,21.84,0.858,8.0
San Diego,32.72,-117.16,ssp245,2035,20.082,18.099,22.421,0.643,8.0
San Diego,32.72,-117.16,ssp245,2036,20.142,18.71,21.992,0.685,8.0
San Diego,32.72,-117.16,ssp245,2037,20.02,18.348,22.115,0.782,8.0
San Diego,32.72,-117.16,ssp245,2038,20.177,18.338,22.327,0.699,8.0
San Diego,32.72,-117.16,ssp245,2039,20.171,18.697,22.037,0.68,8.0
San Diego,32.72,-117.16,ssp245,2040,19.774,19.138,20.78,0.817,7.0
San Diego,32.72,-117.16,ssp245,2041,19.713,18.418,20.902,0.867,7.0
San Diego,32.72,-117.16,ssp245,2042,19.918,19.014,21.046,0.787,7.0
San Diego,32.72,-117.16,ssp245,2043,19.608,18.78,20.812,0.781,7.0
San Diego,32.72,-117.16,ssp245,2044,20.061,18.802,21.341,0.653,7.0
San Diego,32.72,-117.16,ssp245,2045,20.228,19.417,21.074,0.646,7.0
San Diego,32.72,-117.16,ssp245,2046,20.016,18.962,21.433,0.692,7.0
San Diego,32.72,-117.16,ssp245,2047,19.913,18.83,21.075,0.711,7.0
San Diego,32.72,-117.16,ssp245,2048,20.074,19.134,21.305,0.708,7.0
San Diego,32.72,-117.16,ssp245,2049,19.88,18.961,20.692,0.779,7.0
San Diego,32.72,-117.16,ssp245,2050,19.966,19.143,21.18,0.806,7.0
San Diego,32.72,-117.16,ssp245,2051,19.937,18.935,20.983,0.549,7.0
San Diego,32.72,-117.16,ssp245,2052,20.078,18.909,21.314,0.818,7.0
San Diego,32.72,-117.16,ssp245,2053,20.063,18.967,21.541,0.896,7.0
San Diego,32.72,-117.16,ssp245,2054,20.457,19.504,21.452,0.756,7.0
San Diego,32.72,-117.16,ssp245,2055,20.376,19.174,21.619,0.793,7.0
San Diego,32.72,-117.16,ssp245,2056,20.198,19.412,21.049,0.737,7.0
San Diego,32.72,-117.16,ssp245,2057,20.305,19.415,21.584,0.851,7.0
San Diego,32.72,-117.16,ssp245,2058,20.309,19.402,21.84,0.872,7.0
San Diego,32.72,-117.16,ssp245,2059,20.443,19.835,21.256,0.657,7.0
San Diego,32.72,-117.16,ssp245,2060,20.226,19.297,21.151,0.752,7.0
San Diego,32.72,-117.16,ssp245,2061,20.585,19.579,21.843,0.744,7.0
San Diego,32.72,-117.16,ssp245,2062,20.436,19.114,21.727,0.877,7.0
San Diego,32.72,-117.16,ssp245,2063,20.466,19.597,21.476,0.674,7.0
San Diego,32.72,-117.16,ssp245,2064,20.341,19.595,20.947,0.804,7.0
San Diego,32.72,-117.16,ssp245,2065,20.498,19.639,21.811,0.819,7.0
San Diego,32.72,-117.16,ssp245,2066,20.435,19.104,21.511,0.59,7.0
San Diego,32.72,-117.16,ssp245,2067,20.402,19.362,21.38,0.598,7.0
San Diego,32.72,-117.16,ssp245,2068,20.227,19.084,21.258,0.641,7.0
San Diego,32.72,-117.16,ssp245,2069,20.787,19.421,21.898,0.833,7.0
San Diego,32.72,-117.16,ssp245,2070,20.29,19.075,21.249,0.869,7.0
San Diego,32.72,-117.16,ssp245,2071,20.152,19.328,21.273,0.784,7.0
San Diego,32.72,-117.16,ssp245,2072,20.533,19.405,21.756,0.773,7.0
San Diego,32.72,-117.16,ssp245,2073,20.724,20.015,21.761,0.728,7.0
San Diego,32.72,-117.16,ssp245,2074,20.55,19.411,21.79,0.712,7.0
San Diego,32.72,-117.16,ssp245,2075,20.356,19.716,21.156,0.78,7.0
San Diego,32.72,-117.16,ssp245,2076,20.741,19.399,21.89,0.614,7.0
San Diego,32.72,-117.16,ssp245,2077,20.484,19.391,21.785,0.967,7.0
San Diego,32.72,-117.16,ssp245,2078,20.857,20.034,21.711,0.76,7.0
San Diego,32.72,-117.16,ssp245,2079,20.792,19.979,21.754,0.549,7.0
San Diego,32.72,-117.16,ssp245,2080,20.489,19.483,21.727,0.688,7.0
San Diego,32.72,-117.16,ssp245,2081,20.371,19.664,21.567,0.665,7.0
San Diego,32.72,-117.16,ssp245,2082,20.45,19.382,21.513,0.686,7.0
San Diego,32.72,-117.16,ssp245,2083,20.918,19.593,22.311,0.708,7.0
San Diego,32.72,-117.16,ssp245,2084,20.61,19.899,21.576,0.783,7.0
San Diego,32.72,-117.16,ssp245,2085,20.636,19.398,22.253,0.903,7.0
San Diego,32.72,-117.16,ssp245,2086,20.566,19.647,21.662,0.817,7.0
San Diego,32.72,-117.16,ssp245,2087,20.89,19.724,22.772,0.729,7.0
San Diego,32.72,-117.16,ssp245,2088,20.871,19.841,22.185,0.815,7.0
San Diego,32.72,-117.16,ssp245,2089,20.952,19.703,22.229,1.132,7.0
San Diego,32.72,-117.16,ssp245,2090,20.938,20.171,21.848,0.824,7.0
San Diego,32.72,-117.16,ssp245,2091,20.958,19.813,22.193,0.668,7.0
San Diego,32.72,-117.16,ssp245,2092,21.18,20.164,22.373,0.996,7.0
San Diego,32.72,-117.16,ssp245,2093,21.034,19.917,22.631,0.724,7.0
San Diego,32.72,-117.16,ssp245,2094,21.056,20.004,21.85,0.761,7.0
San Diego,32.72,-117.16,ssp245,2095,21.014,20.07,21.941,0.867,7.0
San Diego,32.72,-117.16,ssp245,2096,21.079,20.354,21.952,0.844,7.0
San Diego,32.72,-117.16,ssp245,2097,21.138,20.268,22.156,1.006,7.0
San Diego,32.72,-117.16,ssp245,2098,20.614,19.354,21.592,0.836,7.0
San Diego,32.72,-117.16,ssp245,2099,20.813,20.398,21.477,0.9,7.0
San Diego,32.72,-117.16,ssp245,2100,21.054,19.809,22.341,0.714,7.0
San Diego,32.72,-117.16,ssp585,2015,19.507,18.314,21.063,0.774,8.0
San Diego,32.72,-117.16,ssp585,2016,19.351,17.337,21.314,0.631,8.0
San Diego,32.72,-117.16,ssp585,2017,19.569,18.227,21.402,0.692,8.0
San Diego,32.72,-117.16,ssp585,2018,19.3,17.963,20.909,0.82,8.0
San Diego,32.72,-117.16,ssp585,2019,19.326,18.125,21.307,0.905,8.0
San Diego,32.72,-117.16,ssp585,2020,19.549,18.308,21.132,0.672,8.0
San Diego,32.72,-117.16,ssp585,2021,19.407,17.466,21.505,0.674,8.0
San Diego,32.72,-117.16,ssp585,2022,19.715,17.979,22.418,0.661,8.0
San Diego,32.72,-117.16,ssp585,2023,19.589,17.975,21.883,0.8,8.0
San Diego,32.72,-117.16,ssp585,2024,19.709,17.959,21.749,0.55,8.0
San Diego,32.72,-117.16,ssp585,2025,19.636,17.931,21.882,0.763,8.0
San Diego,32.72,-117.16,ssp585,2026,19.661,18.28,21.165,0.794,8.0
San Diego,32.72,-117.16,ssp585,2027,20.131,18.861,22.055,0.801,8.0
San Diego,32.72,-117.16,ssp585,2028,19.902,18.322,21.711,0.791,8.0
San Diego,32.72,-117.16,ssp585,2029,19.924,18.141,21.992,0.551,8.0
San Diego,32.72,-117.16,ssp585,2030,19.946,18.54,22.647,0.756,8.0
San Diego,32.72,-117.16,ssp585,2031,19.898,18.472,21.523,0.685,8.0
San Diego,32.72,-117.16,ssp585,2032,19.647,18.261,21.662,0.835,8.0
San Diego,32.72,-117.16,ssp585,2033,19.943,18.65,21.582,0.87,8.0
San Diego,32.72,-117.16,ssp585,2034,19.947,18.367,22.059,0.523,8.0
San Diego,32.72,-117.16,ssp585,2035,20.135,18.75,21.749,0.673,8.0
San Diego,32.72,-117.16,ssp585,2036,19.803,18.432,21.78,0.86,8.0
San Diego,32.72,-117.16,ssp585,2037,20.151,18.918,21.611,0.749,8.0
San Diego,32.72,-117.16,ssp585,2038,20.257,18.585,22.308,0.588,8.0
San Diego,32.72,-117.16,ssp585,2039,20.379,19.023,21.824,0.537,8.0
San Diego,32.72,-117.16,ssp585,2040,20.561,19.249,22.558,0.816,8.0
San Diego,32.72,-117.16,ssp585,2041,20.611,19.213,22.41,0.815,8.0
San Diego,32.72,-117.16,ssp585,2042,20.886,19.012,23.313,0.566,8.0
San Diego,32.72,-117.16,ssp585,2043,20.829,19.063,23.433,0.539,8.0
San Diego,32.72,-117.16,ssp585,2044,20.68,18.731,22.884,0.727,8.0
San Diego,32.72,-117.16,ssp585,2045,20.702,19.335,22.96,0.561,8.0
San Diego,32.72,-117.16,ssp585,2046,20.724,19.343,22.409,0.547,8.0
San Diego,32.72,-117.16,ssp585,2047,20.717,18.874,23.047,0.86,8.0
San Diego,32.72,-117.16,ssp585,2048,21.039,19.705,22.847,0.779,8.0
San Diego,32.72,-117.16,ssp585,2049,21.444,19.631,23.794,0.682,8.0
San Diego,32.72,-117.16,ssp585,2050,21.104,19.526,23.679,0.925,8.0
San Diego,32.72,-117.16,ssp585,2051,21.051,19.675,23.497,0.724,8.0
San Diego,32.72,-117.16,ssp585,2052,21.181,19.992,23.342,0.593,8.0
San Diego,32.72,-117.16,ssp585,2053,20.985,19.38,22.429,0.768,8.0
San Diego,32.72,-117.16,ssp585,2054,21.216,19.982,23.135,0.554,8.0
San Diego,32.72,-117.16,ssp585,2055,21.477,20.026,23.505,0.779,8.0
San Diego,32.72,-117.16,ssp585,2056,21.296,19.782,23.457,0.765,8.0
San Diego,32.72,-117.16,ssp585,2057,21.669,20.033,24.443,0.576,8.0
San Diego,32.72,-117.16,ssp585,2058,21.376,19.842,23.452,0.748,8.0
San Diego,32.72,-117.16,ssp585,2059,21.609,20.109,23.444,0.659,8.0
San Diego,32.72,-117.16,ssp585,2060,22.069,20.4,24.367,0.552,8.0
San Diego,32.72,-117.16,ssp585,2061,21.736,20.092,23.605,0.842,8.0
San Diego,32.72,-117.16,ssp585,2062,21.875,19.651,23.938,0.893,8.0
San Diego,32.72,-117.16,ssp585,2063,21.877,19.81,24.117,0.842,8.0
San Diego,32.72,-117.16,ssp585,2064,21.785,19.994,23.946,0.839,8.0
San Diego,32.72,-117.16,ssp585,2065,22.009,20.286,24.726,0.765,8.0
San Diego,32.72,-117.16,ssp585,2066,22.106,20.7,23.944,0.902,8.0
San Diego,32.72,-117.16,ssp585,2067,21.794,20.357,23.723,0.731,8.0
San Diego,32.72,-117.16,ssp585,2068,22.059,20.184,24.334,0.669,8.0
San Diego,32.72,-117.16,ssp585,2069,22.309,20.508,24.726,0.817,8.0
San Diego,32.72,-117.16,ssp585,2070,22.1,20.092,24.71,0.839,8.0
San Diego,32.72,-117.16,ssp585,2071,21.992,20.519,24.025,0.949,8.0
San Diego,32.72,-117.16,ssp585,2072,22.437,20.651,24.335,0.767,8.0
San Diego,32.72,-117.16,ssp585,2073,22.631,20.71,24.864,0.813,8.0
San Diego,32.72,-117.16,ssp585,2074,22.318,20.303,24.645,0.944,8.0
San Diego,32.72,-117.16,ssp585,2075,22.691,20.734,25.16,0.882,8.0
San Diego,32.72,-117.16,ssp585,2076,22.723,21.063,25.526,0.647,8.0
San Diego,32.72,-117.16,ssp585,2077,22.884,21.186,25.359,0.524,8.0
San Diego,32.72,-117.16,ssp585,2078,22.877,21.314,25.251,0.69,8.0
San Diego,32.72,-117.16,ssp585,2079,23.065,21.515,25.169,0.706,8.0
San Diego,32.72,-117.16,ssp585,2080,22.902,21.267,25.105,0.822,8.0
San Diego,32.72,-117.16,ssp585,2081,22.908,20.97,25.142,0.66,8.0
San Diego,32.72,-117.16,ssp585,2082,22.877,21.169,25.169,0.801,8.0
San Diego,32.72,-117.16,ssp585,2083,23.062,21.18,25.32,0.637,8.0
San Diego,32.72,-117.16,ssp585,2084,23.271,21.378,25.711,0.787,8.0
San Diego,32.72,-117.16,ssp585,2085,23.077,21.415,25.704,0.649,8.0
San Diego,32.72,-117.16,ssp585,2086,23.343,21.648,25.481,0.752,8.0
San Diego,32.72,-117.16,ssp585,2087,23.466,21.87,25.551,0.682,8.0
San Diego,32.72,-117.16,ssp585,2088,23.785,21.928,25.821,0.624,8.0
San Diego,32.72,-117.16,ssp585,2089,23.846,22.07,26.121,0.764,8.0
San Diego,32.72,-117.16,ssp585,2090,23.588,21.897,26.349,0.818,8.0
San Diego,32.72,-117.16,ssp585,2091,23.718,21.9,26.02,0.683,8.0
San Diego,32.72,-117.16,ssp585,2092,23.614,21.739,25.964,0.689,8.0
San Diego,32.72,-117.16,ssp585,2093,23.861,22.118,26.738,0.869,8.0
San Diego,32.72,-117.16,ssp585,2094,23.694,21.56,26.452,0.726,8.0
San Diego,32.72,-117.16,ssp585,2095,23.764,21.802,25.668,0.807,8.0
San Diego,32.72,-117.16,ssp585,2096,23.895,22.174,26.282,0.925,8.0
San Diego,32.72,-117.16,ssp585,2097,24.382,22.692,26.784,0.774,8.0
San Diego,32.72,-117.16,ssp585,2098,24.044,22.451,26.395,0.814,8.0
San Diego,32.72,-117.16,ssp585,2099,24.259,22.263,26.954,0.697,8.0
San Diego,32.72,-117.16,ssp585,2100,24.569,22.975,27.396,0.667,8.0
Sao Paulo,-23.55,-46.63,historical,1850,19.811,18.293,20.77,4.783,8.0
Sao Paulo,-23.55,-46.63,historical,1851,19.842,18.424,21.046,4.502,8.0
Sao Paulo,-23.55,-46.63,historical,1852,19.886,18.678,21.025,4.853,8.0
Sao Paulo,-23.55,-46.63,historical,1853,19.891,18.834,20.752,4.38,8.0
Sao Paulo,-23.55,-46.63,historical,1854,19.973,18.893,20.82,4.459,8.0
Sao Paulo,-23.55,-46.63,historical,1855,19.95,18.387,21.207,4.912,8.0
Sao Paulo,-23.55,-46.63,historical,1856,19.815,18.477,21.064,4.571,8.0
Sao Paulo,-23.55,-46.63,historical,1857,19.867,18.485,20.792,4.646,8.0
Sao Paulo,-23.55,-46.63,historical,1858,19.816,18.32,21.285,4.696,8.0
Sao Paulo,-23.55,-46.63,historical,1859,20.011,18.72,20.962,4.812,8.0
Sao Paulo,-23.55,-46.63,historical,1860,19.644,17.974,20.784,4.808,8.0
Sao Paulo,-23.55,-46.63,historical,1861,19.886,18.425,20.814,4.525,8.0
Sao Paulo,-23.55,-46.63,historical,1862,19.583,18.258,20.559,4.521,8.0
Sao Paulo,-23.55,-46.63,historical,1863,19.415,17.983,20.181,4.866,8.0
Sao Paulo,-23.55,-46.63,historical,1864,19.969,18.78,20.879,4.429,8.0
Sao Paulo,-23.55,-46.63,historical,1865,20.003,18.548,20.971,4.591,8.0
Sao Paulo,-23.55,-46.63,historical,1866,19.778,18.335,20.811,4.467,8.0
Sao Paulo,-23.55,-46.63,historical,1867,19.861,18.998,20.95,4.337,8.0
Sao Paulo,-23.55,-46.63,historical,1868,19.94,18.901,20.837,4.913,8.0
Sao Paulo,-23.55,-46.63,historical,1869,19.954,18.335,21.225,4.433,8.0
Sao Paulo,-23.55,-46.63,historical,1870,19.687,18.238,21.094,4.322,8.0
Sao Paulo,-23.55,-46.63,historical,1871,19.841,18.346,20.885,4.683,8.0
Sao Paulo,-23.55,-46.63,historical,1872,20.15,19.02,21.119,4.787,8.0
Sao Paulo,-23.55,-46.63,historical,1873,19.664,18.278,20.62,4.734,8.0
Sao Paulo,-23.55,-46.63,historical,1874,20.122,18.332,21.276,4.63,8.0
Sao Paulo,-23.55,-46.63,historical,1875,20.144,19.025,21.342,5.138,8.0
Sao Paulo,-23.55,-46.63,historical,1876,19.779,18.621,20.833,4.822,8.0
Sao Paulo,-23.55,-46.63,historical,1877,19.751,18.428,20.673,4.54,8.0
Sao Paulo,-23.55,-46.63,historical,1878,19.595,17.982,20.912,4.632,8.0
Sao Paulo,-23.55,-46.63,historical,1879,19.847,18.189,21.235,4.323,8.0
Sao Paulo,-23.55,-46.63,historical,1880,20.038,18.613,21.405,4.443,8.0
Sao Paulo,-23.55,-46.63,historical,1881,19.931,18.494,21.042,4.685,8.0
Sao Paulo,-23.55,-46.63,historical,1882,19.7,18.103,20.959,4.843,8.0
Sao Paulo,-23.55,-46.63,historical,1883,19.836,18.361,20.942,4.626,8.0
Sao Paulo,-23.55,-46.63,historical,1884,19.509,17.906,20.678,4.422,8.0
Sao Paulo,-23.55,-46.63,historical,1885,19.505,18.15,20.852,4.693,8.0
Sao Paulo,-23.55,-46.63,historical,1886,19.682,17.973,20.858,4.486,8.0
Sao Paulo,-23.55,-46.63,historical,1887,19.703,17.991,21.17,4.304,8.0
Sao Paulo,-23.55,-46.63,historical,1888,19.939,18.508,20.971,4.383,8.0
Sao Paulo,-23.55,-46.63,historical,1889,20.002,18.367,21.225,4.403,8.0
Sao Paulo,-23.55,-46.63,historical,1890,19.95,18.586,20.719,5.159,8.0
Sao Paulo,-23.55,-46.63,historical,1891,19.898,18.168,20.877,5.198,8.0
Sao Paulo,-23.55,-46.63,historical,1892,19.971,18.475,20.967,4.367,8.0
Sao Paulo,-23.55,-46.63,historical,1893,20.156,18.869,21.238,4.422,8.0
Sao Paulo,-23.55,-46.63,historical,1894,20.109,18.319,21.291,4.448,8.0
Sao Paulo,-23.55,-46.63,historical,1895,19.845,18.637,20.859,4.822,8.0
Sao Paulo,-23.55,-46.63,historical,1896,20.133,19.078,21.235,4.235,8.0
Sao Paulo,-23.55,-46.63,historical,1897,20.027,18.385,21.48,4.648,8.0
Sao Paulo,-23.55,-46.63,historical,1898,19.886,18.268,20.885,4.87,8.0
Sao Paulo,-23.55,-46.63,historical,1899,19.891,18.978,20.687,4.705,8.0
Sao Paulo,-23.55,-46.63,historical,1900,20.225,18.482,21.456,4.36,8.0
Sao Paulo,-23.55,-46.63,historical,1901,19.879,18.544,21.168,4.823,8.0
Sao Paulo,-23.55,-46.63,historical,1902,20.136,18.714,21.151,3.956,8.0
Sao Paulo,-23.55,-46.63,historical,1903,19.87,18.229,20.986,5.033,8.0
Sao Paulo,-23.55,-46.63,historical,1904,19.907,18.742,20.978,4.406,8.0
Sao Paulo,-23.55,-46.63,historical,1905,19.914,18.105,21.044,4.945,8.0
Sao Paulo,-23.55,-46.63,historical,1906,20.058,18.162,21.589,4.57,8.0
Sao Paulo,-23.55,-46.63,historical,1907,20.022,18.361,20.983,4.808,8.0
Sao Paulo,-23.55,-46.63,historical,1908,19.953,18.785,20.97,4.716,8.0
Sao Paulo,-23.55,-46.63,historical,1909,19.693,17.779,20.991,4.649,8.0
Sao Paulo,-23.55,-46.63,historical,1910,20.023,19.156,20.783,4.555,8.0
Sao Paulo,-23.55,-46.63,historical,1911,19.828,18.771,20.729,4.886,8.0
Sao Paulo,-23.55,-46.63,historical,1912,20.212,18.784,21.379,4.66,8.0
Sao Paulo,-23.55,-46.63,historical,1913,20.272,18.467,21.738,4.684,8.0
Sao Paulo,-23.55,-46.63,historical,1914,19.868,18.771,21.012,4.577,8.0
Sao Paulo,-23.55,-46.63,historical,1915,20.071,18.912,21.016,4.784,8.0
Sao Paulo,-23.55,-46.63,historical,1916,19.971,18.55,21.17,4.843,8.0
Sao Paulo,-23.55,-46.63,historical,1917,19.81,18.489,20.893,4.359,8.0
Sao Paulo,-23.55,-46.63,historical,1918,19.956,18.604,21.044,4.577,8.0
Sao Paulo,-23.55,-46.63,historical,1919,20.127,19.364,20.963,4.5,8.0
Sao Paulo,-23.55,-46.63,historical,1920,20.122,19.159,20.978,4.44,8.0
Sao Paulo,-23.55,-46.63,historical,1921,20.343,19.03,21.65,4.33,8.0
Sao Paulo,-23.55,-46.63,historical,1922,20.073,18.966,20.987,4.797,8.0
Sao Paulo,-23.55,-46.63,historical,1923,20.25,19.216,21.492,4.402,8.0
Sao Paulo,-23.55,-46.63,historical,1924,19.982,18.34,21.401,4.275,8.0
Sao Paulo,-23.55,-46.63,historical,1925,19.93,17.938,21.145,4.96,8.0
Sao Paulo,-23.55,-46.63,historical,1926,19.897,18.257,20.934,4.738,8.0
Sao Paulo,-23.55,-46.63,historical,1927,20.095,18.934,21.64,4.35,8.0
Sao Paulo,-23.55,-46.63,historical,1928,20.117,18.984,21.281,4.827,8.0
Sao Paulo,-23.55,-46.63,historical,1929,20.214,18.728,21.346,4.574,8.0
Sao Paulo,-23.55,-46.63,historical,1930,20.229,18.566,21.185,4.544,8.0
Sao Paulo,-23.55,-46.63,historical,1931,20.048,18.701,21.249,4.435,8.0
Sao Paulo,-23.55,-46.63,historical,1932,20.061,18.818,20.981,4.529,8.0
Sao Paulo,-23.55,-46.63,historical,1933,19.675,18.588,20.781,4.912,8.0
Sao Paulo,-23.55,-46.63,historical,1934,19.914,18.372,21.287,4.715,8.0
Sao Paulo,-23.55,-46.63,historical,1935,20.006,18.749,20.974,4.721,8.0
Sao Paulo,-23.55,-46.63,historical,1936,20.03,18.68,20.991,4.642,8.0
Sao Paulo,-23.55,-46.63,historical,1937,20.154,18.694,21.112,4.357,8.0
Sao Paulo,-23.55,-46.63,historical,1938,19.978,18.621,21.486,5.077,8.0
Sao Paulo,-23.55,-46.63,historical,1939,20.277,18.975,21.705,4.941,8.0
Sao Paulo,-23.55,-46.63,historical,1940,20.302,18.605,21.464,4.187,8.0
Sao Paulo,-23.55,-46.63,historical,1941,20.041,18.277,21.36,4.473,8.0
Sao Paulo,-23.55,-46.63,historical,1942,20.048,18.374,21.022,4.85,8.0
Sao Paulo,-23.55,-46.63,historical,1943,20.111,18.88,21.13,4.638,8.0
Sao Paulo,-23.55,-46.63,historical,1944,20.194,19.009,21.377,4.517,8.0
Sao Paulo,-23.55,-46.63,historical,1945,20.025,18.637,20.958,4.219,8.0
Sao Paulo,-23.55,-46.63,historical,1946,19.991,17.976,21.38,4.922,8.0
Sao Paulo,-23.55,-46.63,historical,1947,20.139,19.144,21.018,4.43,8.0
Sao Paulo,-23.55,-46.63,historical,1948,20.333,18.524,21.943,4.794,8.0
Sao Paulo,-23.55,-46.63,historical,1949,20.142,18.955,21.116,4.642,8.0
Sao Paulo,-23.55,-46.63,historical,1950,20.127,18.442,21.207,4.514,8.0
Sao Paulo,-23.55,-46.63,historical,1951,20.067,18.584,21.322,4.731,8.0
Sao Paulo,-23.55,-46.63,historical,1952,20.195,18.485,21.356,4.255,8.0
Sao Paulo,-23.55,-46.63,historical,1953,20.056,18.755,20.941,4.669,8.0
Sao Paulo,-23.55,-46.63,historical,1954,20.255,18.883,21.348,4.31,8.0
Sao Paulo,-23.55,-46.63,historical,1955,20.044,18.756,21.311,4.294,8.0
Sao Paulo,-23.55,-46.63,historical,1956,20.145,18.574,21.399,4.452,8.0
Sao Paulo,-23.55,-46.63,historical,1957,20.273,19.012,21.106,4.566,8.0
Sao Paulo,-23.55,-46.63,historical,1958,20.073,18.37,21.407,4.334,8.0
Sao Paulo,-23.55,-46.63,historical,1959,20.235,18.713,21.326,4.416,8.0
Sao Paulo,-23.55,-46.63,historical,1960,20.233,19.139,20.95,4.743,8.0
Sao Paulo,-23.55,-46.63,historical,1961,20.128,18.852,20.994,4.745,8.0
Sao Paulo,-23.55,-46.63,historical,1962,20.182,18.619,21.516,4.33,8.0
Sao Paulo,-23.55,-46.63,historical,1963,20.156,19.173,21.409,4.171,8.0
Sao Paulo,-23.55,-46.63,historical,1964,20.096,18.456,21.078,4.012,8.0
Sao Paulo,-23.55,-46.63,historical,1965,19.928,18.193,21.076,4.502,8.0
Sao Paulo,-23.55,-46.63,historical,1966,20.145,18.688,21.242,4.766,8.0
Sao Paulo,-23.55,-46.63,historical,1967,20.267,18.937,21.337,4.41,8.0
Sao Paulo,-23.55,-46.63,historical,1968,20.19,18.784,21.588,4.401,8.0
Sao Paulo,-23.55,-46.63,historical,1969,20.033,18.759,21.351,4.911,8.0
Sao Paulo,-23.55,-46.63,historical,1970,20.256,19.025,21.235,4.588,8.0
Sao Paulo,-23.55,-46.63,historical,1971,20.374,19.263,21.128,4.379,8.0
Sao Paulo,-23.55,-46.63,historical,1972,20.185,19.19,21.092,4.548,8.0
Sao Paulo,-23.55,-46.63,historical,1973,20.331,18.857,21.73,4.8,8.0
Sao Paulo,-23.55,-46.63,historical,1974,20.215,18.673,21.482,4.701,8.0
Sao Paulo,-23.55,-46.63,historical,1975,20.024,18.391,21.303,4.461,8.0
Sao Paulo,-23.55,-46.63,historical,1976,20.015,19.155,20.878,4.652,8.0
Sao Paulo,-23.55,-46.63,historical,1977,20.311,19.434,21.334,4.627,8.0
Sao Paulo,-23.55,-46.63,historical,1978,20.44,18.907,21.777,4.491,8.0
Sao Paulo,-23.55,-46.63,historical,1979,20.315,18.79,21.542,4.589,8.0
Sao Paulo,-23.55,-46.63,historical,1980,20.519,19.288,21.567,4.133,8.0
Sao Paulo,-23.55,-46.63,historical,1981,20.516,19.544,21.382,4.26,8.0
Sao Paulo,-23.55,-46.63,historical,1982,20.12,19.025,21.036,4.992,8.0
Sao Paulo,-23.55,-46.63,historical,1983,20.367,19.56,21.33,4.169,8.0
Sao Paulo,-23.55,-46.63,historical,1984,20.265,18.72,21.25,4.569,8.0
Sao Paulo,-23.55,-46.63,historical,1985,20.563,18.744,22.339,4.51,8.0
Sao Paulo,-23.55,-46.63,historical,1986,20.335,18.984,21.472,4.623,8.0
Sao Paulo,-23.55,-46.63,historical,1987,20.197,18.568,21.268,4.585,8.0
Sao Paulo,-23.55,-46.63,historical,1988,20.448,19.423,21.371,4.375,8.0
Sao Paulo,-23.55,-46.63,historical,1989,20.559,19.539,21.359,4.195,8.0
Sao Paulo,-23.55,-46.63,historical,1990,20.773,19.59,22.391,4.352,8.0
Sao Paulo,-23.55,-46.63,historical,1991,20.65,19.539,21.822,4.111,8.0
Sao Paulo,-23.55,-46.63,historical,1992,20.255,18.787,21.302,4.394,8.0
Sao Paulo,-23.55,-46.63,historical,1993,20.376,18.94,21.393,4.431,8.0
Sao Paulo,-23.55,-46.63,historical,1994,20.419,19.167,21.379,4.287,8.0
Sao Paulo,-23.55,-46.63,historical,1995,20.563,19.176,21.85,4.284,8.0
Sao Paulo,-23.55,-46.63,historical,1996,20.543,19.553,21.669,4.69,8.0
Sao Paulo,-23.55,-46.63,historical,1997,20.795,19.175,22.049,4.53,8.0
Sao Paulo,-23.55,-46.63,historical,1998,20.658,19.369,21.837,4.487,8.0
Sao Paulo,-23.55,-46.63,historical,1999,20.626,19.869,21.734,4.474,8.0
Sao Paulo,-23.55,-46.63,historical,2000,20.649,19.51,21.859,4.668,8.0
Sao Paulo,-23.55,-46.63,historical,2001,20.9,19.378,22.371,4.294,8.0
Sao Paulo,-23.55,-46.63,historical,2002,21.005,19.226,22.338,4.343,8.0
Sao Paulo,-23.55,-46.63,historical,2003,20.984,19.776,22.221,4.501,8.0
Sao Paulo,-23.55,-46.63,historical,2004,20.942,19.604,21.891,4.732,8.0
Sao Paulo,-23.55,-46.63,historical,2005,20.949,19.866,21.797,4.541,8.0
Sao Paulo,-23.55,-46.63,historical,2006,20.877,19.465,22.053,4.301,8.0
Sao Paulo,-23.55,-46.63,historical,2007,20.872,19.529,22.032,4.743,8.0
Sao Paulo,-23.55,-46.63,historical,2008,21.134,19.853,22.317,4.311,8.0
Sao Paulo,-23.55,-46.63,historical,2009,21.106,19.964,22.158,4.533,8.0
Sao Paulo,-23.55,-46.63,historical,2010,20.916,19.368,21.866,4.691,8.0
Sao Paulo,-23.55,-46.63,historical,2011,21.145,19.513,22.249,4.468,8.0
Sao Paulo,-23.55,-46.63,historical,2012,20.909,20.023,21.792,4.465,8.0
Sao Paulo,-23.55,-46.63,historical,2013,21.15,19.838,22.455,4.152,8.0
Sao Paulo,-23.55,-46.63,historical,2014,21.162,20.256,22.337,4.476,8.0
Sao Paulo,-23.55,-46.63,ssp126,2015,21.13,19.171,22.48,4.819,8.0
Sao Paulo,-23.55,-46.63,ssp126,2016,21.006,19.751,21.887,3.882,8.0
Sao Paulo,-23.55,-46.63,ssp126,2017,21.165,20.29,22.284,4.208,8.0
Sao Paulo,-23.55,-46.63,ssp126,2018,21.106,19.878,22.374,4.795,8.0
Sao Paulo,-23.55,-46.63,ssp126,2019,21.193,19.618,22.504,4.426,8.0
Sao Paulo,-23.55,-46.63,ssp126,2020,21.292,20.174,22.481,4.237,8.0
Sao Paulo,-23.55,-46.63,ssp126,2021,21.258,20.494,22.339,4.558,8.0
Sao Paulo,-23.55,-46.63,ssp126,2022,21.248,20.093,22.398,4.271,8.0
Sao Paulo,-23.55,-46.63,ssp126,2023,21.207,19.51,22.372,4.479,8.0
Sao Paulo,-23.55,-46.63,ssp126,2024,21.288,19.64,22.391,4.17,8.0
Sao Paulo,-23.55,-46.63,ssp126,2025,21.568,20.311,22.672,4.256,8.0
Sao Paulo,-23.55,-46.63,ssp126,2026,21.662,19.901,22.83,4.511,8.0
Sao Paulo,-23.55,-46.63,ssp126,2027,21.396,19.942,22.552,4.426,8.0
Sao Paulo,-23.55,-46.63,ssp126,2028,21.516,20.027,22.666,4.666,8.0
Sao Paulo,-23.55,-46.63,ssp126,2029,21.698,20.453,22.63,4.546,8.0
Sao Paulo,-23.55,-46.63,ssp126,2030,21.643,20.381,22.614,4.458,8.0
Sao Paulo,-23.55,-46.63,ssp126,2031,21.541,20.315,22.792,4.587,8.0
Sao Paulo,-23.55,-46.63,ssp126,2032,21.382,20.368,22.472,4.582,8.0
Sao Paulo,-23.55,-46.63,ssp126,2033,21.8,20.478,22.711,4.341,8.0
Sao Paulo,-23.55,-46.63,ssp126,2034,21.595,20.026,22.668,4.496,8.0
Sao Paulo,-23.55,-46.63,ssp126,2035,21.768,19.991,23.034,4.201,8.0
Sao Paulo,-23.55,-46.63,ssp126,2036,21.87,20.0,23.391,4.493,8.0
Sao Paulo,-23.55,-46.63,ssp126,2037,21.883,20.069,23.582,4.59,8.0
Sao Paulo,-23.55,-46.63,ssp126,2038,21.732,19.853,23.389,4.083,8.0
Sao Paulo,-23.55,-46.63,ssp126,2039,21.93,19.955,22.966,4.598,8.0
Sao Paulo,-23.55,-46.63,ssp126,2040,21.867,19.67,23.362,4.268,8.0
Sao Paulo,-23.55,-46.63,ssp126,2041,21.807,20.752,22.686,4.266,8.0
Sao Paulo,-23.55,-46.63,ssp126,2042,22.037,20.278,23.319,4.328,8.0
Sao Paulo,-23.55,-46.63,ssp126,2043,21.569,20.003,22.632,5.036,8.0
Sao Paulo,-23.55,-46.63,ssp126,2044,21.835,20.1,23.0,4.351,8.0
Sao Paulo,-23.55,-46.63,ssp126,2045,22.097,20.645,23.353,4.568,8.0
Sao Paulo,-23.55,-46.63,ssp126,2046,22.1,21.337,23.158,4.175,8.0
Sao Paulo,-23.55,-46.63,ssp126,2047,22.087,20.221,23.588,4.504,8.0
Sao Paulo,-23.55,-46.63,ssp126,2048,22.023,20.547,23.354,4.375,8.0
Sao Paulo,-23.55,-46.63,ssp126,2049,22.142,20.8,23.628,4.196,8.0
Sao Paulo,-23.55,-46.63,ssp126,2050,22.029,20.699,23.42,4.478,8.0
Sao Paulo,-23.55,-46.63,ssp126,2051,21.919,20.732,23.026,4.565,8.0
Sao Paulo,-23.55,-46.63,ssp126,2052,21.942,20.572,22.777,4.589,8.0
Sao Paulo,-23.55,-46.63,ssp126,2053,21.824,20.117,23.113,4.501,8.0
Sao Paulo,-23.55,-46.63,ssp126,2054,22.014,20.622,23.253,4.085,8.0
Sao Paulo,-23.55,-46.63,ssp126,2055,21.91,20.877,22.857,4.792,8.0
Sao Paulo,-23.55,-46.63,ssp126,2056,22.117,20.84,23.091,4.13,8.0
Sao Paulo,-23.55,-46.63,ssp126,2057,22.036,20.546,23.409,4.696,8.0
Sao Paulo,-23.55,-46.63,ssp126,2058,22.0,20.062,23.515,4.506,8.0
Sao Paulo,-23.55,-46.63,ssp126,2059,22.166,20.772,23.308,4.697,8.0
Sao Paulo,-23.55,-46.63,ssp126,2060,22.016,20.6,22.977,4.729,8.0
Sao Paulo,-23.55,-46.63,ssp126,2061,22.097,20.869,22.832,4.376,8.0
Sao Paulo,-23.55,-46.63,ssp126,2062,22.074,20.268,23.385,4.772,8.0
Sao Paulo,-23.55,-46.63,ssp126,2063,21.853,20.726,22.71,4.796,8.0
Sao Paulo,-23.55,-46.63,ssp126,2064,22.122,20.283,23.424,4.515,8.0
Sao Paulo,-23.55,-46.63,ssp126,2065,22.199,20.075,23.779,4.616,8.0
Sao Paulo,-23.55,-46.63,ssp126,2066,22.309,20.556,23.877,4.839,8.0
Sao Paulo,-23.55,-46.63,ssp126,2067,21.871,20.548,22.826,5.329,8.0
Sao Paulo,-23.55,-46.63,ssp126,2068,22.091,20.655,23.235,4.546,8.0
Sao Paulo,-23.55,-46.63,ssp126,2069,22.153,21.181,22.876,4.645,8.0
Sao Paulo,-23.55,-46.63,ssp126,2070,21.879,20.397,23.068,4.885,8.0
Sao Paulo,-23.55,-46.63,ssp126,2071,21.93,20.227,23.104,4.631,8.0
Sao Paulo,-23.55,-46.63,ssp126,2072,21.947,19.811,23.486,4.863,8.0
Sao Paulo,-23.55,-46.63,ssp126,2073,21.624,19.589,22.764,5.069,8.0
Sao Paulo,-23.55,-46.63,ssp126,2074,22.029,20.315,22.999,4.708,8.0
Sao Paulo,-23.55,-46.63,ssp126,2075,21.792,19.955,22.954,4.912,8.0
Sao Paulo,-23.55,-46.63,ssp126,2076,21.888,19.801,23.121,4.648,8.0
Sao Paulo,-23.55,-46.63,ssp126,2077,22.396,20.878,23.733,4.469,8.0
Sao Paulo,-23.55,-46.63,ssp126,2078,22.453,20.652,23.342,4.608,8.0
Sao Paulo,-23.55,-46.63,ssp126,2079,22.193,20.496,23.623,4.945,8.0
Sao Paulo,-23.55,-46.63,ssp126,2080,22.064,20.603,23.234,4.564,8.0
Sao Paulo,-23.55,-46.63,ssp126,2081,22.254,20.635,23.721,4.979,8.0
Sao Paulo,-23.55,-46.63,ssp126,2082,22.0,20.696,23.048,4.883,8.0
Sao Paulo,-23.55,-46.63,ssp126,2083,21.902,20.089,22.99,4.925,8.0
Sao Paulo,-23.55,-46.63,ssp126,2084,21.82,19.799,23.026,4.963,8.0
Sao Paulo,-23.55,-46.63,ssp126,2085,21.942,20.338,23.412,4.615,8.0
Sao Paulo,-23.55,-46.63,ssp126,2086,21.882,20.846,22.718,4.484,8.0
Sao Paulo,-23.55,-46.63,ssp126,2087,22.0,20.069,23.251,4.609,8.0
Sao Paulo,-23.55,-46.63,ssp126,2088,22.025,20.238,23.066,4.71,8.0
Sao Paulo,-23.55,-46.63,ssp126,2089,22.185,20.284,23.026,4.339,8.0
Sao Paulo,-23.55,-46.63,ssp126,2090,22.118,20.693,23.285,4.562,8.0
Sao Paulo,-23.55,-46.63,ssp126,2091,21.761,19.885,23.178,4.72,8.0
Sao Paulo,-23.55,-46.63,ssp126,2092,22.098,20.143,23.614,4.609,8.0
Sao Paulo,-23.55,-46.63,ssp126,2093,22.04,20.07,23.236,4.491,8.0
Sao Paulo,-23.55,-46.63,ssp126,2094,21.952,19.954,23.475,4.841,8.0
Sao Paulo,-23.55,-46.63,ssp126,2095,21.952,20.0,22.996,4.5,8.0
Sao Paulo,-23.55,-46.63,ssp126,2096,21.941,20.301,23.186,4.515,8.0
Sao Paulo,-23.55,-46.63,ssp126,2097,22.048,20.288,23.044,4.189,8.0
Sao Paulo,-23.55,-46.63,ssp126,2098,22.009,20.175,23.241,4.246,8.0
Sao Paulo,-23.55,-46.63,ssp126,2099,22.092,20.952,23.163,4.774,8.0
Sao Paulo,-23.55,-46.63,ssp126,2100,22.28,20.164,23.375,4.856,8.0
Sao Paulo,-23.55,-46.63,ssp245,2015,20.862,19.078,22.009,4.732,8.0
Sao Paulo,-23.55,-46.63,ssp245,2016,21.199,20.12,22.353,4.462,8.0
Sao Paulo,-23.55,-46.63,ssp245,2017,21.387,20.203,22.389,4.155,8.0
Sao Paulo,-23.55,-46.63,ssp245,2018,21.34,20.173,22.41,4.809,8.0
Sao Paulo,-23.55,-46.63,ssp245,2019,21.127,19.834,22.358,4.813,8.0
Sao Paulo,-23.55,-46.63,ssp245,2020,21.119,19.666,22.261,4.468,8.0
Sao Paulo,-23.55,-46.63,ssp245,2021,21.291,19.217,22.539,4.398,8.0
Sao Paulo,-23.55,-46.63,ssp245,2022,21.252,19.794,22.524,4.172,8.0
Sao Paulo,-23.55,-46.63,ssp245,2023,21.324,19.896,22.394,4.438,8.0
Sao Paulo,-23.55,-46.63,ssp245,2024,21.47,20.136,22.943,4.225,8.0
Sao Paulo,-23.55,-46.63,ssp245,2025,21.688,20.782,22.938,4.325,8.0
Sao Paulo,-23.55,-46.63,ssp245,2026,21.669,20.408,22.916,3.804,8.0
Sao Paulo,-23.55,-46.63,ssp245,2027,21.438,20.436,22.202,4.261,8.0
Sao Paulo,-23.55,-46.63,ssp245,2028,21.312,20.355,22.278,4.477,8.0
Sao Paulo,-23.55,-46.63,ssp245,2029,21.612,20.543,22.814,4.292,8.0
Sao Paulo,-23.55,-46.63,ssp245,2030,21.825,20.413,22.935,4.589,8.0
Sao Paulo,-23.55,-46.63,ssp245,2031,21.488,19.964,22.504,4.647,8.0
Sao Paulo,-23.55,-46.63,ssp245,2032,21.696,20.399,22.797,4.118,8.0
Sao Paulo,-23.55,-46.63,ssp245,2033,21.814,19.947,23.425,4.319,8.0
Sao Paulo,-23.55,-46.63,ssp245,2034,22.186,20.406,23.173,4.341,8.0
Sao Paulo,-23.55,-46.63,ssp245,2035,21.769,20.204,22.774,4.508,8.0
Sao Paulo,-23.55,-46.63,ssp245,2036,21.914,20.69,23.005,4.309,8.0
Sao Paulo,-23.55,-46.63,ssp245,2037,21.729,21.032,22.618,4.767,8.0
Sao Paulo,-23.55,-46.63,ssp245,2038,22.012,21.034,22.83,4.448,8.0
Sao Paulo,-23.55,-46.63,ssp245,2039,21.864,19.747,23.23,4.929,8.0
Sao Paulo,-23.55,-46.63,ssp245,2040,21.975,20.766,23.385,4.304,7.0
Sao Paulo,-23.55,-46.63,ssp245,2041,21.781,20.148,23.17,4.901,7.0
Sao Paulo,-23.55,-46.63,ssp245,2042,21.683,19.772,22.781,4.22,7.0
Sao Paulo,-23.55,-46.63,ssp245,2043,21.989,20.285,23.278,4.17,7.0
Sao Paulo,-23.55,-46.63,ssp245,2044,22.322,20.517,23.96,3.677,7.0
Sao Paulo,-23.55,-46.63,ssp245,2045,21.842,20.385,23.497,4.727,7.0
Sao Paulo,-23.55,-46.63,ssp245,2046,22.271,20.372,23.998,4.104,7.0
Sao Paulo,-23.55,-46.63,ssp245,2047,22.454,20.584,24.197,4.209,7.0
Sao Paulo,-23.55,-46.63,ssp245,2048,22.421,20.411,24.173,4.511,7.0
Sao Paulo,-23.55,-46.63,ssp245,2049,22.306,20.843,23.426,4.528,7.0
Sao Paulo,-23.55,-46.63,ssp245,2050,22.209,19.979,23.631,4.431,7.0
Sao Paulo,-23.55,-46.63,ssp245,2051,22.13,20.272,23.723,4.885,7.0
Sao Paulo,-23.55,-46.63,ssp245,2052,22.416,20.5,23.852,4.283,7.0
Sao Paulo,-23.55,-46.63,ssp245,2053,22.589,20.956,24.015,4.494,7.0
Sao Paulo,-23.55,-46.63,ssp245,2054,22.336,20.757,23.535,3.908,7.0
Sao Paulo,-23.55,-46.63,ssp245,2055,22.269,20.833,23.606,4.981,7.0
Sao Paulo,-23.55,-46.63,ssp245,2056,22.479,21.011,24.173,4.457,7.0
Sao Paulo,-23.55,-46.63,ssp245,2057,22.302,21.132,23.439,4.403,7.0
Sao Paulo,-23.55,-46.63,ssp245,2058,22.749,20.679,24.336,4.243,7.0
Sao Paulo,-23.55,-46.63,ssp245,2059,22.717,20.469,24.239,4.37,7.0
Sao Paulo,-23.55,-46.63,ssp245,2060,22.457,20.899,23.873,4.489,7.0
Sao Paulo,-23.55,-46.63,ssp245,2061,22.46,20.925,23.736,4.941,7.0
Sao Paulo,-23.55,-46.63,ssp245,2062,22.467,21.079,23.961,4.738,7.0
Sao Paulo,-23.55,-46.63,ssp245,2063,22.457,20.55,23.939,4.288,7.0
Sao Paulo,-23.55,-46.63,ssp245,2064,22.72,21.058,24.21,4.968,7.0
Sao Paulo,-23.55,-46.63,ssp245,2065,23.042,20.671,24.751,4.171,7.0
Sao Paulo,-23.55,-46.63,ssp245,2066,22.569,20.869,23.778,4.267,7.0
Sao Paulo,-23.55,-46.63,ssp245,2067,22.737,20.827,24.447,4.606,7.0
Sao Paulo,-23.55,-46.63,ssp245,2068,22.644,21.003,23.815,4.978,7.0
Sao Paulo,-23.55,-46.63,ssp245,2069,22.782,20.581,24.405,4.593,7.0
Sao Paulo,-23.55,-46.63,ssp245,2070,22.759,20.566,24.439,4.881,7.0
Sao Paulo,-23.55,-46.63,ssp245,2071,22.703,21.109,23.909,4.284,7.0
Sao Paulo,-23.55,-46.63,ssp245,2072,22.695,20.759,24.067,4.466,7.0
Sao Paulo,-23.55,-46.63,ssp245,2073,22.876,21.589,24.009,4.618,7.0
Sao Paulo,-23.55,-46.63,ssp245,2074,22.501,20.881,23.832,4.804,7.0
Sao Paulo,-23.55,-46.63,ssp245,2075,22.655,21.17,24.075,4.302,7.0
Sao Paulo,-23.55,-46.63,ssp245,2076,22.715,21.092,23.886,4.723,7.0
Sao Paulo,-23.55,-46.63,ssp245,2077,22.967,20.64,24.52,4.378,7.0
Sao Paulo,-23.55,-46.63,ssp245,2078,22.978,20.942,24.382,4.798,7.0
Sao Paulo,-23.55,-46.63,ssp245,2079,23.107,20.681,24.693,4.714,7.0
Sao Paulo,-23.55,-46.63,ssp245,2080,23.013,20.616,24.714,4.569,7.0
Sao Paulo,-23.55,-46.63,ssp245,2081,22.826,20.845,24.521,4.2,7.0
Sao Paulo,-23.55,-46.63,ssp245,2082,23.035,20.884,24.524,4.457,7.0
Sao Paulo,-23.55,-46.63,ssp245,2083,23.202,21.371,24.409,4.078,7.0
Sao Paulo,-23.55,-46.63,ssp245,2084,23.04,21.284,24.691,4.844,7.0
Sao Paulo,-23.55,-46.63,ssp245,2085,23.288,21.81,24.449,4.836,7.0
Sao Paulo,-23.55,-46.63,ssp245,2086,23.217,21.67,25.223,4.656,7.0
Sao Paulo,-23.55,-46.63,ssp245,2087,22.956,21.059,24.786,4.678,7.0
Sao Paulo,-23.55,-46.63,ssp245,2088,23.006,20.987,24.695,4.162,7.0
Sao Paulo,-23.55,-46.63,ssp245,2089,23.304,21.129,24.796,4.528,7.0
Sao Paulo,-23.55,-46.63,ssp245,2090,23.352,21.224,25.225,4.394,7.0
Sao Paulo,-23.55,-46.63,ssp245,2091,22.939,20.338,24.861,4.599,7.0
Sao Paulo,-23.55,-46.63,ssp245,2092,23.276,21.26,25.096,4.651,7.0
Sao Paulo,-23.55,-46.63,ssp245,2093,22.911,20.649,24.317,4.671,7.0
Sao Paulo,-23.55,-46.63,ssp245,2094,22.816,20.68,24.294,5.113,7.0
Sao Paulo,-23.55,-46.63,ssp245,2095,23.207,21.843,24.605,4.601,7.0
Sao Paulo,-23.55,-46.63,ssp245,2096,22.903,20.913,24.523,5.062,7.0
Sao Paulo,-23.55,-46.63,ssp245,2097,22.917,21.254,24.076,4.621,7.0
Sao Paulo,-23.55,-46.63,ssp245,2098,23.393,21.434,24.997,4.653,7.0
Sao Paulo,-23.55,-46.63,ssp245,2099,23.3,21.068,24.99,4.754,7.0
Sao Paulo,-23.55,-46.63,ssp245,2100,23.019,20.933,25.132,4.806,7.0
Sao Paulo,-23.55,-46.63,ssp585,2015,20.97,19.27,22.543,4.677,8.0
Sao Paulo,-23.55,-46.63,ssp585,2016,20.906,19.582,21.738,4.492,8.0
Sao Paulo,-23.55,-46.63,ssp585,2017,21.396,20.11,22.952,3.928,8.0
Sao Paulo,-23.55,-46.63,ssp585,2018,21.317,19.751,22.665,4.318,8.0
Sao Paulo,-23.55,-46.63,ssp585,2019,21.598,20.422,22.729,4.833,8.0
Sao Paulo,-23.55,-46.63,ssp585,2020,21.295,19.998,22.803,4.13,8.0
Sao Paulo,-23.55,-46.63,ssp585,2021,21.448,20.699,22.165,4.33,8.0
Sao Paulo,-23.55,-46.63,ssp585,2022,21.474,20.269,22.739,4.261,8.0
Sao Paulo,-23.55,-46.63,ssp585,2023,21.342,20.009,22.839,4.341,8.0
Sao Paulo,-23.55,-46.63,ssp585,2024,21.456,20.024,22.512,4.469,8.0
Sao Paulo,-23.55,-46.63,ssp585,2025,21.322,20.126,22.697,4.419,8.0
Sao Paulo,-23.55,-46.63,ssp585,2026,21.411,19.746,23.309,4.26,8.0
Sao Paulo,-23.55,-46.63,ssp585,2027,21.839,20.144,22.976,4.907,8.0
Sao Paulo,-23.55,-46.63,ssp585,2028,21.609,20.357,22.663,4.275,8.0
Sao Paulo,-23.55,-46.63,ssp585,2029,21.472,19.898,22.597,4.516,8.0
Sao Paulo,-23.55,-46.63,ssp585,2030,21.641,19.244,23.281,4.402,8.0
Sao Paulo,-23.55,-46.63,ssp585,2031,21.882,20.097,23.263,4.328,8.0
Sao Paulo,-23.55,-46.63,ssp585,2032,21.808,20.699,22.542,4.402,8.0
Sao Paulo,-23.55,-46.63,ssp585,2033,22.089,20.411,23.138,4.008,8.0
Sao Paulo,-23.55,-46.63,ssp585,2034,21.735,19.729,23.299,4.79,8.0
Sao Paulo,-23.55,-46.63,ssp585,2035,21.983,19.84,23.594,4.188,8.0
Sao Paulo,-23.55,-46.63,ssp585,2036,21.963,20.327,22.993,4.268,8.0
Sao Paulo,-23.55,-46.63,ssp585,2037,22.224,20.547,23.369,4.459,8.0
Sao Paulo,-23.55,-46.63,ssp585,2038,22.113,20.149,23.489,3.832,8.0
Sao Paulo,-23.55,-46.63,ssp585,2039,22.233,20.85,23.901,3.92,8.0
Sao Paulo,-23.55,-46.63,ssp585,2040,22.573,20.841,23.715,4.149,8.0
Sao Paulo,-23.55,-46.63,ssp585,2041,22.588,20.893,23.998,4.287,8.0
Sao Paulo,-23.55,-46.63,ssp585,2042,21.881,20.292,23.591,4.644,8.0
Sao Paulo,-23.55,-46.63,ssp585,2043,22.165,20.45,23.286,4.646,8.0
Sao Paulo,-23.55,-46.63,ssp585,2044,22.326,21.293,23.317,4.364,8.0
Sao Paulo,-23.55,-46.63,ssp585,2045,22.457,20.894,23.459,4.696,8.0
Sao Paulo,-23.55,-46.63,ssp585,2046,22.707,20.854,24.342,4.666,8.0
Sao Paulo,-23.55,-46.63,ssp585,2047,22.719,20.407,24.245,4.203,8.0
Sao Paulo,-23.55,-46.63,ssp585,2048,22.689,21.318,23.813,4.535,8.0
Sao Paulo,-23.55,-46.63,ssp585,2049,22.951,21.879,24.331,4.189,8.0
Sao Paulo,-23.55,-46.63,ssp585,2050,22.895,21.33,24.36,3.976,8.0
Sao Paulo,-23.55,-46.63,ssp585,2051,22.864,20.317,24.507,4.694,8.0
Sao Paulo,-23.55,-46.63,ssp585,2052,22.778,20.728,24.616,4.725,8.0
Sao Paulo,-23.55,-46.63,ssp585,2053,22.651,21.209,23.633,4.692,8.0
Sao Paulo,-23.55,-46.63,ssp585,2054,22.981,21.482,24.886,4.208,8.0
Sao Paulo,-23.55,-46.63,ssp585,2055,23.251,21.941,24.548,4.324,8.0
Sao Paulo,-23.55,-46.63,ssp585,2056,23.234,20.764,24.84,4.594,8.0
Sao Paulo,-23.55,-46.63,ssp585,2057,23.274,21.075,24.424,4.575,8.0
Sao Paulo,-23.55,-46.63,ssp585,2058,23.116,21.8,24.303,5.019,8.0
Sao Paulo,-23.55,-46.63,ssp585,2059,23.086,21.214,24.371,4.098,8.0
Sao Paulo,-23.55,-46.63,ssp585,2060,23.553,22.011,24.912,4.284,8.0
Sao Paulo,-23.55,-46.63,ssp585,2061,23.405,21.272,25.042,4.564,8.0
Sao Paulo,-23.55,-46.63,ssp585,2062,23.721,21.373,25.965,4.737,8.0
Sao Paulo,-23.55,-46.63,ssp585,2063,23.7,21.945,25.195,4.332,8.0
Sao Paulo,-23.55,-46.63,ssp585,2064,23.463,21.421,25.007,4.754,8.0
Sao Paulo,-23.55,-46.63,ssp585,2065,23.695,21.536,25.63,4.516,8.0
Sao Paulo,-23.55,-46.63,ssp585,2066,23.82,21.663,25.607,4.32,8.0
Sao Paulo,-23.55,-46.63,ssp585,2067,24.078,22.216,25.859,4.561,8.0
Sao Paulo,-23.55,-46.63,ssp585,2068,23.614,21.706,25.216,4.555,8.0
Sao Paulo,-23.55,-46.63,ssp585,2069,23.852,22.376,25.351,4.508,8.0
Sao Paulo,-23.55,-46.63,ssp585,2070,24.246,22.978,25.65,4.744,8.0
Sao Paulo,-23.55,-46.63,ssp585,2071,24.231,22.461,25.856,4.906,8.0
Sao Paulo,-23.55,-46.63,ssp585,2072,24.242,22.359,26.172,4.585,8.0
Sao Paulo,-23.55,-46.63,ssp585,2073,24.447,23.145,25.627,4.164,8.0
Sao Paulo,-23.55,-46.63,ssp585,2074,24.282,22.462,26.014,4.859,8.0
Sao Paulo,-23.55,-46.63,ssp585,2075,24.466,22.138,26.116,4.282,8.0
Sao Paulo,-23.55,-46.63,ssp585,2076,24.458,22.578,26.241,4.782,8.0
Sao Paulo,-23.55,-46.63,ssp585,2077,24.466,22.276,26.373,4.739,8.0
Sao Paulo,-23.55,-46.63,ssp585,2078,24.491,23.107,26.039,4.718,8.0
Sao Paulo,-23.55,-46.63,ssp585,2079,24.67,22.876,25.922,4.791,8.0
Sao Paulo,-23.55,-46.63,ssp585,2080,24.887,22.373,26.928,4.921,8.0
Sao Paulo,-23.55,-46.63,ssp585,2081,24.882,22.801,26.646,4.595,8.0
Sao Paulo,-23.55,-46.63,ssp585,2082,24.759,22.695,26.372,4.7,8.0
Sao Paulo,-23.55,-46.63,ssp585,2083,24.83,22.792,26.658,4.775,8.0
Sao Paulo,-23.55,-46.63,ssp585,2084,24.909,22.829,26.915,4.594,8.0
Sao Paulo,-23.55,-46.63,ssp585,2085,24.938,22.032,26.725,4.723,8.0
Sao Paulo,-23.55,-46.63,ssp585,2086,25.215,23.116,26.843,4.159,8.0
Sao Paulo,-23.55,-46.63,ssp585,2087,24.941,23.189,26.261,5.135,8.0
Sao Paulo,-23.55,-46.63,ssp585,2088,25.249,22.764,27.252,5.005,8.0
Sao Paulo,-23.55,-46.63,ssp585,2089,25.4,23.306,27.103,4.683,8.0
Sao Paulo,-23.55,-46.63,ssp585,2090,25.67,23.207,28.049,4.831,8.0
Sao Paulo,-23.55,-46.63,ssp585,2091,25.824,23.828,27.371,4.716,8.0
Sao Paulo,-23.55,-46.63,ssp585,2092,25.63,23.721,27.604,4.448,8.0
Sao Paulo,-23.55,-46.63,ssp585,2093,25.804,23.989,27.501,4.569,8.0
Sao Paulo,-23.55,-46.63,ssp585,2094,25.862,23.433,27.941,4.626,8.0
Sao Paulo,-23.55,-46.63,ssp585,2095,26.018,23.504,28.262,4.91,8.0
Sao Paulo,-23.55,-46.63,ssp585,2096,26.129,23.318,28.266,4.604,8.0
Sao Paulo,-23.55,-46.63,ssp585,2097,25.798,22.746,28.148,4.829,8.0
Sao Paulo,-23.55,-46.63,ssp585,2098,25.944,23.187,28.869,5.363,8.0
Sao Paulo,-23.55,-46.63,ssp585,2099,26.434,24.117,29.163,4.648,8.0
Sao Paulo,-23.55,-46.63,ssp585,2100,26.447,23.939,28.628,4.677,8.0
Seoul,37.57,126.98,historical,1850,10.688,8.96,12.79,2.958,8.0
Seoul,37.57,126.98,historical,1851,10.425,9.007,11.639,3.051,8.0
Seoul,37.57,126.98,historical,1852,10.721,9.395,12.563,3.19,8.0
Seoul,37.57,126.98,historical,1853,10.112,8.613,11.533,2.927,8.0
Seoul,37.57,126.98,historical,1854,10.339,8.618,12.178,2.967,8.0
Seoul,37.57,126.98,historical,1855,10.446,8.991,11.993,3.033,8.0
Seoul,37.57,126.98,historical,1856,10.65,8.97,12.408,2.714,8.0
Seoul,37.57,126.98,historical,1857,10.78,9.327,12.14,2.869,8.0
Seoul,37.57,126.98,historical,1858,10.497,8.685,12.015,3.237,8.0
Seoul,37.57,126.98,historical,1859,10.379,8.864,11.808,2.915,8.0
Seoul,37.57,126.98,historical,1860,10.32,8.768,11.971,2.88,8.0
Seoul,37.57,126.98,historical,1861,10.445,9.018,12.06,2.912,8.0
Seoul,37.57,126.98,historical,1862,10.32,9.189,11.891,3.196,8.0
Seoul,37.57,126.98,historical,1863,10.522,9.067,11.652,2.899,8.0
Seoul,37.57,126.98,historical,1864,10.575,9.172,11.836,2.901,8.0
Seoul,37.57,126.98,historical,1865,10.327,8.68,11.473,3.076,8.0
Seoul,37.57,126.98,historical,1866,10.641,9.606,11.798,3.015,8.0
Seoul,37.57,126.98,historical,1867,10.709,9.094,12.003,2.949,8.0
Seoul,37.57,126.98,historical,1868,10.472,8.991,12.432,2.913,8.0
Seoul,37.57,126.98,historical,1869,10.572,9.204,12.313,2.95,8.0
Seoul,37.57,126.98,historical,1870,10.404,9.216,11.556,2.909,8.0
Seoul,37.57,126.98,historical,1871,10.564,9.023,11.886,2.935,8.0
Seoul,37.57,126.98,historical,1872,10.375,8.785,12.044,3.118,8.0
Seoul,37.57,126.98,historical,1873,10.432,8.724,12.178,2.979,8.0
Seoul,37.57,126.98,historical,1874,10.068,8.471,11.433,2.78,8.0
Seoul,37.57,126.98,historical,1875,10.524,8.922,12.486,3.066,8.0
Seoul,37.57,126.98,historical,1876,10.318,8.969,12.201,3.065,8.0
Seoul,37.57,126.98,historical,1877,10.466,8.5,12.062,2.764,8.0
Seoul,37.57,126.98,historical,1878,10.427,8.853,12.151,2.817,8.0
Seoul,37.57,126.98,historical,1879,10.246,8.737,11.864,2.599,8.0
Seoul,37.57,126.98,historical,1880,10.493,9.088,12.389,2.971,8.0
Seoul,37.57,126.98,historical,1881,10.237,8.719,12.125,2.791,8.0
Seoul,37.57,126.98,historical,1882,10.883,9.412,12.506,2.994,8.0
Seoul,37.57,126.98,historical,1883,10.39,9.041,12.077,2.823,8.0
Seoul,37.57,126.98,historical,1884,9.92,8.392,11.787,2.789,8.0
Seoul,37.57,126.98,historical,1885,9.604,8.084,11.061,2.816,8.0
Seoul,37.57,126.98,historical,1886,10.462,8.839,11.791,3.129,8.0
Seoul,37.57,126.98,historical,1887,10.133,8.23,11.696,2.717,8.0
Seoul,37.57,126.98,historical,1888,10.166,8.942,12.072,3.017,8.0
Seoul,37.57,126.98,historical,1889,10.362,8.659,12.013,2.935,8.0
Seoul,37.57,126.98,historical,1890,10.372,8.871,12.058,3.123,8.0
Seoul,37.57,126.98,historical,1891,10.174,8.494,11.817,2.65,8.0
Seoul,37.57,126.98,historical,1892,10.452,8.503,12.463,3.293,8.0
Seoul,37.57,126.98,historical,1893,10.703,9.237,11.908,3.174,8.0
Seoul,37.57,126.98,historical,1894,10.461,8.92,11.939,2.923,8.0
Seoul,37.57,126.98,historical,1895,10.514,9.046,12.204,2.717,8.0
Seoul,37.57,126.98,historical,1896,10.56,8.725,11.7,2.785,8.0
Seoul,37.57,126.98,historical,1897,10.389,9.185,12.063,3.367,8.0
Seoul,37.57,126.98,historical,1898,10.32,8.779,11.905,2.987,8.0
Seoul,37.57,126.98,historical,1899,10.436,8.987,11.828,2.949,8.0
Seoul,37.57,126.98,historical,1900,10.474,8.724,11.796,2.766,8.0
Seoul,37.57,126.98,historical,1901,10.46,8.625,11.852,3.008,8.0
Seoul,37.57,126.98,historical,1902,10.671,8.672,12.345,3.067,8.0
Seoul,37.57,126.98,historical,1903,9.866,8.193,11.337,2.969,8.0
Seoul,37.57,126.98,historical,1904,9.576,7.707,11.218,3.061,8.0
Seoul,37.57,126.98,historical,1905,10.294,8.628,12.213,2.947,8.0
Seoul,37.57,126.98,historical,1906,10.525,9.054,11.631,2.935,8.0
Seoul,37.57,126.98,historical,1907,10.593,8.995,11.916,2.732,8.0
Seoul,37.57,126.98,historical,1908,10.231,8.677,11.435,2.765,8.0
Seoul,37.57,126.98,historical,1909,10.544,8.622,12.353,3.184,8.0
Seoul,37.57,126.98,historical,1910,10.358,8.251,12.145,3.035,8.0
Seoul,37.57,126.98,historical,1911,10.342,8.416,12.553,3.199,8.0
Seoul,37.57,126.98,historical,1912,9.85,7.461,11.796,3.055,8.0
Seoul,37.57,126.98,historical,1913,9.81,8.317,11.222,2.797,8.0
Seoul,37.57,126.98,historical,1914,10.119,8.685,11.696,2.856,8.0
Seoul,37.57,126.98,historical,1915,10.112,8.642,11.836,2.708,8.0
Seoul,37.57,126.98,historical,1916,10.205,8.349,11.592,2.788,8.0
Seoul,37.57,126.98,historical,1917,10.601,8.839,12.676,3.125,8.0
Seoul,37.57,126.98,historical,1918,10.544,9.069,11.904,2.837,8.0
Seoul,37.57,126.98,historical,1919,10.297,9.158,11.547,2.774,8.0
Seoul,37.57,126.98,historical,1920,10.174,8.949,11.562,2.773,8.0
Seoul,37.57,126.98,historical,1921,10.36,9.203,11.675,3.139,8.0
Seoul,37.57,126.98,historical,1922,10.472,9.113,12.088,2.807,8.0
Seoul,37.57,126.98,historical,1923,10.581,8.753,12.827,3.017,8.0
Seoul,37.57,126.98,historical,1924,10.228,9.135,11.569,2.943,8.0
Seoul,37.57,126.98,historical,1925,10.482,8.998,12.007,2.631,8.0
Seoul,37.57,126.98,historical,1926,10.052,8.394,11.937,2.869,8.0
Seoul,37.57,126.98,historical,1927,10.795,9.152,12.442,3.097,8.0
Seoul,37.57,126.98,historical,1928,10.475,8.663,12.351,3.035,8.0
Seoul,37.57,126.98,historical,1929,10.125,8.745,11.403,2.633,8.0
Seoul,37.57,126.98,historical,1930,10.489,8.925,12.15,3.162,8.0
Seoul,37.57,126.98,historical,1931,10.402,9.057,12.028,2.82,8.0
Seoul,37.57,126.98,historical,1932,10.401,8.983,12.183,2.905,8.0
Seoul,37.57,126.98,historical,1933,10.477,8.884,12.082,2.974,8.0
Seoul,37.57,126.98,historical,1934,10.518,8.418,12.305,3.081,8.0
Seoul,37.57,126.98,historical,1935,10.442,8.725,12.17,3.034,8.0
Seoul,37.57,126.98,historical,1936,10.319,8.677,11.666,2.44,8.0
Seoul,37.57,126.98,historical,1937,10.607,8.681,11.984,3.002,8.0
Seoul,37.57,126.98,historical,1938,10.537,8.481,12.686,2.971,8.0
Seoul,37.57,126.98,historical,1939,10.701,9.194,12.65,2.725,8.0
Seoul,37.57,126.98,historical,1940,10.848,9.251,12.64,2.979,8.0
Seoul,37.57,126.98,historical,1941,10.665,9.323,12.001,2.484,8.0
Seoul,37.57,126.98,historical,1942,10.739,9.367,11.961,2.919,8.0
Seoul,37.57,126.98,historical,1943,10.483,8.676,12.468,2.745,8.0
Seoul,37.57,126.98,historical,1944,10.454,8.918,11.894,2.544,8.0
Seoul,37.57,126.98,historical,1945,10.686,9.317,12.212,2.826,8.0
Seoul,37.57,126.98,historical,1946,10.463,8.846,12.065,2.999,8.0
Seoul,37.57,126.98,historical,1947,10.274,8.91,12.235,2.991,8.0
Seoul,37.57,126.98,historical,1948,10.417,8.901,11.834,3.214,8.0
Seoul,37.57,126.98,historical,1949,10.559,8.337,12.506,3.107,8.0
Seoul,37.57,126.98,historical,1950,10.317,8.397,12.168,2.874,8.0
Seoul,37.57,126.98,historical,1951,10.645,9.357,12.352,2.751,8.0
Seoul,37.57,126.98,historical,1952,10.559,8.727,12.04,3.367,8.0
Seoul,37.57,126.98,historical,1953,10.445,8.557,12.507,2.896,8.0
Seoul,37.57,126.98,historical,1954,10.294,9.0,11.509,2.814,8.0
Seoul,37.57,126.98,historical,1955,10.763,8.902,12.383,3.134,8.0
Seoul,37.57,126.98,historical,1956,10.442,8.982,11.68,3.056,8.0
Seoul,37.57,126.98,historical,1957,10.177,8.683,11.568,3.012,8.0
Seoul,37.57,126.98,historical,1958,10.36,8.507,12.305,2.695,8.0
Seoul,37.57,126.98,historical,1959,10.483,9.022,12.111,2.795,8.0
Seoul,37.57,126.98,historical,1960,10.565,9.111,12.141,2.784,8.0
Seoul,37.57,126.98,historical,1961,10.258,8.173,12.023,2.943,8.0
Seoul,37.57,126.98,historical,1962,10.208,8.607,11.879,3.05,8.0
Seoul,37.57,126.98,historical,1963,10.591,9.113,12.228,3.146,8.0
Seoul,37.57,126.98,historical,1964,10.221,8.155,12.036,3.075,8.0
Seoul,37.57,126.98,historical,1965,10.272,8.979,11.76,2.814,8.0
Seoul,37.57,126.98,historical,1966,10.235,8.735,11.912,2.724,8.0
Seoul,37.57,126.98,historical,1967,10.129,8.476,11.515,3.063,8.0
Seoul,37.57,126.98,historical,1968,9.947,8.029,11.374,2.717,8.0
Seoul,37.57,126.98,historical,1969,10.15,8.265,11.84,2.679,8.0
Seoul,37.57,126.98,historical,1970,10.166,8.25,11.858,2.754,8.0
Seoul,37.57,126.98,historical,1971,10.332,8.877,11.847,3.051,8.0
Seoul,37.57,126.98,historical,1972,10.077,8.536,11.658,3.17,8.0
Seoul,37.57,126.98,historical,1973,10.515,8.992,12.129,2.77,8.0
Seoul,37.57,126.98,historical,1974,10.29,8.896,11.694,2.998,8.0
Seoul,37.57,126.98,historical,1975,10.312,9.168,11.586,3.011,8.0
Seoul,37.57,126.98,historical,1976,10.597,8.59,12.73,3.025,8.0
Seoul,37.57,126.98,historical,1977,10.547,8.769,12.118,2.678,8.0
Seoul,37.57,126.98,historical,1978,10.204,8.504,11.688,3.288,8.0
Seoul,37.57,126.98,historical,1979,10.203,8.139,11.79,2.894,8.0
Seoul,37.57,126.98,historical,1980,10.178,8.542,11.84,2.871,8.0
Seoul,37.57,126.98,historical,1981,10.235,8.761,11.528,2.892,8.0
Seoul,37.57,126.98,historical,1982,10.346,8.561,12.167,2.787,8.0
Seoul,37.57,126.98,historical,1983,9.77,7.747,11.622,2.747,8.0
Seoul,37.57,126.98,historical,1984,10.321,8.65,11.94,2.967,8.0
Seoul,37.57,126.98,historical,1985,10.231,9.031,11.775,3.219,8.0
Seoul,37.57,126.98,historical,1986,10.232,8.155,12.078,2.939,8.0
Seoul,37.57,126.98,historical,1987,10.516,8.555,12.35,2.425,8.0
Seoul,37.57,126.98,historical,1988,10.434,8.637,11.755,2.597,8.0
Seoul,37.57,126.98,historical,1989,10.687,8.786,12.082,2.866,8.0
Seoul,37.57,126.98,historical,1990,10.699,9.12,12.468,2.796,8.0
Seoul,37.57,126.98,historical,1991,10.774,8.803,12.668,3.048,8.0
Seoul,37.57,126.98,historical,1992,9.743,8.588,11.16,2.909,8.0
Seoul,37.57,126.98,historical,1993,10.196,8.277,11.987,3.011,8.0
Seoul,37.57,126.98,historical,1994,10.139,8.079,12.086,2.99,8.0
Seoul,37.57,126.98,historical,1995,10.224,7.942,11.862,3.005,8.0
Seoul,37.57,126.98,historical,1996,10.568,8.453,12.097,3.284,8.0
Seoul,37.57,126.98,historical,1997,10.791,8.857,12.475,2.806,8.0
Seoul,37.57,126.98,historical,1998,10.797,8.959,12.563,2.471,8.0
Seoul,37.57,126.98,historical,1999,10.923,9.108,12.823,2.965,8.0
Seoul,37.57,126.98,historical,2000,10.911,9.357,12.537,2.756,8.0
Seoul,37.57,126.98,historical,2001,10.84,8.687,12.699,2.924,8.0
Seoul,37.57,126.98,historical,2002,10.948,9.041,12.727,2.678,8.0
Seoul,37.57,126.98,historical,2003,10.968,9.22,12.814,2.801,8.0
Seoul,37.57,126.98,historical,2004,11.066,8.19,13.301,3.205,8.0
Seoul,37.57,126.98,historical,2005,11.007,9.533,12.762,2.798,8.0
Seoul,37.57,126.98,historical,2006,11.289,9.521,12.682,2.702,8.0
Seoul,37.57,126.98,historical,2007,10.937,8.938,12.506,2.841,8.0
Seoul,37.57,126.98,historical,2008,11.47,9.928,13.418,2.783,8.0
Seoul,37.57,126.98,historical,2009,11.463,9.854,13.274,2.79,8.0
Seoul,37.57,126.98,historical,2010,11.443,9.688,13.107,3.054,8.0
Seoul,37.57,126.98,historical,2011,11.183,9.698,12.777,3.017,8.0
Seoul,37.57,126.98,historical,2012,11.434,9.541,13.136,2.797,8.0
Seoul,37.57,126.98,historical,2013,11.389,9.923,13.093,2.815,8.0
Seoul,37.57,126.98,historical,2014,11.506,9.295,13.108,2.988,8.0
Seoul,37.57,126.98,ssp126,2015,11.629,9.453,13.375,3.118,8.0
Seoul,37.57,126.98,ssp126,2016,11.743,9.901,13.439,2.896,8.0
Seoul,37.57,126.98,ssp126,2017,11.621,9.849,13.611,2.725,8.0
Seoul,37.57,126.98,ssp126,2018,11.918,10.276,13.368,2.949,8.0
Seoul,37.57,126.98,ssp126,2019,11.69,9.518,13.427,3.16,8.0
Seoul,37.57,126.98,ssp126,2020,11.539,9.494,13.086,2.993,8.0
Seoul,37.57,126.98,ssp126,2021,11.736,9.861,13.533,2.886,8.0
Seoul,37.57,126.98,ssp126,2022,11.843,10.035,13.825,3.209,8.0
Seoul,37.57,126.98,ssp126,2023,12.042,10.092,13.854,3.436,8.0
Seoul,37.57,126.98,ssp126,2024,12.046,10.396,14.046,2.885,8.0
Seoul,37.57,126.98,ssp126,2025,11.657,10.078,13.381,3.098,8.0
Seoul,37.57,126.98,ssp126,2026,11.931,10.129,13.64,3.158,8.0
Seoul,37.57,126.98,ssp126,2027,11.862,10.077,13.364,3.326,8.0
Seoul,37.57,126.98,ssp126,2028,12.036,10.548,13.488,2.675,8.0
Seoul,37.57,126.98,ssp126,2029,12.241,10.798,13.927,3.197,8.0
Seoul,37.57,126.98,ssp126,2030,12.299,10.96,13.907,3.444,8.0
Seoul,37.57,126.98,ssp126,2031,12.187,10.507,13.839,2.94,8.0
Seoul,37.57,126.98,ssp126,2032,12.203,10.516,13.51,3.061,8.0
Seoul,37.57,126.98,ssp126,2033,12.284,10.759,13.82,2.964,8.0
Seoul,37.57,126.98,ssp126,2034,12.189,10.801,13.635,2.962,8.0
Seoul,37.57,126.98,ssp126,2035,12.357,10.939,13.661,3.189,8.0
Seoul,37.57,126.98,ssp126,2036,12.224,10.776,13.986,3.15,8.0
Seoul,37.57,126.98,ssp126,2037,12.511,10.648,14.192,3.029,8.0
Seoul,37.57,126.98,ssp126,2038,12.559,10.779,14.069,2.958,8.0
Seoul,37.57,126.98,ssp126,2039,12.234,10.503,13.993,3.171,8.0
Seoul,37.57,126.98,ssp126,2040,12.444,10.233,14.232,3.054,8.0
Seoul,37.57,126.98,ssp126,2041,12.627,10.642,14.518,2.918,8.0
Seoul,37.57,126.98,ssp126,2042,12.625,10.859,14.377,3.215,8.0
Seoul,37.57,126.98,ssp126,2043,12.562,10.93,13.936,3.064,8.0
Seoul,37.57,126.98,ssp126,2044,12.884,10.928,14.813,3.138,8.0
Seoul,37.57,126.98,ssp126,2045,12.376,10.701,14.199,3.105,8.0
Seoul,37.57,126.98,ssp126,2046,12.561,10.88,14.507,3.15,8.0
Seoul,37.57,126.98,ssp126,2047,12.859,10.899,14.419,2.967,8.0
Seoul,37.57,126.98,ssp126,2048,13.028,11.025,14.865,3.126,8.0
Seoul,37.57,126.98,ssp126,2049,12.853,10.806,14.343,3.064,8.0
Seoul,37.57,126.98,ssp126,2050,12.855,11.256,15.004,3.12,8.0
Seoul,37.57,126.98,ssp126,2051,12.593,10.281,14.585,3.119,8.0
Seoul,37.57,126.98,ssp126,2052,12.819,11.199,14.753,3.313,8.0
Seoul,37.57,126.98,ssp126,2053,12.868,11.156,14.211,2.94,8.0
Seoul,37.57,126.98,ssp126,2054,13.193,11.736,14.515,3.157,8.0
Seoul,37.57,126.98,ssp126,2055,13.01,11.359,14.713,3.27,8.0
Seoul,37.57,126.98,ssp126,2056,13.126,11.353,15.185,3.358,8.0
Seoul,37.57,126.98,ssp126,2057,12.834,11.358,14.631,3.293,8.0
Seoul,37.57,126.98,ssp126,2058,13.118,11.468,14.298,2.942,8.0
Seoul,37.57,126.98,ssp126,2059,13.183,11.331,15.487,3.254,8.0
Seoul,37.57,126.98,ssp126,2060,12.884,11.134,14.497,3.362,8.0
Seoul,37.57,126.98,ssp126,2061,12.823,11.165,14.485,3.12,8.0
Seoul,37.57,126.98,ssp126,2062,13.312,12.075,14.665,3.28,8.0
Seoul,37.57,126.98,ssp126,2063,12.984,11.415,14.782,3.436,8.0
Seoul,37.57,126.98,ssp126,2064,12.835,11.261,14.656,2.752,8.0
Seoul,37.57,126.98,ssp126,2065,12.999,10.883,14.812,3.283,8.0
Seoul,37.57,126.98,ssp126,2066,13.04,11.449,14.562,3.533,8.0
Seoul,37.57,126.98,ssp126,2067,12.956,11.428,14.722,3.248,8.0
Seoul,37.57,126.98,ssp126,2068,13.05,11.726,14.609,3.016,8.0
Seoul,37.57,126.98,ssp126,2069,12.797,11.193,14.615,3.041,8.0
Seoul,37.57,126.98,ssp126,2070,13.085,11.503,14.931,3.487,8.0
Seoul,37.57,126.98,ssp126,2071,12.947,11.601,14.538,2.727,8.0
Seoul,37.57,126.98,ssp126,2072,12.935,11.406,14.533,3.093,8.0
Seoul,37.57,126.98,ssp126,2073,12.882,11.506,14.139,3.34,8.0
Seoul,37.57,126.98,ssp126,2074,12.738,10.516,14.448,3.398,8.0
Seoul,37.57,126.98,ssp126,2075,12.814,11.295,14.254,3.13,8.0
Seoul,37.57,126.98,ssp126,2076,13.081,11.776,14.707,3.021,8.0
Seoul,37.57,126.98,ssp126,2077,13.037,11.381,14.63,3.293,8.0
Seoul,37.57,126.98,ssp126,2078,13.19,11.551,14.713,3.038,8.0
Seoul,37.57,126.98,ssp126,2079,13.057,11.079,14.881,3.392,8.0
Seoul,37.57,126.98,ssp126,2080,12.919,11.077,14.682,3.532,8.0
Seoul,37.57,126.98,ssp126,2081,12.992,11.132,14.685,3.099,8.0
Seoul,37.57,126.98,ssp126,2082,12.991,11.146,14.812,3.309,8.0
Seoul,37.57,126.98,ssp126,2083,12.972,11.234,14.419,3.244,8.0
Seoul,37.57,126.98,ssp126,2084,12.865,11.167,14.552,3.097,8.0
Seoul,37.57,126.98,ssp126,2085,13.12,10.87,15.026,3.167,8.0
Seoul,37.57,126.98,ssp126,2086,12.77,11.24,14.161,3.063,8.0
Seoul,37.57,126.98,ssp126,2087,13.086,11.294,14.481,3.11,8.0
Seoul,37.57,126.98,ssp126,2088,12.826,11.126,14.688,3.383,8.0
Seoul,37.57,126.98,ssp126,2089,13.127,11.691,14.617,3.211,8.0
Seoul,37.57,126.98,ssp126,2090,13.173,11.88,14.887,3.108,8.0
Seoul,37.57,126.98,ssp126,2091,12.694,11.331,14.226,3.082,8.0
Seoul,37.57,126.98,ssp126,2092,13.087,11.241,14.989,3.354,8.0
Seoul,37.57,126.98,ssp126,2093,12.9,10.694,14.414,3.09,8.0
Seoul,37.57,126.98,ssp126,2094,12.8,11.029,14.232,3.065,8.0
Seoul,37.57,126.98,ssp126,2095,12.961,11.706,14.758,3.665,8.0
Seoul,37.57,126.98,ssp126,2096,12.837,11.42,14.751,2.941,8.0
Seoul,37.57,126.98,ssp126,2097,12.767,10.884,14.976,3.168,8.0
Seoul,37.57,126.98,ssp126,2098,12.717,10.903,14.735,3.394,8.0
Seoul,37.57,126.98,ssp126,2099,12.82,11.196,14.305,3.25,8.0
Seoul,37.57,126.98,ssp126,2100,12.725,11.235,14.105,3.452,8.0
Seoul,37.57,126.98,ssp245,2015,11.852,9.935,13.646,3.147,8.0
Seoul,37.57,126.98,ssp245,2016,11.512,9.735,13.485,3.083,8.0
Seoul,37.57,126.98,ssp245,2017,11.842,10.287,13.536,2.983,8.0
Seoul,37.57,126.98,ssp245,2018,11.697,10.222,13.143,3.401,8.0
Seoul,37.57,126.98,ssp245,2019,11.669,9.64,13.789,2.959,8.0
Seoul,37.57,126.98,ssp245,2020,12.24,9.976,14.0,3.254,8.0
Seoul,37.57,126.98,ssp245,2021,11.888,9.378,13.597,3.182,8.0
Seoul,37.57,126.98,ssp245,2022,12.026,9.84,13.692,3.182,8.0
Seoul,37.57,126.98,ssp245,2023,11.994,10.158,13.471,3.054,8.0
Seoul,37.57,126.98,ssp245,2024,12.255,9.682,13.746,3.032,8.0
Seoul,37.57,126.98,ssp245,2025,12.092,10.024,13.603,3.027,8.0
Seoul,37.57,126.98,ssp245,2026,11.956,10.061,13.565,3.378,8.0
Seoul,37.57,126.98,ssp245,2027,11.992,10.503,14.07,3.026,8.0
Seoul,37.57,126.98,ssp245,2028,11.632,9.938,13.251,3.029,8.0
Seoul,37.57,126.98,ssp245,2029,11.964,10.191,13.579,2.892,8.0
Seoul,37.57,126.98,ssp245,2030,12.105,9.939,13.827,3.136,8.0
Seoul,37.57,126.98,ssp245,2031,12.621,10.842,14.243,2.65,8.0
Seoul,37.57,126.98,ssp245,2032,12.418,10.858,13.854,3.238,8.0
Seoul,37.57,126.98,ssp245,2033,12.059,10.805,13.281,2.974,8.0
Seoul,37.57,126.98,ssp245,2034,12.032,10.229,13.284,3.02,8.0
Seoul,37.57,126.98,ssp245,2035,12.278,10.919,13.672,3.01,8.0
Seoul,37.57,126.98,ssp245,2036,12.266,10.12,14.142,3.441,8.0
Seoul,37.57,126.98,ssp245,2037,12.416,10.874,14.281,2.943,8.0
Seoul,37.57,126.98,ssp245,2038,12.264,10.547,14.168,3.077,8.0
Seoul,37.57,126.98,ssp245,2039,12.502,10.08,14.176,3.081,8.0
Seoul,37.57,126.98,ssp245,2040,12.553,10.356,14.336,2.994,7.0
Seoul,37.57,126.98,ssp245,2041,12.279,10.439,14.149,3.096,7.0
Seoul,37.57,126.98,ssp245,2042,12.623,10.827,14.412,3.229,7.0
Seoul,37.57,126.98,ssp245,2043,12.552,10.771,14.178,3.111,7.0
Seoul,37.57,126.98,ssp245,2044,12.351,10.899,13.748,3.054,7.0
Seoul,37.57,126.98,ssp245,2045,12.483,10.755,14.6,2.907,7.0
Seoul,37.57,126.98,ssp245,2046,12.807,11.352,14.284,3.354,7.0
Seoul,37.57,126.98,ssp245,2047,12.71,10.579,14.838,3.135,7.0
Seoul,37.57,126.98,ssp245,2048,12.746,11.083,14.496,3.303,7.0
Seoul,37.57,126.98,ssp245,2049,12.72,10.651,15.025,2.998,7.0
Seoul,37.57,126.98,ssp245,2050,13.002,11.07,14.882,3.056,7.0
Seoul,37.57,126.98,ssp245,2051,12.97,11.309,14.411,2.893,7.0
Seoul,37.57,126.98,ssp245,2052,12.811,10.841,14.696,3.13,7.0
Seoul,37.57,126.98,ssp245,2053,13.023,11.329,14.73,2.972,7.0
Seoul,37.57,126.98,ssp245,2054,13.199,11.595,14.652,2.95,7.0
Seoul,37.57,126.98,ssp245,2055,13.138,11.104,14.96,3.134,7.0
Seoul,37.57,126.98,ssp245,2056,13.166,11.296,14.89,3.067,7.0
Seoul,37.57,126.98,ssp245,2057,13.089,11.117,14.682,3.155,7.0
Seoul,37.57,126.98,ssp245,2058,13.038,10.918,15.233,3.045,7.0
Seoul,37.57,126.98,ssp245,2059,13.47,11.581,14.996,3.217,7.0
Seoul,37.57,126.98,ssp245,2060,13.341,11.605,15.463,3.505,7.0
Seoul,37.57,126.98,ssp245,2061,13.314,11.428,15.158,2.925,7.0
Seoul,37.57,126.98,ssp245,2062,13.396,11.612,14.948,2.767,7.0
Seoul,37.57,126.98,ssp245,2063,13.242,11.678,15.186,3.244,7.0
Seoul,37.57,126.98,ssp245,2064,13.19,10.985,15.34,3.334,7.0
Seoul,37.57,126.98,ssp245,2065,13.188,11.394,14.989,3.253,7.0
Seoul,37.57,126.98,ssp245,2066,13.243,11.573,15.038,2.934,7.0
Seoul,37.57,126.98,ssp245,2067,13.563,11.886,15.543,3.419,7.0
Seoul,37.57,126.98,ssp245,2068,13.766,11.657,15.49,3.399,7.0
Seoul,37.57,126.98,ssp245,2069,13.464,11.433,15.584,3.072,7.0
Seoul,37.57,126.98,ssp245,2070,13.673,11.675,15.166,2.993,7.0
Seoul,37.57,126.98,ssp245,2071,13.646,11.723,15.502,3.283,7.0
Seoul,37.57,126.98,ssp245,2072,13.419,11.58,15.113,3.046,7.0
Seoul,37.57,126.98,ssp245,2073,13.165,11.604,15.158,3.056,7.0
Seoul,37.57,126.98,ssp245,2074,13.362,11.43,15.244,2.775,7.0
Seoul,37.57,126.98,ssp245,2075,13.681,12.166,15.307,3.255,7.0
Seoul,37.57,126.98,ssp245,2076,13.692,11.986,15.221,3.371,7.0
Seoul,37.57,126.98,ssp245,2077,13.832,11.555,15.981,3.116,7.0
Seoul,37.57,126.98,ssp245,2078,13.865,11.865,15.9,2.844,7.0
Seoul,37.57,126.98,ssp245,2079,13.995,11.989,15.884,3.434,7.0
Seoul,37.57,126.98,ssp245,2080,13.858,11.736,15.668,3.372,7.0
Seoul,37.57,126.98,ssp245,2081,14.191,12.115,16.154,3.656,7.0
Seoul,37.57,126.98,ssp245,2082,13.853,12.15,15.838,3.559,7.0
Seoul,37.57,126.98,ssp245,2083,13.681,11.748,15.544,3.826,7.0
Seoul,37.57,126.98,ssp245,2084,13.851,12.001,15.646,3.316,7.0
Seoul,37.57,126.98,ssp245,2085,14.346,12.827,15.753,3.067,7.0
Seoul,37.57,126.98,ssp245,2086,14.163,12.25,16.27,3.334,7.0
Seoul,37.57,126.98,ssp245,2087,13.923,11.868,16.1,3.0,7.0
Seoul,37.57,126.98,ssp245,2088,13.9,11.771,16.092,3.195,7.0
Seoul,37.57,126.98,ssp245,2089,13.816,11.346,16.009,2.856,7.0
Seoul,37.57,126.98,ssp245,2090,13.888,11.661,16.081,3.416,7.0
Seoul,37.57,126.98,ssp245,2091,13.701,11.662,16.081,3.255,7.0
Seoul,37.57,126.98,ssp245,2092,14.138,12.588,15.896,3.344,7.0
Seoul,37.57,126.98,ssp245,2093,14.01,11.935,15.718,3.331,7.0
Seoul,37.57,126.98,ssp245,2094,13.923,12.073,15.519,2.935,7.0
Seoul,37.57,126.98,ssp245,2095,14.019,12.165,16.155,3.258,7.0
Seoul,37.57,126.98,ssp245,2096,13.867,11.843,15.786,3.221,7.0
Seoul,37.57,126.98,ssp245,2097,13.89,11.855,16.173,3.413,7.0
Seoul,37.57,126.98,ssp245,2098,14.273,12.589,16.033,3.022,7.0
Seoul,37.57,126.98,ssp245,2099,13.853,11.809,16.026,3.335,7.0
Seoul,37.57,126.98,ssp245,2100,14.371,12.672,16.26,3.106,7.0
Seoul,37.57,126.98,ssp585,2015,11.518,9.557,13.166,2.933,8.0
Seoul,37.57,126.98,ssp585,2016,11.323,9.771,13.22,2.81,8.0
Seoul,37.57,126.98,ssp585,2017,11.55,9.763,13.119,3.242,8.0
Seoul,37.57,126.98,ssp585,2018,11.592,9.896,13.181,3.283,8.0
Seoul,37.57,126.98,ssp585,2019,11.544,9.642,13.728,3.068,8.0
Seoul,37.57,126.98,ssp585,2020,11.659,9.955,13.864,3.007,8.0
Seoul,37.57,126.98,ssp585,2021,11.784,10.075,13.381,3.042,8.0
Seoul,37.57,126.98,ssp585,2022,12.016,10.501,13.707,3.046,8.0
Seoul,37.57,126.98,ssp585,2023,11.835,9.508,13.91,2.842,8.0
Seoul,37.57,126.98,ssp585,2024,12.248,10.484,13.867,3.045,8.0
Seoul,37.57,126.98,ssp585,2025,11.994,10.414,13.88,3.181,8.0
Seoul,37.57,126.98,ssp585,2026,12.017,9.472,14.092,2.836,8.0
Seoul,37.57,126.98,ssp585,2027,12.004,10.405,14.136,3.217,8.0
Seoul,37.57,126.98,ssp585,2028,12.187,10.476,14.423,3.12,8.0
Seoul,37.57,126.98,ssp585,2029,12.401,10.534,14.045,3.074,8.0
Seoul,37.57,126.98,ssp585,2030,12.334,10.649,14.211,3.376,8.0
Seoul,37.57,126.98,ssp585,2031,12.092,10.213,13.785,3.184,8.0
Seoul,37.57,126.98,ssp585,2032,12.445,10.168,14.286,2.896,8.0
Seoul,37.57,126.98,ssp585,2033,12.521,10.158,14.341,2.903,8.0
Seoul,37.57,126.98,ssp585,2034,12.667,10.831,14.509,2.851,8.0
Seoul,37.57,126.98,ssp585,2035,12.464,10.658,14.506,3.152,8.0
Seoul,37.57,126.98,ssp585,2036,12.776,10.392,14.65,3.068,8.0
Seoul,37.57,126.98,ssp585,2037,12.594,11.123,14.523,3.273,8.0
Seoul,37.57,126.98,ssp585,2038,12.584,10.606,14.817,3.131,8.0
Seoul,37.57,126.98,ssp585,2039,12.74,10.754,14.881,3.145,8.0
Seoul,37.57,126.98,ssp585,2040,12.737,10.692,14.581,2.918,8.0
Seoul,37.57,126.98,ssp585,2041,12.794,11.087,14.473,3.099,8.0
Seoul,37.57,126.98,ssp585,2042,12.813,11.255,14.211,2.829,8.0
Seoul,37.57,126.98,ssp585,2043,13.13,11.242,14.965,2.993,8.0
Seoul,37.57,126.98,ssp585,2044,13.478,11.854,15.134,3.082,8.0
Seoul,37.57,126.98,ssp585,2045,13.483,11.603,15.447,3.189,8.0
Seoul,37.57,126.98,ssp585,2046,13.634,11.533,16.027,3.357,8.0
Seoul,37.57,126.98,ssp585,2047,13.033,10.854,14.885,3.597,8.0
Seoul,37.57,126.98,ssp585,2048,13.564,11.665,15.273,2.849,8.0
Seoul,37.57,126.98,ssp585,2049,13.454,11.715,15.713,3.184,8.0
Seoul,37.57,126.98,ssp585,2050,13.811,11.905,16.156,3.264,8.0
Seoul,37.57,126.98,ssp585,2051,13.912,12.158,15.561,3.07,8.0
Seoul,37.57,126.98,ssp585,2052,13.593,11.432,15.419,3.52,8.0
Seoul,37.57,126.98,ssp585,2053,13.733,11.821,15.719,2.897,8.0
Seoul,37.57,126.98,ssp585,2054,13.908,11.982,15.805,3.306,8.0
Seoul,37.57,126.98,ssp585,2055,13.995,12.158,15.746,3.624,8.0
Seoul,37.57,126.98,ssp585,2056,14.154,12.172,16.21,3.498,8.0
Seoul,37.57,126.98,ssp585,2057,14.223,12.465,15.863,3.068,8.0
Seoul,37.57,126.98,ssp585,2058,13.721,12.124,15.486,3.14,8.0
Seoul,37.57,126.98,ssp585,2059,13.971,11.895,15.804,3.112,8.0
Seoul,37.57,126.98,ssp585,2060,14.275,11.929,16.453,3.225,8.0
Seoul,37.57,126.98,ssp585,2061,14.222,12.133,16.112,3.083,8.0
Seoul,37.57,126.98,ssp585,2062,14.671,12.279,16.389,2.96,8.0
Seoul,37.57,126.98,ssp585,2063,14.509,12.483,16.405,3.607,8.0
Seoul,37.57,126.98,ssp585,2064,14.487,12.585,16.559,3.077,8.0
Seoul,37.57,126.98,ssp585,2065,14.601,12.758,16.341,3.032,8.0
Seoul,37.57,126.98,ssp585,2066,14.706,12.89,16.837,3.358,8.0
Seoul,37.57,126.98,ssp585,2067,14.686,12.481,16.61,3.331,8.0
Seoul,37.57,126.98,ssp585,2068,14.775,12.504,16.783,3.316,8.0
Seoul,37.57,126.98,ssp585,2069,14.887,12.846,17.195,3.102,8.0
Seoul,37.57,126.98,ssp585,2070,15.226,13.073,17.424,3.675,8.0
Seoul,37.57,126.98,ssp585,2071,15.086,13.088,17.327,3.547,8.0
Seoul,37.57,126.98,ssp585,2072,15.336,13.261,17.245,3.303,8.0
Seoul,37.57,126.98,ssp585,2073,15.246,13.288,17.192,3.122,8.0
Seoul,37.57,126.98,ssp585,2074,15.572,13.465,17.509,3.71,8.0
Seoul,37.57,126.98,ssp585,2075,15.587,13.231,17.528,3.681,8.0
Seoul,37.57,126.98,ssp585,2076,15.583,13.478,17.566,3.641,8.0
Seoul,37.57,126.98,ssp585,2077,15.495,12.956,17.944,3.08,8.0
Seoul,37.57,126.98,ssp585,2078,15.627,12.857,17.527,3.515,8.0
Seoul,37.57,126.98,ssp585,2079,15.515,13.102,17.613,3.161,8.0
Seoul,37.57,126.98,ssp585,2080,15.95,13.923,18.162,3.475,8.0
Seoul,37.57,126.98,ssp585,2081,15.935,13.212,18.468,3.66,8.0
Seoul,37.57,126.98,ssp585,2082,16.185,14.17,18.33,3.456,8.0
Seoul,37.57,126.98,ssp585,2083,15.991,13.456,18.44,3.423,8.0
Seoul,37.57,126.98,ssp585,2084,16.158,13.495,18.445,3.381,8.0
Seoul,37.57,126.98,ssp585,2085,16.344,14.033,18.528,3.451,8.0
Seoul,37.57,126.98,ssp585,2086,16.381,13.858,18.746,3.549,8.0
Seoul,37.57,126.98,ssp585,2087,16.47,13.572,19.099,3.566,8.0
Seoul,37.57,126.98,ssp585,2088,16.578,14.404,18.674,3.494,8.0
Seoul,37.57,126.98,ssp585,2089,16.459,13.818,18.806,3.397,8.0
Seoul,37.57,126.98,ssp585,2090,16.866,14.51,19.198,3.594,8.0
Seoul,37.57,126.98,ssp585,2091,17.0,14.594,19.003,3.974,8.0
Seoul,37.57,126.98,ssp585,2092,16.734,14.507,18.865,3.69,8.0
Seoul,37.57,126.98,ssp585,2093,17.186,14.632,19.317,3.401,8.0
Seoul,37.57,126.98,ssp585,2094,16.873,14.447,19.537,3.99,8.0
Seoul,37.57,126.98,ssp585,2095,17.387,14.767,19.956,3.574,8.0
Seoul,37.57,126.98,ssp585,2096,17.474,15.179,19.575,3.866,8.0
Seoul,37.57,126.98,ssp585,2097,17.183,14.734,19.557,3.63,8.0
Seoul,37.57,126.98,ssp585,2098,17.497,14.772,20.422,3.964,8.0
Seoul,37.57,126.98,ssp585,2099,17.402,14.621,20.216,3.676,8.0
Seoul,37.57,126.98,ssp585,2100,17.414,14.65,20.053,3.673,8.0
Singapore,1.35,103.82,historical,1850,26.454,25.532,27.328,7.638,8.0
Singapore,1.35,103.82,historical,1851,26.634,25.72,27.427,7.813,8.0
Singapore,1.35,103.82,historical,1852,26.75,25.71,27.795,7.576,8.0
Singapore,1.35,103.82,historical,1853,26.674,25.755,27.591,8.064,8.0
Singapore,1.35,103.82,historical,1854,26.588,25.725,27.676,7.971,8.0
Singapore,1.35,103.82,historical,1855,26.629,25.815,27.675,7.757,8.0
Singapore,1.35,103.82,historical,1856,26.716,25.73,27.717,7.912,8.0
Singapore,1.35,103.82,historical,1857,26.774,25.685,27.657,7.966,8.0
Singapore,1.35,103.82,historical,1858,26.763,25.728,27.704,7.31,8.0
Singapore,1.35,103.82,historical,1859,26.678,25.768,27.719,7.551,8.0
Singapore,1.35,103.82,historical,1860,26.627,25.828,27.523,7.838,8.0
Singapore,1.35,103.82,historical,1861,26.532,25.672,27.485,7.613,8.0
Singapore,1.35,103.82,historical,1862,26.547,25.619,27.595,7.74,8.0
Singapore,1.35,103.82,historical,1863,26.553,25.715,27.532,7.805,8.0
Singapore,1.35,103.82,historical,1864,26.533,25.672,27.433,7.457,8.0
Singapore,1.35,103.82,historical,1865,26.698,25.726,27.559,7.861,8.0
Singapore,1.35,103.82,historical,1866,26.599,25.733,27.427,7.697,8.0
Singapore,1.35,103.82,historical,1867,26.633,25.724,27.699,7.828,8.0
Singapore,1.35,103.82,historical,1868,26.544,25.791,27.416,7.811,8.0
Singapore,1.35,103.82,historical,1869,26.642,25.721,27.444,7.788,8.0
Singapore,1.35,103.82,historical,1870,26.66,25.683,27.471,7.585,8.0
Singapore,1.35,103.82,historical,1871,26.624,25.624,27.438,7.828,8.0
Singapore,1.35,103.82,historical,1872,26.717,25.946,27.454,7.978,8.0
Singapore,1.35,103.82,historical,1873,26.616,25.924,27.334,7.926,8.0
Singapore,1.35,103.82,historical,1874,26.666,25.698,27.679,8.206,8.0
Singapore,1.35,103.82,historical,1875,26.717,25.517,27.561,7.522,8.0
Singapore,1.35,103.82,historical,1876,26.735,25.786,27.933,7.887,8.0
Singapore,1.35,103.82,historical,1877,26.617,25.552,27.63,7.753,8.0
Singapore,1.35,103.82,historical,1878,26.557,25.539,27.654,8.22,8.0
Singapore,1.35,103.82,historical,1879,26.497,25.626,27.394,7.631,8.0
Singapore,1.35,103.82,historical,1880,26.611,25.754,27.398,7.519,8.0
Singapore,1.35,103.82,historical,1881,26.656,25.749,27.407,7.582,8.0
Singapore,1.35,103.82,historical,1882,26.671,25.763,27.648,7.694,8.0
Singapore,1.35,103.82,historical,1883,26.579,25.647,27.663,7.78,8.0
Singapore,1.35,103.82,historical,1884,26.221,25.325,26.977,7.42,8.0
Singapore,1.35,103.82,historical,1885,26.486,25.669,27.081,7.502,8.0
Singapore,1.35,103.82,historical,1886,26.509,25.492,27.494,7.607,8.0
Singapore,1.35,103.82,historical,1887,26.419,25.485,27.215,7.894,8.0
Singapore,1.35,103.82,historical,1888,26.558,25.746,27.329,7.671,8.0
Singapore,1.35,103.82,historical,1889,26.601,25.655,27.39,8.088,8.0
Singapore,1.35,103.82,historical,1890,26.58,25.62,27.576,7.923,8.0
Singapore,1.35,103.82,historical,1891,26.671,25.784,27.721,7.725,8.0
Singapore,1.35,103.82,historical,1892,26.602,25.779,27.532,7.466,8.0
Singapore,1.35,103.82,historical,1893,26.755,25.87,27.644,7.927,8.0
Singapore,1.35,103.82,historical,1894,26.643,25.822,27.457,7.746,8.0
Singapore,1.35,103.82,historical,1895,26.627,25.795,27.422,7.907,8.0
Singapore,1.35,103.82,historical,1896,26.664,25.699,27.436,7.542,8.0
Singapore,1.35,103.82,historical,1897,26.693,25.857,27.657,7.478,8.0
Singapore,1.35,103.82,historical,1898,26.717,25.865,27.77,8.241,8.0
Singapore,1.35,103.82,historical,1899,26.58,25.791,27.346,7.81,8.0
Singapore,1.35,103.82,historical,1900,26.683,25.778,27.456,7.192,8.0
Singapore,1.35,103.82,historical,1901,26.702,25.818,27.644,7.742,8.0
Singapore,1.35,103.82,historical,1902,26.735,25.872,27.617,8.352,8.0
Singapore,1.35,103.82,historical,1903,26.567,25.731,27.33,7.641,8.0
Singapore,1.35,103.82,historical,1904,26.794,25.918,27.738,7.413,8.0
Singapore,1.35,103.82,historical,1905,26.696,26.043,27.418,7.678,8.0
Singapore,1.35,103.82,historical,1906,26.725,25.823,27.838,7.816,8.0
Singapore,1.35,103.82,historical,1907,26.661,25.809,27.603,7.61,8.0
Singapore,1.35,103.82,historical,1908,26.799,25.774,27.953,7.807,8.0
Singapore,1.35,103.82,historical,1909,26.719,25.754,27.851,7.673,8.0
Singapore,1.35,103.82,historical,1910,26.736,25.79,27.568,7.457,8.0
Singapore,1.35,103.82,historical,1911,26.735,25.751,27.566,7.988,8.0
Singapore,1.35,103.82,historical,1912,26.806,25.924,27.757,7.318,8.0
Singapore,1.35,103.82,historical,1913,26.779,25.794,27.576,7.262,8.0
Singapore,1.35,103.82,historical,1914,26.813,25.914,27.767,8.141,8.0
Singapore,1.35,103.82,historical,1915,26.608,25.698,27.487,7.647,8.0
Singapore,1.35,103.82,historical,1916,26.687,25.589,27.939,7.84,8.0
Singapore,1.35,103.82,historical,1917,26.595,25.575,27.521,7.781,8.0
Singapore,1.35,103.82,historical,1918,26.729,25.83,27.572,7.727,8.0
Singapore,1.35,103.82,historical,1919,26.831,25.904,27.585,7.562,8.0
Singapore,1.35,103.82,historical,1920,26.83,25.782,27.639,7.347,8.0
Singapore,1.35,103.82,historical,1921,26.902,26.027,27.88,7.905,8.0
Singapore,1.35,103.82,historical,1922,26.796,25.878,27.475,7.742,8.0
Singapore,1.35,103.82,historical,1923,26.846,25.892,27.52,7.925,8.0
Singapore,1.35,103.82,historical,1924,26.613,25.64,27.569,7.766,8.0
Singapore,1.35,103.82,historical,1925,26.697,25.705,27.687,7.619,8.0
Singapore,1.35,103.82,historical,1926,26.778,25.749,27.768,7.579,8.0
Singapore,1.35,103.82,historical,1927,26.863,25.805,27.745,7.54,8.0
Singapore,1.35,103.82,historical,1928,26.927,25.841,27.687,7.167,8.0
Singapore,1.35,103.82,historical,1929,26.757,25.705,27.542,7.589,8.0
Singapore,1.35,103.82,historical,1930,26.798,25.923,27.635,8.008,8.0
Singapore,1.35,103.82,historical,1931,26.621,25.666,27.508,7.417,8.0
Singapore,1.35,103.82,historical,1932,26.743,25.964,27.544,7.009,8.0
Singapore,1.35,103.82,historical,1933,26.767,25.892,27.547,7.341,8.0
Singapore,1.35,103.82,historical,1934,26.917,25.959,27.876,7.631,8.0
Singapore,1.35,103.82,historical,1935,26.82,25.853,27.936,7.701,8.0
Singapore,1.35,103.82,historical,1936,26.794,25.798,27.69,7.79,8.0
Singapore,1.35,103.82,historical,1937,26.745,25.936,27.743,7.497,8.0
Singapore,1.35,103.82,historical,1938,26.913,26.015,27.842,7.802,8.0
Singapore,1.35,103.82,historical,1939,27.035,26.007,27.841,7.369,8.0
Singapore,1.35,103.82,historical,1940,26.931,25.884,27.615,7.293,8.0
Singapore,1.35,103.82,historical,1941,26.884,25.962,27.855,7.001,8.0
Singapore,1.35,103.82,historical,1942,26.947,26.249,27.742,7.588,8.0
Singapore,1.35,103.82,historical,1943,26.997,26.075,27.835,7.519,8.0
Singapore,1.35,103.82,historical,1944,26.943,26.057,27.646,7.558,8.0
Singapore,1.35,103.82,historical,1945,26.843,25.86,27.711,7.189,8.0
Singapore,1.35,103.82,historical,1946,26.769,25.941,27.725,7.375,8.0
Singapore,1.35,103.82,historical,1947,26.924,26.049,27.752,7.818,8.0
Singapore,1.35,103.82,historical,1948,26.934,26.09,27.592,7.491,8.0
Singapore,1.35,103.82,historical,1949,26.933,25.91,27.982,7.518,8.0
Singapore,1.35,103.82,historical,1950,26.815,26.009,27.575,7.694,8.0
Singapore,1.35,103.82,historical,1951,26.875,25.937,27.847,7.432,8.0
Singapore,1.35,103.82,historical,1952,26.886,25.878,27.739,7.138,8.0
Singapore,1.35,103.82,historical,1953,26.883,25.876,27.716,7.425,8.0
Singapore,1.35,103.82,historical,1954,26.785,25.908,27.773,8.213,8.0
Singapore,1.35,103.82,historical,1955,26.8,25.888,27.722,7.906,8.0
Singapore,1.35,103.82,historical,1956,26.835,25.918,27.955,7.552,8.0
Singapore,1.35,103.82,historical,1957,26.913,26.207,27.565,7.916,8.0
Singapore,1.35,103.82,historical,1958,26.98,26.249,27.713,8.23,8.0
Singapore,1.35,103.82,historical,1959,26.996,25.824,27.76,7.448,8.0
Singapore,1.35,103.82,historical,1960,26.899,25.97,27.886,7.678,8.0
Singapore,1.35,103.82,historical,1961,26.918,26.109,27.79,7.64,8.0
Singapore,1.35,103.82,historical,1962,26.854,25.949,27.716,7.032,8.0
Singapore,1.35,103.82,historical,1963,26.853,25.846,27.566,7.397,8.0
Singapore,1.35,103.82,historical,1964,26.634,25.703,27.659,7.486,8.0
Singapore,1.35,103.82,historical,1965,26.653,25.926,27.376,7.429,8.0
Singapore,1.35,103.82,historical,1966,26.816,26.075,27.642,7.893,8.0
Singapore,1.35,103.82,historical,1967,26.793,26.074,27.504,7.221,8.0
Singapore,1.35,103.82,historical,1968,26.814,25.89,27.529,7.885,8.0
Singapore,1.35,103.82,historical,1969,26.87,25.836,27.804,7.249,8.0
Singapore,1.35,103.82,historical,1970,26.933,25.973,27.826,7.639,8.0
Singapore,1.35,103.82,historical,1971,26.781,25.987,27.58,7.228,8.0
Singapore,1.35,103.82,historical,1972,26.841,25.924,27.697,6.906,8.0
Singapore,1.35,103.82,historical,1973,27.044,26.13,27.776,7.286,8.0
Singapore,1.35,103.82,historical,1974,26.917,26.06,27.538,7.345,8.0
Singapore,1.35,103.82,historical,1975,26.898,25.898,27.688,7.629,8.0
Singapore,1.35,103.82,historical,1976,26.881,26.044,27.547,7.377,8.0
Singapore,1.35,103.82,historical,1977,26.928,26.013,27.597,7.267,8.0
Singapore,1.35,103.82,historical,1978,27.052,26.157,27.718,7.41,8.0
Singapore,1.35,103.82,historical,1979,27.042,25.987,27.987,7.442,8.0
Singapore,1.35,103.82,historical,1980,26.947,26.29,27.545,7.775,8.0
Singapore,1.35,103.82,historical,1981,26.952,26.288,27.587,7.101,8.0
Singapore,1.35,103.82,historical,1982,27.015,26.066,27.939,7.421,8.0
Singapore,1.35,103.82,historical,1983,26.993,26.127,27.879,7.153,8.0
Singapore,1.35,103.82,historical,1984,27.097,26.109,27.759,7.24,8.0
Singapore,1.35,103.82,historical,1985,27.057,26.185,27.758,7.602,8.0
Singapore,1.35,103.82,historical,1986,27.021,26.148,27.909,7.526,8.0
Singapore,1.35,103.82,historical,1987,27.026,26.134,27.908,7.495,8.0
Singapore,1.35,103.82,historical,1988,27.075,26.073,28.002,7.471,8.0
Singapore,1.35,103.82,historical,1989,27.117,25.976,28.009,7.239,8.0
Singapore,1.35,103.82,historical,1990,27.22,26.321,27.898,7.263,8.0
Singapore,1.35,103.82,historical,1991,27.127,26.2,27.955,7.561,8.0
Singapore,1.35,103.82,historical,1992,26.699,25.872,27.444,7.503,8.0
Singapore,1.35,103.82,historical,1993,26.809,25.898,27.636,7.039,8.0
Singapore,1.35,103.82,historical,1994,27.013,25.931,28.136,7.332,8.0
Singapore,1.35,103.82,historical,1995,27.104,26.351,27.896,7.445,8.0
Singapore,1.35,103.82,historical,1996,27.163,26.254,28.038,7.51,8.0
Singapore,1.35,103.82,historical,1997,27.217,26.372,27.957,7.432,8.0
Singapore,1.35,103.82,historical,1998,27.173,26.327,27.827,7.633,8.0
Singapore,1.35,103.82,historical,1999,27.197,26.294,27.887,7.377,8.0
Singapore,1.35,103.82,historical,2000,27.361,26.419,28.274,7.737,8.0
Singapore,1.35,103.82,historical,2001,27.56,26.719,28.264,6.857,8.0
Singapore,1.35,103.82,historical,2002,27.541,26.607,28.227,7.147,8.0
Singapore,1.35,103.82,historical,2003,27.489,26.259,28.331,7.201,8.0
Singapore,1.35,103.82,historical,2004,27.481,26.654,28.336,7.502,8.0
Singapore,1.35,103.82,historical,2005,27.429,26.426,28.355,7.876,8.0
Singapore,1.35,103.82,historical,2006,27.49,26.512,28.637,7.437,8.0
Singapore,1.35,103.82,historical,2007,27.516,26.669,28.33,7.377,8.0
Singapore,1.35,103.82,historical,2008,27.543,26.631,28.267,6.745,8.0
Singapore,1.35,103.82,historical,2009,27.483,26.484,28.201,7.705,8.0
Singapore,1.35,103.82,historical,2010,27.473,26.537,28.407,7.351,8.0
Singapore,1.35,103.82,historical,2011,27.443,26.369,28.357,7.485,8.0
Singapore,1.35,103.82,historical,2012,27.563,26.393,28.645,7.582,8.0
Singapore,1.35,103.82,historical,2013,27.572,26.423,28.377,8.207,8.0
Singapore,1.35,103.82,historical,2014,27.557,26.473,28.473,7.47,8.0
Singapore,1.35,103.82,ssp126,2015,27.615,26.509,28.673,7.853,8.0
Singapore,1.35,103.82,ssp126,2016,27.523,26.41,28.585,7.305,8.0
Singapore,1.35,103.82,ssp126,2017,27.688,26.516,28.755,7.297,8.0
Singapore,1.35,103.82,ssp126,2018,27.641,26.454,28.737,7.703,8.0
Singapore,1.35,103.82,ssp126,2019,27.792,26.776,28.837,7.567,8.0
Singapore,1.35,103.82,ssp126,2020,27.898,26.842,28.892,8.231,8.0
Singapore,1.35,103.82,ssp126,2021,27.729,26.639,28.613,7.565,8.0
Singapore,1.35,103.82,ssp126,2022,27.769,26.619,28.78,7.428,8.0
Singapore,1.35,103.82,ssp126,2023,27.707,26.502,28.816,7.895,8.0
Singapore,1.35,103.82,ssp126,2024,27.827,26.773,28.932,7.977,8.0
Singapore,1.35,103.82,ssp126,2025,27.953,26.703,29.035,7.904,8.0
Singapore,1.35,103.82,ssp126,2026,27.923,26.814,28.808,7.878,8.0
Singapore,1.35,103.82,ssp126,2027,27.815,26.737,28.927,7.964,8.0
Singapore,1.35,103.82,ssp126,2028,27.874,26.873,28.803,7.432,8.0
Singapore,1.35,103.82,ssp126,2029,28.045,27.045,28.996,7.803,8.0
Singapore,1.35,103.82,ssp126,2030,28.027,26.987,29.024,6.841,8.0
Singapore,1.35,103.82,ssp126,2031,28.042,26.805,29.087,7.925,8.0
Singapore,1.35,103.82,ssp126,2032,27.85,26.637,28.905,8.266,8.0
Singapore,1.35,103.82,ssp126,2033,27.926,26.83,29.044,7.295,8.0
Singapore,1.35,103.82,ssp126,2034,28.075,26.862,29.017,7.228,8.0
Singapore,1.35,103.82,ssp126,2035,28.1,26.835,29.046,7.371,8.0
Singapore,1.35,103.82,ssp126,2036,28.298,27.225,29.178,7.623,8.0
Singapore,1.35,103.82,ssp126,2037,28.266,27.102,29.334,7.369,8.0
Singapore,1.35,103.82,ssp126,2038,28.032,26.784,29.251,7.516,8.0
Singapore,1.35,103.82,ssp126,2039,28.092,26.68,29.201,7.817,8.0
Singapore,1.35,103.82,ssp126,2040,28.207,26.942,29.241,7.428,8.0
Singapore,1.35,103.82,ssp126,2041,28.299,27.04,29.417,7.895,8.0
Singapore,1.35,103.82,ssp126,2042,28.313,27.125,29.449,7.444,8.0
Singapore,1.35,103.82,ssp126,2043,28.314,27.243,29.535,7.769,8.0
Singapore,1.35,103.82,ssp126,2044,28.213,26.981,29.409,7.448,8.0
Singapore,1.35,103.82,ssp126,2045,28.211,26.929,29.256,7.781,8.0
Singapore,1.35,103.82,ssp126,2046,28.357,27.197,29.657,7.375,8.0
Singapore,1.35,103.82,ssp126,2047,28.313,27.088,29.485,7.839,8.0
Singapore,1.35,103.82,ssp126,2048,28.276,27.01,29.301,7.683,8.0
Singapore,1.35,103.82,ssp126,2049,28.304,27.13,29.284,7.571,8.0
Singapore,1.35,103.82,ssp126,2050,28.321,27.115,29.407,7.374,8.0
Singapore,1.35,103.82,ssp126,2051,28.362,27.272,29.338,7.37,8.0
Singapore,1.35,103.82,ssp126,2052,28.355,27.058,29.495,7.118,8.0
Singapore,1.35,103.82,ssp126,2053,28.223,26.929,29.516,7.24,8.0
Singapore,1.35,103.82,ssp126,2054,28.323,26.973,29.456,7.52,8.0
Singapore,1.35,103.82,ssp126,2055,28.381,27.251,29.497,7.363,8.0
Singapore,1.35,103.82,ssp126,2056,28.346,27.001,29.708,7.552,8.0
Singapore,1.35,103.82,ssp126,2057,28.415,27.019,29.487,8.26,8.0
Singapore,1.35,103.82,ssp126,2058,28.249,26.954,29.462,8.074,8.0
Singapore,1.35,103.82,ssp126,2059,28.387,27.027,29.502,7.564,8.0
Singapore,1.35,103.82,ssp126,2060,28.57,27.34,29.747,7.581,8.0
Singapore,1.35,103.82,ssp126,2061,28.411,27.359,29.557,7.362,8.0
Singapore,1.35,103.82,ssp126,2062,28.443,26.92,29.702,7.78,8.0
Singapore,1.35,103.82,ssp126,2063,28.479,27.208,29.728,7.324,8.0
Singapore,1.35,103.82,ssp126,2064,28.383,26.984,29.568,7.716,8.0
Singapore,1.35,103.82,ssp126,2065,28.379,27.04,29.642,7.022,8.0
Singapore,1.35,103.82,ssp126,2066,28.6,27.319,29.786,7.024,8.0
Singapore,1.35,103.82,ssp126,2067,28.468,27.385,29.535,7.917,8.0
Singapore,1.35,103.82,ssp126,2068,28.386,26.978,29.717,7.957,8.0
Singapore,1.35,103.82,ssp126,2069,28.443,27.077,29.672,7.104,8.0
Singapore,1.35,103.82,ssp126,2070,28.349,27.132,29.406,7.831,8.0
Singapore,1.35,103.82,ssp126,2071,28.349,26.968,29.552,7.769,8.0
Singapore,1.35,103.82,ssp126,2072,28.386,27.137,29.636,7.31,8.0
Singapore,1.35,103.82,ssp126,2073,28.465,26.978,29.58,7.381,8.0
Singapore,1.35,103.82,ssp126,2074,28.487,27.339,29.703,6.874,8.0
Singapore,1.35,103.82,ssp126,2075,28.399,27.079,29.622,8.134,8.0
Singapore,1.35,103.82,ssp126,2076,28.447,27.065,29.881,7.317,8.0
Singapore,1.35,103.82,ssp126,2077,28.465,27.278,29.843,7.585,8.0
Singapore,1.35,103.82,ssp126,2078,28.475,27.275,29.572,7.123,8.0
Singapore,1.35,103.82,ssp126,2079,28.453,27.025,29.759,7.752,8.0
Singapore,1.35,103.82,ssp126,2080,28.321,26.983,29.599,7.964,8.0
Singapore,1.35,103.82,ssp126,2081,28.428,27.3,29.502,7.223,8.0
Singapore,1.35,103.82,ssp126,2082,28.543,27.302,29.696,7.323,8.0
Singapore,1.35,103.82,ssp126,2083,28.332,26.686,29.627,8.221,8.0
Singapore,1.35,103.82,ssp126,2084,28.31,26.961,29.477,7.398,8.0
Singapore,1.35,103.82,ssp126,2085,28.406,27.15,29.482,6.937,8.0
Singapore,1.35,103.82,ssp126,2086,28.516,27.395,29.511,7.929,8.0
Singapore,1.35,103.82,ssp126,2087,28.313,26.967,29.437,7.637,8.0
Singapore,1.35,103.82,ssp126,2088,28.375,26.958,29.665,7.723,8.0
Singapore,1.35,103.82,ssp126,2089,28.356,27.177,29.546,7.043,8.0
Singapore,1.35,103.82,ssp126,2090,28.409,27.249,29.66,7.09,8.0
Singapore,1.35,103.82,ssp126,2091,28.4,26.937,29.712,7.925,8.0
Singapore,1.35,103.82,ssp126,2092,28.422,27.072,29.58,7.181,8.0
Singapore,1.35,103.82,ssp126,2093,28.335,27.159,29.519,7.665,8.0
Singapore,1.35,103.82,ssp126,2094,28.36,26.916,29.703,7.097,8.0
Singapore,1.35,103.82,ssp126,2095,28.428,27.169,29.69,7.303,8.0
Singapore,1.35,103.82,ssp126,2096,28.493,27.176,29.692,7.419,8.0
Singapore,1.35,103.82,ssp126,2097,28.363,26.775,29.648,7.736,8.0
Singapore,1.35,103.82,ssp126,2098,28.183,26.639,29.527,7.807,8.0
Singapore,1.35,103.82,ssp126,2099,28.306,27.026,29.541,7.425,8.0
Singapore,1.35,103.82,ssp126,2100,28.464,27.275,29.638,7.123,8.0
Singapore,1.35,103.82,ssp245,2015,27.563,26.53,28.557,7.477,8.0
Singapore,1.35,103.82,ssp245,2016,27.596,26.407,28.604,7.642,8.0
Singapore,1.35,103.82,ssp245,2017,27.658,26.465,28.699,6.798,8.0
Singapore,1.35,103.82,ssp245,2018,27.899,26.844,28.903,7.48,8.0
Singapore,1.35,103.82,ssp245,2019,27.784,26.864,28.6,7.517,8.0
Singapore,1.35,103.82,ssp245,2020,27.737,26.716,28.741,7.723,8.0
Singapore,1.35,103.82,ssp245,2021,27.699,26.67,28.671,7.694,8.0
Singapore,1.35,103.82,ssp245,2022,27.709,26.39,28.945,7.417,8.0
Singapore,1.35,103.82,ssp245,2023,27.809,26.778,28.781,7.311,8.0
Singapore,1.35,103.82,ssp245,2024,28.008,26.92,28.918,7.578,8.0
Singapore,1.35,103.82,ssp245,2025,27.992,26.825,28.862,7.398,8.0
Singapore,1.35,103.82,ssp245,2026,28.08,26.89,29.022,7.048,8.0
Singapore,1.35,103.82,ssp245,2027,27.927,26.82,29.063,7.245,8.0
Singapore,1.35,103.82,ssp245,2028,27.967,26.991,28.886,7.811,8.0
Singapore,1.35,103.82,ssp245,2029,27.937,26.821,29.145,7.426,8.0
Singapore,1.35,103.82,ssp245,2030,28.113,27.198,29.08,6.986,8.0
Singapore,1.35,103.82,ssp245,2031,28.19,26.95,29.307,7.425,8.0
Singapore,1.35,103.82,ssp245,2032,28.148,27.07,29.254,7.603,8.0
Singapore,1.35,103.82,ssp245,2033,28.151,26.789,29.418,7.293,8.0
Singapore,1.35,103.82,ssp245,2034,28.133,27.164,29.128,6.664,8.0
Singapore,1.35,103.82,ssp245,2035,28.216,27.062,29.352,7.897,8.0
Singapore,1.35,103.82,ssp245,2036,28.144,26.906,29.405,7.778,8.0
Singapore,1.35,103.82,ssp245,2037,28.266,27.201,29.335,7.101,8.0
Singapore,1.35,103.82,ssp245,2038,28.437,27.326,29.464,7.803,8.0
Singapore,1.35,103.82,ssp245,2039,28.399,27.27,29.364,7.897,8.0
Singapore,1.35,103.82,ssp245,2040,28.473,26.932,29.503,7.767,7.0
Singapore,1.35,103.82,ssp245,2041,28.413,27.075,29.539,7.85,7.0
Singapore,1.35,103.82,ssp245,2042,28.449,26.899,29.674,7.65,7.0
Singapore,1.35,103.82,ssp245,2043,28.555,27.041,29.712,7.732,7.0
Singapore,1.35,103.82,ssp245,2044,28.472,27.041,29.588,7.828,7.0
Singapore,1.35,103.82,ssp245,2045,28.416,26.97,29.656,8.336,7.0
Singapore,1.35,103.82,ssp245,2046,28.426,27.069,29.525,7.893,7.0
Singapore,1.35,103.82,ssp245,2047,28.578,27.191,29.873,6.874,7.0
Singapore,1.35,103.82,ssp245,2048,28.593,27.022,29.67,8.255,7.0
Singapore,1.35,103.82,ssp245,2049,28.827,27.575,29.852,7.851,7.0
Singapore,1.35,103.82,ssp245,2050,28.663,27.132,29.793,7.542,7.0
Singapore,1.35,103.82,ssp245,2051,28.675,27.246,29.798,8.186,7.0
Singapore,1.35,103.82,ssp245,2052,28.66,27.26,29.862,6.944,7.0
Singapore,1.35,103.82,ssp245,2053,28.773,27.134,30.13,7.859,7.0
Singapore,1.35,103.82,ssp245,2054,28.68,27.104,29.785,8.188,7.0
Singapore,1.35,103.82,ssp245,2055,28.659,27.341,29.679,7.055,7.0
Singapore,1.35,103.82,ssp245,2056,28.938,27.493,30.062,7.242,7.0
Singapore,1.35,103.82,ssp245,2057,28.877,27.515,29.908,7.893,7.0
Singapore,1.35,103.82,ssp245,2058,28.888,27.169,30.139,7.811,7.0
Singapore,1.35,103.82,ssp245,2059,28.892,27.354,30.222,7.397,7.0
Singapore,1.35,103.82,ssp245,2060,28.932,27.535,30.013,8.202,7.0
Singapore,1.35,103.82,ssp245,2061,28.841,27.175,30.049,7.795,7.0
Singapore,1.35,103.82,ssp245,2062,28.942,27.249,30.314,8.099,7.0
Singapore,1.35,103.82,ssp245,2063,28.994,27.649,30.119,7.81,7.0
Singapore,1.35,103.82,ssp245,2064,29.107,27.729,30.134,7.992,7.0
Singapore,1.35,103.82,ssp245,2065,29.018,27.293,30.209,8.01,7.0
Singapore,1.35,103.82,ssp245,2066,28.94,27.44,30.029,8.358,7.0
Singapore,1.35,103.82,ssp245,2067,28.927,27.36,30.076,6.978,7.0
Singapore,1.35,103.82,ssp245,2068,29.118,27.663,30.249,7.571,7.0
Singapore,1.35,103.82,ssp245,2069,28.983,27.492,30.115,7.975,7.0
Singapore,1.35,103.82,ssp245,2070,29.177,27.519,30.428,7.508,7.0
Singapore,1.35,103.82,ssp245,2071,29.102,27.508,30.286,7.793,7.0
Singapore,1.35,103.82,ssp245,2072,29.21,27.681,30.463,7.365,7.0
Singapore,1.35,103.82,ssp245,2073,29.282,27.562,30.767,7.422,7.0
Singapore,1.35,103.82,ssp245,2074,29.275,27.553,30.529,7.163,7.0
Singapore,1.35,103.82,ssp245,2075,29.37,27.715,30.616,7.806,7.0
Singapore,1.35,103.82,ssp245,2076,29.274,27.713,30.511,7.83,7.0
Singapore,1.35,103.82,ssp245,2077,29.297,27.59,30.687,7.326,7.0
Singapore,1.35,103.82,ssp245,2078,29.229,27.384,30.451,7.599,7.0
Singapore,1.35,103.82,ssp245,2079,29.24,27.583,30.585,7.781,7.0
Singapore,1.35,103.82,ssp245,2080,29.356,27.799,30.654,8.249,7.0
Singapore,1.35,103.82,ssp245,2081,29.296,27.473,30.544,8.082,7.0
Singapore,1.35,103.82,ssp245,2082,29.302,27.664,30.569,7.544,7.0
Singapore,1.35,103.82,ssp245,2083,29.449,28.015,30.617,7.76,7.0
Singapore,1.35,103.82,ssp245,2084,29.371,27.502,30.727,7.686,7.0
Singapore,1.35,103.82,ssp245,2085,29.431,27.792,30.627,7.046,7.0
Singapore,1.35,103.82,ssp245,2086,29.417,27.884,30.642,7.717,7.0
Singapore,1.35,103.82,ssp245,2087,29.355,27.571,30.528,7.883,7.0
Singapore,1.35,103.82,ssp245,2088,29.365,27.631,30.633,7.907,7.0
Singapore,1.35,103.82,ssp245,2089,29.491,28.088,30.695,6.775,7.0
Singapore,1.35,103.82,ssp245,2090,29.505,27.915,30.803,7.902,7.0
Singapore,1.35,103.82,ssp245,2091,29.433,27.505,30.786,7.706,7.0
Singapore,1.35,103.82,ssp245,2092,29.481,27.739,30.659,7.339,7.0
Singapore,1.35,103.82,ssp245,2093,29.525,27.759,30.96,7.8,7.0
Singapore,1.35,103.82,ssp245,2094,29.414,27.719,30.614,7.485,7.0
Singapore,1.35,103.82,ssp245,2095,29.667,28.142,30.752,7.224,7.0
Singapore,1.35,103.82,ssp245,2096,29.622,27.474,31.247,7.453,7.0
Singapore,1.35,103.82,ssp245,2097,29.645,27.793,30.821,7.49,7.0
Singapore,1.35,103.82,ssp245,2098,29.525,28.067,30.637,7.519,7.0
Singapore,1.35,103.82,ssp245,2099,29.569,27.588,30.99,8.387,7.0
Singapore,1.35,103.82,ssp245,2100,29.442,27.779,30.477,7.39,7.0
Singapore,1.35,103.82,ssp585,2015,27.511,26.466,28.419,7.526,8.0
Singapore,1.35,103.82,ssp585,2016,27.502,26.16,28.556,8.312,8.0
Singapore,1.35,103.82,ssp585,2017,27.664,26.553,28.674,7.547,8.0
Singapore,1.35,103.82,ssp585,2018,27.646,26.539,28.804,6.531,8.0
Singapore,1.35,103.82,ssp585,2019,27.946,26.733,29.144,7.421,8.0
Singapore,1.35,103.82,ssp585,2020,27.769,26.584,28.765,8.32,8.0
Singapore,1.35,103.82,ssp585,2021,27.739,26.582,28.872,7.622,8.0
Singapore,1.35,103.82,ssp585,2022,27.735,26.359,28.857,7.534,8.0
Singapore,1.35,103.82,ssp585,2023,27.82,26.767,28.743,6.812,8.0
Singapore,1.35,103.82,ssp585,2024,27.779,26.553,28.883,8.081,8.0
Singapore,1.35,103.82,ssp585,2025,27.957,26.993,28.935,7.585,8.0
Singapore,1.35,103.82,ssp585,2026,27.952,26.911,28.981,7.283,8.0
Singapore,1.35,103.82,ssp585,2027,27.979,26.791,29.103,7.221,8.0
Singapore,1.35,103.82,ssp585,2028,28.047,26.842,29.252,7.481,8.0
Singapore,1.35,103.82,ssp585,2029,28.036,26.77,29.061,8.07,8.0
Singapore,1.35,103.82,ssp585,2030,27.899,26.635,28.917,7.846,8.0
Singapore,1.35,103.82,ssp585,2031,28.305,27.018,29.287,7.961,8.0
Singapore,1.35,103.82,ssp585,2032,28.233,27.29,29.099,7.492,8.0
Singapore,1.35,103.82,ssp585,2033,28.255,26.984,29.425,7.625,8.0
Singapore,1.35,103.82,ssp585,2034,28.068,26.738,29.473,7.607,8.0
Singapore,1.35,103.82,ssp585,2035,28.182,26.835,29.341,7.917,8.0
Singapore,1.35,103.82,ssp585,2036,28.332,27.299,29.318,7.473,8.0
Singapore,1.35,103.82,ssp585,2037,28.409,27.251,29.421,7.932,8.0
Singapore,1.35,103.82,ssp585,2038,28.251,27.035,29.468,7.924,8.0
Singapore,1.35,103.82,ssp585,2039,28.238,27.035,29.385,6.961,8.0
Singapore,1.35,103.82,ssp585,2040,28.651,27.555,29.761,6.74,8.0
Singapore,1.35,103.82,ssp585,2041,28.584,27.172,29.759,7.872,8.0
Singapore,1.35,103.82,ssp585,2042,28.351,26.92,29.619,7.527,8.0
Singapore,1.35,103.82,ssp585,2043,28.48,26.931,29.643,7.28,8.0
Singapore,1.35,103.82,ssp585,2044,28.652,27.241,29.769,7.298,8.0
Singapore,1.35,103.82,ssp585,2045,28.617,27.263,29.788,7.871,8.0
Singapore,1.35,103.82,ssp585,2046,28.776,27.441,29.976,6.683,8.0
Singapore,1.35,103.82,ssp585,2047,28.922,27.583,29.894,7.755,8.0
Singapore,1.35,103.82,ssp585,2048,28.799,27.49,30.006,7.437,8.0
Singapore,1.35,103.82,ssp585,2049,28.862,27.657,29.937,7.032,8.0
Singapore,1.35,103.82,ssp585,2050,28.956,27.48,30.237,7.244,8.0
Singapore,1.35,103.82,ssp585,2051,28.96,27.709,30.457,7.218,8.0
Singapore,1.35,103.82,ssp585,2052,29.131,27.7,30.514,7.366,8.0
Singapore,1.35,103.82,ssp585,2053,29.195,27.667,30.498,8.046,8.0
Singapore,1.35,103.82,ssp585,2054,29.065,27.701,30.309,7.639,8.0
Singapore,1.35,103.82,ssp585,2055,29.171,27.512,30.682,7.251,8.0
Singapore,1.35,103.82,ssp585,2056,29.215,27.783,30.498,7.099,8.0
Singapore,1.35,103.82,ssp585,2057,29.29,27.983,30.706,6.789,8.0
Singapore,1.35,103.82,ssp585,2058,29.494,27.898,30.757,7.267,8.0
Singapore,1.35,103.82,ssp585,2059,29.383,27.63,30.764,7.637,8.0
Singapore,1.35,103.82,ssp585,2060,29.379,27.782,30.86,7.33,8.0
Singapore,1.35,103.82,ssp585,2061,29.399,27.881,30.677,6.155,8.0
Singapore,1.35,103.82,ssp585,2062,29.466,27.974,30.883,7.051,8.0
Singapore,1.35,103.82,ssp585,2063,29.687,27.919,31.079,7.117,8.0
Singapore,1.35,103.82,ssp585,2064,29.683,28.009,31.155,7.681,8.0
Singapore,1.35,103.82,ssp585,2065,29.627,27.928,31.133,7.591,8.0
Singapore,1.35,103.82,ssp585,2066,29.642,28.013,31.088,7.19,8.0
Singapore,1.35,103.82,ssp585,2067,29.925,28.247,31.512,7.054,8.0
Singapore,1.35,103.82,ssp585,2068,29.727,28.012,31.36,8.116,8.0
Singapore,1.35,103.82,ssp585,2069,29.802,27.949,31.358,7.34,8.0
Singapore,1.35,103.82,ssp585,2070,29.973,28.402,31.492,6.773,8.0
Singapore,1.35,103.82,ssp585,2071,30.158,28.698,31.501,6.727,8.0
Singapore,1.35,103.82,ssp585,2072,30.021,28.165,31.694,7.415,8.0
Singapore,1.35,103.82,ssp585,2073,30.059,28.089,31.581,6.996,8.0
Singapore,1.35,103.82,ssp585,2074,30.289,28.599,31.838,7.298,8.0
Singapore,1.35,103.82,ssp585,2075,30.29,28.796,31.63,6.201,8.0
Singapore,1.35,103.82,ssp585,2076,30.283,28.135,32.07,7.662,8.0
Singapore,1.35,103.82,ssp585,2077,30.146,28.085,31.804,7.693,8.0
Singapore,1.35,103.82,ssp585,2078,30.29,28.387,31.847,6.926,8.0
Singapore,1.35,103.82,ssp585,2079,30.587,28.89,32.162,6.361,8.0
Singapore,1.35,103.82,ssp585,2080,30.529,28.56,32.21,6.531,8.0
Singapore,1.35,103.82,ssp585,2081,30.476,28.453,31.998,7.032,8.0
Singapore,1.35,103.82,ssp585,2082,30.613,28.815,32.314,7.915,8.0
Singapore,1.35,103.82,ssp585,2083,30.763,28.863,32.364,7.192,8.0
Singapore,1.35,103.82,ssp585,2084,30.721,28.495,32.541,6.591,8.0
Singapore,1.35,103.82,ssp585,2085,30.749,28.55,32.681,6.938,8.0
Singapore,1.35,103.82,ssp585,2086,30.905,28.893,32.517,6.347,8.0
Singapore,1.35,103.82,ssp585,2087,30.958,29.151,32.484,6.724,8.0
Singapore,1.35,103.82,ssp585,2088,30.846,28.752,32.846,6.955,8.0
Singapore,1.35,103.82,ssp585,2089,31.081,28.756,32.949,6.341,8.0
Singapore,1.35,103.82,ssp585,2090,31.102,29.03,33.02,6.87,8.0
Singapore,1.35,103.82,ssp585,2091,31.255,29.28,32.823,5.871,8.0
Singapore,1.35,103.82,ssp585,2092,31.31,29.142,32.848,7.35,8.0
Singapore,1.35,103.82,ssp585,2093,31.269,29.156,33.101,6.679,8.0
Singapore,1.35,103.82,ssp585,2094,31.307,29.121,33.161,6.636,8.0
Singapore,1.35,103.82,ssp585,2095,31.431,29.256,33.256,7.013,8.0
Singapore,1.35,103.82,ssp585,2096,31.661,29.764,33.427,7.093,8.0
Singapore,1.35,103.82,ssp585,2097,31.361,29.194,33.369,7.307,8.0
Singapore,1.35,103.82,ssp585,2098,31.545,29.215,33.536,6.755,8.0
Singapore,1.35,103.82,ssp585,2099,31.752,29.532,33.484,7.17,8.0
Singapore,1.35,103.82,ssp585,2100,31.708,29.385,33.502,6.335,8.0
Stockholm,59.33,18.07,historical,1850,4.792,2.871,7.329,1.763,8.0
Stockholm,59.33,18.07,historical,1851,5.075,3.473,7.012,1.742,8.0
Stockholm,59.33,18.07,historical,1852,4.691,3.205,6.365,1.808,8.0
Stockholm,59.33,18.07,historical,1853,4.169,2.237,5.818,1.781,8.0
Stockholm,59.33,18.07,historical,1854,5.116,3.227,6.932,1.848,8.0
Stockholm,59.33,18.07,historical,1855,5.01,3.818,6.115,1.705,8.0
Stockholm,59.33,18.07,historical,1856,5.144,4.047,6.293,1.744,8.0
Stockholm,59.33,18.07,historical,1857,5.349,3.875,6.702,1.806,8.0
Stockholm,59.33,18.07,historical,1858,5.381,3.87,6.912,1.737,8.0
Stockholm,59.33,18.07,historical,1859,5.025,3.615,6.762,1.801,8.0
Stockholm,59.33,18.07,historical,1860,5.228,3.776,6.894,1.826,8.0
Stockholm,59.33,18.07,historical,1861,5.379,4.205,6.44,1.902,8.0
Stockholm,59.33,18.07,historical,1862,5.228,4.466,6.18,1.739,8.0
Stockholm,59.33,18.07,historical,1863,5.088,4.036,6.234,1.825,8.0
Stockholm,59.33,18.07,historical,1864,4.876,3.416,6.749,1.875,8.0
Stockholm,59.33,18.07,historical,1865,5.155,4.17,6.004,1.734,8.0
Stockholm,59.33,18.07,historical,1866,4.935,3.445,7.18,1.661,8.0
Stockholm,59.33,18.07,historical,1867,5.164,4.056,7.172,1.735,8.0
Stockholm,59.33,18.07,historical,1868,5.14,3.654,7.817,1.79,8.0
Stockholm,59.33,18.07,historical,1869,5.098,3.09,7.437,1.746,8.0
Stockholm,59.33,18.07,historical,1870,5.076,3.641,7.111,1.811,8.0
Stockholm,59.33,18.07,historical,1871,5.438,4.478,6.611,1.718,8.0
Stockholm,59.33,18.07,historical,1872,5.522,3.96,7.987,1.711,8.0
Stockholm,59.33,18.07,historical,1873,5.534,3.501,8.441,1.76,8.0
Stockholm,59.33,18.07,historical,1874,5.859,4.469,7.302,1.709,8.0
Stockholm,59.33,18.07,historical,1875,5.302,3.751,7.626,1.833,8.0
Stockholm,59.33,18.07,historical,1876,4.776,3.255,7.751,1.766,8.0
Stockholm,59.33,18.07,historical,1877,4.877,2.61,6.81,1.916,8.0
Stockholm,59.33,18.07,historical,1878,5.314,3.146,7.623,1.794,8.0
Stockholm,59.33,18.07,historical,1879,5.439,3.594,8.451,1.775,8.0
Stockholm,59.33,18.07,historical,1880,5.985,4.617,8.22,1.863,8.0
Stockholm,59.33,18.07,historical,1881,5.228,2.482,7.996,1.766,8.0
Stockholm,59.33,18.07,historical,1882,5.254,3.24,8.444,1.809,8.0
Stockholm,59.33,18.07,historical,1883,5.534,3.556,7.33,1.702,8.0
Stockholm,59.33,18.07,historical,1884,5.154,3.361,7.378,1.633,8.0
Stockholm,59.33,18.07,historical,1885,4.487,2.78,7.415,1.851,8.0
Stockholm,59.33,18.07,historical,1886,4.901,3.789,6.267,1.714,8.0
Stockholm,59.33,18.07,historical,1887,4.703,2.122,7.168,1.702,8.0
Stockholm,59.33,18.07,historical,1888,5.251,3.552,7.225,1.759,8.0
Stockholm,59.33,18.07,historical,1889,5.786,4.212,7.957,1.699,8.0
Stockholm,59.33,18.07,historical,1890,5.161,3.835,6.703,1.836,8.0
Stockholm,59.33,18.07,historical,1891,5.139,3.229,6.952,1.816,8.0
Stockholm,59.33,18.07,historical,1892,5.474,3.898,7.556,1.676,8.0
Stockholm,59.33,18.07,historical,1893,5.843,4.48,7.688,1.679,8.0
Stockholm,59.33,18.07,historical,1894,5.294,3.928,6.891,1.701,8.0
Stockholm,59.33,18.07,historical,1895,5.409,3.867,7.798,1.724,8.0
Stockholm,59.33,18.07,historical,1896,5.239,3.699,6.546,1.691,8.0
Stockholm,59.33,18.07,historical,1897,5.505,4.276,7.631,1.714,8.0
Stockholm,59.33,18.07,historical,1898,5.644,4.368,7.39,1.739,8.0
Stockholm,59.33,18.07,historical,1899,5.322,4.101,7.579,1.797,8.0
Stockholm,59.33,18.07,historical,1900,5.149,3.226,6.687,1.715,8.0
Stockholm,59.33,18.07,historical,1901,5.189,3.933,6.653,1.768,8.0
Stockholm,59.33,18.07,historical,1902,5.68,4.0,7.117,1.816,8.0
Stockholm,59.33,18.07,historical,1903,5.206,3.194,7.04,1.748,8.0
Stockholm,59.33,18.07,historical,1904,4.423,3.255,6.315,1.769,8.0
Stockholm,59.33,18.07,historical,1905,5.06,3.106,7.399,1.72,8.0
Stockholm,59.33,18.07,historical,1906,5.368,3.826,7.064,1.713,8.0
Stockholm,59.33,18.07,historical,1907,5.257,3.0,7.641,1.712,8.0
Stockholm,59.33,18.07,historical,1908,5.05,4.217,6.328,1.723,8.0
Stockholm,59.33,18.07,historical,1909,5.27,3.709,7.947,1.742,8.0
Stockholm,59.33,18.07,historical,1910,5.684,4.03,8.059,1.664,8.0
Stockholm,59.33,18.07,historical,1911,5.364,3.622,8.116,1.698,8.0
Stockholm,59.33,18.07,historical,1912,4.849,2.76,6.806,1.755,8.0
Stockholm,59.33,18.07,historical,1913,5.085,3.767,7.425,1.672,8.0
Stockholm,59.33,18.07,historical,1914,4.88,3.109,7.42,1.708,8.0
Stockholm,59.33,18.07,historical,1915,5.035,3.696,7.145,1.929,8.0
Stockholm,59.33,18.07,historical,1916,5.332,4.086,7.243,1.673,8.0
Stockholm,59.33,18.07,historical,1917,5.258,2.936,7.652,1.651,8.0
Stockholm,59.33,18.07,historical,1918,4.845,2.138,7.029,1.759,8.0
Stockholm,59.33,18.07,historical,1919,4.939,3.103,6.883,1.742,8.0
Stockholm,59.33,18.07,historical,1920,5.318,3.316,7.343,1.792,8.0
Stockholm,59.33,18.07,historical,1921,5.705,3.926,7.387,1.745,8.0
Stockholm,59.33,18.07,historical,1922,5.208,3.415,7.5,1.798,8.0
Stockholm,59.33,18.07,historical,1923,4.969,3.503,7.694,1.708,8.0
Stockholm,59.33,18.07,historical,1924,4.618,3.194,6.834,1.685,8.0
Stockholm,59.33,18.07,historical,1925,4.862,3.524,6.332,1.794,8.0
Stockholm,59.33,18.07,historical,1926,4.192,2.767,6.444,1.756,8.0
Stockholm,59.33,18.07,historical,1927,5.801,4.264,7.579,1.718,8.0
Stockholm,59.33,18.07,historical,1928,5.678,4.333,8.096,1.671,8.0
Stockholm,59.33,18.07,historical,1929,4.965,2.901,6.992,1.773,8.0
Stockholm,59.33,18.07,historical,1930,5.099,3.438,7.481,1.758,8.0
Stockholm,59.33,18.07,historical,1931,6.21,5.018,8.068,1.871,8.0
Stockholm,59.33,18.07,historical,1932,5.329,3.328,7.56,1.765,8.0
Stockholm,59.33,18.07,historical,1933,5.453,3.959,7.256,1.788,8.0
Stockholm,59.33,18.07,historical,1934,5.849,4.434,7.686,1.662,8.0
Stockholm,59.33,18.07,historical,1935,5.726,4.102,7.629,1.734,8.0
Stockholm,59.33,18.07,historical,1936,5.062,3.055,7.135,1.72,8.0
Stockholm,59.33,18.07,historical,1937,5.343,3.395,7.286,1.768,8.0
Stockholm,59.33,18.07,historical,1938,5.162,3.895,6.642,1.823,8.0
Stockholm,59.33,18.07,historical,1939,4.792,2.861,6.48,1.934,8.0
Stockholm,59.33,18.07,historical,1940,5.168,3.966,6.343,1.914,8.0
Stockholm,59.33,18.07,historical,1941,4.206,3.108,5.714,1.713,8.0
Stockholm,59.33,18.07,historical,1942,5.285,3.644,7.495,1.67,8.0
Stockholm,59.33,18.07,historical,1943,5.495,3.946,7.61,1.802,8.0
Stockholm,59.33,18.07,historical,1944,5.812,4.579,7.321,1.628,8.0
Stockholm,59.33,18.07,historical,1945,4.54,3.603,6.093,1.764,8.0
Stockholm,59.33,18.07,historical,1946,4.986,2.988,7.498,1.705,8.0
Stockholm,59.33,18.07,historical,1947,4.906,3.353,6.978,1.686,8.0
Stockholm,59.33,18.07,historical,1948,5.443,3.707,6.903,1.705,8.0
Stockholm,59.33,18.07,historical,1949,5.045,3.602,7.217,1.753,8.0
Stockholm,59.33,18.07,historical,1950,4.922,2.234,6.954,1.793,8.0
Stockholm,59.33,18.07,historical,1951,5.313,3.29,7.308,1.794,8.0
Stockholm,59.33,18.07,historical,1952,5.467,4.186,7.108,1.696,8.0
Stockholm,59.33,18.07,historical,1953,5.034,3.698,7.242,1.696,8.0
Stockholm,59.33,18.07,historical,1954,5.116,3.871,6.5,1.83,8.0
Stockholm,59.33,18.07,historical,1955,5.686,4.391,7.971,1.697,8.0
Stockholm,59.33,18.07,historical,1956,5.488,4.557,6.791,1.679,8.0
Stockholm,59.33,18.07,historical,1957,5.266,3.524,6.594,1.792,8.0
Stockholm,59.33,18.07,historical,1958,5.02,3.169,7.202,1.738,8.0
Stockholm,59.33,18.07,historical,1959,5.222,3.338,7.711,1.811,8.0
Stockholm,59.33,18.07,historical,1960,5.513,4.36,7.011,1.709,8.0
Stockholm,59.33,18.07,historical,1961,5.549,3.929,7.791,1.856,8.0
Stockholm,59.33,18.07,historical,1962,5.168,3.977,6.297,1.692,8.0
Stockholm,59.33,18.07,historical,1963,5.579,3.482,7.161,1.771,8.0
Stockholm,59.33,18.07,historical,1964,5.71,3.768,7.261,1.78,8.0
Stockholm,59.33,18.07,historical,1965,4.582,1.962,6.941,1.715,8.0
Stockholm,59.33,18.07,historical,1966,5.159,3.186,6.541,1.813,8.0
Stockholm,59.33,18.07,historical,1967,5.18,4.456,6.248,1.768,8.0
Stockholm,59.33,18.07,historical,1968,5.561,4.02,7.418,1.765,8.0
Stockholm,59.33,18.07,historical,1969,4.835,2.862,7.112,1.782,8.0
Stockholm,59.33,18.07,historical,1970,4.617,3.004,6.114,1.694,8.0
Stockholm,59.33,18.07,historical,1971,5.271,3.792,7.144,1.74,8.0
Stockholm,59.33,18.07,historical,1972,4.873,3.713,5.85,1.749,8.0
Stockholm,59.33,18.07,historical,1973,5.031,3.746,7.187,1.759,8.0
Stockholm,59.33,18.07,historical,1974,5.254,3.974,6.475,1.675,8.0
Stockholm,59.33,18.07,historical,1975,5.284,3.985,6.304,1.769,8.0
Stockholm,59.33,18.07,historical,1976,5.203,3.774,6.711,1.65,8.0
Stockholm,59.33,18.07,historical,1977,5.058,3.207,7.116,1.613,8.0
Stockholm,59.33,18.07,historical,1978,4.315,2.477,5.378,1.707,8.0
Stockholm,59.33,18.07,historical,1979,4.908,3.227,6.715,1.738,8.0
Stockholm,59.33,18.07,historical,1980,4.975,3.464,7.432,1.77,8.0
Stockholm,59.33,18.07,historical,1981,4.812,2.379,7.809,1.753,8.0
Stockholm,59.33,18.07,historical,1982,4.873,2.554,7.614,1.832,8.0
Stockholm,59.33,18.07,historical,1983,5.399,3.914,7.281,1.726,8.0
Stockholm,59.33,18.07,historical,1984,5.464,4.185,7.098,1.723,8.0
Stockholm,59.33,18.07,historical,1985,5.242,4.234,6.429,1.821,8.0
Stockholm,59.33,18.07,historical,1986,5.355,3.449,7.682,1.851,8.0
Stockholm,59.33,18.07,historical,1987,5.65,4.26,7.244,1.749,8.0
Stockholm,59.33,18.07,historical,1988,4.895,3.234,6.395,1.823,8.0
Stockholm,59.33,18.07,historical,1989,5.608,3.75,7.02,1.82,8.0
Stockholm,59.33,18.07,historical,1990,5.648,3.794,8.034,1.906,8.0
Stockholm,59.33,18.07,historical,1991,5.738,3.359,8.843,1.708,8.0
Stockholm,59.33,18.07,historical,1992,5.196,3.8,6.606,1.749,8.0
Stockholm,59.33,18.07,historical,1993,5.22,3.506,7.187,1.847,8.0
Stockholm,59.33,18.07,historical,1994,5.329,3.516,7.09,1.734,8.0
Stockholm,59.33,18.07,historical,1995,5.816,4.565,6.815,1.883,8.0
Stockholm,59.33,18.07,historical,1996,5.734,4.102,7.361,1.881,8.0
Stockholm,59.33,18.07,historical,1997,5.777,4.275,7.752,1.743,8.0
Stockholm,59.33,18.07,historical,1998,5.867,4.242,7.681,1.759,8.0
Stockholm,59.33,18.07,historical,1999,6.039,4.441,7.678,1.733,8.0
Stockholm,59.33,18.07,historical,2000,6.394,4.752,8.048,1.879,8.0
Stockholm,59.33,18.07,historical,2001,6.418,4.089,8.529,1.638,8.0
Stockholm,59.33,18.07,historical,2002,6.007,4.236,7.899,1.772,8.0
Stockholm,59.33,18.07,historical,2003,6.14,4.049,7.814,1.725,8.0
Stockholm,59.33,18.07,historical,2004,5.993,4.381,7.946,1.747,8.0
Stockholm,59.33,18.07,historical,2005,6.255,4.843,8.024,1.847,8.0
Stockholm,59.33,18.07,historical,2006,6.396,4.697,8.179,1.765,8.0
Stockholm,59.33,18.07,historical,2007,6.669,4.585,8.877,1.847,8.0
Stockholm,59.33,18.07,historical,2008,6.931,5.565,8.851,1.865,8.0
Stockholm,59.33,18.07,historical,2009,6.628,4.929,8.899,1.874,8.0
Stockholm,59.33,18.07,historical,2010,6.808,4.657,8.517,1.865,8.0
Stockholm,59.33,18.07,historical,2011,6.82,5.833,8.333,1.79,8.0
Stockholm,59.33,18.07,historical,2012,6.809,5.017,8.586,1.872,8.0
Stockholm,59.33,18.07,historical,2013,6.65,5.583,7.222,1.824,8.0
Stockholm,59.33,18.07,historical,2014,6.755,5.089,8.342,1.77,8.0
Stockholm,59.33,18.07,ssp126,2015,6.768,4.776,8.544,1.964,8.0
Stockholm,59.33,18.07,ssp126,2016,7.422,5.615,9.828,1.77,8.0
Stockholm,59.33,18.07,ssp126,2017,6.828,5.324,9.353,1.806,8.0
Stockholm,59.33,18.07,ssp126,2018,6.978,6.086,8.528,2.018,8.0
Stockholm,59.33,18.07,ssp126,2019,7.162,5.841,8.688,1.865,8.0
Stockholm,59.33,18.07,ssp126,2020,7.288,5.506,9.671,1.894,8.0
Stockholm,59.33,18.07,ssp126,2021,6.803,4.882,8.59,1.937,8.0
Stockholm,59.33,18.07,ssp126,2022,6.969,5.82,8.648,1.781,8.0
Stockholm,59.33,18.07,ssp126,2023,7.389,5.017,9.5,1.834,8.0
Stockholm,59.33,18.07,ssp126,2024,7.513,5.424,9.266,1.8,8.0
Stockholm,59.33,18.07,ssp126,2025,7.236,6.549,8.045,1.952,8.0
Stockholm,59.33,18.07,ssp126,2026,6.969,4.96,9.085,1.757,8.0
Stockholm,59.33,18.07,ssp126,2027,7.263,6.03,9.133,1.889,8.0
Stockholm,59.33,18.07,ssp126,2028,7.743,6.388,8.85,1.977,8.0
Stockholm,59.33,18.07,ssp126,2029,7.845,6.639,9.272,1.835,8.0
Stockholm,59.33,18.07,ssp126,2030,7.565,6.566,8.655,1.914,8.0
Stockholm,59.33,18.07,ssp126,2031,7.782,6.407,9.057,1.896,8.0
Stockholm,59.33,18.07,ssp126,2032,7.48,6.297,8.805,1.936,8.0
Stockholm,59.33,18.07,ssp126,2033,7.951,6.179,9.756,1.817,8.0
Stockholm,59.33,18.07,ssp126,2034,7.316,5.91,8.724,1.912,8.0
Stockholm,59.33,18.07,ssp126,2035,7.571,6.026,9.336,1.837,8.0
Stockholm,59.33,18.07,ssp126,2036,7.152,5.62,8.831,1.853,8.0
Stockholm,59.33,18.07,ssp126,2037,7.43,6.298,8.651,1.794,8.0
Stockholm,59.33,18.07,ssp126,2038,7.555,6.317,8.936,2.073,8.0
Stockholm,59.33,18.07,ssp126,2039,7.029,5.286,8.685,1.937,8.0
Stockholm,59.33,18.07,ssp126,2040,7.814,6.046,10.443,1.814,8.0
Stockholm,59.33,18.07,ssp126,2041,8.233,6.949,9.54,1.876,8.0
Stockholm,59.33,18.07,ssp126,2042,8.287,6.783,9.405,1.899,8.0
Stockholm,59.33,18.07,ssp126,2043,7.678,5.761,9.892,1.907,8.0
Stockholm,59.33,18.07,ssp126,2044,7.741,5.951,9.091,1.965,8.0
Stockholm,59.33,18.07,ssp126,2045,7.986,6.711,9.337,1.857,8.0
Stockholm,59.33,18.07,ssp126,2046,7.744,6.555,8.817,1.982,8.0
Stockholm,59.33,18.07,ssp126,2047,7.582,6.858,8.355,1.892,8.0
Stockholm,59.33,18.07,ssp126,2048,7.746,6.632,9.154,1.901,8.0
Stockholm,59.33,18.07,ssp126,2049,8.01,7.207,9.247,1.904,8.0
Stockholm,59.33,18.07,ssp126,2050,7.967,6.033,10.132,1.823,8.0
Stockholm,59.33,18.07,ssp126,2051,7.466,6.017,9.67,1.826,8.0
Stockholm,59.33,18.07,ssp126,2052,8.019,6.866,9.169,1.902,8.0
Stockholm,59.33,18.07,ssp126,2053,7.941,6.061,9.603,1.943,8.0
Stockholm,59.33,18.07,ssp126,2054,8.038,6.4,9.3,1.996,8.0
Stockholm,59.33,18.07,ssp126,2055,8.241,7.041,9.637,1.815,8.0
Stockholm,59.33,18.07,ssp126,2056,7.991,6.17,9.254,1.971,8.0
Stockholm,59.33,18.07,ssp126,2057,8.244,7.122,9.373,1.763,8.0
Stockholm,59.33,18.07,ssp126,2058,7.921,6.425,9.71,1.857,8.0
Stockholm,59.33,18.07,ssp126,2059,8.385,7.099,9.579,1.797,8.0
Stockholm,59.33,18.07,ssp126,2060,7.929,6.845,8.744,1.992,8.0
Stockholm,59.33,18.07,ssp126,2061,8.027,6.76,8.942,1.785,8.0
Stockholm,59.33,18.07,ssp126,2062,8.411,7.377,9.745,1.984,8.0
Stockholm,59.33,18.07,ssp126,2063,8.065,6.78,9.404,2.006,8.0
Stockholm,59.33,18.07,ssp126,2064,7.983,6.591,9.492,1.801,8.0
Stockholm,59.33,18.07,ssp126,2065,8.091,7.069,9.538,1.664,8.0
Stockholm,59.33,18.07,ssp126,2066,8.3,7.234,9.582,1.942,8.0
Stockholm,59.33,18.07,ssp126,2067,8.002,6.25,9.25,1.963,8.0
Stockholm,59.33,18.07,ssp126,2068,8.682,7.754,9.675,1.863,8.0
Stockholm,59.33,18.07,ssp126,2069,7.865,5.974,9.606,1.843,8.0
Stockholm,59.33,18.07,ssp126,2070,8.277,6.962,9.502,1.883,8.0
Stockholm,59.33,18.07,ssp126,2071,8.193,6.538,9.51,1.824,8.0
Stockholm,59.33,18.07,ssp126,2072,7.806,6.256,8.809,1.907,8.0
Stockholm,59.33,18.07,ssp126,2073,7.704,6.257,8.668,1.975,8.0
Stockholm,59.33,18.07,ssp126,2074,7.901,6.911,8.808,1.802,8.0
Stockholm,59.33,18.07,ssp126,2075,7.866,6.655,9.496,2.103,8.0
Stockholm,59.33,18.07,ssp126,2076,8.141,7.043,9.514,2.057,8.0
Stockholm,59.33,18.07,ssp126,2077,8.329,6.249,9.953,1.725,8.0
Stockholm,59.33,18.07,ssp126,2078,8.222,6.643,9.646,1.795,8.0
Stockholm,59.33,18.07,ssp126,2079,8.301,6.67,9.397,1.851,8.0
Stockholm,59.33,18.07,ssp126,2080,8.343,7.315,9.282,2.033,8.0
Stockholm,59.33,18.07,ssp126,2081,7.654,6.154,9.212,1.843,8.0
Stockholm,59.33,18.07,ssp126,2082,8.393,6.894,9.772,1.816,8.0
Stockholm,59.33,18.07,ssp126,2083,7.971,6.942,9.037,1.928,8.0
Stockholm,59.33,18.07,ssp126,2084,8.129,7.096,9.601,1.846,8.0
Stockholm,59.33,18.07,ssp126,2085,7.991,6.792,9.077,2.084,8.0
Stockholm,59.33,18.07,ssp126,2086,8.011,5.956,9.626,1.89,8.0
Stockholm,59.33,18.07,ssp126,2087,8.033,6.3,9.1,1.929,8.0
Stockholm,59.33,18.07,ssp126,2088,8.04,6.423,9.127,1.82,8.0
Stockholm,59.33,18.07,ssp126,2089,8.289,7.18,9.437,1.86,8.0
Stockholm,59.33,18.07,ssp126,2090,8.162,6.711,9.546,1.824,8.0
Stockholm,59.33,18.07,ssp126,2091,7.883,7.001,9.38,1.923,8.0
Stockholm,59.33,18.07,ssp126,2092,8.175,7.054,9.067,1.775,8.0
Stockholm,59.33,18.07,ssp126,2093,8.126,7.152,9.393,1.945,8.0
Stockholm,59.33,18.07,ssp126,2094,7.44,6.512,8.786,1.844,8.0
Stockholm,59.33,18.07,ssp126,2095,8.073,6.365,9.279,1.726,8.0
Stockholm,59.33,18.07,ssp126,2096,8.137,7.026,9.373,1.951,8.0
Stockholm,59.33,18.07,ssp126,2097,8.069,6.783,9.265,1.994,8.0
Stockholm,59.33,18.07,ssp126,2098,7.412,5.71,9.153,1.886,8.0
Stockholm,59.33,18.07,ssp126,2099,8.026,6.742,8.949,1.924,8.0
Stockholm,59.33,18.07,ssp126,2100,7.765,6.408,8.864,1.964,8.0
Stockholm,59.33,18.07,ssp245,2015,6.709,4.912,8.684,1.9,8.0
Stockholm,59.33,18.07,ssp245,2016,6.691,5.227,8.54,1.888,8.0
Stockholm,59.33,18.07,ssp245,2017,7.097,5.771,8.231,1.762,8.0
Stockholm,59.33,18.07,ssp245,2018,6.611,4.964,8.184,1.759,8.0
Stockholm,59.33,18.07,ssp245,2019,6.919,5.682,7.837,1.813,8.0
Stockholm,59.33,18.07,ssp245,2020,7.086,5.729,8.99,1.883,8.0
Stockholm,59.33,18.07,ssp245,2021,6.384,5.172,7.59,1.935,8.0
Stockholm,59.33,18.07,ssp245,2022,7.199,6.153,8.032,1.934,8.0
Stockholm,59.33,18.07,ssp245,2023,6.733,5.137,8.207,1.791,8.0
Stockholm,59.33,18.07,ssp245,2024,7.45,4.733,8.96,1.731,8.0
Stockholm,59.33,18.07,ssp245,2025,7.335,5.095,8.804,1.771,8.0
Stockholm,59.33,18.07,ssp245,2026,7.306,6.224,8.892,1.919,8.0
Stockholm,59.33,18.07,ssp245,2027,7.398,5.646,8.765,1.762,8.0
Stockholm,59.33,18.07,ssp245,2028,7.123,5.656,8.214,1.858,8.0
Stockholm,59.33,18.07,ssp245,2029,7.065,6.045,8.1,1.873,8.0
Stockholm,59.33,18.07,ssp245,2030,8.035,6.64,9.271,1.862,8.0
Stockholm,59.33,18.07,ssp245,2031,7.956,6.424,9.612,1.888,8.0
Stockholm,59.33,18.07,ssp245,2032,7.564,6.301,8.885,1.913,8.0
Stockholm,59.33,18.07,ssp245,2033,6.817,5.523,7.831,1.835,8.0
Stockholm,59.33,18.07,ssp245,2034,7.529,6.558,8.506,1.864,8.0
Stockholm,59.33,18.07,ssp245,2035,7.569,6.078,8.492,1.973,8.0
Stockholm,59.33,18.07,ssp245,2036,7.919,6.467,9.551,1.744,8.0
Stockholm,59.33,18.07,ssp245,2037,8.15,6.901,9.551,1.939,8.0
Stockholm,59.33,18.07,ssp245,2038,8.021,6.412,9.36,1.891,8.0
Stockholm,59.33,18.07,ssp245,2039,8.097,5.95,9.159,1.771,8.0
Stockholm,59.33,18.07,ssp245,2040,7.491,6.346,8.944,1.853,7.0
Stockholm,59.33,18.07,ssp245,2041,7.406,6.2,8.911,1.921,7.0
Stockholm,59.33,18.07,ssp245,2042,7.769,6.789,9.262,1.8,7.0
Stockholm,59.33,18.07,ssp245,2043,7.795,6.578,8.897,1.715,7.0
Stockholm,59.33,18.07,ssp245,2044,7.623,6.203,9.163,1.949,7.0
Stockholm,59.33,18.07,ssp245,2045,7.886,6.554,9.476,1.85,7.0
Stockholm,59.33,18.07,ssp245,2046,7.798,6.581,9.041,2.007,7.0
Stockholm,59.33,18.07,ssp245,2047,8.151,7.518,9.012,2.029,7.0
Stockholm,59.33,18.07,ssp245,2048,8.423,6.908,9.6,2.088,7.0
Stockholm,59.33,18.07,ssp245,2049,7.783,6.888,8.893,1.837,7.0
Stockholm,59.33,18.07,ssp245,2050,8.064,6.82,9.284,1.816,7.0
Stockholm,59.33,18.07,ssp245,2051,8.202,7.244,9.68,1.836,7.0
Stockholm,59.33,18.07,ssp245,2052,7.877,6.537,9.008,2.0,7.0
Stockholm,59.33,18.07,ssp245,2053,7.699,6.297,8.78,2.0,7.0
Stockholm,59.33,18.07,ssp245,2054,8.244,6.404,9.832,1.825,7.0
Stockholm,59.33,18.07,ssp245,2055,8.039,7.118,9.03,2.032,7.0
Stockholm,59.33,18.07,ssp245,2056,8.336,7.226,9.823,1.883,7.0
Stockholm,59.33,18.07,ssp245,2057,8.02,7.092,9.028,1.924,7.0
Stockholm,59.33,18.07,ssp245,2058,8.182,7.181,9.192,1.902,7.0
Stockholm,59.33,18.07,ssp245,2059,8.593,7.506,10.206,1.933,7.0
Stockholm,59.33,18.07,ssp245,2060,8.559,6.901,9.856,1.906,7.0
Stockholm,59.33,18.07,ssp245,2061,8.32,7.446,9.388,1.985,7.0
Stockholm,59.33,18.07,ssp245,2062,8.426,7.532,9.272,1.912,7.0
Stockholm,59.33,18.07,ssp245,2063,8.627,6.98,10.104,1.934,7.0
Stockholm,59.33,18.07,ssp245,2064,8.534,6.709,9.922,1.921,7.0
Stockholm,59.33,18.07,ssp245,2065,8.056,6.475,9.697,1.926,7.0
Stockholm,59.33,18.07,ssp245,2066,8.289,7.104,9.377,1.809,7.0
Stockholm,59.33,18.07,ssp245,2067,8.32,7.146,9.436,1.775,7.0
Stockholm,59.33,18.07,ssp245,2068,8.717,6.912,10.105,2.062,7.0
Stockholm,59.33,18.07,ssp245,2069,8.451,6.491,10.288,1.995,7.0
Stockholm,59.33,18.07,ssp245,2070,8.859,7.343,10.08,1.951,7.0
Stockholm,59.33,18.07,ssp245,2071,8.446,7.13,9.588,1.875,7.0
Stockholm,59.33,18.07,ssp245,2072,8.689,7.154,10.116,1.9,7.0
Stockholm,59.33,18.07,ssp245,2073,8.209,6.803,9.674,1.959,7.0
Stockholm,59.33,18.07,ssp245,2074,8.308,6.936,9.728,1.957,7.0
Stockholm,59.33,18.07,ssp245,2075,8.393,6.608,9.832,1.859,7.0
Stockholm,59.33,18.07,ssp245,2076,8.73,7.796,9.645,1.912,7.0
Stockholm,59.33,18.07,ssp245,2077,8.672,7.523,9.765,1.987,7.0
Stockholm,59.33,18.07,ssp245,2078,8.794,7.531,9.886,1.987,7.0
Stockholm,59.33,18.07,ssp245,2079,8.971,7.5,10.231,1.834,7.0
Stockholm,59.33,18.07,ssp245,2080,9.069,7.871,10.062,1.988,7.0
Stockholm,59.33,18.07,ssp245,2081,8.783,7.356,10.599,1.915,7.0
Stockholm,59.33,18.07,ssp245,2082,8.85,7.953,9.481,1.938,7.0
Stockholm,59.33,18.07,ssp245,2083,8.679,7.332,9.694,2.023,7.0
Stockholm,59.33,18.07,ssp245,2084,8.945,7.573,9.657,1.997,7.0
Stockholm,59.33,18.07,ssp245,2085,8.777,7.425,9.98,1.895,7.0
Stockholm,59.33,18.07,ssp245,2086,8.516,7.573,9.755,1.829,7.0
Stockholm,59.33,18.07,ssp245,2087,8.791,7.437,9.964,1.842,7.0
Stockholm,59.33,18.07,ssp245,2088,8.854,6.837,10.399,1.871,7.0
Stockholm,59.33,18.07,ssp245,2089,8.372,6.624,10.197,2.075,7.0
Stockholm,59.33,18.07,ssp245,2090,8.372,6.58,10.01,1.84,7.0
Stockholm,59.33,18.07,ssp245,2091,8.828,7.48,10.241,2.004,7.0
Stockholm,59.33,18.07,ssp245,2092,8.898,7.695,9.725,2.02,7.0
Stockholm,59.33,18.07,ssp245,2093,9.335,8.471,10.115,1.922,7.0
Stockholm,59.33,18.07,ssp245,2094,8.856,7.57,9.754,2.129,7.0
Stockholm,59.33,18.07,ssp245,2095,8.792,7.637,9.64,1.994,7.0
Stockholm,59.33,18.07,ssp245,2096,8.975,7.682,9.971,1.98,7.0
Stockholm,59.33,18.07,ssp245,2097,8.933,7.736,9.975,1.979,7.0
Stockholm,59.33,18.07,ssp245,2098,8.85,7.258,10.082,1.936,7.0
Stockholm,59.33,18.07,ssp245,2099,8.638,7.374,9.641,2.123,7.0
Stockholm,59.33,18.07,ssp245,2100,9.008,8.249,10.165,2.033,7.0
Stockholm,59.33,18.07,ssp585,2015,6.383,4.338,8.689,1.697,8.0
Stockholm,59.33,18.07,ssp585,2016,6.742,4.7,9.172,1.712,8.0
Stockholm,59.33,18.07,ssp585,2017,6.968,5.481,8.568,1.743,8.0
Stockholm,59.33,18.07,ssp585,2018,6.932,5.32,8.876,1.807,8.0
Stockholm,59.33,18.07,ssp585,2019,6.521,5.248,8.307,1.883,8.0
Stockholm,59.33,18.07,ssp585,2020,6.651,5.515,8.218,1.805,8.0
Stockholm,59.33,18.07,ssp585,2021,7.456,6.449,9.071,1.858,8.0
Stockholm,59.33,18.07,ssp585,2022,7.341,6.113,9.015,1.858,8.0
Stockholm,59.33,18.07,ssp585,2023,6.979,5.28,9.166,1.888,8.0
Stockholm,59.33,18.07,ssp585,2024,7.284,6.146,8.565,1.965,8.0
Stockholm,59.33,18.07,ssp585,2025,7.219,5.743,8.651,1.801,8.0
Stockholm,59.33,18.07,ssp585,2026,6.963,5.265,8.312,1.81,8.0
Stockholm,59.33,18.07,ssp585,2027,7.234,6.134,8.674,1.879,8.0
Stockholm,59.33,18.07,ssp585,2028,7.311,5.152,9.402,1.989,8.0
Stockholm,59.33,18.07,ssp585,2029,7.662,5.484,9.141,1.825,8.0
Stockholm,59.33,18.07,ssp585,2030,7.741,6.736,8.784,1.923,8.0
Stockholm,59.33,18.07,ssp585,2031,7.4,5.713,8.976,1.946,8.0
Stockholm,59.33,18.07,ssp585,2032,7.705,6.183,9.09,1.625,8.0
Stockholm,59.33,18.07,ssp585,2033,7.078,5.171,8.994,1.985,8.0
Stockholm,59.33,18.07,ssp585,2034,8.012,5.941,9.984,1.905,8.0
Stockholm,59.33,18.07,ssp585,2035,8.244,6.532,9.277,1.854,8.0
Stockholm,59.33,18.07,ssp585,2036,8.429,6.882,9.784,1.885,8.0
Stockholm,59.33,18.07,ssp585,2037,8.115,6.786,9.308,1.906,8.0
Stockholm,59.33,18.07,ssp585,2038,7.957,6.745,9.211,1.985,8.0
Stockholm,59.33,18.07,ssp585,2039,8.248,6.758,9.607,1.957,8.0
Stockholm,59.33,18.07,ssp585,2040,7.923,6.484,9.053,1.846,8.0
Stockholm,59.33,18.07,ssp585,2041,8.479,6.839,10.027,1.913,8.0
Stockholm,59.33,18.07,ssp585,2042,8.317,7.262,9.371,2.011,8.0
Stockholm,59.33,18.07,ssp585,2043,8.441,7.205,9.628,1.949,8.0
Stockholm,59.33,18.07,ssp585,2044,8.407,5.981,10.196,1.902,8.0
Stockholm,59.33,18.07,ssp585,2045,8.756,7.267,9.936,1.926,8.0
Stockholm,59.33,18.07,ssp585,2046,8.59,6.771,10.057,1.99,8.0
Stockholm,59.33,18.07,ssp585,2047,8.726,7.621,9.805,1.909,8.0
Stockholm,59.33,18.07,ssp585,2048,8.813,7.271,10.408,1.972,8.0
Stockholm,59.33,18.07,ssp585,2049,8.304,6.887,9.517,1.957,8.0
Stockholm,59.33,18.07,ssp585,2050,8.875,6.948,10.277,1.875,8.0
Stockholm,59.33,18.07,ssp585,2051,9.423,7.397,11.224,1.869,8.0
Stockholm,59.33,18.07,ssp585,2052,8.922,7.971,10.136,1.904,8.0
Stockholm,59.33,18.07,ssp585,2053,9.198,7.944,10.753,1.884,8.0
Stockholm,59.33,18.07,ssp585,2054,9.147,7.432,11.503,1.947,8.0
Stockholm,59.33,18.07,ssp585,2055,9.196,7.824,10.759,1.87,8.0
Stockholm,59.33,18.07,ssp585,2056,9.055,7.652,10.679,2.085,8.0
Stockholm,59.33,18.07,ssp585,2057,9.593,8.434,10.732,1.987,8.0
Stockholm,59.33,18.07,ssp585,2058,9.02,7.811,10.294,1.949,8.0
Stockholm,59.33,18.07,ssp585,2059,9.312,7.861,10.367,1.953,8.0
Stockholm,59.33,18.07,ssp585,2060,9.909,8.463,10.905,1.924,8.0
Stockholm,59.33,18.07,ssp585,2061,9.503,7.858,11.122,1.931,8.0
Stockholm,59.33,18.07,ssp585,2062,9.409,8.327,10.394,2.228,8.0
Stockholm,59.33,18.07,ssp585,2063,9.533,8.518,10.462,1.978,8.0
Stockholm,59.33,18.07,ssp585,2064,9.512,7.284,11.102,1.95,8.0
Stockholm,59.33,18.07,ssp585,2065,10.2,8.342,12.006,1.873,8.0
Stockholm,59.33,18.07,ssp585,2066,9.334,7.514,10.786,1.995,8.0
Stockholm,59.33,18.07,ssp585,2067,9.768,8.544,10.893,2.119,8.0
Stockholm,59.33,18.07,ssp585,2068,9.984,8.041,11.711,2.128,8.0
Stockholm,59.33,18.07,ssp585,2069,10.036,8.095,11.671,1.998,8.0
Stockholm,59.33,18.07,ssp585,2070,10.279,8.106,12.007,1.902,8.0
Stockholm,59.33,18.07,ssp585,2071,10.323,9.373,11.346,2.151,8.0
Stockholm,59.33,18.07,ssp585,2072,10.634,9.424,11.86,2.104,8.0
Stockholm,59.33,18.07,ssp585,2073,10.302,8.944,11.573,1.875,8.0
Stockholm,59.33,18.07,ssp585,2074,10.36,9.053,11.835,2.066,8.0
Stockholm,59.33,18.07,ssp585,2075,10.17,8.213,12.197,2.007,8.0
Stockholm,59.33,18.07,ssp585,2076,10.533,9.247,11.786,2.041,8.0
Stockholm,59.33,18.07,ssp585,2077,10.606,8.092,11.971,1.991,8.0
Stockholm,59.33,18.07,ssp585,2078,10.756,8.162,12.439,1.913,8.0
Stockholm,59.33,18.07,ssp585,2079,10.555,8.428,12.662,2.162,8.0
Stockholm,59.33,18.07,ssp585,2080,10.807,8.9,12.223,1.939,8.0
Stockholm,59.33,18.07,ssp585,2081,10.87,9.36,11.871,1.988,8.0
Stockholm,59.33,18.07,ssp585,2082,10.706,8.548,12.321,1.89,8.0
Stockholm,59.33,18.07,ssp585,2083,10.887,9.387,12.577,1.995,8.0
Stockholm,59.33,18.07,ssp585,2084,11.243,9.378,12.524,1.909,8.0
Stockholm,59.33,18.07,ssp585,2085,11.188,9.618,12.42,1.922,8.0
Stockholm,59.33,18.07,ssp585,2086,11.656,9.562,13.434,1.849,8.0
Stockholm,59.33,18.07,ssp585,2087,11.862,10.385,13.149,2.227,8.0
Stockholm,59.33,18.07,ssp585,2088,11.872,10.938,12.961,1.949,8.0
Stockholm,59.33,18.07,ssp585,2089,11.816,10.041,13.183,2.189,8.0
Stockholm,59.33,18.07,ssp585,2090,12.099,10.694,13.29,2.103,8.0
Stockholm,59.33,18.07,ssp585,2091,12.05,10.596,13.481,2.196,8.0
Stockholm,59.33,18.07,ssp585,2092,11.992,10.7,13.372,2.215,8.0
Stockholm,59.33,18.07,ssp585,2093,12.339,10.463,13.705,1.995,8.0
Stockholm,59.33,18.07,ssp585,2094,12.237,10.565,14.038,2.144,8.0
Stockholm,59.33,18.07,ssp585,2095,12.03,10.135,13.286,2.235,8.0
Stockholm,59.33,18.07,ssp585,2096,12.35,10.855,14.091,2.148,8.0
Stockholm,59.33,18.07,ssp585,2097,12.287,10.404,14.202,2.055,8.0
Stockholm,59.33,18.07,ssp585,2098,12.603,10.045,14.686,1.886,8.0
Stockholm,59.33,18.07,ssp585,2099,12.513,11.27,13.598,2.087,8.0
Stockholm,59.33,18.07,ssp585,2100,12.539,10.535,13.679,2.092,8.0
Sydney,-33.87,151.21,historical,1850,16.221,14.503,17.273,2.767,8.0
Sydney,-33.87,151.21,historical,1851,16.231,14.953,17.425,2.949,8.0
Sydney,-33.87,151.21,historical,1852,16.556,14.946,17.647,2.538,8.0
Sydney,-33.87,151.21,historical,1853,16.767,15.481,17.823,2.716,8.0
Sydney,-33.87,151.21,historical,1854,16.428,14.866,17.63,2.83,8.0
Sydney,-33.87,151.21,historical,1855,16.468,15.285,17.639,2.482,8.0
Sydney,-33.87,151.21,historical,1856,16.487,15.008,17.591,2.622,8.0
Sydney,-33.87,151.21,historical,1857,16.387,14.724,17.92,2.807,8.0
Sydney,-33.87,151.21,historical,1858,16.43,14.633,17.736,2.385,8.0
Sydney,-33.87,151.21,historical,1859,16.358,14.725,17.399,2.76,8.0
Sydney,-33.87,151.21,historical,1860,16.613,15.296,17.566,2.444,8.0
Sydney,-33.87,151.21,historical,1861,16.155,14.5,17.658,2.55,8.0
Sydney,-33.87,151.21,historical,1862,16.381,14.847,17.481,3.021,8.0
Sydney,-33.87,151.21,historical,1863,16.148,15.076,17.079,2.913,8.0
Sydney,-33.87,151.21,historical,1864,16.336,15.044,17.401,2.584,8.0
Sydney,-33.87,151.21,historical,1865,16.586,15.112,17.881,2.538,8.0
Sydney,-33.87,151.21,historical,1866,16.517,15.292,17.662,2.482,8.0
Sydney,-33.87,151.21,historical,1867,16.513,15.183,17.397,2.542,8.0
Sydney,-33.87,151.21,historical,1868,16.299,15.071,17.292,2.707,8.0
Sydney,-33.87,151.21,historical,1869,16.491,15.173,17.512,2.261,8.0
Sydney,-33.87,151.21,historical,1870,16.525,14.991,17.934,2.685,8.0
Sydney,-33.87,151.21,historical,1871,16.55,14.898,17.888,2.483,8.0
Sydney,-33.87,151.21,historical,1872,16.549,15.575,17.556,2.417,8.0
Sydney,-33.87,151.21,historical,1873,16.463,15.194,17.635,2.379,8.0
Sydney,-33.87,151.21,historical,1874,16.571,15.029,17.691,2.628,8.0
Sydney,-33.87,151.21,historical,1875,16.404,14.837,18.152,2.576,8.0
Sydney,-33.87,151.21,historical,1876,16.349,14.888,17.676,2.817,8.0
Sydney,-33.87,151.21,historical,1877,16.318,15.026,17.29,2.876,8.0
Sydney,-33.87,151.21,historical,1878,16.114,14.837,17.249,2.871,8.0
Sydney,-33.87,151.21,historical,1879,16.206,14.974,17.437,2.63,8.0
Sydney,-33.87,151.21,historical,1880,16.323,15.187,17.271,2.381,8.0
Sydney,-33.87,151.21,historical,1881,16.59,15.487,17.615,2.485,8.0
Sydney,-33.87,151.21,historical,1882,16.481,15.772,17.344,2.543,8.0
Sydney,-33.87,151.21,historical,1883,16.36,14.899,17.313,2.518,8.0
Sydney,-33.87,151.21,historical,1884,16.058,14.779,17.399,2.708,8.0
Sydney,-33.87,151.21,historical,1885,16.291,15.006,17.746,2.791,8.0
Sydney,-33.87,151.21,historical,1886,15.935,14.747,17.232,3.013,8.0
Sydney,-33.87,151.21,historical,1887,16.05,14.859,16.977,2.551,8.0
Sydney,-33.87,151.21,historical,1888,16.306,15.15,17.22,2.532,8.0
Sydney,-33.87,151.21,historical,1889,16.508,15.253,17.841,2.535,8.0
Sydney,-33.87,151.21,historical,1890,16.251,14.632,17.689,2.666,8.0
Sydney,-33.87,151.21,historical,1891,16.472,14.902,17.796,2.831,8.0
Sydney,-33.87,151.21,historical,1892,16.508,15.516,17.459,2.448,8.0
Sydney,-33.87,151.21,historical,1893,16.399,15.106,17.393,2.574,8.0
Sydney,-33.87,151.21,historical,1894,16.215,15.245,17.21,2.829,8.0
Sydney,-33.87,151.21,historical,1895,16.459,15.41,17.408,2.764,8.0
Sydney,-33.87,151.21,historical,1896,16.468,15.245,17.391,2.666,8.0
Sydney,-33.87,151.21,historical,1897,16.592,15.649,17.824,2.636,8.0
Sydney,-33.87,151.21,historical,1898,16.623,15.169,17.97,2.996,8.0
Sydney,-33.87,151.21,historical,1899,16.337,15.341,17.28,2.562,8.0
Sydney,-33.87,151.21,historical,1900,16.623,15.653,17.927,2.169,8.0
Sydney,-33.87,151.21,historical,1901,16.363,15.038,17.52,2.659,8.0
Sydney,-33.87,151.21,historical,1902,16.48,15.112,17.632,2.825,8.0
Sydney,-33.87,151.21,historical,1903,16.419,15.07,17.826,2.659,8.0
Sydney,-33.87,151.21,historical,1904,16.559,15.57,17.794,2.589,8.0
Sydney,-33.87,151.21,historical,1905,16.513,15.77,17.276,2.565,8.0
Sydney,-33.87,151.21,historical,1906,16.264,14.927,17.494,3.124,8.0
Sydney,-33.87,151.21,historical,1907,16.424,15.407,17.847,2.537,8.0
Sydney,-33.87,151.21,historical,1908,16.448,15.026,17.406,2.561,8.0
Sydney,-33.87,151.21,historical,1909,16.355,15.298,17.587,2.847,8.0
Sydney,-33.87,151.21,historical,1910,16.595,15.659,17.871,2.458,8.0
Sydney,-33.87,151.21,historical,1911,16.452,15.165,17.413,2.514,8.0
Sydney,-33.87,151.21,historical,1912,16.436,15.063,17.548,2.339,8.0
Sydney,-33.87,151.21,historical,1913,16.562,15.021,17.91,2.416,8.0
Sydney,-33.87,151.21,historical,1914,16.536,15.132,17.875,2.329,8.0
Sydney,-33.87,151.21,historical,1915,16.527,15.446,17.569,2.556,8.0
Sydney,-33.87,151.21,historical,1916,16.376,15.191,17.266,2.802,8.0
Sydney,-33.87,151.21,historical,1917,16.439,15.402,17.585,3.043,8.0
Sydney,-33.87,151.21,historical,1918,16.481,15.389,17.605,2.464,8.0
Sydney,-33.87,151.21,historical,1919,16.647,15.511,17.779,2.713,8.0
Sydney,-33.87,151.21,historical,1920,16.493,15.224,17.581,2.679,8.0
Sydney,-33.87,151.21,historical,1921,16.45,14.879,17.505,2.773,8.0
Sydney,-33.87,151.21,historical,1922,16.77,15.212,18.289,2.628,8.0
Sydney,-33.87,151.21,historical,1923,17.095,15.755,18.535,2.333,8.0
Sydney,-33.87,151.21,historical,1924,16.502,15.052,17.518,2.794,8.0
Sydney,-33.87,151.21,historical,1925,16.606,14.961,17.562,2.626,8.0
Sydney,-33.87,151.21,historical,1926,16.849,15.82,17.963,2.573,8.0
Sydney,-33.87,151.21,historical,1927,16.922,15.795,17.779,2.642,8.0
Sydney,-33.87,151.21,historical,1928,16.669,15.593,17.957,2.478,8.0
Sydney,-33.87,151.21,historical,1929,16.657,15.17,17.87,2.539,8.0
Sydney,-33.87,151.21,historical,1930,16.635,15.463,17.941,2.69,8.0
Sydney,-33.87,151.21,historical,1931,16.545,15.604,17.816,3.117,8.0
Sydney,-33.87,151.21,historical,1932,16.601,15.857,17.352,2.499,8.0
Sydney,-33.87,151.21,historical,1933,16.794,15.489,17.973,2.608,8.0
Sydney,-33.87,151.21,historical,1934,16.658,15.138,17.787,2.321,8.0
Sydney,-33.87,151.21,historical,1935,16.735,15.509,17.653,2.516,8.0
Sydney,-33.87,151.21,historical,1936,16.637,15.473,17.781,2.379,8.0
Sydney,-33.87,151.21,historical,1937,16.692,15.506,17.638,2.584,8.0
Sydney,-33.87,151.21,historical,1938,16.883,16.013,17.912,2.434,8.0
Sydney,-33.87,151.21,historical,1939,16.821,15.41,18.576,2.415,8.0
Sydney,-33.87,151.21,historical,1940,16.864,15.602,17.983,2.516,8.0
Sydney,-33.87,151.21,historical,1941,16.581,15.512,17.626,2.627,8.0
Sydney,-33.87,151.21,historical,1942,16.587,15.277,17.682,2.668,8.0
Sydney,-33.87,151.21,historical,1943,16.579,15.091,17.816,2.808,8.0
Sydney,-33.87,151.21,historical,1944,16.577,15.346,17.715,2.787,8.0
Sydney,-33.87,151.21,historical,1945,16.516,15.27,17.636,2.734,8.0
Sydney,-33.87,151.21,historical,1946,16.619,14.982,17.935,2.444,8.0
Sydney,-33.87,151.21,historical,1947,16.775,15.398,18.396,2.42,8.0
Sydney,-33.87,151.21,historical,1948,16.878,15.081,18.397,2.304,8.0
Sydney,-33.87,151.21,historical,1949,16.701,15.562,17.837,2.613,8.0
Sydney,-33.87,151.21,historical,1950,16.623,15.146,17.865,2.726,8.0
Sydney,-33.87,151.21,historical,1951,16.656,15.207,18.03,2.724,8.0
Sydney,-33.87,151.21,historical,1952,16.632,15.701,17.565,2.877,8.0
Sydney,-33.87,151.21,historical,1953,16.677,15.488,17.899,2.666,8.0
Sydney,-33.87,151.21,historical,1954,16.454,15.236,17.975,3.008,8.0
Sydney,-33.87,151.21,historical,1955,16.823,15.726,18.076,2.361,8.0
Sydney,-33.87,151.21,historical,1956,16.735,15.279,17.971,2.54,8.0
Sydney,-33.87,151.21,historical,1957,16.661,15.285,18.086,2.64,8.0
Sydney,-33.87,151.21,historical,1958,17.088,16.019,18.184,2.664,8.0
Sydney,-33.87,151.21,historical,1959,16.896,15.685,18.234,2.52,8.0
Sydney,-33.87,151.21,historical,1960,16.765,15.599,18.062,2.78,8.0
Sydney,-33.87,151.21,historical,1961,16.664,15.319,17.699,2.639,8.0
Sydney,-33.87,151.21,historical,1962,16.511,15.628,17.774,2.499,8.0
Sydney,-33.87,151.21,historical,1963,16.544,15.237,17.946,2.459,8.0
Sydney,-33.87,151.21,historical,1964,16.381,14.896,18.047,2.327,8.0
Sydney,-33.87,151.21,historical,1965,16.547,15.349,17.843,2.753,8.0
Sydney,-33.87,151.21,historical,1966,16.598,15.626,17.86,2.448,8.0
Sydney,-33.87,151.21,historical,1967,16.667,15.91,17.76,2.635,8.0
Sydney,-33.87,151.21,historical,1968,16.555,15.169,17.92,2.794,8.0
Sydney,-33.87,151.21,historical,1969,16.523,15.467,17.792,2.681,8.0
Sydney,-33.87,151.21,historical,1970,16.709,14.92,18.112,2.76,8.0
Sydney,-33.87,151.21,historical,1971,16.729,15.358,18.038,2.661,8.0
Sydney,-33.87,151.21,historical,1972,16.824,15.676,18.069,2.365,8.0
Sydney,-33.87,151.21,historical,1973,16.9,15.69,17.983,2.701,8.0
Sydney,-33.87,151.21,historical,1974,16.741,15.233,18.278,2.448,8.0
Sydney,-33.87,151.21,historical,1975,16.48,14.927,17.626,2.643,8.0
Sydney,-33.87,151.21,historical,1976,16.623,15.23,17.821,3.023,8.0
Sydney,-33.87,151.21,historical,1977,16.634,15.244,17.964,2.54,8.0
Sydney,-33.87,151.21,historical,1978,16.864,15.442,18.295,2.37,8.0
Sydney,-33.87,151.21,historical,1979,16.853,15.078,18.201,2.687,8.0
Sydney,-33.87,151.21,historical,1980,16.51,15.216,18.075,2.678,8.0
Sydney,-33.87,151.21,historical,1981,16.853,15.694,17.722,2.641,8.0
Sydney,-33.87,151.21,historical,1982,16.922,15.889,17.89,2.754,8.0
Sydney,-33.87,151.21,historical,1983,16.725,15.339,18.054,2.819,8.0
Sydney,-33.87,151.21,historical,1984,16.713,15.18,18.129,2.563,8.0
Sydney,-33.87,151.21,historical,1985,16.758,15.409,17.912,2.755,8.0
Sydney,-33.87,151.21,historical,1986,16.787,15.621,17.976,2.825,8.0
Sydney,-33.87,151.21,historical,1987,16.585,15.431,17.479,2.74,8.0
Sydney,-33.87,151.21,historical,1988,16.692,15.326,17.947,2.681,8.0
Sydney,-33.87,151.21,historical,1989,17.021,15.729,18.513,2.466,8.0
Sydney,-33.87,151.21,historical,1990,16.993,15.917,18.259,2.459,8.0
Sydney,-33.87,151.21,historical,1991,16.862,15.558,18.22,2.677,8.0
Sydney,-33.87,151.21,historical,1992,16.581,15.262,17.91,3.037,8.0
Sydney,-33.87,151.21,historical,1993,16.733,15.213,17.491,2.796,8.0
Sydney,-33.87,151.21,historical,1994,17.009,15.823,18.03,2.672,8.0
Sydney,-33.87,151.21,historical,1995,17.122,15.534,18.389,2.733,8.0
Sydney,-33.87,151.21,historical,1996,17.269,15.787,19.009,2.607,8.0
Sydney,-33.87,151.21,historical,1997,17.159,15.961,18.739,2.722,8.0
Sydney,-33.87,151.21,historical,1998,16.938,15.578,18.313,2.615,8.0
Sydney,-33.87,151.21,historical,1999,17.031,15.784,18.364,2.699,8.0
Sydney,-33.87,151.21,historical,2000,17.281,16.242,18.444,2.548,8.0
Sydney,-33.87,151.21,historical,2001,17.449,16.247,19.136,2.275,8.0
Sydney,-33.87,151.21,historical,2002,17.271,15.86,19.018,2.818,8.0
Sydney,-33.87,151.21,historical,2003,17.513,15.893,19.267,2.542,8.0
Sydney,-33.87,151.21,historical,2004,17.267,16.422,18.123,2.789,8.0
Sydney,-33.87,151.21,historical,2005,17.37,16.61,18.272,2.747,8.0
Sydney,-33.87,151.21,historical,2006,17.186,15.464,18.478,2.987,8.0
Sydney,-33.87,151.21,historical,2007,17.251,15.957,18.777,2.891,8.0
Sydney,-33.87,151.21,historical,2008,17.548,16.547,18.813,2.668,8.0
Sydney,-33.87,151.21,historical,2009,17.439,16.082,18.687,2.868,8.0
Sydney,-33.87,151.21,historical,2010,17.41,15.609,18.762,2.534,8.0
Sydney,-33.87,151.21,historical,2011,17.359,16.285,18.299,2.996,8.0
Sydney,-33.87,151.21,historical,2012,17.195,16.08,18.473,3.232,8.0
Sydney,-33.87,151.21,historical,2013,17.265,16.133,18.633,2.745,8.0
Sydney,-33.87,151.21,historical,2014,17.364,15.745,19.119,2.978,8.0
Sydney,-33.87,151.21,ssp126,2015,17.475,15.834,19.064,2.756,8.0
Sydney,-33.87,151.21,ssp126,2016,17.22,15.652,18.407,2.843,8.0
Sydney,-33.87,151.21,ssp126,2017,17.396,16.095,18.744,2.546,8.0
Sydney,-33.87,151.21,ssp126,2018,17.436,15.881,18.751,2.672,8.0
Sydney,-33.87,151.21,ssp126,2019,17.702,16.439,18.966,2.609,8.0
Sydney,-33.87,151.21,ssp126,2020,17.706,16.079,19.143,2.663,8.0
Sydney,-33.87,151.21,ssp126,2021,18.001,16.755,19.488,2.355,8.0
Sydney,-33.87,151.21,ssp126,2022,17.662,16.451,18.831,2.819,8.0
Sydney,-33.87,151.21,ssp126,2023,17.528,16.367,18.721,3.133,8.0
Sydney,-33.87,151.21,ssp126,2024,17.694,16.326,18.948,2.706,8.0
Sydney,-33.87,151.21,ssp126,2025,17.812,16.746,18.639,2.957,8.0
Sydney,-33.87,151.21,ssp126,2026,18.119,16.737,19.189,2.839,8.0
Sydney,-33.87,151.21,ssp126,2027,17.844,16.307,19.021,2.755,8.0
Sydney,-33.87,151.21,ssp126,2028,17.907,16.11,19.208,2.622,8.0
Sydney,-33.87,151.21,ssp126,2029,18.305,16.574,19.561,2.584,8.0
Sydney,-33.87,151.21,ssp126,2030,18.089,17.015,19.105,2.343,8.0
Sydney,-33.87,151.21,ssp126,2031,17.892,16.5,19.018,3.137,8.0
Sydney,-33.87,151.21,ssp126,2032,17.719,16.578,18.79,2.826,8.0
Sydney,-33.87,151.21,ssp126,2033,17.959,17.086,19.008,2.631,8.0
Sydney,-33.87,151.21,ssp126,2034,18.106,16.958,19.012,2.647,8.0
Sydney,-33.87,151.21,ssp126,2035,18.127,16.507,19.736,2.759,8.0
Sydney,-33.87,151.21,ssp126,2036,18.172,16.642,19.587,2.234,8.0
Sydney,-33.87,151.21,ssp126,2037,18.508,17.526,19.718,2.667,8.0
Sydney,-33.87,151.21,ssp126,2038,18.076,16.808,19.399,2.634,8.0
Sydney,-33.87,151.21,ssp126,2039,18.024,16.606,19.134,2.785,8.0
Sydney,-33.87,151.21,ssp126,2040,18.213,17.069,19.159,2.515,8.0
Sydney,-33.87,151.21,ssp126,2041,18.316,17.087,19.417,2.7,8.0
Sydney,-33.87,151.21,ssp126,2042,18.246,17.027,19.186,2.948,8.0
Sydney,-33.87,151.21,ssp126,2043,18.236,16.875,19.613,3.156,8.0
Sydney,-33.87,151.21,ssp126,2044,18.004,16.422,19.587,2.676,8.0
Sydney,-33.87,151.21,ssp126,2045,18.472,17.573,19.226,2.786,8.0
Sydney,-33.87,151.21,ssp126,2046,18.427,17.097,19.481,2.371,8.0
Sydney,-33.87,151.21,ssp126,2047,18.312,16.763,19.397,2.811,8.0
Sydney,-33.87,151.21,ssp126,2048,18.253,16.414,19.648,2.846,8.0
Sydney,-33.87,151.21,ssp126,2049,18.296,17.239,19.54,2.775,8.0
Sydney,-33.87,151.21,ssp126,2050,18.231,16.791,19.571,2.817,8.0
Sydney,-33.87,151.21,ssp126,2051,18.272,17.07,19.467,2.698,8.0
Sydney,-33.87,151.21,ssp126,2052,18.409,17.188,19.571,2.372,8.0
Sydney,-33.87,151.21,ssp126,2053,18.257,16.9,19.297,2.375,8.0
Sydney,-33.87,151.21,ssp126,2054,18.391,16.844,19.573,2.567,8.0
Sydney,-33.87,151.21,ssp126,2055,18.377,17.313,19.315,2.644,8.0
Sydney,-33.87,151.21,ssp126,2056,18.401,17.262,18.993,2.719,8.0
Sydney,-33.87,151.21,ssp126,2057,18.308,17.2,19.114,2.819,8.0
Sydney,-33.87,151.21,ssp126,2058,18.139,16.76,19.229,3.211,8.0
Sydney,-33.87,151.21,ssp126,2059,18.525,17.057,19.688,2.368,8.0
Sydney,-33.87,151.21,ssp126,2060,18.407,16.876,19.47,2.867,8.0
Sydney,-33.87,151.21,ssp126,2061,18.584,17.361,19.578,2.65,8.0
Sydney,-33.87,151.21,ssp126,2062,18.722,17.928,19.515,2.597,8.0
Sydney,-33.87,151.21,ssp126,2063,18.52,17.183,19.626,2.474,8.0
Sydney,-33.87,151.21,ssp126,2064,18.474,16.974,19.526,2.635,8.0
Sydney,-33.87,151.21,ssp126,2065,18.528,17.086,19.554,2.703,8.0
Sydney,-33.87,151.21,ssp126,2066,18.671,17.574,19.753,2.563,8.0
Sydney,-33.87,151.21,ssp126,2067,18.527,17.055,19.806,2.673,8.0
Sydney,-33.87,151.21,ssp126,2068,18.474,17.401,19.545,2.154,8.0
Sydney,-33.87,151.21,ssp126,2069,18.673,17.2,19.666,2.451,8.0
Sydney,-33.87,151.21,ssp126,2070,18.546,17.491,19.783,2.789,8.0
Sydney,-33.87,151.21,ssp126,2071,18.313,17.348,19.226,2.876,8.0
Sydney,-33.87,151.21,ssp126,2072,18.528,16.809,19.975,2.536,8.0
Sydney,-33.87,151.21,ssp126,2073,18.57,17.207,20.066,2.653,8.0
Sydney,-33.87,151.21,ssp126,2074,18.577,16.827,20.022,2.449,8.0
Sydney,-33.87,151.21,ssp126,2075,18.552,16.893,19.558,2.663,8.0
Sydney,-33.87,151.21,ssp126,2076,18.446,16.797,19.481,2.624,8.0
Sydney,-33.87,151.21,ssp126,2077,18.507,16.801,19.96,2.383,8.0
Sydney,-33.87,151.21,ssp126,2078,18.766,17.332,20.049,2.295,8.0
Sydney,-33.87,151.21,ssp126,2079,18.613,16.876,19.723,2.764,8.0
Sydney,-33.87,151.21,ssp126,2080,18.36,17.226,19.414,2.897,8.0
Sydney,-33.87,151.21,ssp126,2081,18.609,17.002,19.927,2.303,8.0
Sydney,-33.87,151.21,ssp126,2082,18.681,16.781,19.899,2.685,8.0
Sydney,-33.87,151.21,ssp126,2083,18.254,16.569,19.467,2.999,8.0
Sydney,-33.87,151.21,ssp126,2084,18.254,16.87,19.202,2.529,8.0
Sydney,-33.87,151.21,ssp126,2085,18.617,16.915,19.635,2.179,8.0
Sydney,-33.87,151.21,ssp126,2086,18.731,17.161,19.853,2.616,8.0
Sydney,-33.87,151.21,ssp126,2087,18.398,17.161,19.745,3.003,8.0
Sydney,-33.87,151.21,ssp126,2088,18.49,17.484,19.137,2.405,8.0
Sydney,-33.87,151.21,ssp126,2089,18.47,17.597,19.408,2.325,8.0
Sydney,-33.87,151.21,ssp126,2090,18.393,17.294,19.088,2.299,8.0
Sydney,-33.87,151.21,ssp126,2091,18.413,17.356,19.408,2.787,8.0
Sydney,-33.87,151.21,ssp126,2092,18.576,16.998,19.905,2.403,8.0
Sydney,-33.87,151.21,ssp126,2093,18.542,17.191,19.707,2.422,8.0
Sydney,-33.87,151.21,ssp126,2094,18.38,17.102,19.495,2.729,8.0
Sydney,-33.87,151.21,ssp126,2095,18.417,16.744,19.452,2.669,8.0
Sydney,-33.87,151.21,ssp126,2096,18.558,16.965,19.764,2.476,8.0
Sydney,-33.87,151.21,ssp126,2097,18.474,17.373,19.291,2.507,8.0
Sydney,-33.87,151.21,ssp126,2098,18.389,17.437,19.149,2.404,8.0
Sydney,-33.87,151.21,ssp126,2099,18.284,17.081,19.166,2.816,8.0
Sydney,-33.87,151.21,ssp126,2100,18.557,17.108,19.784,2.641,8.0
Sydney,-33.87,151.21,ssp245,2015,17.459,15.943,18.906,2.63,8.0
Sydney,-33.87,151.21,ssp245,2016,17.513,16.166,18.724,2.901,8.0
Sydney,-33.87,151.21,ssp245,2017,17.565,16.39,18.839,2.617,8.0
Sydney,-33.87,151.21,ssp245,2018,17.78,16.875,18.709,2.696,8.0
Sydney,-33.87,151.21,ssp245,2019,17.759,16.635,18.907,3.151,8.0
Sydney,-33.87,151.21,ssp245,2020,17.428,15.894,19.154,2.972,8.0
Sydney,-33.87,151.21,ssp245,2021,17.462,15.892,18.698,2.851,8.0
Sydney,-33.87,151.21,ssp245,2022,17.359,16.244,18.241,2.922,8.0
Sydney,-33.87,151.21,ssp245,2023,17.855,16.714,18.83,2.584,8.0
Sydney,-33.87,151.21,ssp245,2024,17.945,16.204,19.257,2.772,8.0
Sydney,-33.87,151.21,ssp245,2025,17.969,16.889,19.57,2.46,8.0
Sydney,-33.87,151.21,ssp245,2026,17.805,16.471,19.273,2.53,8.0
Sydney,-33.87,151.21,ssp245,2027,18.018,16.589,19.145,2.476,8.0
Sydney,-33.87,151.21,ssp245,2028,17.762,16.673,18.733,2.928,8.0
Sydney,-33.87,151.21,ssp245,2029,17.836,16.514,18.979,2.929,8.0
Sydney,-33.87,151.21,ssp245,2030,18.072,16.853,19.319,2.556,8.0
Sydney,-33.87,151.21,ssp245,2031,17.911,16.517,19.175,2.467,8.0
Sydney,-33.87,151.21,ssp245,2032,18.223,16.53,19.525,2.717,8.0
Sydney,-33.87,151.21,ssp245,2033,17.902,16.501,19.281,2.771,8.0
Sydney,-33.87,151.21,ssp245,2034,18.131,17.065,19.265,2.48,8.0
Sydney,-33.87,151.21,ssp245,2035,18.022,16.927,19.084,2.605,8.0
Sydney,-33.87,151.21,ssp245,2036,18.042,16.928,19.28,2.904,8.0
Sydney,-33.87,151.21,ssp245,2037,18.172,16.622,19.245,2.629,8.0
Sydney,-33.87,151.21,ssp245,2038,18.532,17.276,19.895,2.459,8.0
Sydney,-33.87,151.21,ssp245,2039,18.395,17.007,19.743,2.748,8.0
Sydney,-33.87,151.21,ssp245,2040,18.15,17.511,18.809,2.603,7.0
Sydney,-33.87,151.21,ssp245,2041,18.247,16.977,19.612,2.775,7.0
Sydney,-33.87,151.21,ssp245,2042,18.089,16.94,19.35,2.626,7.0
Sydney,-33.87,151.21,ssp245,2043,18.329,16.934,19.459,2.279,7.0
Sydney,-33.87,151.21,ssp245,2044,18.321,17.214,19.239,2.468,7.0
Sydney,-33.87,151.21,ssp245,2045,18.134,17.035,19.175,2.649,7.0
Sydney,-33.87,151.21,ssp245,2046,18.287,16.766,19.395,2.889,7.0
Sydney,-33.87,151.21,ssp245,2047,18.315,16.967,19.321,2.566,7.0
Sydney,-33.87,151.21,ssp245,2048,18.396,16.95,19.275,2.316,7.0
Sydney,-33.87,151.21,ssp245,2049,18.859,17.859,19.881,2.378,7.0
Sydney,-33.87,151.21,ssp245,2050,18.489,17.236,19.36,2.571,7.0
Sydney,-33.87,151.21,ssp245,2051,18.59,17.486,19.388,2.357,7.0
Sydney,-33.87,151.21,ssp245,2052,18.537,17.181,19.755,2.316,7.0
Sydney,-33.87,151.21,ssp245,2053,18.837,17.721,19.613,2.253,7.0
Sydney,-33.87,151.21,ssp245,2054,18.455,17.383,19.283,2.902,7.0
Sydney,-33.87,151.21,ssp245,2055,18.539,17.47,19.419,2.793,7.0
Sydney,-33.87,151.21,ssp245,2056,18.675,17.387,19.716,2.419,7.0
Sydney,-33.87,151.21,ssp245,2057,18.668,17.808,19.308,2.627,7.0
Sydney,-33.87,151.21,ssp245,2058,18.558,17.219,19.677,2.344,7.0
Sydney,-33.87,151.21,ssp245,2059,18.584,17.205,19.767,2.752,7.0
Sydney,-33.87,151.21,ssp245,2060,18.635,17.984,19.171,2.378,7.0
Sydney,-33.87,151.21,ssp245,2061,18.909,18.057,19.688,2.014,7.0
Sydney,-33.87,151.21,ssp245,2062,18.76,17.572,19.572,2.491,7.0
Sydney,-33.87,151.21,ssp245,2063,18.594,17.629,19.576,2.476,7.0
Sydney,-33.87,151.21,ssp245,2064,18.957,17.553,20.117,2.209,7.0
Sydney,-33.87,151.21,ssp245,2065,19.042,17.515,20.197,2.361,7.0
Sydney,-33.87,151.21,ssp245,2066,18.727,17.597,19.649,2.666,7.0
Sydney,-33.87,151.21,ssp245,2067,18.928,17.64,19.801,2.324,7.0
Sydney,-33.87,151.21,ssp245,2068,18.839,17.658,19.682,2.655,7.0
Sydney,-33.87,151.21,ssp245,2069,18.852,17.778,19.656,2.594,7.0
Sydney,-33.87,151.21,ssp245,2070,18.863,17.604,19.691,2.436,7.0
Sydney,-33.87,151.21,ssp245,2071,18.995,17.195,20.321,2.708,7.0
Sydney,-33.87,151.21,ssp245,2072,19.099,17.959,20.138,2.594,7.0
Sydney,-33.87,151.21,ssp245,2073,19.051,17.664,20.465,2.635,7.0
Sydney,-33.87,151.21,ssp245,2074,18.942,17.375,20.078,2.606,7.0
Sydney,-33.87,151.21,ssp245,2075,19.118,18.129,19.977,2.587,7.0
Sydney,-33.87,151.21,ssp245,2076,19.125,18.102,20.101,2.572,7.0
Sydney,-33.87,151.21,ssp245,2077,19.37,18.304,20.16,2.441,7.0
Sydney,-33.87,151.21,ssp245,2078,19.365,18.401,20.396,2.636,7.0
Sydney,-33.87,151.21,ssp245,2079,19.146,17.527,20.556,2.47,7.0
Sydney,-33.87,151.21,ssp245,2080,19.501,17.702,20.623,2.145,7.0
Sydney,-33.87,151.21,ssp245,2081,19.321,17.672,20.265,2.511,7.0
Sydney,-33.87,151.21,ssp245,2082,19.297,17.791,20.243,2.83,7.0
Sydney,-33.87,151.21,ssp245,2083,19.194,17.854,20.089,2.717,7.0
Sydney,-33.87,151.21,ssp245,2084,19.356,17.777,20.724,2.648,7.0
Sydney,-33.87,151.21,ssp245,2085,19.407,18.508,20.104,2.702,7.0
Sydney,-33.87,151.21,ssp245,2086,19.415,17.795,20.493,2.44,7.0
Sydney,-33.87,151.21,ssp245,2087,19.205,17.525,20.472,2.787,7.0
Sydney,-33.87,151.21,ssp245,2088,19.202,17.852,20.161,2.629,7.0
Sydney,-33.87,151.21,ssp245,2089,19.549,18.476,20.462,2.187,7.0
Sydney,-33.87,151.21,ssp245,2090,19.527,17.61,20.887,2.64,7.0
Sydney,-33.87,151.21,ssp245,2091,19.358,17.93,20.703,2.431,7.0
Sydney,-33.87,151.21,ssp245,2092,19.277,17.703,20.408,2.818,7.0
Sydney,-33.87,151.21,ssp245,2093,19.446,18.101,20.834,2.613,7.0
Sydney,-33.87,151.21,ssp245,2094,19.238,18.061,20.134,2.688,7.0
Sydney,-33.87,151.21,ssp245,2095,19.396,18.277,20.289,2.451,7.0
Sydney,-33.87,151.21,ssp245,2096,19.479,18.014,20.674,2.287,7.0
Sydney,-33.87,151.21,ssp245,2097,19.392,17.736,20.323,2.784,7.0
Sydney,-33.87,151.21,ssp245,2098,19.489,18.068,20.633,2.512,7.0
Sydney,-33.87,151.21,ssp245,2099,19.603,17.954,20.941,2.421,7.0
Sydney,-33.87,151.21,ssp245,2100,19.436,18.104,20.236,2.33,7.0
Sydney,-33.87,151.21,ssp585,2015,17.438,15.922,18.647,2.975,8.0
Sydney,-33.87,151.21,ssp585,2016,17.433,16.279,18.547,2.97,8.0
Sydney,-33.87,151.21,ssp585,2017,17.364,15.983,18.356,2.919,8.0
Sydney,-33.87,151.21,ssp585,2018,17.662,16.133,19.286,2.215,8.0
Sydney,-33.87,151.21,ssp585,2019,17.882,16.15,19.29,2.508,8.0
Sydney,-33.87,151.21,ssp585,2020,17.662,16.18,19.185,2.968,8.0
Sydney,-33.87,151.21,ssp585,2021,17.595,16.047,18.731,2.966,8.0
Sydney,-33.87,151.21,ssp585,2022,17.56,16.15,18.876,2.971,8.0
Sydney,-33.87,151.21,ssp585,2023,17.755,16.36,19.042,2.451,8.0
Sydney,-33.87,151.21,ssp585,2024,17.921,16.997,19.42,2.66,8.0
Sydney,-33.87,151.21,ssp585,2025,17.914,16.656,19.579,2.455,8.0
Sydney,-33.87,151.21,ssp585,2026,17.841,16.431,19.442,2.373,8.0
Sydney,-33.87,151.21,ssp585,2027,18.118,16.552,19.579,2.471,8.0
Sydney,-33.87,151.21,ssp585,2028,18.145,16.782,19.057,2.807,8.0
Sydney,-33.87,151.21,ssp585,2029,17.712,16.302,18.993,2.737,8.0
Sydney,-33.87,151.21,ssp585,2030,17.997,16.846,19.333,2.569,8.0
Sydney,-33.87,151.21,ssp585,2031,18.289,16.92,19.661,2.425,8.0
Sydney,-33.87,151.21,ssp585,2032,18.162,16.891,19.404,2.636,8.0
Sydney,-33.87,151.21,ssp585,2033,18.158,17.19,19.055,2.636,8.0
Sydney,-33.87,151.21,ssp585,2034,17.898,16.616,19.179,2.92,8.0
Sydney,-33.87,151.21,ssp585,2035,18.21,17.067,19.337,2.483,8.0
Sydney,-33.87,151.21,ssp585,2036,18.33,17.102,19.513,2.417,8.0
Sydney,-33.87,151.21,ssp585,2037,18.366,16.847,19.878,2.71,8.0
Sydney,-33.87,151.21,ssp585,2038,18.212,17.051,19.478,2.732,8.0
Sydney,-33.87,151.21,ssp585,2039,18.314,16.853,19.414,2.927,8.0
Sydney,-33.87,151.21,ssp585,2040,18.683,17.569,19.726,2.399,8.0
Sydney,-33.87,151.21,ssp585,2041,18.821,17.22,20.142,2.629,8.0
Sydney,-33.87,151.21,ssp585,2042,18.441,17.098,19.576,3.028,8.0
Sydney,-33.87,151.21,ssp585,2043,18.785,17.89,19.629,2.398,8.0
Sydney,-33.87,151.21,ssp585,2044,18.776,17.791,19.814,2.802,8.0
Sydney,-33.87,151.21,ssp585,2045,18.656,17.487,19.865,2.703,8.0
Sydney,-33.87,151.21,ssp585,2046,18.754,17.428,20.509,2.779,8.0
Sydney,-33.87,151.21,ssp585,2047,19.182,17.609,20.475,2.376,8.0
Sydney,-33.87,151.21,ssp585,2048,19.008,17.67,20.199,2.767,8.0
Sydney,-33.87,151.21,ssp585,2049,18.791,17.784,19.604,2.489,8.0
Sydney,-33.87,151.21,ssp585,2050,18.918,17.555,19.788,2.773,8.0
Sydney,-33.87,151.21,ssp585,2051,19.053,17.415,20.323,2.76,8.0
Sydney,-33.87,151.21,ssp585,2052,18.989,17.478,20.319,2.737,8.0
Sydney,-33.87,151.21,ssp585,2053,19.294,18.058,20.687,2.781,8.0
Sydney,-33.87,151.21,ssp585,2054,19.05,17.991,20.004,2.684,8.0
Sydney,-33.87,151.21,ssp585,2055,19.118,17.636,19.943,2.566,8.0
Sydney,-33.87,151.21,ssp585,2056,19.381,18.117,20.546,2.537,8.0
Sydney,-33.87,151.21,ssp585,2057,19.459,17.906,21.0,2.647,8.0
Sydney,-33.87,151.21,ssp585,2058,19.681,18.378,20.881,2.467,8.0
Sydney,-33.87,151.21,ssp585,2059,19.66,18.502,20.522,2.668,8.0
Sydney,-33.87,151.21,ssp585,2060,19.33,17.792,20.455,2.933,8.0
Sydney,-33.87,151.21,ssp585,2061,19.848,18.503,20.993,2.452,8.0
Sydney,-33.87,151.21,ssp585,2062,19.793,18.067,21.767,2.386,8.0
Sydney,-33.87,151.21,ssp585,2063,19.968,18.304,21.643,2.651,8.0
Sydney,-33.87,151.21,ssp585,2064,19.922,18.86,21.002,2.81,8.0
Sydney,-33.87,151.21,ssp585,2065,19.747,18.298,21.059,2.69,8.0
Sydney,-33.87,151.21,ssp585,2066,19.843,17.862,21.546,2.417,8.0
Sydney,-33.87,151.21,ssp585,2067,20.478,18.992,21.805,2.55,8.0
Sydney,-33.87,151.21,ssp585,2068,19.963,18.539,21.593,2.904,8.0
Sydney,-33.87,151.21,ssp585,2069,20.03,18.841,20.933,2.761,8.0
Sydney,-33.87,151.21,ssp585,2070,20.222,18.595,21.413,2.706,8.0
Sydney,-33.87,151.21,ssp585,2071,20.505,18.722,21.883,2.746,8.0
Sydney,-33.87,151.21,ssp585,2072,20.482,19.038,21.94,2.562,8.0
Sydney,-33.87,151.21,ssp585,2073,20.5,19.604,21.573,2.832,8.0
Sydney,-33.87,151.21,ssp585,2074,20.548,19.528,21.608,2.634,8.0
Sydney,-33.87,151.21,ssp585,2075,20.527,19.096,22.333,2.501,8.0
Sydney,-33.87,151.21,ssp585,2076,20.564,19.035,21.548,2.566,8.0
Sydney,-33.87,151.21,ssp585,2077,20.645,19.147,21.852,2.649,8.0
Sydney,-33.87,151.21,ssp585,2078,20.765,19.659,22.019,2.75,8.0
Sydney,-33.87,151.21,ssp585,2079,20.959,19.627,22.732,2.586,8.0
Sydney,-33.87,151.21,ssp585,2080,21.024,19.892,22.285,2.669,8.0
Sydney,-33.87,151.21,ssp585,2081,21.093,19.553,22.449,2.854,8.0
Sydney,-33.87,151.21,ssp585,2082,21.064,19.552,22.173,2.709,8.0
Sydney,-33.87,151.21,ssp585,2083,20.968,19.464,22.575,2.739,8.0
Sydney,-33.87,151.21,ssp585,2084,21.117,19.482,22.38,2.837,8.0
Sydney,-33.87,151.21,ssp585,2085,21.281,19.875,22.374,2.66,8.0
Sydney,-33.87,151.21,ssp585,2086,21.535,20.128,22.593,2.731,8.0
Sydney,-33.87,151.21,ssp585,2087,21.588,20.262,22.577,2.331,8.0
Sydney,-33.87,151.21,ssp585,2088,21.593,19.775,22.96,2.532,8.0
Sydney,-33.87,151.21,ssp585,2089,21.464,19.816,23.046,2.896,8.0
Sydney,-33.87,151.21,ssp585,2090,21.711,20.035,23.394,2.618,8.0
Sydney,-33.87,151.21,ssp585,2091,21.842,20.124,23.306,2.886,8.0
Sydney,-33.87,151.21,ssp585,2092,22.012,20.794,23.023,2.836,8.0
Sydney,-33.87,151.21,ssp585,2093,21.906,20.505,22.9,2.684,8.0
Sydney,-33.87,151.21,ssp585,2094,22.122,20.636,23.597,2.587,8.0
Sydney,-33.87,151.21,ssp585,2095,22.155,20.522,23.232,2.699,8.0
Sydney,-33.87,151.21,ssp585,2096,22.292,20.434,23.774,2.334,8.0
Sydney,-33.87,151.21,ssp585,2097,22.161,20.329,23.667,2.59,8.0
Sydney,-33.87,151.21,ssp585,2098,22.297,20.985,23.946,2.237,8.0
Sydney,-33.87,151.21,ssp585,2099,22.197,20.615,23.379,2.649,8.0
Sydney,-33.87,151.21,ssp585,2100,22.245,20.888,23.368,2.686,8.0
Tokyo,35.68,139.69,historical,1850,14.821,12.831,17.176,5.811,8.0
Tokyo,35.68,139.69,historical,1851,14.856,12.963,16.913,5.849,8.0
Tokyo,35.68,139.69,historical,1852,14.986,13.396,17.231,5.757,8.0
Tokyo,35.68,139.69,historical,1853,14.487,12.651,16.83,5.621,8.0
Tokyo,35.68,139.69,historical,1854,14.654,12.881,16.942,5.979,8.0
Tokyo,35.68,139.69,historical,1855,14.857,13.279,16.693,5.888,8.0
Tokyo,35.68,139.69,historical,1856,14.803,12.73,16.893,5.727,8.0
Tokyo,35.68,139.69,historical,1857,14.834,12.66,16.624,5.836,8.0
Tokyo,35.68,139.69,historical,1858,14.808,13.007,16.749,5.324,8.0
Tokyo,35.68,139.69,historical,1859,14.816,12.638,16.875,5.662,8.0
Tokyo,35.68,139.69,historical,1860,14.559,12.254,17.039,5.417,8.0
Tokyo,35.68,139.69,historical,1861,14.862,12.806,17.127,5.482,8.0
Tokyo,35.68,139.69,historical,1862,14.593,12.748,16.854,5.467,8.0
Tokyo,35.68,139.69,historical,1863,14.853,13.524,16.758,5.314,8.0
Tokyo,35.68,139.69,historical,1864,14.679,12.992,16.696,5.567,8.0
Tokyo,35.68,139.69,historical,1865,14.769,13.097,16.538,5.828,8.0
Tokyo,35.68,139.69,historical,1866,14.831,13.063,16.963,5.651,8.0
Tokyo,35.68,139.69,historical,1867,14.85,13.067,16.802,5.693,8.0
Tokyo,35.68,139.69,historical,1868,14.714,13.069,16.978,5.593,8.0
Tokyo,35.68,139.69,historical,1869,14.653,12.767,16.832,5.79,8.0
Tokyo,35.68,139.69,historical,1870,14.872,12.775,17.061,5.806,8.0
Tokyo,35.68,139.69,historical,1871,14.955,13.102,17.014,5.855,8.0
Tokyo,35.68,139.69,historical,1872,14.644,12.734,17.223,5.383,8.0
Tokyo,35.68,139.69,historical,1873,14.704,13.0,16.872,5.456,8.0
Tokyo,35.68,139.69,historical,1874,14.484,12.358,16.733,5.744,8.0
Tokyo,35.68,139.69,historical,1875,14.842,12.469,17.12,5.526,8.0
Tokyo,35.68,139.69,historical,1876,14.822,12.484,17.5,5.633,8.0
Tokyo,35.68,139.69,historical,1877,14.92,12.218,17.584,5.691,8.0
Tokyo,35.68,139.69,historical,1878,14.625,12.446,16.962,5.293,8.0
Tokyo,35.68,139.69,historical,1879,14.517,12.184,16.865,5.966,8.0
Tokyo,35.68,139.69,historical,1880,14.726,13.014,17.328,5.678,8.0
Tokyo,35.68,139.69,historical,1881,14.695,12.879,17.04,5.692,8.0
Tokyo,35.68,139.69,historical,1882,15.051,13.114,17.488,6.2,8.0
Tokyo,35.68,139.69,historical,1883,14.877,12.69,17.108,5.842,8.0
Tokyo,35.68,139.69,historical,1884,14.129,11.804,16.288,5.629,8.0
Tokyo,35.68,139.69,historical,1885,14.201,12.249,16.549,5.308,8.0
Tokyo,35.68,139.69,historical,1886,14.756,12.91,16.722,5.715,8.0
Tokyo,35.68,139.69,historical,1887,14.426,11.765,16.566,5.598,8.0
Tokyo,35.68,139.69,historical,1888,14.56,12.496,17.159,5.783,8.0
Tokyo,35.68,139.69,historical,1889,14.5,12.341,16.694,5.706,8.0
Tokyo,35.68,139.69,historical,1890,14.709,12.488,17.128,5.808,8.0
Tokyo,35.68,139.69,historical,1891,14.508,11.847,17.2,5.785,8.0
Tokyo,35.68,139.69,historical,1892,14.736,12.777,17.098,5.403,8.0
Tokyo,35.68,139.69,historical,1893,14.974,12.835,17.162,5.652,8.0
Tokyo,35.68,139.69,historical,1894,14.612,12.525,16.877,5.575,8.0
Tokyo,35.68,139.69,historical,1895,14.716,12.819,17.128,5.621,8.0
Tokyo,35.68,139.69,historical,1896,14.767,12.508,16.825,5.748,8.0
Tokyo,35.68,139.69,historical,1897,14.757,12.749,17.284,5.568,8.0
Tokyo,35.68,139.69,historical,1898,14.724,12.516,17.544,5.79,8.0
Tokyo,35.68,139.69,historical,1899,14.773,12.549,17.009,5.744,8.0
Tokyo,35.68,139.69,historical,1900,14.648,12.097,16.883,5.999,8.0
Tokyo,35.68,139.69,historical,1901,14.596,11.796,16.954,5.6,8.0
Tokyo,35.68,139.69,historical,1902,15.045,12.46,17.368,5.965,8.0
Tokyo,35.68,139.69,historical,1903,14.334,11.477,17.055,5.633,8.0
Tokyo,35.68,139.69,historical,1904,14.2,11.926,16.236,5.603,8.0
Tokyo,35.68,139.69,historical,1905,14.615,12.806,16.543,5.713,8.0
Tokyo,35.68,139.69,historical,1906,14.714,12.478,16.677,5.793,8.0
Tokyo,35.68,139.69,historical,1907,14.719,12.761,17.038,5.727,8.0
Tokyo,35.68,139.69,historical,1908,14.62,12.866,16.772,5.701,8.0
Tokyo,35.68,139.69,historical,1909,15.021,12.365,17.801,5.831,8.0
Tokyo,35.68,139.69,historical,1910,14.657,12.188,17.056,5.634,8.0
Tokyo,35.68,139.69,historical,1911,14.553,12.084,17.204,5.671,8.0
Tokyo,35.68,139.69,historical,1912,14.325,12.282,16.753,5.96,8.0
Tokyo,35.68,139.69,historical,1913,14.356,12.446,16.858,5.549,8.0
Tokyo,35.68,139.69,historical,1914,14.513,12.693,17.122,5.981,8.0
Tokyo,35.68,139.69,historical,1915,14.582,12.135,17.102,6.128,8.0
Tokyo,35.68,139.69,historical,1916,14.678,12.049,17.058,5.62,8.0
Tokyo,35.68,139.69,historical,1917,14.827,12.442,17.281,5.459,8.0
Tokyo,35.68,139.69,historical,1918,14.78,12.441,17.143,5.817,8.0
Tokyo,35.68,139.69,historical,1919,14.668,12.806,16.935,5.402,8.0
Tokyo,35.68,139.69,historical,1920,14.403,12.519,16.703,5.646,8.0
Tokyo,35.68,139.69,historical,1921,14.671,12.857,17.172,5.643,8.0
Tokyo,35.68,139.69,historical,1922,14.802,12.78,17.516,5.801,8.0
Tokyo,35.68,139.69,historical,1923,14.722,12.643,17.503,5.379,8.0
Tokyo,35.68,139.69,historical,1924,14.669,12.585,17.019,5.298,8.0
Tokyo,35.68,139.69,historical,1925,14.768,12.66,16.78,5.639,8.0
Tokyo,35.68,139.69,historical,1926,14.393,12.547,16.757,5.793,8.0
Tokyo,35.68,139.69,historical,1927,14.929,12.6,17.157,5.591,8.0
Tokyo,35.68,139.69,historical,1928,14.73,12.438,17.066,5.986,8.0
Tokyo,35.68,139.69,historical,1929,14.441,12.293,16.667,5.626,8.0
Tokyo,35.68,139.69,historical,1930,14.823,12.999,17.359,5.878,8.0
Tokyo,35.68,139.69,historical,1931,14.717,13.043,17.025,5.54,8.0
Tokyo,35.68,139.69,historical,1932,14.491,12.386,17.109,5.515,8.0
Tokyo,35.68,139.69,historical,1933,14.545,12.524,16.699,5.276,8.0
Tokyo,35.68,139.69,historical,1934,14.673,12.716,16.679,5.672,8.0
Tokyo,35.68,139.69,historical,1935,14.683,12.512,16.835,5.702,8.0
Tokyo,35.68,139.69,historical,1936,14.533,12.173,16.426,5.493,8.0
Tokyo,35.68,139.69,historical,1937,14.824,12.542,17.039,5.626,8.0
Tokyo,35.68,139.69,historical,1938,14.829,12.058,17.424,5.704,8.0
Tokyo,35.68,139.69,historical,1939,14.85,12.88,17.269,5.75,8.0
Tokyo,35.68,139.69,historical,1940,14.96,12.409,17.583,5.64,8.0
Tokyo,35.68,139.69,historical,1941,14.854,12.931,17.243,5.343,8.0
Tokyo,35.68,139.69,historical,1942,14.834,13.209,16.697,5.462,8.0
Tokyo,35.68,139.69,historical,1943,14.659,12.162,17.353,5.466,8.0
Tokyo,35.68,139.69,historical,1944,14.759,12.472,17.208,5.927,8.0
Tokyo,35.68,139.69,historical,1945,14.9,12.744,17.31,5.685,8.0
Tokyo,35.68,139.69,historical,1946,14.731,12.306,16.896,5.582,8.0
Tokyo,35.68,139.69,historical,1947,14.538,12.633,16.903,5.599,8.0
Tokyo,35.68,139.69,historical,1948,14.834,12.735,16.851,5.594,8.0
Tokyo,35.68,139.69,historical,1949,14.894,12.524,17.322,5.471,8.0
Tokyo,35.68,139.69,historical,1950,14.637,12.623,16.991,5.604,8.0
Tokyo,35.68,139.69,historical,1951,14.89,13.072,17.403,5.533,8.0
Tokyo,35.68,139.69,historical,1952,14.832,12.725,16.93,5.672,8.0
Tokyo,35.68,139.69,historical,1953,14.752,12.08,17.467,5.902,8.0
Tokyo,35.68,139.69,historical,1954,14.575,12.115,16.695,5.379,8.0
Tokyo,35.68,139.69,historical,1955,15.013,12.446,17.513,5.649,8.0
Tokyo,35.68,139.69,historical,1956,14.886,12.96,17.206,5.772,8.0
Tokyo,35.68,139.69,historical,1957,14.744,12.688,17.052,5.586,8.0
Tokyo,35.68,139.69,historical,1958,14.648,11.843,17.179,5.735,8.0
Tokyo,35.68,139.69,historical,1959,14.782,12.436,17.042,5.428,8.0
Tokyo,35.68,139.69,historical,1960,14.839,12.853,17.182,5.492,8.0
Tokyo,35.68,139.69,historical,1961,14.566,12.267,16.753,5.472,8.0
Tokyo,35.68,139.69,historical,1962,14.617,12.157,17.029,5.815,8.0
Tokyo,35.68,139.69,historical,1963,14.847,12.8,16.87,5.732,8.0
Tokyo,35.68,139.69,historical,1964,14.637,12.324,17.077,5.762,8.0
Tokyo,35.68,139.69,historical,1965,14.74,12.589,17.147,6.079,8.0
Tokyo,35.68,139.69,historical,1966,14.678,12.457,17.047,5.789,8.0
Tokyo,35.68,139.69,historical,1967,14.538,12.674,16.807,5.646,8.0
Tokyo,35.68,139.69,historical,1968,14.423,11.692,16.674,5.387,8.0
Tokyo,35.68,139.69,historical,1969,14.482,12.189,16.583,5.69,8.0
Tokyo,35.68,139.69,historical,1970,14.435,11.961,16.8,5.623,8.0
Tokyo,35.68,139.69,historical,1971,14.72,12.571,16.975,5.595,8.0
Tokyo,35.68,139.69,historical,1972,14.633,12.743,16.876,5.65,8.0
Tokyo,35.68,139.69,historical,1973,14.786,12.575,16.487,5.624,8.0
Tokyo,35.68,139.69,historical,1974,14.573,12.397,16.489,5.466,8.0
Tokyo,35.68,139.69,historical,1975,14.664,12.963,16.344,5.752,8.0
Tokyo,35.68,139.69,historical,1976,14.782,12.338,17.426,5.487,8.0
Tokyo,35.68,139.69,historical,1977,14.864,12.663,16.723,5.866,8.0
Tokyo,35.68,139.69,historical,1978,14.75,12.476,16.382,5.741,8.0
Tokyo,35.68,139.69,historical,1979,14.607,12.265,16.425,5.324,8.0
Tokyo,35.68,139.69,historical,1980,14.603,12.529,16.677,5.816,8.0
Tokyo,35.68,139.69,historical,1981,14.71,12.686,17.094,5.537,8.0
Tokyo,35.68,139.69,historical,1982,14.655,11.995,16.944,5.583,8.0
Tokyo,35.68,139.69,historical,1983,14.167,11.325,16.632,5.93,8.0
Tokyo,35.68,139.69,historical,1984,14.704,12.253,16.778,5.753,8.0
Tokyo,35.68,139.69,historical,1985,14.716,12.626,16.69,5.559,8.0
Tokyo,35.68,139.69,historical,1986,14.958,12.78,17.49,5.843,8.0
Tokyo,35.68,139.69,historical,1987,14.848,12.255,17.608,5.539,8.0
Tokyo,35.68,139.69,historical,1988,14.874,12.458,16.85,5.873,8.0
Tokyo,35.68,139.69,historical,1989,14.965,12.397,16.802,5.612,8.0
Tokyo,35.68,139.69,historical,1990,15.172,12.753,17.4,5.616,8.0
Tokyo,35.68,139.69,historical,1991,15.215,12.786,17.507,5.674,8.0
Tokyo,35.68,139.69,historical,1992,14.583,12.765,16.697,5.576,8.0
Tokyo,35.68,139.69,historical,1993,14.838,12.422,17.549,5.344,8.0
Tokyo,35.68,139.69,historical,1994,14.662,12.089,17.452,5.68,8.0
Tokyo,35.68,139.69,historical,1995,14.744,12.368,17.156,5.513,8.0
Tokyo,35.68,139.69,historical,1996,14.968,12.338,17.003,5.2,8.0
Tokyo,35.68,139.69,historical,1997,15.412,13.345,17.751,5.561,8.0
Tokyo,35.68,139.69,historical,1998,15.072,12.596,17.481,5.124,8.0
Tokyo,35.68,139.69,historical,1999,15.169,12.839,17.452,5.653,8.0
Tokyo,35.68,139.69,historical,2000,15.236,13.258,17.254,5.648,8.0
Tokyo,35.68,139.69,historical,2001,15.245,12.793,17.244,5.289,8.0
Tokyo,35.68,139.69,historical,2002,15.26,13.036,17.356,5.359,8.0
Tokyo,35.68,139.69,historical,2003,15.306,12.857,17.688,5.708,8.0
Tokyo,35.68,139.69,historical,2004,15.533,12.569,18.586,5.297,8.0
Tokyo,35.68,139.69,historical,2005,15.266,12.797,17.79,6.101,8.0
Tokyo,35.68,139.69,historical,2006,15.507,13.453,18.05,5.766,8.0
Tokyo,35.68,139.69,historical,2007,15.237,12.637,17.7,6.018,8.0
Tokyo,35.68,139.69,historical,2008,15.779,13.65,17.928,5.029,8.0
Tokyo,35.68,139.69,historical,2009,15.56,13.324,17.89,5.667,8.0
Tokyo,35.68,139.69,historical,2010,15.776,13.436,18.415,5.517,8.0
Tokyo,35.68,139.69,historical,2011,15.675,13.373,18.189,5.485,8.0
Tokyo,35.68,139.69,historical,2012,15.795,13.49,18.194,5.263,8.0
Tokyo,35.68,139.69,historical,2013,15.814,13.674,18.429,5.425,8.0
Tokyo,35.68,139.69,historical,2014,15.811,13.171,18.069,5.406,8.0
Tokyo,35.68,139.69,ssp126,2015,15.888,13.442,18.604,5.605,8.0
Tokyo,35.68,139.69,ssp126,2016,15.902,13.434,18.315,6.029,8.0
Tokyo,35.68,139.69,ssp126,2017,15.898,13.561,18.534,5.748,8.0
Tokyo,35.68,139.69,ssp126,2018,16.019,14.041,18.006,6.072,8.0
Tokyo,35.68,139.69,ssp126,2019,16.017,13.632,18.246,5.668,8.0
Tokyo,35.68,139.69,ssp126,2020,15.891,13.224,18.058,5.87,8.0
Tokyo,35.68,139.69,ssp126,2021,15.982,14.08,18.174,5.597,8.0
Tokyo,35.68,139.69,ssp126,2022,16.076,13.726,18.754,5.242,8.0
Tokyo,35.68,139.69,ssp126,2023,16.249,13.934,18.638,5.61,8.0
Tokyo,35.68,139.69,ssp126,2024,16.13,14.036,18.314,5.728,8.0
Tokyo,35.68,139.69,ssp126,2025,15.901,14.075,18.095,5.782,8.0
Tokyo,35.68,139.69,ssp126,2026,16.141,14.177,18.491,5.197,8.0
Tokyo,35.68,139.69,ssp126,2027,15.984,14.28,18.234,5.529,8.0
Tokyo,35.68,139.69,ssp126,2028,16.189,14.324,18.481,6.391,8.0
Tokyo,35.68,139.69,ssp126,2029,16.274,14.269,18.478,5.555,8.0
Tokyo,35.68,139.69,ssp126,2030,16.36,14.499,18.757,5.148,8.0
Tokyo,35.68,139.69,ssp126,2031,16.268,14.2,18.933,5.983,8.0
Tokyo,35.68,139.69,ssp126,2032,16.415,14.783,18.446,5.932,8.0
Tokyo,35.68,139.69,ssp126,2033,16.302,14.208,18.111,5.596,8.0
Tokyo,35.68,139.69,ssp126,2034,16.375,14.112,18.75,5.709,8.0
Tokyo,35.68,139.69,ssp126,2035,16.47,14.448,18.66,5.629,8.0
Tokyo,35.68,139.69,ssp126,2036,16.304,14.62,18.436,5.759,8.0
Tokyo,35.68,139.69,ssp126,2037,16.631,14.297,18.907,5.501,8.0
Tokyo,35.68,139.69,ssp126,2038,16.457,14.203,18.438,5.546,8.0
Tokyo,35.68,139.69,ssp126,2039,16.222,14.267,18.707,5.509,8.0
Tokyo,35.68,139.69,ssp126,2040,16.437,14.063,19.13,5.595,8.0
Tokyo,35.68,139.69,ssp126,2041,16.473,13.816,18.985,5.956,8.0
Tokyo,35.68,139.69,ssp126,2042,16.695,14.835,19.297,5.86,8.0
Tokyo,35.68,139.69,ssp126,2043,16.651,15.135,18.332,5.963,8.0
Tokyo,35.68,139.69,ssp126,2044,16.877,14.423,19.191,5.485,8.0
Tokyo,35.68,139.69,ssp126,2045,16.456,14.537,18.838,5.762,8.0
Tokyo,35.68,139.69,ssp126,2046,16.539,14.637,19.007,5.8,8.0
Tokyo,35.68,139.69,ssp126,2047,16.705,14.645,19.052,6.004,8.0
Tokyo,35.68,139.69,ssp126,2048,16.849,14.722,19.122,5.909,8.0
Tokyo,35.68,139.69,ssp126,2049,16.904,14.746,18.947,5.848,8.0
Tokyo,35.68,139.69,ssp126,2050,16.956,14.886,19.466,5.534,8.0
Tokyo,35.68,139.69,ssp126,2051,16.713,14.18,19.297,5.501,8.0
Tokyo,35.68,139.69,ssp126,2052,16.801,14.843,19.331,5.649,8.0
Tokyo,35.68,139.69,ssp126,2053,16.821,14.956,18.864,5.1,8.0
Tokyo,35.68,139.69,ssp126,2054,17.146,14.923,19.607,5.974,8.0
Tokyo,35.68,139.69,ssp126,2055,16.904,14.947,19.054,5.915,8.0
Tokyo,35.68,139.69,ssp126,2056,17.063,14.851,19.511,5.59,8.0
Tokyo,35.68,139.69,ssp126,2057,16.868,14.783,19.562,5.844,8.0
Tokyo,35.68,139.69,ssp126,2058,17.028,15.545,18.752,5.933,8.0
Tokyo,35.68,139.69,ssp126,2059,17.045,15.064,19.879,5.922,8.0
Tokyo,35.68,139.69,ssp126,2060,16.978,14.732,19.188,5.85,8.0
Tokyo,35.68,139.69,ssp126,2061,16.969,14.92,18.972,5.614,8.0
Tokyo,35.68,139.69,ssp126,2062,17.152,15.314,19.408,6.102,8.0
Tokyo,35.68,139.69,ssp126,2063,17.117,15.088,19.686,5.67,8.0
Tokyo,35.68,139.69,ssp126,2064,16.741,14.864,19.007,5.655,8.0
Tokyo,35.68,139.69,ssp126,2065,16.887,14.667,19.367,5.612,8.0
Tokyo,35.68,139.69,ssp126,2066,16.971,14.868,19.586,5.749,8.0
Tokyo,35.68,139.69,ssp126,2067,16.959,14.611,19.36,5.96,8.0
Tokyo,35.68,139.69,ssp126,2068,16.808,15.133,19.017,5.787,8.0
Tokyo,35.68,139.69,ssp126,2069,16.673,15.055,18.933,5.82,8.0
Tokyo,35.68,139.69,ssp126,2070,17.069,14.846,20.152,6.015,8.0
Tokyo,35.68,139.69,ssp126,2071,16.853,15.177,19.204,6.1,8.0
Tokyo,35.68,139.69,ssp126,2072,16.785,15.016,19.146,5.407,8.0
Tokyo,35.68,139.69,ssp126,2073,16.731,14.695,18.914,5.884,8.0
Tokyo,35.68,139.69,ssp126,2074,16.715,14.629,18.574,5.605,8.0
Tokyo,35.68,139.69,ssp126,2075,16.706,14.489,18.922,5.912,8.0
Tokyo,35.68,139.69,ssp126,2076,16.767,15.04,19.238,6.112,8.0
Tokyo,35.68,139.69,ssp126,2077,16.772,14.489,19.133,5.835,8.0
Tokyo,35.68,139.69,ssp126,2078,17.063,15.037,19.143,5.966,8.0
Tokyo,35.68,139.69,ssp126,2079,17.071,15.048,19.452,5.825,8.0
Tokyo,35.68,139.69,ssp126,2080,16.753,14.829,19.185,5.511,8.0
Tokyo,35.68,139.69,ssp126,2081,16.753,14.998,18.749,5.842,8.0
Tokyo,35.68,139.69,ssp126,2082,17.004,14.905,19.063,6.105,8.0
Tokyo,35.68,139.69,ssp126,2083,16.937,14.709,19.207,5.99,8.0
Tokyo,35.68,139.69,ssp126,2084,16.765,14.736,19.243,5.857,8.0
Tokyo,35.68,139.69,ssp126,2085,16.898,14.968,19.134,5.891,8.0
Tokyo,35.68,139.69,ssp126,2086,16.775,15.052,18.601,5.815,8.0
Tokyo,35.68,139.69,ssp126,2087,16.979,15.024,18.953,5.297,8.0
Tokyo,35.68,139.69,ssp126,2088,16.749,14.845,19.385,6.061,8.0
Tokyo,35.68,139.69,ssp126,2089,16.863,15.125,18.985,6.09,8.0
Tokyo,35.68,139.69,ssp126,2090,17.12,15.225,19.722,5.716,8.0
Tokyo,35.68,139.69,ssp126,2091,16.722,14.735,19.436,5.835,8.0
Tokyo,35.68,139.69,ssp126,2092,17.051,15.056,19.459,5.915,8.0
Tokyo,35.68,139.69,ssp126,2093,16.838,14.695,19.262,5.856,8.0
Tokyo,35.68,139.69,ssp126,2094,16.79,14.798,18.794,5.489,8.0
Tokyo,35.68,139.69,ssp126,2095,16.778,15.058,19.361,5.977,8.0
Tokyo,35.68,139.69,ssp126,2096,16.651,14.894,19.106,5.76,8.0
Tokyo,35.68,139.69,ssp126,2097,16.869,14.745,19.495,5.947,8.0
Tokyo,35.68,139.69,ssp126,2098,16.791,14.728,19.128,5.525,8.0
Tokyo,35.68,139.69,ssp126,2099,16.651,14.673,19.122,5.867,8.0
Tokyo,35.68,139.69,ssp126,2100,16.618,14.872,18.53,5.811,8.0
Tokyo,35.68,139.69,ssp245,2015,15.942,13.948,18.328,5.429,8.0
Tokyo,35.68,139.69,ssp245,2016,15.762,13.673,18.433,5.486,8.0
Tokyo,35.68,139.69,ssp245,2017,15.961,13.653,18.282,5.571,8.0
Tokyo,35.68,139.69,ssp245,2018,16.036,13.672,18.106,5.422,8.0
Tokyo,35.68,139.69,ssp245,2019,16.111,13.79,18.351,5.522,8.0
Tokyo,35.68,139.69,ssp245,2020,16.502,13.693,18.914,5.566,8.0
Tokyo,35.68,139.69,ssp245,2021,16.193,13.713,18.249,5.978,8.0
Tokyo,35.68,139.69,ssp245,2022,16.033,13.528,18.254,5.358,8.0
Tokyo,35.68,139.69,ssp245,2023,16.042,13.85,18.194,5.715,8.0
Tokyo,35.68,139.69,ssp245,2024,16.347,13.543,18.353,6.188,8.0
Tokyo,35.68,139.69,ssp245,2025,16.344,13.905,18.868,5.546,8.0
Tokyo,35.68,139.69,ssp245,2026,16.175,13.89,18.81,5.474,8.0
Tokyo,35.68,139.69,ssp245,2027,16.226,14.356,18.959,6.015,8.0
Tokyo,35.68,139.69,ssp245,2028,15.823,13.521,18.054,5.561,8.0
Tokyo,35.68,139.69,ssp245,2029,16.132,14.096,18.419,5.666,8.0
Tokyo,35.68,139.69,ssp245,2030,16.212,13.803,18.436,5.694,8.0
Tokyo,35.68,139.69,ssp245,2031,16.472,14.148,18.944,6.085,8.0
Tokyo,35.68,139.69,ssp245,2032,16.639,14.48,18.766,5.768,8.0
Tokyo,35.68,139.69,ssp245,2033,16.217,14.096,18.581,5.245,8.0
Tokyo,35.68,139.69,ssp245,2034,16.111,13.576,18.123,5.568,8.0
Tokyo,35.68,139.69,ssp245,2035,16.53,14.628,18.692,5.674,8.0
Tokyo,35.68,139.69,ssp245,2036,16.656,14.346,19.2,6.058,8.0
Tokyo,35.68,139.69,ssp245,2037,16.513,14.434,18.867,5.205,8.0
Tokyo,35.68,139.69,ssp245,2038,16.287,14.091,18.595,5.773,8.0
Tokyo,35.68,139.69,ssp245,2039,16.568,14.052,18.763,5.894,8.0
Tokyo,35.68,139.69,ssp245,2040,16.898,14.244,19.592,5.659,7.0
Tokyo,35.68,139.69,ssp245,2041,16.676,14.404,18.996,5.856,7.0
Tokyo,35.68,139.69,ssp245,2042,16.839,14.46,19.025,5.568,7.0
Tokyo,35.68,139.69,ssp245,2043,16.827,14.358,19.208,5.592,7.0
Tokyo,35.68,139.69,ssp245,2044,16.723,14.588,18.733,5.37,7.0
Tokyo,35.68,139.69,ssp245,2045,16.674,14.08,19.391,5.945,7.0
Tokyo,35.68,139.69,ssp245,2046,17.122,15.027,19.239,5.983,7.0
Tokyo,35.68,139.69,ssp245,2047,16.979,14.335,19.387,5.852,7.0
Tokyo,35.68,139.69,ssp245,2048,17.156,14.801,19.822,5.713,7.0
Tokyo,35.68,139.69,ssp245,2049,16.949,14.229,20.093,6.079,7.0
Tokyo,35.68,139.69,ssp245,2050,17.097,14.911,19.477,5.325,7.0
Tokyo,35.68,139.69,ssp245,2051,17.286,15.073,19.309,6.054,7.0
Tokyo,35.68,139.69,ssp245,2052,16.981,14.508,19.183,5.733,7.0
Tokyo,35.68,139.69,ssp245,2053,17.287,14.981,19.583,6.69,7.0
Tokyo,35.68,139.69,ssp245,2054,17.378,14.899,19.593,6.235,7.0
Tokyo,35.68,139.69,ssp245,2055,17.274,14.763,19.535,5.506,7.0
Tokyo,35.68,139.69,ssp245,2056,17.299,15.387,19.487,5.824,7.0
Tokyo,35.68,139.69,ssp245,2057,17.092,15.07,19.23,5.678,7.0
Tokyo,35.68,139.69,ssp245,2058,17.134,14.674,19.689,5.228,7.0
Tokyo,35.68,139.69,ssp245,2059,17.436,15.345,19.39,5.752,7.0
Tokyo,35.68,139.69,ssp245,2060,17.541,15.091,20.367,5.496,7.0
Tokyo,35.68,139.69,ssp245,2061,17.232,14.693,19.594,5.31,7.0
Tokyo,35.68,139.69,ssp245,2062,17.377,15.06,19.49,5.62,7.0
Tokyo,35.68,139.69,ssp245,2063,17.334,15.158,19.882,5.718,7.0
Tokyo,35.68,139.69,ssp245,2064,17.499,14.861,19.955,5.984,7.0
Tokyo,35.68,139.69,ssp245,2065,17.376,15.103,19.869,5.851,7.0
Tokyo,35.68,139.69,ssp245,2066,17.273,15.262,19.234,5.58,7.0
Tokyo,35.68,139.69,ssp245,2067,17.625,15.308,20.255,5.857,7.0
Tokyo,35.68,139.69,ssp245,2068,17.758,15.683,20.087,5.838,7.0
Tokyo,35.68,139.69,ssp245,2069,17.554,15.157,20.109,5.932,7.0
Tokyo,35.68,139.69,ssp245,2070,17.653,15.159,19.943,6.019,7.0
Tokyo,35.68,139.69,ssp245,2071,17.73,15.876,20.031,5.77,7.0
Tokyo,35.68,139.69,ssp245,2072,17.579,15.21,19.796,6.057,7.0
Tokyo,35.68,139.69,ssp245,2073,17.398,15.03,19.979,5.711,7.0
Tokyo,35.68,139.69,ssp245,2074,17.466,14.818,19.893,6.19,7.0
Tokyo,35.68,139.69,ssp245,2075,17.75,15.521,20.083,6.244,7.0
Tokyo,35.68,139.69,ssp245,2076,17.687,15.579,19.741,5.368,7.0
Tokyo,35.68,139.69,ssp245,2077,17.849,15.117,20.659,6.053,7.0
Tokyo,35.68,139.69,ssp245,2078,17.787,15.626,20.056,6.403,7.0
Tokyo,35.68,139.69,ssp245,2079,17.94,15.623,20.074,5.555,7.0
Tokyo,35.68,139.69,ssp245,2080,17.869,15.489,20.26,5.922,7.0
Tokyo,35.68,139.69,ssp245,2081,18.271,15.767,20.574,5.762,7.0
Tokyo,35.68,139.69,ssp245,2082,17.962,15.708,20.196,5.981,7.0
Tokyo,35.68,139.69,ssp245,2083,17.934,15.491,20.558,5.888,7.0
Tokyo,35.68,139.69,ssp245,2084,17.805,15.443,20.215,5.941,7.0
Tokyo,35.68,139.69,ssp245,2085,18.241,16.025,20.178,5.931,7.0
Tokyo,35.68,139.69,ssp245,2086,18.201,15.807,20.601,6.417,7.0
Tokyo,35.68,139.69,ssp245,2087,17.963,15.68,20.655,5.886,7.0
Tokyo,35.68,139.69,ssp245,2088,17.929,15.612,20.342,5.807,7.0
Tokyo,35.68,139.69,ssp245,2089,17.826,15.466,20.408,6.123,7.0
Tokyo,35.68,139.69,ssp245,2090,18.101,15.599,20.588,5.91,7.0
Tokyo,35.68,139.69,ssp245,2091,17.808,15.337,20.281,6.122,7.0
Tokyo,35.68,139.69,ssp245,2092,17.999,15.489,20.679,6.105,7.0
Tokyo,35.68,139.69,ssp245,2093,17.918,15.26,20.368,6.063,7.0
Tokyo,35.68,139.69,ssp245,2094,17.92,15.437,20.094,5.647,7.0
Tokyo,35.68,139.69,ssp245,2095,17.826,15.516,20.486,5.299,7.0
Tokyo,35.68,139.69,ssp245,2096,17.823,15.449,20.158,5.604,7.0
Tokyo,35.68,139.69,ssp245,2097,17.843,15.73,20.696,5.577,7.0
Tokyo,35.68,139.69,ssp245,2098,18.009,15.628,20.525,5.937,7.0
Tokyo,35.68,139.69,ssp245,2099,18.09,15.994,20.428,6.27,7.0
Tokyo,35.68,139.69,ssp245,2100,18.249,16.151,20.462,5.76,7.0
Tokyo,35.68,139.69,ssp585,2015,15.824,13.359,18.296,5.395,8.0
Tokyo,35.68,139.69,ssp585,2016,15.727,13.725,18.13,5.624,8.0
Tokyo,35.68,139.69,ssp585,2017,15.924,13.584,18.309,5.245,8.0
Tokyo,35.68,139.69,ssp585,2018,15.906,14.121,18.009,5.187,8.0
Tokyo,35.68,139.69,ssp585,2019,15.845,13.455,18.112,5.71,8.0
Tokyo,35.68,139.69,ssp585,2020,16.152,14.052,18.839,5.604,8.0
Tokyo,35.68,139.69,ssp585,2021,15.963,14.072,18.218,5.548,8.0
Tokyo,35.68,139.69,ssp585,2022,15.977,14.068,18.636,5.576,8.0
Tokyo,35.68,139.69,ssp585,2023,15.858,13.341,18.693,5.698,8.0
Tokyo,35.68,139.69,ssp585,2024,16.334,14.343,18.771,5.353,8.0
Tokyo,35.68,139.69,ssp585,2025,16.185,13.947,18.693,5.631,8.0
Tokyo,35.68,139.69,ssp585,2026,16.212,13.582,18.765,5.265,8.0
Tokyo,35.68,139.69,ssp585,2027,16.184,14.171,18.708,5.485,8.0
Tokyo,35.68,139.69,ssp585,2028,16.411,14.146,19.291,5.807,8.0
Tokyo,35.68,139.69,ssp585,2029,16.611,14.133,19.033,6.218,8.0
Tokyo,35.68,139.69,ssp585,2030,16.333,14.507,18.74,5.149,8.0
Tokyo,35.68,139.69,ssp585,2031,16.349,14.33,18.332,5.939,8.0
Tokyo,35.68,139.69,ssp585,2032,16.469,14.088,18.809,5.074,8.0
Tokyo,35.68,139.69,ssp585,2033,16.341,13.814,18.68,5.723,8.0
Tokyo,35.68,139.69,ssp585,2034,16.629,14.295,19.036,5.431,8.0
Tokyo,35.68,139.69,ssp585,2035,16.542,14.148,19.238,5.468,8.0
Tokyo,35.68,139.69,ssp585,2036,16.824,14.156,19.43,5.305,8.0
Tokyo,35.68,139.69,ssp585,2037,16.587,14.722,19.081,6.24,8.0
Tokyo,35.68,139.69,ssp585,2038,16.613,14.103,19.173,5.959,8.0
Tokyo,35.68,139.69,ssp585,2039,16.778,14.673,19.002,5.962,8.0
Tokyo,35.68,139.69,ssp585,2040,16.721,14.261,19.045,5.816,8.0
Tokyo,35.68,139.69,ssp585,2041,16.763,14.684,18.846,6.091,8.0
Tokyo,35.68,139.69,ssp585,2042,16.841,14.78,18.73,6.036,8.0
Tokyo,35.68,139.69,ssp585,2043,16.933,14.8,19.263,5.734,8.0
Tokyo,35.68,139.69,ssp585,2044,17.313,15.469,19.369,5.609,8.0
Tokyo,35.68,139.69,ssp585,2045,17.33,15.326,19.515,5.851,8.0
Tokyo,35.68,139.69,ssp585,2046,17.577,15.35,20.095,5.291,8.0
Tokyo,35.68,139.69,ssp585,2047,17.217,14.792,19.405,6.273,8.0
Tokyo,35.68,139.69,ssp585,2048,17.391,15.08,19.907,5.909,8.0
Tokyo,35.68,139.69,ssp585,2049,17.287,15.258,20.038,5.757,8.0
Tokyo,35.68,139.69,ssp585,2050,17.542,15.556,20.458,5.473,8.0
Tokyo,35.68,139.69,ssp585,2051,17.664,15.77,19.841,5.592,8.0
Tokyo,35.68,139.69,ssp585,2052,17.448,15.373,19.761,5.752,8.0
Tokyo,35.68,139.69,ssp585,2053,17.611,15.516,19.983,6.155,8.0
Tokyo,35.68,139.69,ssp585,2054,17.731,15.77,19.916,5.795,8.0
Tokyo,35.68,139.69,ssp585,2055,17.984,16.078,20.244,6.074,8.0
Tokyo,35.68,139.69,ssp585,2056,17.88,15.588,20.325,5.182,8.0
Tokyo,35.68,139.69,ssp585,2057,18.042,16.105,20.229,5.801,8.0
Tokyo,35.68,139.69,ssp585,2058,17.814,15.9,19.998,6.349,8.0
Tokyo,35.68,139.69,ssp585,2059,17.827,15.526,19.96,6.144,8.0
Tokyo,35.68,139.69,ssp585,2060,18.043,15.671,20.26,5.676,8.0
Tokyo,35.68,139.69,ssp585,2061,17.938,15.799,20.524,5.743,8.0
Tokyo,35.68,139.69,ssp585,2062,18.351,15.644,20.58,6.026,8.0
Tokyo,35.68,139.69,ssp585,2063,18.305,16.155,20.82,5.734,8.0
Tokyo,35.68,139.69,ssp585,2064,18.301,16.298,20.359,6.219,8.0
Tokyo,35.68,139.69,ssp585,2065,18.225,16.309,20.296,5.928,8.0
Tokyo,35.68,139.69,ssp585,2066,18.235,16.334,20.277,5.913,8.0
Tokyo,35.68,139.69,ssp585,2067,18.432,16.723,20.963,5.513,8.0
Tokyo,35.68,139.69,ssp585,2068,18.632,16.545,21.01,5.921,8.0
Tokyo,35.68,139.69,ssp585,2069,18.43,16.381,21.041,5.845,8.0
Tokyo,35.68,139.69,ssp585,2070,18.904,16.68,21.436,5.688,8.0
Tokyo,35.68,139.69,ssp585,2071,18.895,16.808,21.616,6.053,8.0
Tokyo,35.68,139.69,ssp585,2072,18.905,16.808,20.882,5.599,8.0
Tokyo,35.68,139.69,ssp585,2073,18.888,16.848,21.052,6.174,8.0
Tokyo,35.68,139.69,ssp585,2074,19.259,16.864,21.885,6.372,8.0
Tokyo,35.68,139.69,ssp585,2075,19.161,17.018,21.451,6.099,8.0
Tokyo,35.68,139.69,ssp585,2076,19.192,16.857,21.492,5.672,8.0
Tokyo,35.68,139.69,ssp585,2077,18.883,16.53,21.339,5.292,8.0
Tokyo,35.68,139.69,ssp585,2078,19.106,16.746,21.4,5.847,8.0
Tokyo,35.68,139.69,ssp585,2079,19.028,16.957,21.337,5.396,8.0
Tokyo,35.68,139.69,ssp585,2080,19.333,17.341,21.738,5.661,8.0
Tokyo,35.68,139.69,ssp585,2081,19.692,16.846,22.756,5.552,8.0
Tokyo,35.68,139.69,ssp585,2082,19.56,17.369,22.29,5.724,8.0
Tokyo,35.68,139.69,ssp585,2083,19.571,17.714,21.695,6.001,8.0
Tokyo,35.68,139.69,ssp585,2084,19.647,17.238,22.256,5.73,8.0
Tokyo,35.68,139.69,ssp585,2085,19.802,17.59,22.632,5.883,8.0
Tokyo,35.68,139.69,ssp585,2086,19.694,17.417,22.292,5.799,8.0
Tokyo,35.68,139.69,ssp585,2087,19.886,17.665,22.387,5.933,8.0
Tokyo,35.68,139.69,ssp585,2088,19.985,17.695,22.69,5.955,8.0
Tokyo,35.68,139.69,ssp585,2089,19.89,17.382,22.349,5.693,8.0
Tokyo,35.68,139.69,ssp585,2090,20.274,18.02,22.846,5.753,8.0
Tokyo,35.68,139.69,ssp585,2091,20.38,18.397,22.733,6.29,8.0
Tokyo,35.68,139.69,ssp585,2092,20.43,18.075,22.757,6.043,8.0
Tokyo,35.68,139.69,ssp585,2093,20.382,18.014,22.463,5.778,8.0
Tokyo,35.68,139.69,ssp585,2094,20.304,17.634,23.177,5.733,8.0
Tokyo,35.68,139.69,ssp585,2095,20.811,18.184,23.467,5.941,8.0
Tokyo,35.68,139.69,ssp585,2096,20.949,18.654,23.398,6.042,8.0
Tokyo,35.68,139.69,ssp585,2097,20.704,18.716,23.177,5.844,8.0
Tokyo,35.68,139.69,ssp585,2098,20.752,18.187,23.888,6.254,8.0
Tokyo,35.68,139.69,ssp585,2099,20.717,18.327,23.545,6.514,8.0
Tokyo,35.68,139.69,ssp585,2100,20.71,18.291,23.273,6.154,8.0
Toronto,43.65,-79.38,historical,1850,7.346,6.046,9.142,3.107,8.0
Toronto,43.65,-79.38,historical,1851,7.798,6.198,9.327,3.062,8.0
Toronto,43.65,-79.38,historical,1852,7.476,5.124,10.185,3.186,8.0
Toronto,43.65,-79.38,historical,1853,7.113,5.48,9.145,3.048,8.0
Toronto,43.65,-79.38,historical,1854,7.583,5.595,9.675,3.048,8.0
Toronto,43.65,-79.38,historical,1855,7.001,4.454,9.402,3.158,8.0
Toronto,43.65,-79.38,historical,1856,7.188,5.416,8.507,3.25,8.0
Toronto,43.65,-79.38,historical,1857,7.654,6.029,9.034,3.142,8.0
Toronto,43.65,-79.38,historical,1858,7.154,5.166,9.332,3.072,8.0
Toronto,43.65,-79.38,historical,1859,7.154,5.418,9.785,3.208,8.0
Toronto,43.65,-79.38,historical,1860,7.355,6.012,9.007,3.164,8.0
Toronto,43.65,-79.38,historical,1861,7.619,5.206,9.213,2.943,8.0
Toronto,43.65,-79.38,historical,1862,7.148,4.946,8.89,3.192,8.0
Toronto,43.65,-79.38,historical,1863,7.333,6.111,8.609,3.124,8.0
Toronto,43.65,-79.38,historical,1864,6.628,5.311,8.031,2.929,8.0
Toronto,43.65,-79.38,historical,1865,7.11,5.101,8.974,3.091,8.0
Toronto,43.65,-79.38,historical,1866,7.071,4.787,9.439,3.192,8.0
Toronto,43.65,-79.38,historical,1867,7.093,4.973,8.694,3.066,8.0
Toronto,43.65,-79.38,historical,1868,7.232,5.392,9.611,3.066,8.0
Toronto,43.65,-79.38,historical,1869,7.406,5.587,9.22,2.97,8.0
Toronto,43.65,-79.38,historical,1870,7.468,6.29,9.621,3.205,8.0
Toronto,43.65,-79.38,historical,1871,7.385,5.476,9.36,3.065,8.0
Toronto,43.65,-79.38,historical,1872,7.436,5.825,9.392,2.928,8.0
Toronto,43.65,-79.38,historical,1873,6.934,5.731,8.413,3.188,8.0
Toronto,43.65,-79.38,historical,1874,7.339,5.442,9.786,3.053,8.0
Toronto,43.65,-79.38,historical,1875,7.516,5.764,9.422,3.218,8.0
Toronto,43.65,-79.38,historical,1876,7.243,5.772,8.516,3.2,8.0
Toronto,43.65,-79.38,historical,1877,7.36,5.683,9.303,3.027,8.0
Toronto,43.65,-79.38,historical,1878,7.32,5.612,9.302,3.043,8.0
Toronto,43.65,-79.38,historical,1879,6.899,4.86,8.652,3.22,8.0
Toronto,43.65,-79.38,historical,1880,7.097,5.371,9.221,3.172,8.0
Toronto,43.65,-79.38,historical,1881,6.886,4.869,8.963,3.074,8.0
Toronto,43.65,-79.38,historical,1882,7.467,5.154,9.124,2.906,8.0
Toronto,43.65,-79.38,historical,1883,7.435,5.476,8.773,3.047,8.0
Toronto,43.65,-79.38,historical,1884,6.598,4.823,8.226,3.092,8.0
Toronto,43.65,-79.38,historical,1885,6.498,5.264,8.418,3.102,8.0
Toronto,43.65,-79.38,historical,1886,7.004,5.537,8.424,3.14,8.0
Toronto,43.65,-79.38,historical,1887,6.616,5.059,8.453,3.14,8.0
Toronto,43.65,-79.38,historical,1888,7.158,5.059,9.246,3.096,8.0
Toronto,43.65,-79.38,historical,1889,7.32,4.688,9.317,3.136,8.0
Toronto,43.65,-79.38,historical,1890,6.848,4.774,8.985,2.884,8.0
Toronto,43.65,-79.38,historical,1891,6.898,5.242,8.446,3.113,8.0
Toronto,43.65,-79.38,historical,1892,6.722,5.412,8.391,3.098,8.0
Toronto,43.65,-79.38,historical,1893,7.807,5.933,9.364,2.941,8.0
Toronto,43.65,-79.38,historical,1894,7.055,5.489,9.197,2.98,8.0
Toronto,43.65,-79.38,historical,1895,7.423,5.492,8.945,2.961,8.0
Toronto,43.65,-79.38,historical,1896,7.405,5.682,8.573,2.959,8.0
Toronto,43.65,-79.38,historical,1897,6.889,4.614,9.118,2.837,8.0
Toronto,43.65,-79.38,historical,1898,7.724,5.923,9.392,3.217,8.0
Toronto,43.65,-79.38,historical,1899,7.423,5.207,8.897,3.09,8.0
Toronto,43.65,-79.38,historical,1900,7.321,5.525,8.346,3.104,8.0
Toronto,43.65,-79.38,historical,1901,6.931,4.978,8.199,3.091,8.0
Toronto,43.65,-79.38,historical,1902,7.455,5.892,8.947,3.218,8.0
Toronto,43.65,-79.38,historical,1903,6.232,4.697,8.116,3.072,8.0
Toronto,43.65,-79.38,historical,1904,6.728,5.43,7.875,3.067,8.0
Toronto,43.65,-79.38,historical,1905,7.199,5.287,9.254,2.998,8.0
Toronto,43.65,-79.38,historical,1906,7.696,5.515,9.47,3.031,8.0
Toronto,43.65,-79.38,historical,1907,7.256,5.925,8.266,3.136,8.0
Toronto,43.65,-79.38,historical,1908,7.076,6.097,8.366,2.921,8.0
Toronto,43.65,-79.38,historical,1909,7.097,5.502,9.289,3.01,8.0
Toronto,43.65,-79.38,historical,1910,7.377,5.739,10.223,3.135,8.0
Toronto,43.65,-79.38,historical,1911,6.604,4.4,8.501,3.07,8.0
Toronto,43.65,-79.38,historical,1912,6.698,5.17,8.171,3.036,8.0
Toronto,43.65,-79.38,historical,1913,6.437,4.102,8.606,3.025,8.0
Toronto,43.65,-79.38,historical,1914,6.906,5.209,8.725,3.28,8.0
Toronto,43.65,-79.38,historical,1915,6.539,4.875,7.847,3.041,8.0
Toronto,43.65,-79.38,historical,1916,7.637,6.534,8.659,3.185,8.0
Toronto,43.65,-79.38,historical,1917,7.506,6.032,8.815,3.141,8.0
Toronto,43.65,-79.38,historical,1918,6.589,4.372,8.929,3.083,8.0
Toronto,43.65,-79.38,historical,1919,7.204,5.557,8.486,2.929,8.0
Toronto,43.65,-79.38,historical,1920,7.082,4.622,9.29,3.145,8.0
Toronto,43.65,-79.38,historical,1921,6.698,4.568,8.459,3.148,8.0
Toronto,43.65,-79.38,historical,1922,7.387,5.851,9.782,3.058,8.0
Toronto,43.65,-79.38,historical,1923,7.083,5.37,9.237,3.096,8.0
Toronto,43.65,-79.38,historical,1924,6.671,5.014,8.807,3.131,8.0
Toronto,43.65,-79.38,historical,1925,6.632,4.994,8.288,3.096,8.0
Toronto,43.65,-79.38,historical,1926,6.936,4.906,9.034,3.083,8.0
Toronto,43.65,-79.38,historical,1927,7.1,5.792,8.478,3.04,8.0
Toronto,43.65,-79.38,historical,1928,6.591,4.831,8.668,3.018,8.0
Toronto,43.65,-79.38,historical,1929,7.03,5.288,8.628,3.136,8.0
Toronto,43.65,-79.38,historical,1930,7.034,5.449,8.548,3.049,8.0
Toronto,43.65,-79.38,historical,1931,7.534,5.955,9.603,2.921,8.0
Toronto,43.65,-79.38,historical,1932,6.734,4.746,8.334,3.044,8.0
Toronto,43.65,-79.38,historical,1933,7.244,6.136,8.502,3.175,8.0
Toronto,43.65,-79.38,historical,1934,7.39,5.704,9.432,2.941,8.0
Toronto,43.65,-79.38,historical,1935,6.932,5.967,8.554,3.108,8.0
Toronto,43.65,-79.38,historical,1936,7.272,5.952,9.157,3.065,8.0
Toronto,43.65,-79.38,historical,1937,6.917,5.178,8.836,3.099,8.0
Toronto,43.65,-79.38,historical,1938,7.191,5.373,9.25,3.147,8.0
Toronto,43.65,-79.38,historical,1939,6.662,4.633,8.174,2.865,8.0
Toronto,43.65,-79.38,historical,1940,6.994,5.046,8.508,3.058,8.0
Toronto,43.65,-79.38,historical,1941,6.276,4.762,7.569,3.218,8.0
Toronto,43.65,-79.38,historical,1942,7.413,6.062,8.558,3.2,8.0
Toronto,43.65,-79.38,historical,1943,7.601,6.37,8.581,3.162,8.0
Toronto,43.65,-79.38,historical,1944,7.032,5.516,8.562,3.055,8.0
Toronto,43.65,-79.38,historical,1945,6.691,5.365,7.954,3.053,8.0
Toronto,43.65,-79.38,historical,1946,6.353,3.691,8.832,3.008,8.0
Toronto,43.65,-79.38,historical,1947,6.703,5.088,8.599,3.032,8.0
Toronto,43.65,-79.38,historical,1948,7.036,5.107,8.69,3.2,8.0
Toronto,43.65,-79.38,historical,1949,7.572,5.564,9.436,3.082,8.0
Toronto,43.65,-79.38,historical,1950,7.13,5.65,8.281,2.874,8.0
Toronto,43.65,-79.38,historical,1951,7.362,5.452,8.912,3.117,8.0
Toronto,43.65,-79.38,historical,1952,6.959,5.921,8.79,3.189,8.0
Toronto,43.65,-79.38,historical,1953,6.925,5.256,9.072,2.834,8.0
Toronto,43.65,-79.38,historical,1954,6.915,4.879,8.771,3.053,8.0
Toronto,43.65,-79.38,historical,1955,7.422,5.846,8.794,3.037,8.0
Toronto,43.65,-79.38,historical,1956,7.045,5.8,8.203,3.133,8.0
Toronto,43.65,-79.38,historical,1957,7.571,4.865,9.362,2.939,8.0
Toronto,43.65,-79.38,historical,1958,7.02,4.767,8.81,3.046,8.0
Toronto,43.65,-79.38,historical,1959,6.903,5.223,8.657,3.241,8.0
Toronto,43.65,-79.38,historical,1960,6.842,4.691,8.733,3.062,8.0
Toronto,43.65,-79.38,historical,1961,6.927,5.863,8.286,3.018,8.0
Toronto,43.65,-79.38,historical,1962,6.928,5.534,8.349,3.135,8.0
Toronto,43.65,-79.38,historical,1963,7.169,5.609,8.579,3.028,8.0
Toronto,43.65,-79.38,historical,1964,6.696,4.765,8.336,3.213,8.0
Toronto,43.65,-79.38,historical,1965,6.521,4.593,8.962,3.052,8.0
Toronto,43.65,-79.38,historical,1966,6.802,4.741,8.643,3.099,8.0
Toronto,43.65,-79.38,historical,1967,6.929,5.292,8.823,3.074,8.0
Toronto,43.65,-79.38,historical,1968,7.218,5.242,8.79,3.149,8.0
Toronto,43.65,-79.38,historical,1969,6.883,5.491,8.571,3.053,8.0
Toronto,43.65,-79.38,historical,1970,6.937,5.597,8.826,2.995,8.0
Toronto,43.65,-79.38,historical,1971,6.971,4.894,9.121,3.118,8.0
Toronto,43.65,-79.38,historical,1972,6.574,4.986,7.88,3.257,8.0
Toronto,43.65,-79.38,historical,1973,6.726,5.253,8.373,3.094,8.0
Toronto,43.65,-79.38,historical,1974,6.782,4.561,8.786,3.175,8.0
Toronto,43.65,-79.38,historical,1975,7.314,6.092,8.559,2.934,8.0
Toronto,43.65,-79.38,historical,1976,7.186,6.045,8.418,3.041,8.0
Toronto,43.65,-79.38,historical,1977,6.805,5.562,7.731,3.132,8.0
Toronto,43.65,-79.38,historical,1978,7.039,5.053,8.586,3.066,8.0
Toronto,43.65,-79.38,historical,1979,7.489,6.347,8.878,3.048,8.0
Toronto,43.65,-79.38,historical,1980,7.293,5.303,8.83,3.054,8.0
Toronto,43.65,-79.38,historical,1981,7.043,5.668,8.998,2.95,8.0
Toronto,43.65,-79.38,historical,1982,6.731,5.686,8.112,3.005,8.0
Toronto,43.65,-79.38,historical,1983,6.684,5.243,8.273,3.146,8.0
Toronto,43.65,-79.38,historical,1984,7.34,6.267,8.634,2.906,8.0
Toronto,43.65,-79.38,historical,1985,7.145,4.903,9.394,2.943,8.0
Toronto,43.65,-79.38,historical,1986,7.174,5.735,8.796,2.904,8.0
Toronto,43.65,-79.38,historical,1987,7.239,5.975,8.835,2.943,8.0
Toronto,43.65,-79.38,historical,1988,7.311,5.997,8.734,2.939,8.0
Toronto,43.65,-79.38,historical,1989,7.505,6.16,9.288,3.004,8.0
Toronto,43.65,-79.38,historical,1990,7.635,5.904,9.655,3.081,8.0
Toronto,43.65,-79.38,historical,1991,7.642,5.615,9.689,3.208,8.0
Toronto,43.65,-79.38,historical,1992,6.761,4.459,8.81,3.047,8.0
Toronto,43.65,-79.38,historical,1993,6.854,5.311,8.454,2.957,8.0
Toronto,43.65,-79.38,historical,1994,6.902,5.187,8.728,2.876,8.0
Toronto,43.65,-79.38,historical,1995,7.361,5.389,9.44,3.065,8.0
Toronto,43.65,-79.38,historical,1996,7.424,5.755,8.987,3.073,8.0
Toronto,43.65,-79.38,historical,1997,7.737,6.227,9.685,3.248,8.0
Toronto,43.65,-79.38,historical,1998,7.198,5.308,8.844,2.804,8.0
Toronto,43.65,-79.38,historical,1999,7.424,5.876,9.527,3.127,8.0
Toronto,43.65,-79.38,historical,2000,7.617,6.4,8.866,2.924,8.0
Toronto,43.65,-79.38,historical,2001,7.953,6.695,8.766,3.173,8.0
Toronto,43.65,-79.38,historical,2002,7.886,6.714,9.327,3.17,8.0
Toronto,43.65,-79.38,historical,2003,7.974,5.793,10.527,3.193,8.0
Toronto,43.65,-79.38,historical,2004,7.901,6.579,9.45,2.942,8.0
Toronto,43.65,-79.38,historical,2005,7.629,6.652,8.816,3.297,8.0
Toronto,43.65,-79.38,historical,2006,8.401,7.445,9.17,3.075,8.0
Toronto,43.65,-79.38,historical,2007,7.709,5.919,9.476,3.093,8.0
Toronto,43.65,-79.38,historical,2008,7.868,5.955,9.589,3.268,8.0
Toronto,43.65,-79.38,historical,2009,8.532,6.872,10.162,3.215,8.0
Toronto,43.65,-79.38,historical,2010,8.611,6.527,10.774,3.035,8.0
Toronto,43.65,-79.38,historical,2011,8.208,6.289,10.221,3.232,8.0
Toronto,43.65,-79.38,historical,2012,8.517,6.601,10.505,3.228,8.0
Toronto,43.65,-79.38,historical,2013,8.54,6.236,10.119,2.91,8.0
Toronto,43.65,-79.38,historical,2014,8.449,6.571,10.317,3.025,8.0
Toronto,43.65,-79.38,ssp126,2015,9.011,6.492,12.064,3.018,8.0
Toronto,43.65,-79.38,ssp126,2016,9.215,7.338,10.84,3.229,8.0
Toronto,43.65,-79.38,ssp126,2017,8.939,7.769,10.068,3.213,8.0
Toronto,43.65,-79.38,ssp126,2018,8.875,6.913,10.603,3.348,8.0
Toronto,43.65,-79.38,ssp126,2019,8.569,6.56,10.032,3.046,8.0
Toronto,43.65,-79.38,ssp126,2020,8.978,7.238,10.986,3.077,8.0
Toronto,43.65,-79.38,ssp126,2021,9.095,7.893,10.681,3.065,8.0
Toronto,43.65,-79.38,ssp126,2022,8.837,7.068,10.695,3.187,8.0
Toronto,43.65,-79.38,ssp126,2023,9.174,7.274,10.951,3.264,8.0
Toronto,43.65,-79.38,ssp126,2024,9.471,7.701,11.69,3.042,8.0
Toronto,43.65,-79.38,ssp126,2025,9.451,7.295,11.564,3.06,8.0
Toronto,43.65,-79.38,ssp126,2026,9.382,7.364,11.148,3.174,8.0
Toronto,43.65,-79.38,ssp126,2027,9.279,7.623,11.085,3.215,8.0
Toronto,43.65,-79.38,ssp126,2028,9.195,6.581,11.22,3.124,8.0
Toronto,43.65,-79.38,ssp126,2029,9.177,7.213,11.007,3.317,8.0
Toronto,43.65,-79.38,ssp126,2030,9.093,7.267,11.345,3.036,8.0
Toronto,43.65,-79.38,ssp126,2031,9.57,7.886,11.092,3.12,8.0
Toronto,43.65,-79.38,ssp126,2032,9.629,7.379,11.859,3.214,8.0
Toronto,43.65,-79.38,ssp126,2033,10.142,8.182,12.409,3.299,8.0
Toronto,43.65,-79.38,ssp126,2034,9.422,7.303,11.068,3.116,8.0
Toronto,43.65,-79.38,ssp126,2035,9.801,7.485,11.678,3.172,8.0
Toronto,43.65,-79.38,ssp126,2036,9.378,7.31,11.813,3.148,8.0
Toronto,43.65,-79.38,ssp126,2037,9.869,7.449,11.712,3.205,8.0
Toronto,43.65,-79.38,ssp126,2038,9.51,7.77,11.124,3.116,8.0
Toronto,43.65,-79.38,ssp126,2039,9.483,7.407,11.606,3.312,8.0
Toronto,43.65,-79.38,ssp126,2040,10.054,7.911,11.865,3.215,8.0
Toronto,43.65,-79.38,ssp126,2041,9.885,6.8,12.412,3.186,8.0
Toronto,43.65,-79.38,ssp126,2042,9.904,7.85,11.364,3.18,8.0
Toronto,43.65,-79.38,ssp126,2043,9.986,8.225,11.318,3.403,8.0
Toronto,43.65,-79.38,ssp126,2044,9.543,7.715,11.231,3.292,8.0
Toronto,43.65,-79.38,ssp126,2045,9.99,7.333,12.025,3.21,8.0
Toronto,43.65,-79.38,ssp126,2046,9.875,8.725,11.259,3.128,8.0
Toronto,43.65,-79.38,ssp126,2047,10.012,8.169,11.472,3.4,8.0
Toronto,43.65,-79.38,ssp126,2048,10.095,8.174,11.573,3.534,8.0
Toronto,43.65,-79.38,ssp126,2049,10.324,8.992,11.773,3.288,8.0
Toronto,43.65,-79.38,ssp126,2050,10.268,8.208,11.946,3.284,8.0
Toronto,43.65,-79.38,ssp126,2051,10.649,8.082,12.39,3.333,8.0
Toronto,43.65,-79.38,ssp126,2052,9.732,8.286,10.81,3.291,8.0
Toronto,43.65,-79.38,ssp126,2053,10.029,8.117,11.436,3.116,8.0
Toronto,43.65,-79.38,ssp126,2054,10.504,8.373,12.484,3.243,8.0
Toronto,43.65,-79.38,ssp126,2055,10.224,8.402,12.048,3.295,8.0
Toronto,43.65,-79.38,ssp126,2056,10.445,8.004,12.268,3.296,8.0
Toronto,43.65,-79.38,ssp126,2057,10.64,8.408,12.235,3.437,8.0
Toronto,43.65,-79.38,ssp126,2058,9.952,8.117,11.312,3.404,8.0
Toronto,43.65,-79.38,ssp126,2059,10.845,8.616,12.89,3.229,8.0
Toronto,43.65,-79.38,ssp126,2060,10.267,8.069,12.714,3.252,8.0
Toronto,43.65,-79.38,ssp126,2061,10.097,8.307,11.564,3.202,8.0
Toronto,43.65,-79.38,ssp126,2062,10.467,8.533,11.996,3.335,8.0
Toronto,43.65,-79.38,ssp126,2063,10.632,8.5,12.475,3.449,8.0
Toronto,43.65,-79.38,ssp126,2064,9.987,8.101,11.922,3.258,8.0
Toronto,43.65,-79.38,ssp126,2065,9.987,7.781,11.381,3.429,8.0
Toronto,43.65,-79.38,ssp126,2066,10.308,8.144,12.047,3.313,8.0
Toronto,43.65,-79.38,ssp126,2067,10.191,7.426,12.093,3.291,8.0
Toronto,43.65,-79.38,ssp126,2068,10.146,8.32,11.463,3.137,8.0
Toronto,43.65,-79.38,ssp126,2069,10.366,8.383,11.841,3.128,8.0
Toronto,43.65,-79.38,ssp126,2070,10.493,8.544,12.593,3.348,8.0
Toronto,43.65,-79.38,ssp126,2071,10.486,8.595,12.114,3.271,8.0
Toronto,43.65,-79.38,ssp126,2072,10.021,8.281,11.738,3.389,8.0
Toronto,43.65,-79.38,ssp126,2073,10.055,8.197,11.804,3.524,8.0
Toronto,43.65,-79.38,ssp126,2074,10.363,8.013,11.803,3.104,8.0
Toronto,43.65,-79.38,ssp126,2075,10.351,8.444,12.203,3.184,8.0
Toronto,43.65,-79.38,ssp126,2076,11.051,9.165,12.251,3.233,8.0
Toronto,43.65,-79.38,ssp126,2077,10.693,9.041,12.318,3.2,8.0
Toronto,43.65,-79.38,ssp126,2078,9.937,8.109,11.209,3.526,8.0
Toronto,43.65,-79.38,ssp126,2079,10.195,8.137,11.813,3.03,8.0
Toronto,43.65,-79.38,ssp126,2080,10.223,8.156,11.554,3.283,8.0
Toronto,43.65,-79.38,ssp126,2081,10.491,8.289,11.606,3.136,8.0
Toronto,43.65,-79.38,ssp126,2082,10.336,8.645,11.898,3.396,8.0
Toronto,43.65,-79.38,ssp126,2083,10.162,8.143,12.153,3.257,8.0
Toronto,43.65,-79.38,ssp126,2084,10.114,7.726,12.193,3.398,8.0
Toronto,43.65,-79.38,ssp126,2085,10.314,7.993,11.975,3.197,8.0
Toronto,43.65,-79.38,ssp126,2086,10.244,7.646,12.885,3.33,8.0
Toronto,43.65,-79.38,ssp126,2087,10.439,8.62,11.806,3.189,8.0
Toronto,43.65,-79.38,ssp126,2088,10.308,8.64,12.115,3.31,8.0
Toronto,43.65,-79.38,ssp126,2089,9.833,8.284,11.287,3.448,8.0
Toronto,43.65,-79.38,ssp126,2090,10.667,8.73,11.966,3.214,8.0
Toronto,43.65,-79.38,ssp126,2091,10.269,7.524,12.173,3.403,8.0
Toronto,43.65,-79.38,ssp126,2092,10.74,9.035,11.796,3.378,8.0
Toronto,43.65,-79.38,ssp126,2093,10.599,8.667,12.238,3.4,8.0
Toronto,43.65,-79.38,ssp126,2094,10.159,8.132,11.868,3.306,8.0
Toronto,43.65,-79.38,ssp126,2095,10.284,7.746,12.412,3.669,8.0
Toronto,43.65,-79.38,ssp126,2096,10.436,8.713,12.218,3.36,8.0
Toronto,43.65,-79.38,ssp126,2097,10.403,7.813,12.096,3.416,8.0
Toronto,43.65,-79.38,ssp126,2098,10.338,7.882,12.189,3.275,8.0
Toronto,43.65,-79.38,ssp126,2099,10.38,7.736,12.047,3.243,8.0
Toronto,43.65,-79.38,ssp126,2100,10.174,8.195,11.808,3.345,8.0
Toronto,43.65,-79.38,ssp245,2015,8.792,6.926,10.351,3.12,8.0
Toronto,43.65,-79.38,ssp245,2016,8.618,6.379,10.549,3.155,8.0
Toronto,43.65,-79.38,ssp245,2017,8.795,6.464,10.382,3.4,8.0
Toronto,43.65,-79.38,ssp245,2018,8.966,7.38,10.472,3.201,8.0
Toronto,43.65,-79.38,ssp245,2019,8.628,6.584,10.57,3.329,8.0
Toronto,43.65,-79.38,ssp245,2020,9.036,6.747,11.212,3.059,8.0
Toronto,43.65,-79.38,ssp245,2021,8.989,7.049,10.794,3.211,8.0
Toronto,43.65,-79.38,ssp245,2022,8.771,7.149,10.508,3.011,8.0
Toronto,43.65,-79.38,ssp245,2023,9.298,7.625,10.769,3.134,8.0
Toronto,43.65,-79.38,ssp245,2024,9.511,7.813,10.733,3.071,8.0
Toronto,43.65,-79.38,ssp245,2025,9.313,7.472,10.738,3.034,8.0
Toronto,43.65,-79.38,ssp245,2026,9.06,6.56,10.905,3.179,8.0
Toronto,43.65,-79.38,ssp245,2027,9.22,7.2,10.854,3.05,8.0
Toronto,43.65,-79.38,ssp245,2028,9.02,6.837,10.706,3.169,8.0
Toronto,43.65,-79.38,ssp245,2029,9.435,7.69,11.347,2.964,8.0
Toronto,43.65,-79.38,ssp245,2030,9.379,7.527,10.653,3.226,8.0
Toronto,43.65,-79.38,ssp245,2031,9.45,7.114,11.218,3.097,8.0
Toronto,43.65,-79.38,ssp245,2032,9.514,8.061,10.91,3.319,8.0
Toronto,43.65,-79.38,ssp245,2033,9.853,7.641,11.405,3.218,8.0
Toronto,43.65,-79.38,ssp245,2034,9.78,7.502,11.478,3.286,8.0
Toronto,43.65,-79.38,ssp245,2035,9.29,6.908,11.091,3.467,8.0
Toronto,43.65,-79.38,ssp245,2036,9.911,7.886,11.653,3.54,8.0
Toronto,43.65,-79.38,ssp245,2037,9.669,7.568,11.829,3.075,8.0
Toronto,43.65,-79.38,ssp245,2038,9.936,8.081,11.572,3.033,8.0
Toronto,43.65,-79.38,ssp245,2039,10.054,7.598,12.224,3.049,8.0
Toronto,43.65,-79.38,ssp245,2040,10.153,8.0,12.315,3.266,7.0
Toronto,43.65,-79.38,ssp245,2041,9.692,7.902,11.531,3.037,7.0
Toronto,43.65,-79.38,ssp245,2042,9.732,7.803,11.479,3.413,7.0
Toronto,43.65,-79.38,ssp245,2043,9.621,7.523,11.552,3.546,7.0
Toronto,43.65,-79.38,ssp245,2044,9.741,7.72,11.924,3.223,7.0
Toronto,43.65,-79.38,ssp245,2045,9.854,8.619,11.273,3.268,7.0
Toronto,43.65,-79.38,ssp245,2046,10.222,8.793,12.001,3.043,7.0
Toronto,43.65,-79.38,ssp245,2047,9.941,8.296,11.578,3.248,7.0
Toronto,43.65,-79.38,ssp245,2048,10.093,8.034,12.014,3.159,7.0
Toronto,43.65,-79.38,ssp245,2049,10.804,9.148,12.338,3.091,7.0
Toronto,43.65,-79.38,ssp245,2050,10.44,7.833,12.525,3.579,7.0
Toronto,43.65,-79.38,ssp245,2051,10.43,8.05,12.457,3.309,7.0
Toronto,43.65,-79.38,ssp245,2052,10.308,8.341,11.428,3.073,7.0
Toronto,43.65,-79.38,ssp245,2053,10.38,8.237,12.146,3.366,7.0
Toronto,43.65,-79.38,ssp245,2054,10.459,8.947,12.37,3.507,7.0
Toronto,43.65,-79.38,ssp245,2055,9.911,7.833,11.916,3.388,7.0
Toronto,43.65,-79.38,ssp245,2056,10.393,8.561,12.607,3.436,7.0
Toronto,43.65,-79.38,ssp245,2057,10.717,8.324,12.91,3.352,7.0
Toronto,43.65,-79.38,ssp245,2058,10.538,8.05,12.61,3.055,7.0
Toronto,43.65,-79.38,ssp245,2059,10.613,8.65,12.371,3.271,7.0
Toronto,43.65,-79.38,ssp245,2060,10.909,9.085,13.718,3.207,7.0
Toronto,43.65,-79.38,ssp245,2061,10.791,8.483,12.63,3.287,7.0
Toronto,43.65,-79.38,ssp245,2062,10.876,8.095,12.579,3.254,7.0
Toronto,43.65,-79.38,ssp245,2063,10.966,8.914,13.053,3.363,7.0
Toronto,43.65,-79.38,ssp245,2064,10.981,9.258,12.498,3.191,7.0
Toronto,43.65,-79.38,ssp245,2065,10.695,8.156,12.975,3.472,7.0
Toronto,43.65,-79.38,ssp245,2066,10.965,8.629,12.49,3.231,7.0
Toronto,43.65,-79.38,ssp245,2067,10.718,8.486,12.515,3.315,7.0
Toronto,43.65,-79.38,ssp245,2068,11.098,8.345,13.346,3.246,7.0
Toronto,43.65,-79.38,ssp245,2069,10.883,8.498,12.905,3.481,7.0
Toronto,43.65,-79.38,ssp245,2070,10.909,8.501,13.541,3.509,7.0
Toronto,43.65,-79.38,ssp245,2071,10.758,8.431,12.627,3.428,7.0
Toronto,43.65,-79.38,ssp245,2072,11.231,8.598,13.217,3.262,7.0
Toronto,43.65,-79.38,ssp245,2073,11.738,9.523,13.314,3.235,7.0
Toronto,43.65,-79.38,ssp245,2074,10.992,8.569,12.925,3.21,7.0
Toronto,43.65,-79.38,ssp245,2075,11.522,9.166,13.306,3.238,7.0
Toronto,43.65,-79.38,ssp245,2076,11.193,8.648,13.512,3.302,7.0
Toronto,43.65,-79.38,ssp245,2077,11.391,9.492,13.035,3.293,7.0
Toronto,43.65,-79.38,ssp245,2078,11.073,9.006,12.879,3.44,7.0
Toronto,43.65,-79.38,ssp245,2079,11.228,8.589,13.64,3.407,7.0
Toronto,43.65,-79.38,ssp245,2080,11.283,9.315,13.259,3.406,7.0
Toronto,43.65,-79.38,ssp245,2081,11.803,10.019,13.771,3.595,7.0
Toronto,43.65,-79.38,ssp245,2082,11.405,9.168,12.931,3.527,7.0
Toronto,43.65,-79.38,ssp245,2083,11.773,9.99,13.518,3.364,7.0
Toronto,43.65,-79.38,ssp245,2084,11.744,9.409,13.402,3.321,7.0
Toronto,43.65,-79.38,ssp245,2085,11.229,9.317,12.703,3.457,7.0
Toronto,43.65,-79.38,ssp245,2086,11.718,9.402,13.493,3.297,7.0
Toronto,43.65,-79.38,ssp245,2087,12.193,9.654,14.486,3.345,7.0
Toronto,43.65,-79.38,ssp245,2088,11.665,8.545,14.144,3.203,7.0
Toronto,43.65,-79.38,ssp245,2089,11.18,8.946,13.174,3.413,7.0
Toronto,43.65,-79.38,ssp245,2090,11.729,9.347,13.654,3.24,7.0
Toronto,43.65,-79.38,ssp245,2091,11.622,9.031,13.874,3.307,7.0
Toronto,43.65,-79.38,ssp245,2092,11.724,9.408,13.512,3.524,7.0
Toronto,43.65,-79.38,ssp245,2093,11.564,9.156,13.48,3.35,7.0
Toronto,43.65,-79.38,ssp245,2094,11.575,9.187,14.01,3.609,7.0
Toronto,43.65,-79.38,ssp245,2095,11.807,9.473,14.139,3.264,7.0
Toronto,43.65,-79.38,ssp245,2096,11.654,9.581,13.76,3.355,7.0
Toronto,43.65,-79.38,ssp245,2097,11.854,9.638,13.743,3.427,7.0
Toronto,43.65,-79.38,ssp245,2098,12.104,9.926,14.052,3.336,7.0
Toronto,43.65,-79.38,ssp245,2099,11.564,9.397,13.575,3.424,7.0
Toronto,43.65,-79.38,ssp245,2100,11.261,9.489,12.753,3.473,7.0
Toronto,43.65,-79.38,ssp585,2015,8.34,5.955,11.061,3.273,8.0
Toronto,43.65,-79.38,ssp585,2016,8.494,6.973,10.116,3.222,8.0
Toronto,43.65,-79.38,ssp585,2017,9.171,7.14,11.412,3.097,8.0
Toronto,43.65,-79.38,ssp585,2018,8.562,6.442,10.829,3.096,8.0
Toronto,43.65,-79.38,ssp585,2019,8.679,6.387,10.937,3.053,8.0
Toronto,43.65,-79.38,ssp585,2020,8.77,6.824,10.488,3.147,8.0
Toronto,43.65,-79.38,ssp585,2021,9.232,7.167,10.849,3.049,8.0
Toronto,43.65,-79.38,ssp585,2022,9.268,8.364,10.505,3.11,8.0
Toronto,43.65,-79.38,ssp585,2023,8.678,6.298,10.419,3.234,8.0
Toronto,43.65,-79.38,ssp585,2024,9.625,7.598,11.27,3.211,8.0
Toronto,43.65,-79.38,ssp585,2025,9.232,7.747,11.262,3.353,8.0
Toronto,43.65,-79.38,ssp585,2026,8.981,7.075,10.882,3.308,8.0
Toronto,43.65,-79.38,ssp585,2027,9.419,7.145,11.253,3.082,8.0
Toronto,43.65,-79.38,ssp585,2028,9.554,7.603,11.864,3.007,8.0
Toronto,43.65,-79.38,ssp585,2029,9.863,7.587,11.565,3.273,8.0
Toronto,43.65,-79.38,ssp585,2030,9.688,7.766,10.994,3.181,8.0
Toronto,43.65,-79.38,ssp585,2031,9.93,7.82,11.43,3.264,8.0
Toronto,43.65,-79.38,ssp585,2032,10.24,9.013,11.593,3.223,8.0
Toronto,43.65,-79.38,ssp585,2033,10.03,8.545,11.378,3.322,8.0
Toronto,43.65,-79.38,ssp585,2034,9.926,8.111,11.84,3.234,8.0
Toronto,43.65,-79.38,ssp585,2035,10.064,7.896,11.972,3.043,8.0
Toronto,43.65,-79.38,ssp585,2036,10.114,8.478,12.079,3.2,8.0
Toronto,43.65,-79.38,ssp585,2037,10.455,7.902,12.34,3.172,8.0
Toronto,43.65,-79.38,ssp585,2038,10.253,7.797,12.227,3.029,8.0
Toronto,43.65,-79.38,ssp585,2039,10.375,8.525,12.165,3.062,8.0
Toronto,43.65,-79.38,ssp585,2040,10.232,8.257,12.097,3.349,8.0
Toronto,43.65,-79.38,ssp585,2041,10.269,7.788,12.008,3.187,8.0
Toronto,43.65,-79.38,ssp585,2042,10.493,7.661,12.366,3.216,8.0
Toronto,43.65,-79.38,ssp585,2043,10.164,7.746,12.2,3.398,8.0
Toronto,43.65,-79.38,ssp585,2044,10.637,8.5,12.268,3.369,8.0
Toronto,43.65,-79.38,ssp585,2045,10.444,7.76,12.115,3.41,8.0
Toronto,43.65,-79.38,ssp585,2046,10.913,9.362,12.501,3.445,8.0
Toronto,43.65,-79.38,ssp585,2047,11.305,9.554,13.147,3.194,8.0
Toronto,43.65,-79.38,ssp585,2048,11.118,8.617,13.27,3.348,8.0
Toronto,43.65,-79.38,ssp585,2049,10.64,8.162,12.278,3.161,8.0
Toronto,43.65,-79.38,ssp585,2050,11.506,9.196,13.431,3.314,8.0
Toronto,43.65,-79.38,ssp585,2051,11.48,9.111,13.362,3.44,8.0
Toronto,43.65,-79.38,ssp585,2052,11.343,9.652,12.611,3.097,8.0
Toronto,43.65,-79.38,ssp585,2053,11.764,9.171,14.08,3.291,8.0
Toronto,43.65,-79.38,ssp585,2054,11.603,9.011,13.625,3.259,8.0
Toronto,43.65,-79.38,ssp585,2055,11.549,9.656,12.982,3.463,8.0
Toronto,43.65,-79.38,ssp585,2056,11.812,9.03,14.122,3.247,8.0
Toronto,43.65,-79.38,ssp585,2057,11.601,9.152,13.525,3.461,8.0
Toronto,43.65,-79.38,ssp585,2058,12.065,9.31,13.941,3.49,8.0
Toronto,43.65,-79.38,ssp585,2059,12.09,10.308,13.888,3.245,8.0
Toronto,43.65,-79.38,ssp585,2060,11.744,9.051,13.769,3.38,8.0
Toronto,43.65,-79.38,ssp585,2061,12.069,9.792,14.154,3.304,8.0
Toronto,43.65,-79.38,ssp585,2062,11.975,9.725,13.382,3.221,8.0
Toronto,43.65,-79.38,ssp585,2063,11.839,9.28,14.053,3.418,8.0
Toronto,43.65,-79.38,ssp585,2064,12.567,10.249,14.252,3.473,8.0
Toronto,43.65,-79.38,ssp585,2065,12.479,10.244,14.514,3.344,8.0
Toronto,43.65,-79.38,ssp585,2066,12.511,10.13,13.994,3.293,8.0
Toronto,43.65,-79.38,ssp585,2067,12.928,10.685,14.584,3.164,8.0
Toronto,43.65,-79.38,ssp585,2068,12.683,10.001,14.858,3.481,8.0
Toronto,43.65,-79.38,ssp585,2069,12.903,10.476,15.18,3.429,8.0
Toronto,43.65,-79.38,ssp585,2070,13.08,10.504,15.101,3.309,8.0
Toronto,43.65,-79.38,ssp585,2071,12.917,10.477,15.149,3.316,8.0
Toronto,43.65,-79.38,ssp585,2072,13.034,10.784,14.554,3.557,8.0
Toronto,43.65,-79.38,ssp585,2073,13.079,10.532,15.209,3.443,8.0
Toronto,43.65,-79.38,ssp585,2074,13.149,10.418,15.775,3.649,8.0
Toronto,43.65,-79.38,ssp585,2075,13.595,10.941,15.494,3.203,8.0
Toronto,43.65,-79.38,ssp585,2076,13.885,11.195,16.014,3.351,8.0
Toronto,43.65,-79.38,ssp585,2077,13.538,10.675,15.488,3.334,8.0
Toronto,43.65,-79.38,ssp585,2078,13.907,10.902,16.757,3.421,8.0
Toronto,43.65,-79.38,ssp585,2079,13.628,10.703,15.867,3.16,8.0
Toronto,43.65,-79.38,ssp585,2080,14.065,11.518,16.501,3.372,8.0
Toronto,43.65,-79.38,ssp585,2081,13.804,11.075,15.391,3.459,8.0
Toronto,43.65,-79.38,ssp585,2082,14.7,11.831,16.702,3.312,8.0
Toronto,43.65,-79.38,ssp585,2083,14.071,10.832,15.912,3.12,8.0
Toronto,43.65,-79.38,ssp585,2084,14.144,11.556,16.157,3.388,8.0
Toronto,43.65,-79.38,ssp585,2085,14.614,11.132,17.026,3.4,8.0
Toronto,43.65,-79.38,ssp585,2086,14.358,10.891,17.428,3.495,8.0
Toronto,43.65,-79.38,ssp585,2087,14.566,11.444,16.682,3.62,8.0
Toronto,43.65,-79.38,ssp585,2088,14.733,11.781,17.232,3.492,8.0
Toronto,43.65,-79.38,ssp585,2089,14.749,11.712,17.266,3.592,8.0
Toronto,43.65,-79.38,ssp585,2090,15.113,12.239,16.954,3.462,8.0
Toronto,43.65,-79.38,ssp585,2091,14.805,11.931,16.757,3.397,8.0
Toronto,43.65,-79.38,ssp585,2092,15.215,11.389,17.167,3.156,8.0
Toronto,43.65,-79.38,ssp585,2093,14.972,11.975,17.736,3.681,8.0
Toronto,43.65,-79.38,ssp585,2094,15.129,12.44,17.349,3.611,8.0
Toronto,43.65,-79.38,ssp585,2095,15.101,11.629,17.612,3.271,8.0
Toronto,43.65,-79.38,ssp585,2096,15.417,12.225,17.819,3.403,8.0
Toronto,43.65,-79.38,ssp585,2097,15.539,11.624,18.303,3.522,8.0
Toronto,43.65,-79.38,ssp585,2098,15.676,11.86,18.251,3.329,8.0
Toronto,43.65,-79.38,ssp585,2099,15.879,12.442,18.598,3.591,8.0
Toronto,43.65,-79.38,ssp585,2100,15.883,12.654,18.578,3.37,8.0
