city,scenario,year,days_over_30C,days_over_35C,days_over_40C,longest_run_over_35C,hottest_day_C,n_models
Anchorage,historical,1850,0.0,0.0,0.0,0.0,18.56,2
Anchorage,historical,1851,0.0,0.0,0.0,0.0,16.76,2
Anchorage,historical,1852,0.0,0.0,0.0,0.0,18.1,2
Anchorage,historical,1853,0.0,0.0,0.0,0.0,17.87,2
Anchorage,historical,1854,0.0,0.0,0.0,0.0,16.01,2
Anchorage,historical,1855,0.0,0.0,0.0,0.0,15.88,2
Anchorage,historical,1856,0.0,0.0,0.0,0.0,17.46,2
Anchorage,historical,1857,0.0,0.0,0.0,0.0,17.27,2
Anchorage,historical,1858,0.0,0.0,0.0,0.0,16.67,2
Anchorage,historical,1859,0.0,0.0,0.0,0.0,15.39,2
Anchorage,historical,1860,0.0,0.0,0.0,0.0,18.99,2
Anchorage,historical,1861,0.0,0.0,0.0,0.0,17.49,2
Anchorage,historical,1862,0.0,0.0,0.0,0.0,18.29,2
Anchorage,historical,1863,0.0,0.0,0.0,0.0,16.41,2
Anchorage,historical,1864,0.0,0.0,0.0,0.0,14.65,2
Anchorage,historical,1865,0.0,0.0,0.0,0.0,16.65,2
Anchorage,historical,1866,0.0,0.0,0.0,0.0,18.26,2
Anchorage,historical,1867,0.0,0.0,0.0,0.0,17.34,2
Anchorage,historical,1868,0.0,0.0,0.0,0.0,16.31,2
Anchorage,historical,1869,0.0,0.0,0.0,0.0,16.42,2
Anchorage,historical,1870,0.0,0.0,0.0,0.0,15.66,2
Anchorage,historical,1871,0.0,0.0,0.0,0.0,18.08,2
Anchorage,historical,1872,0.0,0.0,0.0,0.0,16.91,2
Anchorage,historical,1873,0.0,0.0,0.0,0.0,17.38,2
Anchorage,historical,1874,0.0,0.0,0.0,0.0,15.89,2
Anchorage,historical,1875,0.0,0.0,0.0,0.0,15.76,2
Anchorage,historical,1876,0.0,0.0,0.0,0.0,18.77,2
Anchorage,historical,1877,0.0,0.0,0.0,0.0,18.02,2
Anchorage,historical,1878,0.0,0.0,0.0,0.0,16.28,2
Anchorage,historical,1879,0.0,0.0,0.0,0.0,17.22,2
Anchorage,historical,1880,0.0,0.0,0.0,0.0,15.83,2
Anchorage,historical,1881,0.0,0.0,0.0,0.0,18.26,2
Anchorage,historical,1882,0.0,0.0,0.0,0.0,16.51,2
Anchorage,historical,1883,0.0,0.0,0.0,0.0,17.65,2
Anchorage,historical,1884,0.0,0.0,0.0,0.0,17.09,2
Anchorage,historical,1885,0.0,0.0,0.0,0.0,18.53,2
Anchorage,historical,1886,0.0,0.0,0.0,0.0,16.7,2
Anchorage,historical,1887,0.0,0.0,0.0,0.0,17.11,2
Anchorage,historical,1888,0.0,0.0,0.0,0.0,17.31,2
Anchorage,historical,1889,0.0,0.0,0.0,0.0,16.24,2
Anchorage,historical,1890,0.0,0.0,0.0,0.0,14.49,2
Anchorage,historical,1891,0.0,0.0,0.0,0.0,14.54,2
Anchorage,historical,1892,0.0,0.0,0.0,0.0,17.05,2
Anchorage,historical,1893,0.0,0.0,0.0,0.0,18.16,2
Anchorage,historical,1894,0.0,0.0,0.0,0.0,18.14,2
Anchorage,historical,1895,0.0,0.0,0.0,0.0,18.92,2
Anchorage,historical,1896,0.0,0.0,0.0,0.0,15.81,2
Anchorage,historical,1897,0.0,0.0,0.0,0.0,15.99,2
Anchorage,historical,1898,0.0,0.0,0.0,0.0,17.13,2
Anchorage,historical,1899,0.0,0.0,0.0,0.0,15.4,2
Anchorage,historical,1900,0.0,0.0,0.0,0.0,17.57,2
Anchorage,historical,1901,0.0,0.0,0.0,0.0,15.95,2
Anchorage,historical,1902,0.0,0.0,0.0,0.0,17.43,2
Anchorage,historical,1903,0.0,0.0,0.0,0.0,17.79,2
Anchorage,historical,1904,0.0,0.0,0.0,0.0,18.79,2
Anchorage,historical,1905,0.0,0.0,0.0,0.0,15.58,2
Anchorage,historical,1906,0.0,0.0,0.0,0.0,15.65,2
Anchorage,historical,1907,0.0,0.0,0.0,0.0,18.96,2
Anchorage,historical,1908,0.0,0.0,0.0,0.0,17.55,2
Anchorage,historical,1909,0.0,0.0,0.0,0.0,16.76,2
Anchorage,historical,1910,0.0,0.0,0.0,0.0,16.38,2
Anchorage,historical,1911,0.0,0.0,0.0,0.0,16.51,2
Anchorage,historical,1912,0.0,0.0,0.0,0.0,15.56,2
Anchorage,historical,1913,0.0,0.0,0.0,0.0,18.3,2
Anchorage,historical,1914,0.0,0.0,0.0,0.0,16.91,2
Anchorage,historical,1915,0.0,0.0,0.0,0.0,16.14,2
Anchorage,historical,1916,0.0,0.0,0.0,0.0,16.91,2
Anchorage,historical,1917,0.0,0.0,0.0,0.0,18.19,2
Anchorage,historical,1918,0.0,0.0,0.0,0.0,17.58,2
Anchorage,historical,1919,0.0,0.0,0.0,0.0,16.17,2
Anchorage,historical,1920,0.0,0.0,0.0,0.0,17.07,2
Anchorage,historical,1921,0.0,0.0,0.0,0.0,16.24,2
Anchorage,historical,1922,0.0,0.0,0.0,0.0,17.33,2
Anchorage,historical,1923,0.0,0.0,0.0,0.0,16.35,2
Anchorage,historical,1924,0.0,0.0,0.0,0.0,19.75,2
Anchorage,historical,1925,0.0,0.0,0.0,0.0,16.58,2
Anchorage,historical,1926,0.0,0.0,0.0,0.0,17.47,2
Anchorage,historical,1927,0.0,0.0,0.0,0.0,18.33,2
Anchorage,historical,1928,0.0,0.0,0.0,0.0,15.97,2
Anchorage,historical,1929,0.0,0.0,0.0,0.0,16.09,2
Anchorage,historical,1930,0.0,0.0,0.0,0.0,16.71,2
Anchorage,historical,1931,0.0,0.0,0.0,0.0,16.13,2
Anchorage,historical,1932,0.0,0.0,0.0,0.0,16.57,2
Anchorage,historical,1933,0.0,0.0,0.0,0.0,16.68,2
Anchorage,historical,1934,0.0,0.0,0.0,0.0,16.29,2
Anchorage,historical,1935,0.0,0.0,0.0,0.0,14.2,2
Anchorage,historical,1936,0.0,0.0,0.0,0.0,16.06,2
Anchorage,historical,1937,0.0,0.0,0.0,0.0,16.3,2
Anchorage,historical,1938,0.0,0.0,0.0,0.0,16.58,2
Anchorage,historical,1939,0.0,0.0,0.0,0.0,17.65,2
Anchorage,historical,1940,0.0,0.0,0.0,0.0,18.18,2
Anchorage,historical,1941,0.0,0.0,0.0,0.0,17.92,2
Anchorage,historical,1942,0.0,0.0,0.0,0.0,18.93,2
Anchorage,historical,1943,0.0,0.0,0.0,0.0,17.78,2
Anchorage,historical,1944,0.0,0.0,0.0,0.0,17.19,2
Anchorage,historical,1945,0.0,0.0,0.0,0.0,16.3,2
Anchorage,historical,1946,0.0,0.0,0.0,0.0,17.2,2
Anchorage,historical,1947,0.0,0.0,0.0,0.0,17.31,2
Anchorage,historical,1948,0.0,0.0,0.0,0.0,18.02,2
Anchorage,historical,1949,0.0,0.0,0.0,0.0,18.55,2
Anchorage,historical,1950,0.0,0.0,0.0,0.0,18.35,2
Anchorage,historical,1951,0.0,0.0,0.0,0.0,17.17,2
Anchorage,historical,1952,0.0,0.0,0.0,0.0,15.2,2
Anchorage,historical,1953,0.0,0.0,0.0,0.0,17.88,2
Anchorage,historical,1954,0.0,0.0,0.0,0.0,18.49,2
Anchorage,historical,1955,0.0,0.0,0.0,0.0,17.33,2
Anchorage,historical,1956,0.0,0.0,0.0,0.0,17.54,2
Anchorage,historical,1957,0.0,0.0,0.0,0.0,18.24,2
Anchorage,historical,1958,0.0,0.0,0.0,0.0,16.14,2
Anchorage,historical,1959,0.0,0.0,0.0,0.0,16.61,2
Anchorage,historical,1960,0.0,0.0,0.0,0.0,17.04,2
Anchorage,historical,1961,0.0,0.0,0.0,0.0,18.46,2
Anchorage,historical,1962,0.0,0.0,0.0,0.0,16.97,2
Anchorage,historical,1963,0.0,0.0,0.0,0.0,17.27,2
Anchorage,historical,1964,0.0,0.0,0.0,0.0,17.16,2
Anchorage,historical,1965,0.0,0.0,0.0,0.0,15.02,2
Anchorage,historical,1966,0.0,0.0,0.0,0.0,17.63,2
Anchorage,historical,1967,0.0,0.0,0.0,0.0,18.09,2
Anchorage,historical,1968,0.0,0.0,0.0,0.0,16.65,2
Anchorage,historical,1969,0.0,0.0,0.0,0.0,15.11,2
Anchorage,historical,1970,0.0,0.0,0.0,0.0,17.64,2
Anchorage,historical,1971,0.0,0.0,0.0,0.0,18.29,2
Anchorage,historical,1972,0.0,0.0,0.0,0.0,16.47,2
Anchorage,historical,1973,0.0,0.0,0.0,0.0,18.07,2
Anchorage,historical,1974,0.0,0.0,0.0,0.0,18.67,2
Anchorage,historical,1975,0.0,0.0,0.0,0.0,16.6,2
Anchorage,historical,1976,0.0,0.0,0.0,0.0,16.76,2
Anchorage,historical,1977,0.0,0.0,0.0,0.0,15.83,2
Anchorage,historical,1978,0.0,0.0,0.0,0.0,15.99,2
Anchorage,historical,1979,0.0,0.0,0.0,0.0,18.33,2
Anchorage,historical,1980,0.0,0.0,0.0,0.0,15.63,2
Anchorage,historical,1981,0.0,0.0,0.0,0.0,17.68,2
Anchorage,historical,1982,0.0,0.0,0.0,0.0,16.31,2
Anchorage,historical,1983,0.0,0.0,0.0,0.0,16.56,2
Anchorage,historical,1984,0.0,0.0,0.0,0.0,17.05,2
Anchorage,historical,1985,0.0,0.0,0.0,0.0,16.18,2
Anchorage,historical,1986,0.0,0.0,0.0,0.0,17.89,2
Anchorage,historical,1987,0.0,0.0,0.0,0.0,15.78,2
Anchorage,historical,1988,0.0,0.0,0.0,0.0,19.01,2
Anchorage,historical,1989,0.0,0.0,0.0,0.0,16.41,2
Anchorage,historical,1990,0.0,0.0,0.0,0.0,18.59,2
Anchorage,historical,1991,0.0,0.0,0.0,0.0,16.09,2
Anchorage,historical,1992,0.0,0.0,0.0,0.0,16.9,2
Anchorage,historical,1993,0.0,0.0,0.0,0.0,16.18,2
Anchorage,historical,1994,0.0,0.0,0.0,0.0,16.94,2
Anchorage,historical,1995,0.0,0.0,0.0,0.0,16.82,2
Anchorage,historical,1996,0.0,0.0,0.0,0.0,18.7,2
Anchorage,historical,1997,0.0,0.0,0.0,0.0,18.84,2
Anchorage,historical,1998,0.0,0.0,0.0,0.0,19.04,2
Anchorage,historical,1999,0.0,0.0,0.0,0.0,17.81,2
Anchorage,historical,2000,0.0,0.0,0.0,0.0,18.81,2
Anchorage,historical,2001,0.0,0.0,0.0,0.0,17.91,2
Anchorage,historical,2002,0.0,0.0,0.0,0.0,19.37,2
Anchorage,historical,2003,0.0,0.0,0.0,0.0,19.11,2
Anchorage,historical,2004,0.0,0.0,0.0,0.0,17.06,2
Anchorage,historical,2005,0.0,0.0,0.0,0.0,17.03,2
Anchorage,historical,2006,0.0,0.0,0.0,0.0,18.18,2
Anchorage,historical,2007,0.0,0.0,0.0,0.0,16.94,2
Anchorage,historical,2008,0.0,0.0,0.0,0.0,18.54,2
Anchorage,historical,2009,0.0,0.0,0.0,0.0,18.11,2
Anchorage,historical,2010,0.0,0.0,0.0,0.0,16.83,2
Anchorage,historical,2011,0.0,0.0,0.0,0.0,16.71,2
Anchorage,historical,2012,0.0,0.0,0.0,0.0,18.18,2
Anchorage,historical,2013,0.0,0.0,0.0,0.0,19.16,2
Anchorage,historical,2014,0.0,0.0,0.0,0.0,18.37,2
Anchorage,ssp585,2015,0.0,0.0,0.0,0.0,17.69,3
Anchorage,ssp585,2016,0.0,0.0,0.0,0.0,18.99,3
Anchorage,ssp585,2017,0.0,0.0,0.0,0.0,19.15,3
Anchorage,ssp585,2018,0.0,0.0,0.0,0.0,18.61,3
Anchorage,ssp585,2019,0.0,0.0,0.0,0.0,17.58,3
Anchorage,ssp585,2020,0.0,0.0,0.0,0.0,19.9,3
Anchorage,ssp585,2021,0.0,0.0,0.0,0.0,18.05,3
Anchorage,ssp585,2022,0.0,0.0,0.0,0.0,17.42,3
Anchorage,ssp585,2023,0.0,0.0,0.0,0.0,19.19,3
Anchorage,ssp585,2024,0.0,0.0,0.0,0.0,18.4,3
Anchorage,ssp585,2025,0.0,0.0,0.0,0.0,18.15,3
Anchorage,ssp585,2026,0.0,0.0,0.0,0.0,19.1,3
Anchorage,ssp585,2027,0.0,0.0,0.0,0.0,20.4,3
Anchorage,ssp585,2028,0.0,0.0,0.0,0.0,20.35,3
Anchorage,ssp585,2029,0.0,0.0,0.0,0.0,20.58,3
Anchorage,ssp585,2030,0.0,0.0,0.0,0.0,18.5,3
Anchorage,ssp585,2031,0.0,0.0,0.0,0.0,18.95,3
Anchorage,ssp585,2032,0.0,0.0,0.0,0.0,18.44,3
Anchorage,ssp585,2033,0.0,0.0,0.0,0.0,18.45,3
Anchorage,ssp585,2034,0.0,0.0,0.0,0.0,18.54,3
Anchorage,ssp585,2035,0.0,0.0,0.0,0.0,18.43,3
Anchorage,ssp585,2036,0.0,0.0,0.0,0.0,21.1,3
Anchorage,ssp585,2037,0.0,0.0,0.0,0.0,19.49,3
Anchorage,ssp585,2038,0.0,0.0,0.0,0.0,18.43,3
Anchorage,ssp585,2039,0.0,0.0,0.0,0.0,18.75,3
Anchorage,ssp585,2040,0.0,0.0,0.0,0.0,18.74,3
Anchorage,ssp585,2041,0.0,0.0,0.0,0.0,21.09,3
Anchorage,ssp585,2042,0.0,0.0,0.0,0.0,19.87,3
Anchorage,ssp585,2043,0.0,0.0,0.0,0.0,20.51,3
Anchorage,ssp585,2044,0.0,0.0,0.0,0.0,19.7,3
Anchorage,ssp585,2045,0.0,0.0,0.0,0.0,21.25,3
Anchorage,ssp585,2046,0.0,0.0,0.0,0.0,20.54,3
Anchorage,ssp585,2047,0.0,0.0,0.0,0.0,19.24,3
Anchorage,ssp585,2048,0.0,0.0,0.0,0.0,19.28,3
Anchorage,ssp585,2049,0.0,0.0,0.0,0.0,20.32,3
Anchorage,ssp585,2050,0.0,0.0,0.0,0.0,20.24,3
Anchorage,ssp585,2051,0.0,0.0,0.0,0.0,20.28,3
Anchorage,ssp585,2052,0.0,0.0,0.0,0.0,20.81,3
Anchorage,ssp585,2053,0.0,0.0,0.0,0.0,21.52,3
Anchorage,ssp585,2054,0.0,0.0,0.0,0.0,20.99,3
Anchorage,ssp585,2055,0.0,0.0,0.0,0.0,20.58,3
Anchorage,ssp585,2056,0.0,0.0,0.0,0.0,19.49,3
Anchorage,ssp585,2057,0.0,0.0,0.0,0.0,19.32,3
Anchorage,ssp585,2058,0.0,0.0,0.0,0.0,21.5,3
Anchorage,ssp585,2059,0.0,0.0,0.0,0.0,20.58,3
Anchorage,ssp585,2060,0.0,0.0,0.0,0.0,22.31,3
Anchorage,ssp585,2061,0.0,0.0,0.0,0.0,22.21,3
Anchorage,ssp585,2062,0.0,0.0,0.0,0.0,21.59,3
Anchorage,ssp585,2063,0.0,0.0,0.0,0.0,24.02,3
Anchorage,ssp585,2064,0.0,0.0,0.0,0.0,21.97,3
Anchorage,ssp585,2065,0.0,0.0,0.0,0.0,21.58,3
Anchorage,ssp585,2066,0.0,0.0,0.0,0.0,22.39,3
Anchorage,ssp585,2067,0.0,0.0,0.0,0.0,21.97,3
Anchorage,ssp585,2068,0.0,0.0,0.0,0.0,23.77,3
Anchorage,ssp585,2069,0.0,0.0,0.0,0.0,21.73,3
Anchorage,ssp585,2070,0.0,0.0,0.0,0.0,20.33,3
Anchorage,ssp585,2071,0.0,0.0,0.0,0.0,22.61,3
Anchorage,ssp585,2072,0.0,0.0,0.0,0.0,23.02,3
Anchorage,ssp585,2073,0.0,0.0,0.0,0.0,20.53,3
Anchorage,ssp585,2074,0.0,0.0,0.0,0.0,20.37,3
Anchorage,ssp585,2075,0.0,0.0,0.0,0.0,21.46,3
Anchorage,ssp585,2076,0.0,0.0,0.0,0.0,22.18,3
Anchorage,ssp585,2077,0.67,0.0,0.0,0.0,24.15,3
Anchorage,ssp585,2078,0.0,0.0,0.0,0.0,23.06,3
Anchorage,ssp585,2079,0.0,0.0,0.0,0.0,23.08,3
Anchorage,ssp585,2080,0.0,0.0,0.0,0.0,21.39,3
Anchorage,ssp585,2081,0.0,0.0,0.0,0.0,22.42,3
Anchorage,ssp585,2082,0.0,0.0,0.0,0.0,22.94,3
Anchorage,ssp585,2083,0.0,0.0,0.0,0.0,22.53,3
Anchorage,ssp585,2084,0.0,0.0,0.0,0.0,21.96,3
Anchorage,ssp585,2085,0.0,0.0,0.0,0.0,23.24,3
Anchorage,ssp585,2086,0.0,0.0,0.0,0.0,23.92,3
Anchorage,ssp585,2087,0.0,0.0,0.0,0.0,23.67,3
Anchorage,ssp585,2088,0.0,0.0,0.0,0.0,24.2,3
Anchorage,ssp585,2089,0.0,0.0,0.0,0.0,23.23,3
Anchorage,ssp585,2090,0.0,0.0,0.0,0.0,21.58,3
Anchorage,ssp585,2091,0.0,0.0,0.0,0.0,23.47,3
Anchorage,ssp585,2092,0.0,0.0,0.0,0.0,22.97,3
Anchorage,ssp585,2093,0.0,0.0,0.0,0.0,23.51,3
Anchorage,ssp585,2094,0.0,0.0,0.0,0.0,23.26,3
Anchorage,ssp585,2095,0.0,0.0,0.0,0.0,24.16,3
Anchorage,ssp585,2096,1.67,0.0,0.0,0.0,25.61,3
Anchorage,ssp585,2097,0.0,0.0,0.0,0.0,21.0,3
Anchorage,ssp585,2098,0.0,0.0,0.0,0.0,22.23,3
Anchorage,ssp585,2099,0.0,0.0,0.0,0.0,25.55,3
Anchorage,ssp585,2100,0.0,0.0,0.0,0.0,21.1,2
Bangkok,historical,1850,101.5,22.5,0.0,11.5,36.72,2
Bangkok,historical,1851,81.5,14.0,0.0,9.5,36.29,2
Bangkok,historical,1852,98.5,44.5,0.0,26.0,38.1,2
Bangkok,historical,1853,113.5,40.0,0.0,20.0,38.74,2
Bangkok,historical,1854,91.0,24.5,0.0,15.0,36.7,2
Bangkok,historical,1855,80.5,24.5,0.0,10.5,37.16,2
Bangkok,historical,1856,77.0,12.5,0.0,9.0,36.41,2
Bangkok,historical,1857,84.5,17.5,0.0,13.0,36.96,2
Bangkok,historical,1858,96.0,17.5,0.0,10.0,37.03,2
Bangkok,historical,1859,98.5,41.0,0.0,24.5,37.94,2
Bangkok,historical,1860,87.5,22.5,0.0,12.0,37.39,2
Bangkok,historical,1861,86.0,23.0,0.0,11.0,36.64,2
Bangkok,historical,1862,76.0,11.5,0.0,8.5,36.4,2
Bangkok,historical,1863,84.0,22.5,0.0,14.5,36.83,2
Bangkok,historical,1864,76.5,23.0,0.0,8.5,37.31,2
Bangkok,historical,1865,97.0,13.5,0.0,5.0,36.34,2
Bangkok,historical,1866,94.0,31.5,0.0,15.0,37.55,2
Bangkok,historical,1867,101.0,32.5,0.0,9.0,37.24,2
Bangkok,historical,1868,116.0,34.5,0.0,15.0,37.52,2
Bangkok,historical,1869,88.5,23.5,0.0,9.0,37.71,2
Bangkok,historical,1870,84.0,23.5,0.0,7.5,36.87,2
Bangkok,historical,1871,64.0,4.0,0.0,1.5,35.69,2
Bangkok,historical,1872,98.0,21.0,0.0,8.5,36.87,2
Bangkok,historical,1873,110.5,32.5,0.0,22.5,38.62,2
Bangkok,historical,1874,77.5,20.0,0.0,9.5,36.82,2
Bangkok,historical,1875,67.5,18.0,0.0,10.5,36.92,2
Bangkok,historical,1876,114.0,36.5,0.0,27.0,37.35,2
Bangkok,historical,1877,107.0,27.5,0.0,12.5,37.98,2
Bangkok,historical,1878,89.5,22.0,0.0,15.5,37.54,2
Bangkok,historical,1879,83.5,24.0,0.0,8.0,37.24,2
Bangkok,historical,1880,82.0,11.0,0.0,6.0,36.52,2
Bangkok,historical,1881,87.5,20.0,0.0,10.0,36.81,2
Bangkok,historical,1882,90.0,24.0,0.0,13.0,37.63,2
Bangkok,historical,1883,96.0,25.5,0.0,11.5,37.09,2
Bangkok,historical,1884,96.0,28.0,0.0,11.0,37.05,2
Bangkok,historical,1885,108.5,38.5,0.0,18.5,37.61,2
Bangkok,historical,1886,69.0,18.0,0.0,11.0,36.61,2
Bangkok,historical,1887,46.5,0.0,0.0,0.0,33.38,2
Bangkok,historical,1888,85.0,23.5,0.0,8.0,37.64,2
Bangkok,historical,1889,102.0,18.5,0.0,8.0,37.63,2
Bangkok,historical,1890,104.5,29.0,0.0,10.5,37.38,2
Bangkok,historical,1891,79.0,21.0,0.0,15.0,37.03,2
Bangkok,historical,1892,59.5,5.0,0.0,4.0,36.29,2
Bangkok,historical,1893,94.0,36.0,0.0,18.0,38.51,2
Bangkok,historical,1894,97.0,29.0,0.0,15.0,37.17,2
Bangkok,historical,1895,102.0,36.5,0.0,15.0,37.73,2
Bangkok,historical,1896,99.0,35.5,0.0,12.5,36.95,2
Bangkok,historical,1897,95.0,24.5,0.0,13.0,36.97,2
Bangkok,historical,1898,83.5,10.5,0.0,4.5,36.42,2
Bangkok,historical,1899,95.0,29.0,0.0,10.5,37.24,2
Bangkok,historical,1900,112.5,33.0,0.0,14.0,38.11,2
Bangkok,historical,1901,116.0,45.5,0.0,31.5,38.38,2
Bangkok,historical,1902,83.0,25.0,0.0,12.0,37.08,2
Bangkok,historical,1903,111.0,33.0,0.0,15.0,37.16,2
Bangkok,historical,1904,119.5,51.0,0.0,22.0,38.12,2
Bangkok,historical,1905,106.0,39.0,0.0,15.5,37.82,2
Bangkok,historical,1906,72.0,6.5,0.0,3.5,35.6,2
Bangkok,historical,1907,76.0,8.5,0.0,3.0,35.85,2
Bangkok,historical,1908,92.5,17.0,0.0,7.5,37.06,2
Bangkok,historical,1909,112.5,11.0,0.0,5.0,36.67,2
Bangkok,historical,1910,108.0,40.5,0.0,26.5,38.26,2
Bangkok,historical,1911,98.0,36.5,0.0,15.0,37.79,2
Bangkok,historical,1912,83.5,8.0,0.0,5.5,35.89,2
Bangkok,historical,1913,113.0,35.5,0.0,14.5,38.1,2
Bangkok,historical,1914,119.5,33.0,1.0,10.5,38.26,2
Bangkok,historical,1915,98.0,40.0,0.0,25.0,37.83,2
Bangkok,historical,1916,57.5,3.0,0.0,2.0,35.57,2
Bangkok,historical,1917,91.5,19.5,0.0,11.5,37.57,2
Bangkok,historical,1918,80.5,5.0,0.0,2.5,35.7,2
Bangkok,historical,1919,105.0,19.5,0.0,8.0,36.77,2
Bangkok,historical,1920,96.0,25.0,0.0,17.5,36.94,2
Bangkok,historical,1921,108.0,39.5,0.0,28.5,37.45,2
Bangkok,historical,1922,105.5,56.0,0.0,24.5,37.85,2
Bangkok,historical,1923,103.5,35.5,0.0,17.5,37.99,2
Bangkok,historical,1924,71.5,27.0,0.0,12.0,37.52,2
Bangkok,historical,1925,82.5,19.5,0.0,7.0,36.37,2
Bangkok,historical,1926,92.0,17.5,0.0,7.5,36.56,2
Bangkok,historical,1927,89.5,17.5,0.0,8.5,36.86,2
Bangkok,historical,1928,103.5,26.0,0.0,12.5,37.5,2
Bangkok,historical,1929,90.5,22.5,0.0,10.0,37.95,2
Bangkok,historical,1930,87.0,28.5,0.0,12.5,37.6,2
Bangkok,historical,1931,89.0,33.0,0.0,17.0,37.53,2
Bangkok,historical,1932,115.0,38.0,0.0,15.0,37.91,2
Bangkok,historical,1933,107.5,27.0,0.0,8.0,37.51,2
Bangkok,historical,1934,87.0,19.5,0.0,8.5,36.93,2
Bangkok,historical,1935,90.5,27.5,0.0,17.0,37.39,2
Bangkok,historical,1936,90.5,21.5,0.0,17.5,37.43,2
Bangkok,historical,1937,82.0,17.0,0.0,16.0,36.38,2
Bangkok,historical,1938,90.5,21.5,0.0,11.5,37.68,2
Bangkok,historical,1939,89.0,30.0,0.0,16.5,37.32,2
Bangkok,historical,1940,104.0,21.0,0.0,9.0,36.67,2
Bangkok,historical,1941,86.5,21.5,0.0,7.0,37.4,2
Bangkok,historical,1942,105.0,29.5,0.0,15.5,37.47,2
Bangkok,historical,1943,106.0,35.0,0.0,14.5,37.63,2
Bangkok,historical,1944,83.5,27.0,0.0,14.5,37.62,2
Bangkok,historical,1945,80.0,13.0,0.0,5.5,36.58,2
Bangkok,historical,1946,78.5,19.5,0.0,15.5,37.29,2
Bangkok,historical,1947,127.5,51.5,0.0,25.0,38.12,2
Bangkok,historical,1948,97.0,26.0,0.0,11.5,37.4,2
Bangkok,historical,1949,94.5,29.5,0.0,10.0,37.84,2
Bangkok,historical,1950,100.5,30.0,0.0,8.0,37.31,2
Bangkok,historical,1951,94.5,27.5,0.0,22.0,37.48,2
Bangkok,historical,1952,97.5,29.5,0.0,11.0,37.24,2
Bangkok,historical,1953,88.0,32.5,0.0,14.0,37.05,2
Bangkok,historical,1954,93.5,22.0,0.0,10.0,36.89,2
Bangkok,historical,1955,89.0,15.0,0.0,7.0,36.43,2
Bangkok,historical,1956,82.0,3.0,0.0,2.5,35.69,2
Bangkok,historical,1957,93.0,28.5,0.0,17.5,37.18,2
Bangkok,historical,1958,98.0,34.5,0.0,10.0,37.56,2
Bangkok,historical,1959,84.0,25.0,0.0,7.5,36.08,2
Bangkok,historical,1960,97.0,46.0,0.0,30.0,38.39,2
Bangkok,historical,1961,103.0,37.5,0.0,21.0,38.64,2
Bangkok,historical,1962,79.5,31.5,0.0,21.0,37.64,2
Bangkok,historical,1963,98.0,30.5,0.0,13.5,37.46,2
Bangkok,historical,1964,97.5,31.0,0.0,15.0,37.15,2
Bangkok,historical,1965,106.0,41.0,0.0,16.5,38.4,2
Bangkok,historical,1966,107.0,39.0,0.0,31.0,38.49,2
Bangkok,historical,1967,100.0,49.0,0.0,17.0,38.62,2
Bangkok,historical,1968,93.0,20.5,0.0,9.0,36.94,2
Bangkok,historical,1969,73.0,5.0,0.0,3.5,36.18,2
Bangkok,historical,1970,95.0,25.5,0.0,14.0,36.92,2
Bangkok,historical,1971,103.5,33.0,0.5,20.5,38.12,2
Bangkok,historical,1972,102.5,38.5,0.0,12.5,37.41,2
Bangkok,historical,1973,99.0,37.0,0.0,20.5,38.13,2
Bangkok,historical,1974,75.0,12.0,0.0,5.5,36.04,2
Bangkok,historical,1975,58.5,3.0,0.0,3.0,35.23,2
Bangkok,historical,1976,96.5,31.5,0.0,12.0,37.74,2
Bangkok,historical,1977,93.5,24.5,0.0,14.0,36.96,2
Bangkok,historical,1978,98.0,19.0,0.0,12.5,36.99,2
Bangkok,historical,1979,96.0,21.5,0.0,7.0,36.76,2
Bangkok,historical,1980,120.0,49.5,0.0,29.0,37.79,2
Bangkok,historical,1981,101.0,31.0,0.0,19.5,38.25,2
Bangkok,historical,1982,102.0,23.0,0.0,9.5,37.16,2
Bangkok,historical,1983,83.0,12.0,0.0,6.0,36.35,2
Bangkok,historical,1984,106.0,36.0,0.0,29.5,38.04,2
Bangkok,historical,1985,79.0,13.0,0.0,6.5,36.7,2
Bangkok,historical,1986,79.5,12.5,0.0,10.0,36.81,2
Bangkok,historical,1987,75.0,8.5,0.0,5.5,36.03,2
Bangkok,historical,1988,87.5,4.0,0.0,2.0,35.58,2
Bangkok,historical,1989,73.0,8.5,0.0,4.5,36.16,2
Bangkok,historical,1990,92.0,27.0,0.0,8.0,37.14,2
Bangkok,historical,1991,134.0,38.0,0.0,23.5,38.04,2
Bangkok,historical,1992,67.5,4.0,0.0,2.0,35.68,2
Bangkok,historical,1993,84.5,19.5,0.0,12.5,37.35,2
Bangkok,historical,1994,75.0,21.0,0.0,8.5,35.36,2
Bangkok,historical,1995,106.5,47.0,0.0,22.0,38.42,2
Bangkok,historical,1996,93.5,28.0,0.0,15.0,36.91,2
Bangkok,historical,1997,86.5,6.5,0.0,3.0,36.37,2
Bangkok,historical,1998,103.0,28.5,0.0,10.5,36.74,2
Bangkok,historical,1999,101.0,28.5,0.0,8.5,37.01,2
Bangkok,historical,2000,83.0,20.5,0.0,8.0,36.43,2
Bangkok,historical,2001,111.5,26.5,0.0,12.5,36.94,2
Bangkok,historical,2002,95.0,29.0,0.0,16.0,38.02,2
Bangkok,historical,2003,88.0,29.5,0.0,22.0,37.31,2
Bangkok,historical,2004,115.0,50.0,0.0,29.0,38.86,2
Bangkok,historical,2005,92.5,41.5,0.0,23.5,38.12,2
Bangkok,historical,2006,99.0,40.5,0.0,26.0,38.25,2
Bangkok,historical,2007,109.0,41.5,0.0,18.5,38.55,2
Bangkok,historical,2008,105.5,23.5,1.0,17.5,37.46,2
Bangkok,historical,2009,103.0,21.0,0.0,7.5,37.12,2
Bangkok,historical,2010,120.5,25.5,0.0,8.0,37.56,2
Bangkok,historical,2011,122.5,30.5,0.0,11.0,37.89,2
Bangkok,historical,2012,118.5,33.5,0.0,13.0,37.67,2
Bangkok,historical,2013,92.0,27.5,0.0,15.0,36.47,2
Bangkok,historical,2014,84.5,7.0,0.0,4.0,35.89,2
Bangkok,ssp585,2015,145.33,22.0,0.0,9.33,37.26,3
Bangkok,ssp585,2016,161.33,28.33,0.0,17.33,37.48,3
Bangkok,ssp585,2017,146.67,35.33,0.0,21.0,37.03,3
Bangkok,ssp585,2018,135.67,36.67,0.0,19.33,38.23,3
Bangkok,ssp585,2019,142.0,46.0,0.0,34.33,37.98,3
Bangkok,ssp585,2020,102.0,22.33,0.0,11.0,36.71,3
Bangkok,ssp585,2021,163.33,41.67,0.0,24.67,38.51,3
Bangkok,ssp585,2022,155.67,31.0,0.0,20.0,37.7,3
Bangkok,ssp585,2023,147.67,34.67,0.0,22.33,38.34,3
Bangkok,ssp585,2024,139.67,37.67,0.0,15.67,37.69,3
Bangkok,ssp585,2025,157.0,33.67,0.0,17.0,37.46,3
Bangkok,ssp585,2026,161.67,39.67,0.0,27.0,37.99,3
Bangkok,ssp585,2027,187.0,52.67,1.67,38.33,38.79,3
Bangkok,ssp585,2028,181.33,45.0,0.0,22.67,38.31,3
Bangkok,ssp585,2029,146.0,31.67,0.0,23.67,37.04,3
Bangkok,ssp585,2030,176.0,52.0,0.0,28.33,38.4,3
Bangkok,ssp585,2031,177.33,68.33,1.0,30.67,39.22,3
Bangkok,ssp585,2032,179.0,48.67,0.0,36.0,39.36,3
Bangkok,ssp585,2033,181.0,42.67,0.0,25.67,38.26,3
Bangkok,ssp585,2034,171.0,30.67,1.0,20.67,38.05,3
Bangkok,ssp585,2035,170.33,45.67,5.33,24.0,38.18,3
Bangkok,ssp585,2036,179.0,53.0,0.0,19.67,38.22,3
Bangkok,ssp585,2037,199.67,55.67,3.0,31.67,39.15,3
Bangkok,ssp585,2038,178.67,53.33,10.0,37.0,38.91,3
Bangkok,ssp585,2039,180.67,51.67,0.33,25.33,38.45,3
Bangkok,ssp585,2040,206.0,76.33,5.0,41.67,40.27,3
Bangkok,ssp585,2041,188.0,52.0,1.0,35.33,39.26,3
Bangkok,ssp585,2042,173.0,60.0,5.67,32.0,38.13,3
Bangkok,ssp585,2043,163.0,40.33,1.0,17.67,38.05,3
Bangkok,ssp585,2044,190.0,67.33,1.0,50.0,39.59,3
Bangkok,ssp585,2045,201.67,72.67,4.0,39.67,40.09,3
Bangkok,ssp585,2046,221.67,79.33,11.33,43.0,39.79,3
Bangkok,ssp585,2047,184.33,52.67,5.67,41.67,38.81,3
Bangkok,ssp585,2048,204.67,63.67,3.67,36.67,38.95,3
Bangkok,ssp585,2049,195.0,53.0,2.67,27.33,37.82,3
Bangkok,ssp585,2050,175.33,36.67,0.0,16.0,37.97,3
Bangkok,ssp585,2051,237.33,75.33,15.33,41.67,39.58,3
Bangkok,ssp585,2052,203.0,51.0,4.33,28.33,38.46,3
Bangkok,ssp585,2053,191.67,46.67,8.67,31.67,37.51,3
Bangkok,ssp585,2054,232.0,64.33,18.67,39.0,39.25,3
Bangkok,ssp585,2055,229.33,67.0,19.33,33.0,39.56,3
Bangkok,ssp585,2056,231.67,49.33,3.67,28.33,38.8,3
Bangkok,ssp585,2057,211.33,69.0,6.33,38.67,39.6,3
Bangkok,ssp585,2058,221.67,49.33,0.33,20.33,38.89,3
Bangkok,ssp585,2059,236.33,78.67,8.67,49.67,40.2,3
Bangkok,ssp585,2060,210.0,48.33,5.0,39.67,38.83,3
Bangkok,ssp585,2061,205.0,78.0,9.0,65.0,39.57,3
Bangkok,ssp585,2062,221.0,56.0,11.0,31.33,39.3,3
Bangkok,ssp585,2063,219.67,60.0,16.33,26.0,39.39,3
Bangkok,ssp585,2064,234.33,61.0,13.67,36.33,39.15,3
Bangkok,ssp585,2065,219.33,67.0,21.33,52.33,40.02,3
Bangkok,ssp585,2066,214.33,66.67,12.67,40.0,39.45,3
Bangkok,ssp585,2067,239.67,70.0,4.0,34.33,39.69,3
Bangkok,ssp585,2068,242.67,54.0,7.33,19.0,38.87,3
Bangkok,ssp585,2069,234.33,79.0,19.33,61.0,39.97,3
Bangkok,ssp585,2070,251.67,81.0,12.67,33.33,39.66,3
Bangkok,ssp585,2071,254.33,82.33,11.0,53.0,40.67,3
Bangkok,ssp585,2072,252.0,68.67,3.0,44.33,40.04,3
Bangkok,ssp585,2073,264.33,113.33,29.33,58.33,40.1,3
Bangkok,ssp585,2074,254.67,73.33,12.0,27.67,39.82,3
Bangkok,ssp585,2075,252.67,77.67,8.0,34.33,40.63,3
Bangkok,ssp585,2076,248.33,97.33,28.0,56.33,40.61,3
Bangkok,ssp585,2077,256.67,97.33,23.0,54.67,40.25,3
Bangkok,ssp585,2078,256.67,95.33,27.33,55.33,40.7,3
Bangkok,ssp585,2079,253.67,103.33,25.67,56.0,41.5,3
Bangkok,ssp585,2080,266.33,97.0,17.33,47.0,40.41,3
Bangkok,ssp585,2081,288.0,98.0,18.67,41.0,40.66,3
Bangkok,ssp585,2082,282.67,109.0,34.0,64.33,41.74,3
Bangkok,ssp585,2083,269.67,128.0,26.0,55.33,40.91,3
Bangkok,ssp585,2084,255.33,96.67,33.0,63.67,41.18,3
Bangkok,ssp585,2085,252.33,123.33,33.67,57.0,40.36,3
Bangkok,ssp585,2086,297.0,124.0,31.0,74.67,40.56,3
Bangkok,ssp585,2087,289.67,132.67,29.33,67.33,42.36,3
Bangkok,ssp585,2088,279.0,106.33,19.67,37.33,40.76,3
Bangkok,ssp585,2089,283.0,135.67,37.33,80.0,41.98,3
Bangkok,ssp585,2090,277.67,111.33,25.67,58.0,41.35,3
Bangkok,ssp585,2091,285.33,140.33,30.0,55.33,41.4,3
Bangkok,ssp585,2092,295.0,149.67,27.0,61.67,41.29,3
Bangkok,ssp585,2093,288.67,144.0,33.67,56.67,42.02,3
Bangkok,ssp585,2094,274.33,129.67,21.33,58.67,42.01,3
Bangkok,ssp585,2095,285.33,114.67,29.0,43.0,40.34,3
Bangkok,ssp585,2096,304.33,140.33,36.0,69.33,42.1,3
Bangkok,ssp585,2097,280.0,113.0,21.33,41.67,40.42,3
Bangkok,ssp585,2098,312.33,133.33,27.67,62.33,42.0,3
Bangkok,ssp585,2099,311.33,178.67,38.67,62.67,43.34,3
Bangkok,ssp585,2100,276.5,87.5,5.0,40.0,40.6,2
Beijing,historical,1850,8.0,0.0,0.0,0.0,32.24,2
Beijing,historical,1851,32.0,5.0,0.0,1.5,35.86,2
Beijing,historical,1852,8.5,0.0,0.0,0.0,30.87,2
Beijing,historical,1853,20.0,0.5,0.0,0.5,34.56,2
Beijing,historical,1854,3.0,0.0,0.0,0.0,31.01,2
Beijing,historical,1855,28.0,4.5,0.0,1.5,36.88,2
Beijing,historical,1856,19.0,1.5,0.0,1.0,35.63,2
Beijing,historical,1857,21.5,2.5,0.0,2.0,35.35,2
Beijing,historical,1858,11.5,0.0,0.0,0.0,32.74,2
Beijing,historical,1859,8.0,0.0,0.0,0.0,31.85,2
Beijing,historical,1860,7.0,0.0,0.0,0.0,30.28,2
Beijing,historical,1861,8.5,0.5,0.0,0.5,32.71,2
Beijing,historical,1862,6.5,0.0,0.0,0.0,31.72,2
Beijing,historical,1863,10.0,0.5,0.0,0.5,34.02,2
Beijing,historical,1864,17.0,1.5,0.0,1.5,33.62,2
Beijing,historical,1865,17.5,5.0,0.0,3.5,35.41,2
Beijing,historical,1866,21.5,2.0,0.0,1.0,34.43,2
Beijing,historical,1867,7.0,0.0,0.0,0.0,29.68,2
Beijing,historical,1868,26.5,6.0,0.0,4.0,38.28,2
Beijing,historical,1869,28.5,3.5,0.0,2.0,36.35,2
Beijing,historical,1870,14.0,1.0,0.0,1.0,33.13,2
Beijing,historical,1871,16.5,0.0,0.0,0.0,32.71,2
Beijing,historical,1872,7.0,0.0,0.0,0.0,33.54,2
Beijing,historical,1873,11.0,0.0,0.0,0.0,33.71,2
Beijing,historical,1874,15.0,0.5,0.0,0.5,32.58,2
Beijing,historical,1875,23.0,1.0,0.0,1.0,36.37,2
Beijing,historical,1876,33.5,2.0,0.0,2.0,37.26,2
Beijing,historical,1877,13.5,0.5,0.0,0.5,33.88,2
Beijing,historical,1878,12.5,0.0,0.0,0.0,33.13,2
Beijing,historical,1879,14.5,1.0,0.0,1.0,32.67,2
Beijing,historical,1880,10.0,0.0,0.0,0.0,31.1,2
Beijing,historical,1881,6.5,0.0,0.0,0.0,32.05,2
Beijing,historical,1882,15.0,0.5,0.0,0.5,32.36,2
Beijing,historical,1883,23.5,5.0,1.0,1.5,36.79,2
Beijing,historical,1884,17.0,1.5,0.0,0.5,33.33,2
Beijing,historical,1885,18.5,0.5,0.0,0.5,33.27,2
Beijing,historical,1886,13.5,1.0,0.0,0.5,33.07,2
Beijing,historical,1887,14.0,0.5,0.0,0.5,33.69,2
Beijing,historical,1888,10.5,1.0,0.0,0.5,33.47,2
Beijing,historical,1889,11.5,1.5,0.0,1.0,34.11,2
Beijing,historical,1890,16.5,0.0,0.0,0.0,32.25,2
Beijing,historical,1891,14.5,1.0,0.0,1.0,35.59,2
Beijing,historical,1892,14.0,0.5,0.0,0.5,32.14,2
Beijing,historical,1893,27.0,4.0,1.0,1.5,38.23,2
Beijing,historical,1894,16.0,0.5,0.0,0.5,33.97,2
Beijing,historical,1895,13.0,0.5,0.0,0.5,32.37,2
Beijing,historical,1896,27.0,3.5,0.0,2.0,37.58,2
Beijing,historical,1897,22.0,2.0,0.0,0.5,33.5,2
Beijing,historical,1898,14.0,0.0,0.0,0.0,32.61,2
Beijing,historical,1899,9.5,0.0,0.0,0.0,32.51,2
Beijing,historical,1900,13.0,2.0,0.0,1.0,35.22,2
Beijing,historical,1901,23.5,0.0,0.0,0.0,33.54,2
Beijing,historical,1902,20.0,2.5,0.0,1.5,36.69,2
Beijing,historical,1903,12.0,0.0,0.0,0.0,33.34,2
Beijing,historical,1904,12.0,0.0,0.0,0.0,33.85,2
Beijing,historical,1905,15.0,0.5,0.0,0.5,34.59,2
Beijing,historical,1906,11.5,0.0,0.0,0.0,32.57,2
Beijing,historical,1907,22.5,2.0,0.0,1.5,35.29,2
Beijing,historical,1908,21.5,3.0,0.0,1.5,33.94,2
Beijing,historical,1909,12.0,0.5,0.0,0.5,33.03,2
Beijing,historical,1910,7.5,0.5,0.0,0.5,32.73,2
Beijing,historical,1911,22.5,3.0,0.0,1.5,35.15,2
Beijing,historical,1912,12.5,0.5,0.0,0.5,33.41,2
Beijing,historical,1913,5.5,0.0,0.0,0.0,31.66,2
Beijing,historical,1914,12.0,0.0,0.0,0.0,33.66,2
Beijing,historical,1915,42.0,2.5,0.0,1.5,36.08,2
Beijing,historical,1916,19.5,2.0,0.0,1.0,34.08,2
Beijing,historical,1917,5.0,0.0,0.0,0.0,31.86,2
Beijing,historical,1918,7.0,0.0,0.0,0.0,32.2,2
Beijing,historical,1919,14.5,0.0,0.0,0.0,32.82,2
Beijing,historical,1920,24.5,1.5,0.0,1.5,36.13,2
Beijing,historical,1921,9.0,0.5,0.0,0.5,35.2,2
Beijing,historical,1922,23.5,1.5,0.0,1.5,35.93,2
Beijing,historical,1923,10.5,0.0,0.0,0.0,32.31,2
Beijing,historical,1924,17.5,3.0,0.0,2.5,37.87,2
Beijing,historical,1925,6.0,0.0,0.0,0.0,31.62,2
Beijing,historical,1926,10.5,0.5,0.0,0.5,33.18,2
Beijing,historical,1927,13.0,0.5,0.0,0.5,33.31,2
Beijing,historical,1928,29.5,0.5,0.0,0.5,34.71,2
Beijing,historical,1929,10.5,0.5,0.0,0.5,33.84,2
Beijing,historical,1930,16.5,4.0,0.0,1.0,33.62,2
Beijing,historical,1931,14.0,2.5,0.0,1.5,34.2,2
Beijing,historical,1932,8.0,0.0,0.0,0.0,30.49,2
Beijing,historical,1933,17.0,4.5,0.5,1.5,35.28,2
Beijing,historical,1934,18.0,2.0,0.0,1.0,35.9,2
Beijing,historical,1935,28.0,5.0,0.0,3.0,36.72,2
Beijing,historical,1936,13.5,2.5,0.0,1.0,34.64,2
Beijing,historical,1937,48.0,6.0,0.0,2.0,37.13,2
Beijing,historical,1938,7.5,0.5,0.0,0.5,33.24,2
Beijing,historical,1939,24.5,1.5,0.0,0.5,35.56,2
Beijing,historical,1940,17.5,5.5,0.5,3.0,34.85,2
Beijing,historical,1941,16.0,1.5,0.0,1.0,33.0,2
Beijing,historical,1942,13.5,0.5,0.0,0.5,32.84,2
Beijing,historical,1943,16.0,2.5,0.0,0.5,33.22,2
Beijing,historical,1944,18.0,0.0,0.0,0.0,33.41,2
Beijing,historical,1945,16.0,0.5,0.0,0.5,33.62,2
Beijing,historical,1946,13.0,0.5,0.0,0.5,33.58,2
Beijing,historical,1947,23.5,3.0,0.5,2.0,37.0,2
Beijing,historical,1948,11.0,0.0,0.0,0.0,32.67,2
Beijing,historical,1949,23.5,2.5,0.0,1.0,35.2,2
Beijing,historical,1950,24.5,1.0,0.0,1.0,35.62,2
Beijing,historical,1951,10.5,0.0,0.0,0.0,32.73,2
Beijing,historical,1952,12.5,0.0,0.0,0.0,33.61,2
Beijing,historical,1953,24.5,4.5,0.5,3.0,37.91,2
Beijing,historical,1954,32.5,5.0,0.0,3.5,37.64,2
Beijing,historical,1955,7.5,0.0,0.0,0.0,32.62,2
Beijing,historical,1956,10.5,0.0,0.0,0.0,31.97,2
Beijing,historical,1957,18.0,1.5,0.0,1.5,35.25,2
Beijing,historical,1958,20.0,2.0,0.0,2.0,36.61,2
Beijing,historical,1959,20.0,0.5,0.0,0.5,35.39,2
Beijing,historical,1960,22.0,0.5,0.0,0.5,35.36,2
Beijing,historical,1961,20.0,1.5,0.0,0.5,32.78,2
Beijing,historical,1962,15.5,3.0,0.0,2.0,35.03,2
Beijing,historical,1963,19.0,1.0,0.0,1.0,34.5,2
Beijing,historical,1964,6.0,0.0,0.0,0.0,32.53,2
Beijing,historical,1965,14.0,1.0,0.0,1.0,35.34,2
Beijing,historical,1966,1.0,0.0,0.0,0.0,30.53,2
Beijing,historical,1967,16.5,1.0,0.0,0.5,32.8,2
Beijing,historical,1968,11.0,0.5,0.0,0.5,35.05,2
Beijing,historical,1969,11.5,0.0,0.0,0.0,32.19,2
Beijing,historical,1970,13.5,0.0,0.0,0.0,33.77,2
Beijing,historical,1971,21.0,0.0,0.0,0.0,33.89,2
Beijing,historical,1972,13.5,0.5,0.0,0.5,35.38,2
Beijing,historical,1973,10.0,0.5,0.0,0.5,35.12,2
Beijing,historical,1974,3.5,0.0,0.0,0.0,32.9,2
Beijing,historical,1975,7.5,0.0,0.0,0.0,32.13,2
Beijing,historical,1976,27.0,3.5,0.0,1.0,34.69,2
Beijing,historical,1977,20.5,0.5,0.0,0.5,33.62,2
Beijing,historical,1978,19.0,1.0,0.0,1.0,35.99,2
Beijing,historical,1979,10.0,0.0,0.0,0.0,34.08,2
Beijing,historical,1980,27.0,2.0,0.0,2.0,35.69,2
Beijing,historical,1981,3.0,0.0,0.0,0.0,31.31,2
Beijing,historical,1982,16.5,3.5,0.0,3.0,36.57,2
Beijing,historical,1983,3.0,0.0,0.0,0.0,31.61,2
Beijing,historical,1984,13.5,0.0,0.0,0.0,33.6,2
Beijing,historical,1985,11.0,1.0,0.0,1.0,33.8,2
Beijing,historical,1986,25.0,5.0,0.0,1.0,34.49,2
Beijing,historical,1987,11.5,0.5,0.0,0.5,33.67,2
Beijing,historical,1988,14.0,1.5,0.0,1.0,35.14,2
Beijing,historical,1989,17.0,1.5,0.0,0.5,35.45,2
Beijing,historical,1990,21.5,3.0,0.0,1.5,34.22,2
Beijing,historical,1991,19.5,2.5,0.0,1.0,34.24,2
Beijing,historical,1992,18.5,6.0,0.0,4.0,35.63,2
Beijing,historical,1993,21.5,2.5,0.0,1.0,33.94,2
Beijing,historical,1994,11.0,1.0,0.0,1.0,33.52,2
Beijing,historical,1995,10.0,0.0,0.0,0.0,32.15,2
Beijing,historical,1996,25.5,1.5,0.0,1.5,35.85,2
Beijing,historical,1997,13.5,0.0,0.0,0.0,33.31,2
Beijing,historical,1998,16.0,0.5,0.0,0.5,34.09,2
Beijing,historical,1999,11.0,2.0,0.0,1.0,33.56,2
Beijing,historical,2000,10.0,1.5,0.0,1.0,32.84,2
Beijing,historical,2001,23.5,7.5,0.5,2.0,36.37,2
Beijing,historical,2002,18.0,2.0,0.0,1.0,34.03,2
Beijing,historical,2003,7.5,0.0,0.0,0.0,32.9,2
Beijing,historical,2004,23.5,1.5,0.0,1.0,36.56,2
Beijing,historical,2005,12.5,0.5,0.0,0.5,33.82,2
Beijing,historical,2006,4.0,0.0,0.0,0.0,33.14,2
Beijing,historical,2007,7.0,0.0,0.0,0.0,32.33,2
Beijing,historical,2008,17.5,1.5,0.0,1.5,35.22,2
Beijing,historical,2009,8.0,0.5,0.0,0.5,32.44,2
Beijing,historical,2010,16.5,2.0,0.0,1.0,34.43,2
Beijing,historical,2011,1.5,0.0,0.0,0.0,31.12,2
Beijing,historical,2012,10.5,0.0,0.0,0.0,33.08,2
Beijing,historical,2013,26.0,1.0,0.0,0.5,35.82,2
Beijing,historical,2014,15.5,0.5,0.0,0.5,34.91,2
Beijing,ssp585,2015,27.67,2.33,0.0,1.0,34.81,3
Beijing,ssp585,2016,31.33,3.33,0.0,2.67,36.24,3
Beijing,ssp585,2017,26.67,3.33,0.0,1.67,34.44,3
Beijing,ssp585,2018,42.0,9.33,0.67,4.33,37.14,3
Beijing,ssp585,2019,29.0,3.33,0.0,1.0,35.11,3
Beijing,ssp585,2020,34.67,5.0,0.0,2.0,35.71,3
Beijing,ssp585,2021,40.67,9.0,0.33,2.67,36.79,3
Beijing,ssp585,2022,38.0,5.33,0.0,1.67,35.92,3
Beijing,ssp585,2023,31.67,6.0,0.0,2.33,34.34,3
Beijing,ssp585,2024,38.33,0.67,0.0,0.33,34.88,3
Beijing,ssp585,2025,42.0,7.0,2.67,4.33,37.4,3
Beijing,ssp585,2026,43.0,6.33,0.0,3.0,36.6,3
Beijing,ssp585,2027,39.33,5.33,0.0,1.67,35.62,3
Beijing,ssp585,2028,40.33,4.67,0.0,1.0,36.63,3
Beijing,ssp585,2029,30.67,1.67,0.0,0.67,35.3,3
Beijing,ssp585,2030,32.33,3.67,0.0,2.0,35.86,3
Beijing,ssp585,2031,29.33,2.67,0.0,1.33,34.23,3
Beijing,ssp585,2032,32.67,4.0,0.0,1.33,35.2,3
Beijing,ssp585,2033,52.33,7.67,0.0,3.0,37.71,3
Beijing,ssp585,2034,45.0,6.33,0.0,2.33,36.61,3
Beijing,ssp585,2035,30.33,6.33,0.33,2.67,37.07,3
Beijing,ssp585,2036,31.0,8.0,0.0,2.67,35.43,3
Beijing,ssp585,2037,37.0,7.67,0.0,3.67,35.25,3
Beijing,ssp585,2038,48.33,12.67,1.67,6.33,37.54,3
Beijing,ssp585,2039,45.0,10.0,1.33,4.67,37.81,3
Beijing,ssp585,2040,31.67,6.33,0.0,2.67,35.92,3
Beijing,ssp585,2041,38.0,5.0,0.0,2.0,35.87,3
Beijing,ssp585,2042,36.33,13.33,0.33,3.0,35.78,3
Beijing,ssp585,2043,41.33,15.67,3.0,5.33,38.47,3
Beijing,ssp585,2044,45.0,10.33,0.0,4.33,37.65,3
Beijing,ssp585,2045,50.67,11.33,0.33,4.33,37.85,3
Beijing,ssp585,2046,48.0,5.0,0.0,1.67,36.61,3
Beijing,ssp585,2047,49.0,15.33,3.0,5.67,38.46,3
Beijing,ssp585,2048,56.0,16.67,0.67,4.33,38.86,3
Beijing,ssp585,2049,55.67,18.0,1.33,5.67,37.89,3
Beijing,ssp585,2050,51.0,17.67,1.33,4.67,37.67,3
Beijing,ssp585,2051,69.67,26.67,6.67,9.33,41.33,3
Beijing,ssp585,2052,52.33,16.33,1.0,3.0,38.24,3
Beijing,ssp585,2053,64.0,12.33,0.0,3.0,36.88,3
Beijing,ssp585,2054,57.33,13.67,0.33,5.0,39.22,3
Beijing,ssp585,2055,64.67,10.67,0.0,5.33,37.81,3
Beijing,ssp585,2056,46.0,17.0,2.33,8.67,36.46,3
Beijing,ssp585,2057,53.67,11.67,1.33,5.0,39.32,3
Beijing,ssp585,2058,45.33,8.67,0.33,2.33,37.92,3
Beijing,ssp585,2059,45.67,8.67,0.67,2.33,37.09,3
Beijing,ssp585,2060,62.67,16.0,1.0,4.0,38.51,3
Beijing,ssp585,2061,39.33,16.0,1.33,11.67,37.34,3
Beijing,ssp585,2062,54.33,15.33,0.33,6.0,35.93,3
Beijing,ssp585,2063,61.0,15.33,1.67,3.67,37.5,3
Beijing,ssp585,2064,64.67,18.33,0.0,6.67,37.86,3
Beijing,ssp585,2065,61.0,24.67,3.67,15.67,38.44,3
Beijing,ssp585,2066,55.0,17.33,1.33,6.0,39.28,3
Beijing,ssp585,2067,59.33,24.67,7.33,6.67,39.61,3
Beijing,ssp585,2068,62.0,20.67,2.67,5.0,39.07,3
Beijing,ssp585,2069,72.0,25.67,5.0,13.67,39.85,3
Beijing,ssp585,2070,71.0,23.67,2.0,10.33,41.43,3
Beijing,ssp585,2071,65.0,16.67,2.67,4.67,37.81,3
Beijing,ssp585,2072,73.33,24.67,0.0,6.67,38.77,3
Beijing,ssp585,2073,65.67,20.33,1.67,6.33,38.58,3
Beijing,ssp585,2074,72.0,27.33,8.0,19.33,41.51,3
Beijing,ssp585,2075,78.33,30.67,2.67,10.67,40.08,3
Beijing,ssp585,2076,70.0,26.33,2.0,9.0,39.45,3
Beijing,ssp585,2077,56.0,26.67,0.67,8.67,36.35,3
Beijing,ssp585,2078,75.67,28.67,1.33,7.0,38.93,3
Beijing,ssp585,2079,84.0,28.33,2.0,9.0,39.71,3
Beijing,ssp585,2080,76.0,26.0,4.33,10.0,39.37,3
Beijing,ssp585,2081,80.0,31.0,5.0,12.0,41.66,3
Beijing,ssp585,2082,75.33,23.0,2.0,6.67,39.01,3
Beijing,ssp585,2083,94.0,35.67,6.67,12.67,39.89,3
Beijing,ssp585,2084,71.33,35.67,5.0,9.0,39.1,3
Beijing,ssp585,2085,83.33,35.33,6.0,13.67,39.45,3
Beijing,ssp585,2086,72.0,35.33,8.0,15.0,38.37,3
Beijing,ssp585,2087,87.0,41.0,3.67,15.67,40.1,3
Beijing,ssp585,2088,99.0,47.33,10.67,17.33,42.03,3
Beijing,ssp585,2089,86.0,33.0,5.67,11.67,39.3,3
Beijing,ssp585,2090,88.0,25.67,2.67,7.0,40.06,3
Beijing,ssp585,2091,84.33,27.33,4.67,10.67,38.61,3
Beijing,ssp585,2092,97.33,37.67,12.67,20.67,41.02,3
Beijing,ssp585,2093,98.33,43.67,10.0,12.67,40.9,3
Beijing,ssp585,2094,84.0,34.0,8.0,13.0,38.59,3
Beijing,ssp585,2095,95.33,38.33,7.67,12.33,39.89,3
Beijing,ssp585,2096,102.0,46.33,8.33,13.0,41.15,3
Beijing,ssp585,2097,95.33,39.33,9.67,10.33,41.83,3
Beijing,ssp585,2098,93.33,37.33,7.67,15.33,40.95,3
Beijing,ssp585,2099,102.67,35.33,5.33,14.0,39.61,3
Beijing,ssp585,2100,61.5,8.5,0.5,2.0,38.77,2
Berlin,historical,1850,0.0,0.0,0.0,0.0,24.85,2
Berlin,historical,1851,1.0,0.0,0.0,0.0,26.88,2
Berlin,historical,1852,1.5,0.0,0.0,0.0,28.6,2
Berlin,historical,1853,0.0,0.0,0.0,0.0,27.09,2
Berlin,historical,1854,0.0,0.0,0.0,0.0,27.99,2
Berlin,historical,1855,0.0,0.0,0.0,0.0,26.48,2
Berlin,historical,1856,4.0,0.0,0.0,0.0,29.09,2
Berlin,historical,1857,0.0,0.0,0.0,0.0,28.55,2
Berlin,historical,1858,0.0,0.0,0.0,0.0,27.49,2
Berlin,historical,1859,1.0,0.0,0.0,0.0,29.75,2
Berlin,historical,1860,1.0,0.0,0.0,0.0,29.16,2
Berlin,historical,1861,4.0,0.0,0.0,0.0,29.78,2
Berlin,historical,1862,0.0,0.0,0.0,0.0,27.77,2
Berlin,historical,1863,0.0,0.0,0.0,0.0,26.77,2
Berlin,historical,1864,0.0,0.0,0.0,0.0,26.16,2
Berlin,historical,1865,0.5,0.0,0.0,0.0,27.08,2
Berlin,historical,1866,0.0,0.0,0.0,0.0,26.37,2
Berlin,historical,1867,1.5,0.0,0.0,0.0,27.58,2
Berlin,historical,1868,0.0,0.0,0.0,0.0,26.29,2
Berlin,historical,1869,0.0,0.0,0.0,0.0,26.63,2
Berlin,historical,1870,2.5,0.0,0.0,0.0,27.24,2
Berlin,historical,1871,0.0,0.0,0.0,0.0,26.34,2
Berlin,historical,1872,1.5,0.0,0.0,0.0,28.32,2
Berlin,historical,1873,5.0,0.0,0.0,0.0,29.64,2
Berlin,historical,1874,0.5,0.0,0.0,0.0,28.85,2
Berlin,historical,1875,1.5,0.0,0.0,0.0,27.28,2
Berlin,historical,1876,3.0,0.0,0.0,0.0,27.84,2
Berlin,historical,1877,0.0,0.0,0.0,0.0,26.76,2
Berlin,historical,1878,0.0,0.0,0.0,0.0,25.92,2
Berlin,historical,1879,0.0,0.0,0.0,0.0,26.19,2
Berlin,historical,1880,0.5,0.0,0.0,0.0,27.06,2
Berlin,historical,1881,0.0,0.0,0.0,0.0,25.49,2
Berlin,historical,1882,1.0,0.0,0.0,0.0,27.99,2
Berlin,historical,1883,0.0,0.0,0.0,0.0,27.01,2
Berlin,historical,1884,0.0,0.0,0.0,0.0,25.44,2
Berlin,historical,1885,0.0,0.0,0.0,0.0,24.8,2
Berlin,historical,1886,1.0,0.0,0.0,0.0,27.86,2
Berlin,historical,1887,0.5,0.0,0.0,0.0,27.73,2
Berlin,historical,1888,0.5,0.0,0.0,0.0,27.26,2
Berlin,historical,1889,1.0,0.0,0.0,0.0,28.57,2
Berlin,historical,1890,0.0,0.0,0.0,0.0,26.16,2
Berlin,historical,1891,0.0,0.0,0.0,0.0,26.73,2
Berlin,historical,1892,1.5,0.0,0.0,0.0,28.05,2
Berlin,historical,1893,2.5,0.0,0.0,0.0,29.52,2
Berlin,historical,1894,1.0,0.0,0.0,0.0,28.28,2
Berlin,historical,1895,0.0,0.0,0.0,0.0,26.05,2
Berlin,historical,1896,0.0,0.0,0.0,0.0,25.22,2
Berlin,historical,1897,0.5,0.0,0.0,0.0,27.06,2
Berlin,historical,1898,1.0,0.0,0.0,0.0,27.86,2
Berlin,historical,1899,1.0,0.0,0.0,0.0,27.74,2
Berlin,historical,1900,0.0,0.0,0.0,0.0,27.13,2
Berlin,historical,1901,1.5,0.0,0.0,0.0,28.81,2
Berlin,historical,1902,0.5,0.0,0.0,0.0,28.11,2
Berlin,historical,1903,0.0,0.0,0.0,0.0,26.66,2
Berlin,historical,1904,1.5,0.0,0.0,0.0,29.02,2
Berlin,historical,1905,0.0,0.0,0.0,0.0,26.54,2
Berlin,historical,1906,1.0,0.0,0.0,0.0,28.69,2
Berlin,historical,1907,2.5,0.0,0.0,0.0,28.02,2
Berlin,historical,1908,0.0,0.0,0.0,0.0,25.57,2
Berlin,historical,1909,0.0,0.0,0.0,0.0,25.68,2
Berlin,historical,1910,2.0,0.0,0.0,0.0,28.48,2
Berlin,historical,1911,0.0,0.0,0.0,0.0,26.15,2
Berlin,historical,1912,0.5,0.0,0.0,0.0,28.83,2
Berlin,historical,1913,0.0,0.0,0.0,0.0,26.36,2
Berlin,historical,1914,0.0,0.0,0.0,0.0,26.16,2
Berlin,historical,1915,0.5,0.0,0.0,0.0,27.13,2
Berlin,historical,1916,0.0,0.0,0.0,0.0,27.15,2
Berlin,historical,1917,1.0,0.0,0.0,0.0,29.07,2
Berlin,historical,1918,0.0,0.0,0.0,0.0,28.44,2
Berlin,historical,1919,0.0,0.0,0.0,0.0,27.55,2
Berlin,historical,1920,0.0,0.0,0.0,0.0,26.28,2
Berlin,historical,1921,0.0,0.0,0.0,0.0,25.82,2
Berlin,historical,1922,2.5,0.0,0.0,0.0,27.92,2
Berlin,historical,1923,1.0,0.0,0.0,0.0,27.33,2
Berlin,historical,1924,1.5,0.0,0.0,0.0,27.23,2
Berlin,historical,1925,4.5,0.0,0.0,0.0,28.03,2
Berlin,historical,1926,0.0,0.0,0.0,0.0,25.55,2
Berlin,historical,1927,0.0,0.0,0.0,0.0,26.56,2
Berlin,historical,1928,1.5,0.0,0.0,0.0,27.2,2
Berlin,historical,1929,0.0,0.0,0.0,0.0,26.36,2
Berlin,historical,1930,0.0,0.0,0.0,0.0,26.35,2
Berlin,historical,1931,2.5,0.0,0.0,0.0,27.1,2
Berlin,historical,1932,1.0,0.0,0.0,0.0,26.83,2
Berlin,historical,1933,0.0,0.0,0.0,0.0,25.65,2
Berlin,historical,1934,1.0,0.0,0.0,0.0,28.28,2
Berlin,historical,1935,0.0,0.0,0.0,0.0,28.06,2
Berlin,historical,1936,0.0,0.0,0.0,0.0,27.54,2
Berlin,historical,1937,0.0,0.0,0.0,0.0,26.9,2
Berlin,historical,1938,1.0,0.0,0.0,0.0,28.89,2
Berlin,historical,1939,0.0,0.0,0.0,0.0,27.09,2
Berlin,historical,1940,0.0,0.0,0.0,0.0,25.13,2
Berlin,historical,1941,0.0,0.0,0.0,0.0,27.05,2
Berlin,historical,1942,2.5,0.0,0.0,0.0,27.89,2
Berlin,historical,1943,0.0,0.0,0.0,0.0,25.52,2
Berlin,historical,1944,2.0,0.0,0.0,0.0,28.88,2
Berlin,historical,1945,0.0,0.0,0.0,0.0,27.15,2
Berlin,historical,1946,1.0,0.0,0.0,0.0,27.78,2
Berlin,historical,1947,0.0,0.0,0.0,0.0,27.31,2
Berlin,historical,1948,0.5,0.0,0.0,0.0,27.22,2
Berlin,historical,1949,0.0,0.0,0.0,0.0,27.2,2
Berlin,historical,1950,0.0,0.0,0.0,0.0,26.51,2
Berlin,historical,1951,0.0,0.0,0.0,0.0,25.89,2
Berlin,historical,1952,3.5,0.0,0.0,0.0,29.24,2
Berlin,historical,1953,0.0,0.0,0.0,0.0,26.6,2
Berlin,historical,1954,0.5,0.0,0.0,0.0,26.77,2
Berlin,historical,1955,0.0,0.0,0.0,0.0,27.25,2
Berlin,historical,1956,0.0,0.0,0.0,0.0,26.94,2
Berlin,historical,1957,0.5,0.0,0.0,0.0,26.83,2
Berlin,historical,1958,1.0,0.0,0.0,0.0,27.01,2
Berlin,historical,1959,0.0,0.0,0.0,0.0,26.94,2
Berlin,historical,1960,0.5,0.0,0.0,0.0,26.98,2
Berlin,historical,1961,3.5,0.0,0.0,0.0,29.29,2
Berlin,historical,1962,0.0,0.0,0.0,0.0,26.68,2
Berlin,historical,1963,0.0,0.0,0.0,0.0,25.76,2
Berlin,historical,1964,0.5,0.0,0.0,0.0,29.02,2
Berlin,historical,1965,0.0,0.0,0.0,0.0,27.4,2
Berlin,historical,1966,0.5,0.0,0.0,0.0,28.06,2
Berlin,historical,1967,4.0,0.0,0.0,0.0,28.93,2
Berlin,historical,1968,0.0,0.0,0.0,0.0,27.43,2
Berlin,historical,1969,0.0,0.0,0.0,0.0,27.28,2
Berlin,historical,1970,0.5,0.0,0.0,0.0,27.48,2
Berlin,historical,1971,0.0,0.0,0.0,0.0,26.44,2
Berlin,historical,1972,0.0,0.0,0.0,0.0,27.17,2
Berlin,historical,1973,0.0,0.0,0.0,0.0,26.27,2
Berlin,historical,1974,2.0,0.0,0.0,0.0,27.82,2
Berlin,historical,1975,0.5,0.0,0.0,0.0,27.3,2
Berlin,historical,1976,0.0,0.0,0.0,0.0,27.13,2
Berlin,historical,1977,0.0,0.0,0.0,0.0,26.44,2
Berlin,historical,1978,0.5,0.0,0.0,0.0,27.02,2
Berlin,historical,1979,0.0,0.0,0.0,0.0,26.37,2
Berlin,historical,1980,0.5,0.0,0.0,0.0,27.07,2
Berlin,historical,1981,1.0,0.0,0.0,0.0,27.48,2
Berlin,historical,1982,2.5,0.0,0.0,0.0,29.02,2
Berlin,historical,1983,0.0,0.0,0.0,0.0,25.72,2
Berlin,historical,1984,0.0,0.0,0.0,0.0,24.47,2
Berlin,historical,1985,1.5,0.0,0.0,0.0,27.85,2
Berlin,historical,1986,0.0,0.0,0.0,0.0,25.05,2
Berlin,historical,1987,0.0,0.0,0.0,0.0,25.94,2
Berlin,historical,1988,1.0,0.0,0.0,0.0,26.35,2
Berlin,historical,1989,0.0,0.0,0.0,0.0,26.84,2
Berlin,historical,1990,0.0,0.0,0.0,0.0,24.86,2
Berlin,historical,1991,0.5,0.0,0.0,0.0,29.44,2
Berlin,historical,1992,0.0,0.0,0.0,0.0,27.03,2
Berlin,historical,1993,1.0,0.0,0.0,0.0,27.44,2
Berlin,historical,1994,0.0,0.0,0.0,0.0,27.53,2
Berlin,historical,1995,0.0,0.0,0.0,0.0,25.97,2
Berlin,historical,1996,0.5,0.0,0.0,0.0,30.28,2
Berlin,historical,1997,1.0,0.0,0.0,0.0,31.04,2
Berlin,historical,1998,0.0,0.0,0.0,0.0,26.29,2
Berlin,historical,1999,0.0,0.0,0.0,0.0,27.19,2
Berlin,historical,2000,0.5,0.0,0.0,0.0,27.36,2
Berlin,historical,2001,0.0,0.0,0.0,0.0,27.31,2
Berlin,historical,2002,0.0,0.0,0.0,0.0,26.92,2
Berlin,historical,2003,0.0,0.0,0.0,0.0,28.67,2
Berlin,historical,2004,2.0,0.0,0.0,0.0,26.88,2
Berlin,historical,2005,0.0,0.0,0.0,0.0,28.22,2
Berlin,historical,2006,0.0,0.0,0.0,0.0,28.11,2
Berlin,historical,2007,0.0,0.0,0.0,0.0,27.42,2
Berlin,historical,2008,1.0,0.0,0.0,0.0,28.77,2
Berlin,historical,2009,1.5,0.0,0.0,0.0,28.21,2
Berlin,historical,2010,3.0,0.0,0.0,0.0,28.97,2
Berlin,historical,2011,0.0,0.0,0.0,0.0,27.29,2
Berlin,historical,2012,2.5,0.0,0.0,0.0,29.2,2
Berlin,historical,2013,0.5,0.0,0.0,0.0,28.78,2
Berlin,historical,2014,0.5,0.0,0.0,0.0,29.61,2
Berlin,ssp585,2015,1.0,0.0,0.0,0.0,29.29,3
Berlin,ssp585,2016,2.67,0.0,0.0,0.0,29.87,3
Berlin,ssp585,2017,3.0,0.0,0.0,0.0,29.18,3
Berlin,ssp585,2018,1.33,0.0,0.0,0.0,29.6,3
Berlin,ssp585,2019,2.33,0.0,0.0,0.0,29.57,3
Berlin,ssp585,2020,1.33,0.0,0.0,0.0,28.48,3
Berlin,ssp585,2021,1.0,0.0,0.0,0.0,30.0,3
Berlin,ssp585,2022,2.33,0.0,0.0,0.0,30.46,3
Berlin,ssp585,2023,8.0,1.67,0.0,0.67,32.48,3
Berlin,ssp585,2024,3.0,0.67,0.0,0.67,30.38,3
Berlin,ssp585,2025,3.33,0.0,0.0,0.0,29.51,3
Berlin,ssp585,2026,3.67,0.33,0.0,0.33,31.35,3
Berlin,ssp585,2027,0.67,0.0,0.0,0.0,29.28,3
Berlin,ssp585,2028,3.33,0.0,0.0,0.0,30.66,3
Berlin,ssp585,2029,4.67,0.0,0.0,0.0,31.66,3
Berlin,ssp585,2030,7.33,0.0,0.0,0.0,30.44,3
Berlin,ssp585,2031,1.33,0.0,0.0,0.0,29.57,3
Berlin,ssp585,2032,2.0,0.0,0.0,0.0,28.87,3
Berlin,ssp585,2033,6.0,0.33,0.0,0.33,30.06,3
Berlin,ssp585,2034,1.67,0.0,0.0,0.0,28.91,3
Berlin,ssp585,2035,7.0,0.67,0.0,0.67,32.63,3
Berlin,ssp585,2036,4.67,0.67,0.0,0.33,30.53,3
Berlin,ssp585,2037,4.33,0.0,0.0,0.0,30.16,3
Berlin,ssp585,2038,5.0,0.0,0.0,0.0,30.45,3
Berlin,ssp585,2039,6.0,0.67,0.0,0.67,31.45,3
Berlin,ssp585,2040,1.67,0.0,0.0,0.0,30.47,3
Berlin,ssp585,2041,5.33,1.33,0.0,0.67,30.65,3
Berlin,ssp585,2042,3.33,0.33,0.0,0.33,30.21,3
Berlin,ssp585,2043,6.67,0.0,0.0,0.0,31.7,3
Berlin,ssp585,2044,7.0,0.0,0.0,0.0,31.35,3
Berlin,ssp585,2045,4.67,0.33,0.0,0.33,31.04,3
Berlin,ssp585,2046,9.33,0.33,0.0,0.33,31.41,3
Berlin,ssp585,2047,9.67,0.0,0.0,0.0,32.22,3
Berlin,ssp585,2048,8.67,2.67,0.0,2.67,32.3,3
Berlin,ssp585,2049,4.33,0.0,0.0,0.0,31.44,3
Berlin,ssp585,2050,7.33,0.67,0.0,0.67,31.83,3
Berlin,ssp585,2051,6.67,0.0,0.0,0.0,31.57,3
Berlin,ssp585,2052,4.67,0.0,0.0,0.0,29.9,3
Berlin,ssp585,2053,5.33,0.33,0.0,0.33,32.35,3
Berlin,ssp585,2054,8.0,1.67,0.0,0.67,32.21,3
Berlin,ssp585,2055,8.33,1.67,0.33,1.0,33.91,3
Berlin,ssp585,2056,3.67,0.0,0.0,0.0,30.83,3
Berlin,ssp585,2057,13.33,2.67,0.0,1.33,33.57,3
Berlin,ssp585,2058,15.67,4.0,0.33,2.0,35.19,3
Berlin,ssp585,2059,6.33,0.0,0.0,0.0,31.39,3
Berlin,ssp585,2060,18.0,5.33,0.0,1.67,33.99,3
Berlin,ssp585,2061,6.33,0.33,0.0,0.33,30.44,3
Berlin,ssp585,2062,10.0,1.33,0.0,0.67,32.92,3
Berlin,ssp585,2063,6.67,0.67,0.0,0.33,32.02,3
Berlin,ssp585,2064,8.67,0.67,0.0,0.33,33.29,3
Berlin,ssp585,2065,18.0,2.67,0.0,2.0,32.49,3
Berlin,ssp585,2066,10.33,0.33,0.0,0.33,33.36,3
Berlin,ssp585,2067,14.0,2.33,0.0,1.33,33.3,3
Berlin,ssp585,2068,8.67,0.67,0.0,0.33,33.0,3
Berlin,ssp585,2069,15.67,2.0,0.0,0.33,34.22,3
Berlin,ssp585,2070,15.0,3.33,0.33,1.67,35.69,3
Berlin,ssp585,2071,5.33,0.0,0.0,0.0,31.13,3
Berlin,ssp585,2072,12.67,1.0,0.0,0.33,33.75,3
Berlin,ssp585,2073,25.0,5.67,0.33,2.67,38.6,3
Berlin,ssp585,2074,15.67,4.0,0.0,1.0,34.54,3
Berlin,ssp585,2075,10.67,0.33,0.0,0.33,33.56,3
Berlin,ssp585,2076,23.67,6.33,0.67,1.67,36.96,3
Berlin,ssp585,2077,17.33,0.67,0.0,0.33,33.53,3
Berlin,ssp585,2078,9.33,0.33,0.0,0.33,32.13,3
Berlin,ssp585,2079,16.67,4.0,0.33,1.0,33.07,3
Berlin,ssp585,2080,18.33,5.0,1.0,1.67,33.71,3
Berlin,ssp585,2081,27.33,5.33,0.67,2.33,38.05,3
Berlin,ssp585,2082,24.0,4.33,0.33,0.67,33.93,3
Berlin,ssp585,2083,23.0,3.33,0.0,1.0,34.23,3
Berlin,ssp585,2084,21.67,4.33,0.0,1.67,35.75,3
Berlin,ssp585,2085,18.0,3.33,0.0,2.0,34.97,3
Berlin,ssp585,2086,20.33,5.33,1.33,2.33,35.55,3
Berlin,ssp585,2087,25.0,4.33,0.0,1.33,34.19,3
Berlin,ssp585,2088,30.33,6.67,0.33,1.33,35.19,3
Berlin,ssp585,2089,20.67,4.67,0.0,1.33,34.18,3
Berlin,ssp585,2090,27.33,5.0,1.33,2.0,36.69,3
Berlin,ssp585,2091,25.0,7.33,0.33,3.33,35.38,3
Berlin,ssp585,2092,32.0,4.33,0.0,2.33,35.1,3
Berlin,ssp585,2093,32.0,6.33,0.67,1.67,37.32,3
Berlin,ssp585,2094,27.0,4.33,0.0,1.0,34.55,3
Berlin,ssp585,2095,25.67,4.67,1.0,1.0,35.02,3
Berlin,ssp585,2096,25.67,4.67,0.33,1.33,36.02,3
Berlin,ssp585,2097,25.67,5.67,0.0,2.33,37.2,3
Berlin,ssp585,2098,24.33,4.67,0.33,3.0,36.21,3
Berlin,ssp585,2099,36.67,9.0,1.67,2.67,39.52,3
Berlin,ssp585,2100,14.0,3.0,0.0,1.0,34.88,2
Bogota,historical,1850,0.0,0.0,0.0,0.0,26.8,2
Bogota,historical,1851,0.0,0.0,0.0,0.0,26.12,2
Bogota,historical,1852,0.0,0.0,0.0,0.0,26.75,2
Bogota,historical,1853,1.0,0.0,0.0,0.0,29.37,2
Bogota,historical,1854,0.0,0.0,0.0,0.0,26.22,2
Bogota,historical,1855,0.0,0.0,0.0,0.0,26.4,2
Bogota,historical,1856,0.0,0.0,0.0,0.0,26.24,2
Bogota,historical,1857,0.0,0.0,0.0,0.0,27.27,2
Bogota,historical,1858,0.0,0.0,0.0,0.0,26.62,2
Bogota,historical,1859,0.0,0.0,0.0,0.0,26.36,2
Bogota,historical,1860,0.0,0.0,0.0,0.0,26.52,2
Bogota,historical,1861,0.0,0.0,0.0,0.0,26.78,2
Bogota,historical,1862,0.0,0.0,0.0,0.0,26.02,2
Bogota,historical,1863,0.0,0.0,0.0,0.0,25.63,2
Bogota,historical,1864,0.0,0.0,0.0,0.0,26.78,2
Bogota,historical,1865,0.0,0.0,0.0,0.0,27.01,2
Bogota,historical,1866,0.0,0.0,0.0,0.0,26.24,2
Bogota,historical,1867,0.0,0.0,0.0,0.0,26.69,2
Bogota,historical,1868,0.0,0.0,0.0,0.0,27.88,2
Bogota,historical,1869,0.0,0.0,0.0,0.0,26.29,2
Bogota,historical,1870,0.0,0.0,0.0,0.0,27.26,2
Bogota,historical,1871,0.0,0.0,0.0,0.0,25.8,2
Bogota,historical,1872,0.0,0.0,0.0,0.0,27.95,2
Bogota,historical,1873,0.5,0.0,0.0,0.0,27.89,2
Bogota,historical,1874,0.0,0.0,0.0,0.0,27.05,2
Bogota,historical,1875,0.0,0.0,0.0,0.0,26.73,2
Bogota,historical,1876,0.0,0.0,0.0,0.0,27.38,2
Bogota,historical,1877,0.0,0.0,0.0,0.0,26.65,2
Bogota,historical,1878,0.0,0.0,0.0,0.0,27.14,2
Bogota,historical,1879,0.0,0.0,0.0,0.0,26.05,2
Bogota,historical,1880,0.0,0.0,0.0,0.0,26.41,2
Bogota,historical,1881,0.0,0.0,0.0,0.0,26.86,2
Bogota,historical,1882,0.0,0.0,0.0,0.0,26.72,2
Bogota,historical,1883,0.0,0.0,0.0,0.0,27.11,2
Bogota,historical,1884,0.0,0.0,0.0,0.0,27.15,2
Bogota,historical,1885,0.0,0.0,0.0,0.0,26.76,2
Bogota,historical,1886,0.0,0.0,0.0,0.0,24.64,2
Bogota,historical,1887,0.0,0.0,0.0,0.0,25.27,2
Bogota,historical,1888,0.0,0.0,0.0,0.0,26.03,2
Bogota,historical,1889,0.0,0.0,0.0,0.0,27.31,2
Bogota,historical,1890,0.0,0.0,0.0,0.0,26.75,2
Bogota,historical,1891,0.0,0.0,0.0,0.0,26.52,2
Bogota,historical,1892,0.0,0.0,0.0,0.0,26.95,2
Bogota,historical,1893,0.0,0.0,0.0,0.0,26.99,2
Bogota,historical,1894,0.0,0.0,0.0,0.0,26.54,2
Bogota,historical,1895,0.0,0.0,0.0,0.0,26.48,2
Bogota,historical,1896,0.0,0.0,0.0,0.0,27.61,2
Bogota,historical,1897,0.0,0.0,0.0,0.0,25.9,2
Bogota,historical,1898,0.0,0.0,0.0,0.0,25.85,2
Bogota,historical,1899,0.0,0.0,0.0,0.0,26.6,2
Bogota,historical,1900,0.0,0.0,0.0,0.0,27.26,2
Bogota,historical,1901,0.0,0.0,0.0,0.0,27.02,2
Bogota,historical,1902,0.0,0.0,0.0,0.0,26.29,2
Bogota,historical,1903,0.0,0.0,0.0,0.0,26.96,2
Bogota,historical,1904,0.0,0.0,0.0,0.0,28.3,2
Bogota,historical,1905,0.0,0.0,0.0,0.0,28.02,2
Bogota,historical,1906,0.0,0.0,0.0,0.0,26.49,2
Bogota,historical,1907,0.0,0.0,0.0,0.0,26.54,2
Bogota,historical,1908,0.0,0.0,0.0,0.0,25.73,2
Bogota,historical,1909,0.0,0.0,0.0,0.0,26.58,2
Bogota,historical,1910,0.0,0.0,0.0,0.0,26.93,2
Bogota,historical,1911,0.0,0.0,0.0,0.0,27.53,2
Bogota,historical,1912,0.0,0.0,0.0,0.0,26.2,2
Bogota,historical,1913,0.0,0.0,0.0,0.0,26.11,2
Bogota,historical,1914,0.0,0.0,0.0,0.0,28.48,2
Bogota,historical,1915,0.0,0.0,0.0,0.0,26.59,2
Bogota,historical,1916,0.0,0.0,0.0,0.0,26.44,2
Bogota,historical,1917,0.0,0.0,0.0,0.0,27.16,2
Bogota,historical,1918,0.0,0.0,0.0,0.0,26.62,2
Bogota,historical,1919,0.0,0.0,0.0,0.0,28.41,2
Bogota,historical,1920,0.0,0.0,0.0,0.0,26.51,2
Bogota,historical,1921,0.0,0.0,0.0,0.0,25.9,2
Bogota,historical,1922,0.0,0.0,0.0,0.0,26.56,2
Bogota,historical,1923,0.0,0.0,0.0,0.0,28.21,2
Bogota,historical,1924,0.0,0.0,0.0,0.0,26.91,2
Bogota,historical,1925,0.0,0.0,0.0,0.0,26.75,2
Bogota,historical,1926,0.0,0.0,0.0,0.0,26.41,2
Bogota,historical,1927,0.0,0.0,0.0,0.0,26.98,2
Bogota,historical,1928,0.0,0.0,0.0,0.0,28.2,2
Bogota,historical,1929,0.0,0.0,0.0,0.0,27.3,2
Bogota,historical,1930,0.0,0.0,0.0,0.0,26.62,2
Bogota,historical,1931,0.0,0.0,0.0,0.0,27.02,2
Bogota,historical,1932,0.0,0.0,0.0,0.0,27.97,2
Bogota,historical,1933,0.0,0.0,0.0,0.0,27.39,2
Bogota,historical,1934,0.0,0.0,0.0,0.0,28.35,2
Bogota,historical,1935,0.0,0.0,0.0,0.0,27.09,2
Bogota,historical,1936,0.0,0.0,0.0,0.0,26.67,2
Bogota,historical,1937,0.0,0.0,0.0,0.0,26.55,2
Bogota,historical,1938,0.0,0.0,0.0,0.0,27.75,2
Bogota,historical,1939,0.0,0.0,0.0,0.0,27.72,2
Bogota,historical,1940,0.0,0.0,0.0,0.0,27.04,2
Bogota,historical,1941,0.0,0.0,0.0,0.0,26.59,2
Bogota,historical,1942,0.0,0.0,0.0,0.0,27.09,2
Bogota,historical,1943,0.0,0.0,0.0,0.0,28.1,2
Bogota,historical,1944,0.0,0.0,0.0,0.0,28.26,2
Bogota,historical,1945,0.0,0.0,0.0,0.0,26.67,2
Bogota,historical,1946,0.0,0.0,0.0,0.0,27.21,2
Bogota,historical,1947,0.0,0.0,0.0,0.0,28.37,2
Bogota,historical,1948,0.0,0.0,0.0,0.0,27.91,2
Bogota,historical,1949,0.0,0.0,0.0,0.0,25.77,2
Bogota,historical,1950,0.0,0.0,0.0,0.0,27.58,2
Bogota,historical,1951,0.0,0.0,0.0,0.0,26.07,2
Bogota,historical,1952,0.0,0.0,0.0,0.0,27.42,2
Bogota,historical,1953,0.0,0.0,0.0,0.0,27.39,2
Bogota,historical,1954,0.0,0.0,0.0,0.0,26.94,2
Bogota,historical,1955,0.0,0.0,0.0,0.0,26.92,2
Bogota,historical,1956,0.0,0.0,0.0,0.0,26.61,2
Bogota,historical,1957,0.0,0.0,0.0,0.0,27.5,2
Bogota,historical,1958,0.0,0.0,0.0,0.0,28.5,2
Bogota,historical,1959,0.0,0.0,0.0,0.0,27.12,2
Bogota,historical,1960,0.0,0.0,0.0,0.0,27.0,2
Bogota,historical,1961,0.0,0.0,0.0,0.0,27.17,2
Bogota,historical,1962,0.0,0.0,0.0,0.0,27.42,2
Bogota,historical,1963,0.0,0.0,0.0,0.0,26.78,2
Bogota,historical,1964,0.0,0.0,0.0,0.0,25.36,2
Bogota,historical,1965,0.0,0.0,0.0,0.0,26.56,2
Bogota,historical,1966,0.0,0.0,0.0,0.0,26.99,2
Bogota,historical,1967,0.0,0.0,0.0,0.0,27.09,2
Bogota,historical,1968,0.0,0.0,0.0,0.0,26.48,2
Bogota,historical,1969,0.0,0.0,0.0,0.0,26.35,2
Bogota,historical,1970,0.0,0.0,0.0,0.0,26.65,2
Bogota,historical,1971,0.0,0.0,0.0,0.0,26.36,2
Bogota,historical,1972,0.0,0.0,0.0,0.0,28.17,2
Bogota,historical,1973,0.0,0.0,0.0,0.0,27.58,2
Bogota,historical,1974,0.0,0.0,0.0,0.0,27.16,2
Bogota,historical,1975,0.0,0.0,0.0,0.0,26.39,2
Bogota,historical,1976,0.0,0.0,0.0,0.0,26.19,2
Bogota,historical,1977,0.0,0.0,0.0,0.0,27.81,2
Bogota,historical,1978,0.0,0.0,0.0,0.0,27.12,2
Bogota,historical,1979,0.0,0.0,0.0,0.0,27.81,2
Bogota,historical,1980,0.0,0.0,0.0,0.0,26.75,2
Bogota,historical,1981,0.0,0.0,0.0,0.0,27.91,2
Bogota,historical,1982,0.0,0.0,0.0,0.0,27.26,2
Bogota,historical,1983,0.0,0.0,0.0,0.0,27.35,2
Bogota,historical,1984,0.0,0.0,0.0,0.0,28.24,2
Bogota,historical,1985,0.0,0.0,0.0,0.0,27.2,2
Bogota,historical,1986,0.0,0.0,0.0,0.0,27.55,2
Bogota,historical,1987,0.0,0.0,0.0,0.0,26.7,2
Bogota,historical,1988,0.0,0.0,0.0,0.0,26.84,2
Bogota,historical,1989,0.0,0.0,0.0,0.0,26.53,2
Bogota,historical,1990,0.0,0.0,0.0,0.0,27.3,2
Bogota,historical,1991,0.0,0.0,0.0,0.0,27.63,2
Bogota,historical,1992,0.0,0.0,0.0,0.0,26.89,2
Bogota,historical,1993,0.0,0.0,0.0,0.0,25.9,2
Bogota,historical,1994,0.0,0.0,0.0,0.0,27.43,2
Bogota,historical,1995,0.0,0.0,0.0,0.0,28.21,2
Bogota,historical,1996,0.0,0.0,0.0,0.0,27.52,2
Bogota,historical,1997,0.0,0.0,0.0,0.0,26.25,2
Bogota,historical,1998,0.0,0.0,0.0,0.0,27.08,2
Bogota,historical,1999,0.0,0.0,0.0,0.0,27.95,2
Bogota,historical,2000,0.0,0.0,0.0,0.0,28.04,2
Bogota,historical,2001,0.0,0.0,0.0,0.0,28.02,2
Bogota,historical,2002,0.0,0.0,0.0,0.0,27.48,2
Bogota,historical,2003,0.0,0.0,0.0,0.0,27.79,2
Bogota,historical,2004,0.0,0.0,0.0,0.0,28.45,2
Bogota,historical,2005,0.0,0.0,0.0,0.0,27.17,2
Bogota,historical,2006,0.0,0.0,0.0,0.0,27.55,2
Bogota,historical,2007,0.0,0.0,0.0,0.0,28.21,2
Bogota,historical,2008,0.0,0.0,0.0,0.0,28.23,2
Bogota,historical,2009,0.0,0.0,0.0,0.0,28.31,2
Bogota,historical,2010,0.0,0.0,0.0,0.0,28.36,2
Bogota,historical,2011,0.0,0.0,0.0,0.0,27.57,2
Bogota,historical,2012,0.0,0.0,0.0,0.0,28.37,2
Bogota,historical,2013,0.0,0.0,0.0,0.0,28.32,2
Bogota,historical,2014,0.0,0.0,0.0,0.0,26.67,2
Bogota,ssp585,2015,1.0,0.0,0.0,0.0,28.91,3
Bogota,ssp585,2016,0.33,0.0,0.0,0.0,27.78,3
Bogota,ssp585,2017,5.67,0.0,0.0,0.0,29.52,3
Bogota,ssp585,2018,0.33,0.0,0.0,0.0,29.12,3
Bogota,ssp585,2019,0.0,0.0,0.0,0.0,29.23,3
Bogota,ssp585,2020,9.33,0.0,0.0,0.0,29.04,3
Bogota,ssp585,2021,13.67,0.0,0.0,0.0,29.33,3
Bogota,ssp585,2022,2.33,0.0,0.0,0.0,28.89,3
Bogota,ssp585,2023,4.33,0.0,0.0,0.0,28.87,3
Bogota,ssp585,2024,2.33,0.0,0.0,0.0,28.69,3
Bogota,ssp585,2025,9.67,0.0,0.0,0.0,30.11,3
Bogota,ssp585,2026,5.67,0.0,0.0,0.0,29.87,3
Bogota,ssp585,2027,17.0,0.0,0.0,0.0,30.2,3
Bogota,ssp585,2028,11.67,0.0,0.0,0.0,30.61,3
Bogota,ssp585,2029,2.0,0.0,0.0,0.0,29.03,3
Bogota,ssp585,2030,1.67,0.0,0.0,0.0,29.17,3
Bogota,ssp585,2031,24.0,0.0,0.0,0.0,30.75,3
Bogota,ssp585,2032,11.33,0.0,0.0,0.0,30.33,3
Bogota,ssp585,2033,11.33,0.0,0.0,0.0,29.76,3
Bogota,ssp585,2034,20.0,0.0,0.0,0.0,29.72,3
Bogota,ssp585,2035,34.0,0.67,0.0,0.67,30.5,3
Bogota,ssp585,2036,5.33,0.0,0.0,0.0,30.06,3
Bogota,ssp585,2037,26.33,0.0,0.0,0.0,30.64,3
Bogota,ssp585,2038,30.0,0.0,0.0,0.0,29.83,3
Bogota,ssp585,2039,26.0,0.0,0.0,0.0,30.26,3
Bogota,ssp585,2040,27.67,0.0,0.0,0.0,31.36,3
Bogota,ssp585,2041,14.67,0.0,0.0,0.0,30.12,3
Bogota,ssp585,2042,36.33,0.0,0.0,0.0,30.36,3
Bogota,ssp585,2043,24.67,0.0,0.0,0.0,30.07,3
Bogota,ssp585,2044,11.33,0.0,0.0,0.0,30.52,3
Bogota,ssp585,2045,30.67,0.0,0.0,0.0,30.69,3
Bogota,ssp585,2046,37.33,6.33,0.0,2.0,31.28,3
Bogota,ssp585,2047,29.0,0.0,0.0,0.0,30.65,3
Bogota,ssp585,2048,31.67,0.0,0.0,0.0,31.22,3
Bogota,ssp585,2049,38.0,0.0,0.0,0.0,30.98,3
Bogota,ssp585,2050,25.67,0.0,0.0,0.0,30.17,3
Bogota,ssp585,2051,42.0,1.33,0.0,1.33,32.15,3
Bogota,ssp585,2052,42.33,0.0,0.0,0.0,31.29,3
Bogota,ssp585,2053,44.33,0.0,0.0,0.0,30.66,3
Bogota,ssp585,2054,64.67,0.0,0.0,0.0,30.97,3
Bogota,ssp585,2055,44.33,1.67,0.0,0.67,31.75,3
Bogota,ssp585,2056,40.33,0.0,0.0,0.0,30.83,3
Bogota,ssp585,2057,42.33,0.33,0.0,0.33,31.32,3
Bogota,ssp585,2058,47.33,0.0,0.0,0.0,31.72,3
Bogota,ssp585,2059,63.0,6.0,0.0,5.0,32.83,3
Bogota,ssp585,2060,65.0,2.33,0.0,1.67,32.08,3
Bogota,ssp585,2061,50.67,0.67,0.0,0.33,31.53,3
Bogota,ssp585,2062,74.67,0.0,0.0,0.0,31.83,3
Bogota,ssp585,2063,65.0,10.67,0.0,5.33,32.59,3
Bogota,ssp585,2064,77.0,7.67,0.0,5.33,33.15,3
Bogota,ssp585,2065,64.0,1.67,0.0,0.67,31.93,3
Bogota,ssp585,2066,55.0,7.0,0.0,3.0,32.4,3
Bogota,ssp585,2067,65.33,0.0,0.0,0.0,31.54,3
Bogota,ssp585,2068,71.67,1.67,0.0,1.0,32.24,3
Bogota,ssp585,2069,102.0,2.0,0.0,2.0,32.44,3
Bogota,ssp585,2070,88.0,15.33,0.0,8.67,33.51,3
Bogota,ssp585,2071,97.67,4.33,0.0,4.0,34.17,3
Bogota,ssp585,2072,80.67,1.0,0.0,1.0,31.92,3
Bogota,ssp585,2073,119.33,13.33,0.0,4.67,33.9,3
Bogota,ssp585,2074,96.0,10.67,0.0,2.67,33.2,3
Bogota,ssp585,2075,130.33,1.0,0.0,0.67,33.82,3
Bogota,ssp585,2076,106.0,19.33,0.0,17.0,33.35,3
Bogota,ssp585,2077,109.0,14.67,0.0,5.33,33.22,3
Bogota,ssp585,2078,105.67,6.0,0.0,3.0,32.8,3
Bogota,ssp585,2079,122.0,17.33,0.0,5.67,34.14,3
Bogota,ssp585,2080,105.67,15.33,0.0,5.0,33.48,3
Bogota,ssp585,2081,153.33,9.67,0.0,9.67,33.68,3
Bogota,ssp585,2082,142.67,18.33,0.0,11.67,34.17,3
Bogota,ssp585,2083,119.67,12.67,0.0,6.0,33.42,3
Bogota,ssp585,2084,127.67,12.33,0.0,4.0,33.94,3
Bogota,ssp585,2085,122.0,24.67,0.0,20.67,33.47,3
Bogota,ssp585,2086,147.67,23.33,0.0,16.0,34.58,3
Bogota,ssp585,2087,138.33,11.0,0.0,5.0,34.31,3
Bogota,ssp585,2088,129.67,10.0,0.0,3.67,34.16,3
Bogota,ssp585,2089,133.33,21.0,0.0,4.67,33.92,3
Bogota,ssp585,2090,132.33,21.67,0.0,4.0,33.84,3
Bogota,ssp585,2091,167.33,22.0,0.0,7.0,34.34,3
Bogota,ssp585,2092,183.33,24.33,0.0,6.0,34.8,3
Bogota,ssp585,2093,214.33,27.67,0.0,12.67,35.69,3
Bogota,ssp585,2094,132.67,13.0,0.0,6.0,34.0,3
Bogota,ssp585,2095,160.33,15.0,0.0,6.33,34.16,3
Bogota,ssp585,2096,174.33,29.0,0.0,10.33,35.58,3
Bogota,ssp585,2097,144.33,20.0,0.0,8.67,34.18,3
Bogota,ssp585,2098,185.67,26.67,0.0,3.67,34.34,3
Bogota,ssp585,2099,224.0,33.33,0.0,16.33,36.71,3
Bogota,ssp585,2100,49.5,0.0,0.0,0.0,32.42,2
Buenos Aires,historical,1850,62.0,10.0,0.0,4.0,37.75,2
Buenos Aires,historical,1851,59.0,13.0,0.0,2.5,37.23,2
Buenos Aires,historical,1852,59.5,17.0,0.5,8.0,37.5,2
Buenos Aires,historical,1853,63.0,14.5,0.0,7.5,38.66,2
Buenos Aires,historical,1854,42.0,5.0,0.5,2.5,37.81,2
Buenos Aires,historical,1855,55.5,6.0,0.0,2.0,37.24,2
Buenos Aires,historical,1856,56.0,9.0,0.0,3.5,38.24,2
Buenos Aires,historical,1857,50.5,13.0,2.0,4.0,39.27,2
Buenos Aires,historical,1858,49.0,8.0,0.0,3.0,37.66,2
Buenos Aires,historical,1859,57.0,4.5,0.0,1.5,37.26,2
Buenos Aires,historical,1860,64.5,9.0,0.0,4.5,38.96,2
Buenos Aires,historical,1861,63.0,11.0,0.0,4.0,37.63,2
Buenos Aires,historical,1862,62.5,6.0,0.0,2.5,37.77,2
Buenos Aires,historical,1863,52.0,12.0,0.0,4.5,38.66,2
Buenos Aires,historical,1864,47.0,12.0,0.0,3.5,38.55,2
Buenos Aires,historical,1865,57.0,15.5,0.0,5.5,39.36,2
Buenos Aires,historical,1866,54.5,11.0,0.0,2.5,36.93,2
Buenos Aires,historical,1867,53.5,14.5,1.0,3.5,39.35,2
Buenos Aires,historical,1868,54.5,2.5,0.0,1.0,35.99,2
Buenos Aires,historical,1869,51.0,9.0,0.5,4.0,39.78,2
Buenos Aires,historical,1870,50.5,5.5,0.0,2.0,36.78,2
Buenos Aires,historical,1871,61.5,19.5,0.0,6.0,39.06,2
Buenos Aires,historical,1872,51.5,16.0,3.0,7.5,38.06,2
Buenos Aires,historical,1873,47.5,5.0,0.0,3.0,37.24,2
Buenos Aires,historical,1874,47.5,11.0,0.0,4.5,37.54,2
Buenos Aires,historical,1875,57.5,5.5,0.0,2.0,37.05,2
Buenos Aires,historical,1876,49.5,11.5,0.0,4.5,37.93,2
Buenos Aires,historical,1877,48.5,6.5,1.0,3.0,39.01,2
Buenos Aires,historical,1878,48.5,10.5,0.0,4.5,38.41,2
Buenos Aires,historical,1879,68.0,25.0,2.0,4.5,39.0,2
Buenos Aires,historical,1880,60.0,11.0,1.0,4.0,39.59,2
Buenos Aires,historical,1881,45.5,6.5,0.0,3.0,37.79,2
Buenos Aires,historical,1882,58.0,17.0,0.5,3.5,38.7,2
Buenos Aires,historical,1883,59.0,15.0,0.0,4.0,38.09,2
Buenos Aires,historical,1884,41.0,12.5,0.0,7.5,39.29,2
Buenos Aires,historical,1885,44.5,5.0,0.0,2.0,36.95,2
Buenos Aires,historical,1886,46.0,4.5,0.0,2.5,37.58,2
Buenos Aires,historical,1887,53.0,10.5,1.5,4.0,37.6,2
Buenos Aires,historical,1888,30.0,2.5,0.0,1.5,36.44,2
Buenos Aires,historical,1889,41.5,7.5,0.0,2.5,36.51,2
Buenos Aires,historical,1890,59.0,8.5,0.0,2.0,37.26,2
Buenos Aires,historical,1891,58.5,19.5,1.5,7.5,40.17,2
Buenos Aires,historical,1892,38.5,4.5,0.0,2.5,37.64,2
Buenos Aires,historical,1893,45.5,5.5,0.0,2.5,37.4,2
Buenos Aires,historical,1894,48.5,4.0,0.0,3.0,36.49,2
Buenos Aires,historical,1895,41.0,1.5,0.0,1.0,35.82,2
Buenos Aires,historical,1896,43.5,5.0,0.0,1.5,35.24,2
Buenos Aires,historical,1897,44.0,7.0,0.0,3.0,37.06,2
Buenos Aires,historical,1898,55.0,13.0,1.0,4.5,38.54,2
Buenos Aires,historical,1899,50.0,0.5,0.0,0.5,34.71,2
Buenos Aires,historical,1900,49.0,4.5,0.0,1.5,36.74,2
Buenos Aires,historical,1901,42.0,11.5,0.0,3.5,38.17,2
Buenos Aires,historical,1902,44.5,3.5,0.0,1.5,35.66,2
Buenos Aires,historical,1903,53.0,6.5,0.0,2.0,36.83,2
Buenos Aires,historical,1904,46.0,1.0,0.0,1.0,36.16,2
Buenos Aires,historical,1905,42.5,13.0,1.0,3.0,37.18,2
Buenos Aires,historical,1906,49.0,4.0,0.0,2.5,38.02,2
Buenos Aires,historical,1907,42.0,7.0,0.0,4.5,37.85,2
Buenos Aires,historical,1908,43.5,0.5,0.0,0.5,34.55,2
Buenos Aires,historical,1909,66.0,18.5,0.0,7.0,38.61,2
Buenos Aires,historical,1910,48.0,4.5,0.5,2.5,39.04,2
Buenos Aires,historical,1911,42.5,5.5,0.0,2.5,35.95,2
Buenos Aires,historical,1912,49.0,2.0,0.0,2.0,36.89,2
Buenos Aires,historical,1913,53.5,9.0,0.0,3.0,37.73,2
Buenos Aires,historical,1914,53.5,13.0,0.5,4.0,40.01,2
Buenos Aires,historical,1915,52.0,10.0,0.0,6.0,37.92,2
Buenos Aires,historical,1916,63.5,23.0,1.5,8.5,38.74,2
Buenos Aires,historical,1917,59.0,5.5,0.0,2.5,38.55,2
Buenos Aires,historical,1918,53.0,10.0,0.0,4.5,38.24,2
Buenos Aires,historical,1919,51.0,9.5,0.0,3.0,37.45,2
Buenos Aires,historical,1920,46.5,5.0,0.0,2.5,36.53,2
Buenos Aires,historical,1921,64.5,9.0,0.0,3.0,37.54,2
Buenos Aires,historical,1922,64.5,19.5,0.5,6.0,40.32,2
Buenos Aires,historical,1923,49.5,4.0,0.0,2.0,36.86,2
Buenos Aires,historical,1924,38.5,4.5,0.0,2.0,36.16,2
Buenos Aires,historical,1925,54.5,13.0,0.5,5.5,38.86,2
Buenos Aires,historical,1926,60.0,16.5,0.0,3.5,37.76,2
Buenos Aires,historical,1927,55.0,14.0,1.0,4.5,38.82,2
Buenos Aires,historical,1928,51.5,7.5,0.0,3.0,38.68,2
Buenos Aires,historical,1929,57.0,12.0,0.0,3.5,38.07,2
Buenos Aires,historical,1930,55.0,16.5,0.5,4.5,38.86,2
Buenos Aires,historical,1931,56.0,6.5,0.0,3.0,36.17,2
Buenos Aires,historical,1932,41.0,4.5,0.0,1.5,36.87,2
Buenos Aires,historical,1933,61.5,7.0,0.0,3.0,38.91,2
Buenos Aires,historical,1934,69.5,16.5,0.0,4.0,38.28,2
Buenos Aires,historical,1935,47.0,1.5,0.0,1.5,35.48,2
Buenos Aires,historical,1936,57.5,10.5,0.0,3.5,38.57,2
Buenos Aires,historical,1937,44.0,6.0,0.0,3.0,35.7,2
Buenos Aires,historical,1938,63.0,12.0,0.0,3.0,38.14,2
Buenos Aires,historical,1939,51.0,10.5,0.0,6.0,38.5,2
Buenos Aires,historical,1940,54.0,8.0,0.5,3.0,38.14,2
Buenos Aires,historical,1941,72.5,18.0,0.5,5.5,40.04,2
Buenos Aires,historical,1942,57.5,7.0,0.5,2.0,37.66,2
Buenos Aires,historical,1943,47.0,6.0,0.0,2.0,37.02,2
Buenos Aires,historical,1944,59.5,24.5,1.0,7.5,38.35,2
Buenos Aires,historical,1945,66.0,17.0,0.0,6.0,38.11,2
Buenos Aires,historical,1946,62.0,13.0,0.0,2.0,37.91,2
Buenos Aires,historical,1947,47.5,8.0,0.0,4.5,38.08,2
Buenos Aires,historical,1948,54.5,5.0,0.0,2.5,36.96,2
Buenos Aires,historical,1949,55.5,10.0,0.0,4.0,37.8,2
Buenos Aires,historical,1950,54.5,16.0,0.0,3.5,36.17,2
Buenos Aires,historical,1951,40.0,15.5,0.0,4.5,37.49,2
Buenos Aires,historical,1952,40.5,4.0,0.0,3.0,36.13,2
Buenos Aires,historical,1953,54.0,13.0,0.0,5.5,39.27,2
Buenos Aires,historical,1954,56.5,13.0,0.5,5.0,38.28,2
Buenos Aires,historical,1955,54.0,7.5,0.0,2.5,36.62,2
Buenos Aires,historical,1956,47.0,8.0,0.0,2.5,35.78,2
Buenos Aires,historical,1957,55.5,9.0,0.0,4.0,37.28,2
Buenos Aires,historical,1958,65.0,16.5,0.0,3.5,38.41,2
Buenos Aires,historical,1959,51.5,10.5,1.0,6.5,38.94,2
Buenos Aires,historical,1960,57.0,7.0,0.0,3.0,36.98,2
Buenos Aires,historical,1961,48.5,8.5,0.0,1.5,35.85,2
Buenos Aires,historical,1962,53.0,5.5,0.0,2.5,37.46,2
Buenos Aires,historical,1963,58.0,20.0,1.0,10.0,40.62,2
Buenos Aires,historical,1964,43.0,10.0,0.0,5.5,38.27,2
Buenos Aires,historical,1965,44.5,11.0,0.0,4.5,36.62,2
Buenos Aires,historical,1966,50.0,6.0,0.0,3.0,37.36,2
Buenos Aires,historical,1967,58.0,9.5,0.0,5.5,39.22,2
Buenos Aires,historical,1968,39.0,17.0,0.0,6.0,38.75,2
Buenos Aires,historical,1969,51.5,10.0,0.0,3.5,37.13,2
Buenos Aires,historical,1970,44.0,13.5,0.5,3.5,37.51,2
Buenos Aires,historical,1971,49.0,9.0,0.0,2.5,37.3,2
Buenos Aires,historical,1972,49.5,14.5,0.0,4.5,37.75,2
Buenos Aires,historical,1973,42.0,7.5,0.0,3.5,37.05,2
Buenos Aires,historical,1974,66.5,21.0,0.5,4.0,37.99,2
Buenos Aires,historical,1975,62.0,12.0,0.0,3.0,36.3,2
Buenos Aires,historical,1976,59.5,24.5,0.5,4.5,37.41,2
Buenos Aires,historical,1977,42.5,4.5,0.0,1.5,35.76,2
Buenos Aires,historical,1978,43.0,6.0,0.0,3.5,36.18,2
Buenos Aires,historical,1979,48.5,3.0,0.0,1.0,36.0,2
Buenos Aires,historical,1980,48.5,5.0,0.0,2.5,37.57,2
Buenos Aires,historical,1981,64.0,4.5,0.0,3.0,35.88,2
Buenos Aires,historical,1982,46.5,7.0,0.0,1.5,36.72,2
Buenos Aires,historical,1983,43.5,13.0,0.5,3.5,36.53,2
Buenos Aires,historical,1984,53.5,5.0,0.0,2.0,35.98,2
Buenos Aires,historical,1985,60.0,13.0,0.0,3.0,38.06,2
Buenos Aires,historical,1986,57.5,16.5,0.0,2.5,36.44,2
Buenos Aires,historical,1987,66.0,17.0,2.5,6.0,38.9,2
Buenos Aires,historical,1988,66.5,10.5,0.0,3.0,37.53,2
Buenos Aires,historical,1989,47.0,5.0,0.0,2.0,36.51,2
Buenos Aires,historical,1990,54.0,10.0,0.5,6.0,38.07,2
Buenos Aires,historical,1991,50.0,8.0,0.0,4.0,37.5,2
Buenos Aires,historical,1992,50.5,11.5,0.0,4.0,36.96,2
Buenos Aires,historical,1993,37.5,4.5,0.0,3.0,37.18,2
Buenos Aires,historical,1994,48.5,6.0,0.0,3.0,37.47,2
Buenos Aires,historical,1995,52.5,4.0,0.0,1.5,35.94,2
Buenos Aires,historical,1996,60.5,9.0,0.0,3.5,37.43,2
Buenos Aires,historical,1997,59.0,8.0,0.0,3.0,37.08,2
Buenos Aires,historical,1998,64.5,14.0,0.0,3.0,36.49,2
Buenos Aires,historical,1999,64.0,17.0,0.5,4.0,38.22,2
Buenos Aires,historical,2000,70.0,27.0,2.0,6.5,40.37,2
Buenos Aires,historical,2001,75.5,23.0,2.5,4.0,38.77,2
Buenos Aires,historical,2002,57.5,15.5,0.5,6.0,40.1,2
Buenos Aires,historical,2003,47.0,7.5,0.0,2.5,36.46,2
Buenos Aires,historical,2004,61.0,18.0,0.0,8.0,37.7,2
Buenos Aires,historical,2005,54.5,23.5,3.0,7.0,38.22,2
Buenos Aires,historical,2006,48.5,4.0,0.0,3.0,37.2,2
Buenos Aires,historical,2007,62.0,18.0,0.0,5.5,38.48,2
Buenos Aires,historical,2008,61.0,15.5,1.0,4.0,38.69,2
Buenos Aires,historical,2009,65.5,17.0,0.5,4.0,39.64,2
Buenos Aires,historical,2010,55.5,16.5,0.0,7.5,39.13,2
Buenos Aires,historical,2011,65.5,8.5,0.0,3.5,37.35,2
Buenos Aires,historical,2012,61.0,14.0,1.0,4.5,38.99,2
Buenos Aires,historical,2013,56.0,15.5,2.0,5.5,39.16,2
Buenos Aires,historical,2014,62.0,10.0,0.0,4.0,37.29,2
Buenos Aires,ssp585,2015,65.0,18.33,1.67,5.33,39.91,3
Buenos Aires,ssp585,2016,58.0,9.67,1.33,4.33,39.88,3
Buenos Aires,ssp585,2017,55.67,10.0,0.0,2.33,36.8,3
Buenos Aires,ssp585,2018,64.67,9.0,0.0,2.0,38.0,3
Buenos Aires,ssp585,2019,60.33,12.0,1.33,5.67,38.94,3
Buenos Aires,ssp585,2020,67.33,16.0,1.33,6.33,38.48,3
Buenos Aires,ssp585,2021,70.0,17.0,0.33,5.33,38.74,3
Buenos Aires,ssp585,2022,63.0,18.0,0.0,4.33,38.43,3
Buenos Aires,ssp585,2023,55.33,6.33,0.33,3.0,37.12,3
Buenos Aires,ssp585,2024,73.33,17.67,0.67,4.67,39.63,3
Buenos Aires,ssp585,2025,66.33,18.0,0.33,7.67,38.4,3
Buenos Aires,ssp585,2026,67.33,13.67,0.67,3.67,39.58,3
Buenos Aires,ssp585,2027,72.67,15.0,1.33,6.33,41.32,3
Buenos Aires,ssp585,2028,64.33,7.67,0.33,3.33,37.41,3
Buenos Aires,ssp585,2029,69.67,14.67,0.0,6.0,37.66,3
Buenos Aires,ssp585,2030,55.67,14.0,0.67,5.33,38.25,3
Buenos Aires,ssp585,2031,73.33,19.0,1.33,6.0,39.68,3
Buenos Aires,ssp585,2032,57.67,17.0,0.33,5.0,38.86,3
Buenos Aires,ssp585,2033,63.67,25.67,2.33,8.0,40.84,3
Buenos Aires,ssp585,2034,92.33,29.67,1.0,6.33,40.38,3
Buenos Aires,ssp585,2035,69.33,29.67,4.0,9.0,41.95,3
Buenos Aires,ssp585,2036,63.33,13.33,0.67,4.67,40.4,3
Buenos Aires,ssp585,2037,52.33,9.67,0.33,4.33,38.75,3
Buenos Aires,ssp585,2038,69.0,14.67,0.33,4.0,39.87,3
Buenos Aires,ssp585,2039,59.67,16.67,0.33,4.33,37.74,3
Buenos Aires,ssp585,2040,59.33,9.0,0.0,3.33,37.83,3
Buenos Aires,ssp585,2041,63.33,17.33,0.33,5.0,38.7,3
Buenos Aires,ssp585,2042,66.33,13.67,0.67,5.0,39.79,3
Buenos Aires,ssp585,2043,73.67,8.0,0.0,3.0,36.57,3
Buenos Aires,ssp585,2044,83.67,26.33,4.67,6.67,40.48,3
Buenos Aires,ssp585,2045,74.67,24.67,4.33,9.33,41.55,3
Buenos Aires,ssp585,2046,87.67,24.33,0.67,5.67,40.27,3
Buenos Aires,ssp585,2047,79.67,24.33,0.67,4.67,39.39,3
Buenos Aires,ssp585,2048,82.0,22.33,2.0,6.0,41.49,3
Buenos Aires,ssp585,2049,65.33,18.67,1.0,6.33,39.56,3
Buenos Aires,ssp585,2050,86.33,19.33,0.67,6.33,39.02,3
Buenos Aires,ssp585,2051,74.0,26.67,3.0,6.33,41.64,3
Buenos Aires,ssp585,2052,86.0,20.67,0.33,4.33,39.59,3
Buenos Aires,ssp585,2053,78.67,21.33,0.67,5.0,39.6,3
Buenos Aires,ssp585,2054,71.0,19.33,1.67,5.33,40.25,3
Buenos Aires,ssp585,2055,85.67,30.67,3.33,6.0,39.97,3
Buenos Aires,ssp585,2056,88.67,27.0,2.33,7.33,40.36,3
Buenos Aires,ssp585,2057,93.0,32.0,3.67,7.0,40.58,3
Buenos Aires,ssp585,2058,87.33,34.0,6.0,9.33,41.72,3
Buenos Aires,ssp585,2059,86.0,20.67,0.0,4.67,38.35,3
Buenos Aires,ssp585,2060,72.0,18.0,1.67,7.33,39.16,3
Buenos Aires,ssp585,2061,79.33,23.33,1.33,5.33,39.99,3
Buenos Aires,ssp585,2062,74.33,31.67,9.0,17.33,42.68,3
Buenos Aires,ssp585,2063,86.0,35.0,5.67,8.33,41.17,3
Buenos Aires,ssp585,2064,97.0,30.0,1.67,7.67,39.5,3
Buenos Aires,ssp585,2065,95.0,38.33,6.33,5.67,41.43,3
Buenos Aires,ssp585,2066,99.0,38.67,6.0,9.67,41.75,3
Buenos Aires,ssp585,2067,89.67,37.33,5.33,9.67,42.16,3
Buenos Aires,ssp585,2068,89.67,31.0,2.67,8.0,41.47,3
Buenos Aires,ssp585,2069,83.0,28.0,3.0,7.33,40.82,3
Buenos Aires,ssp585,2070,87.33,31.67,5.0,8.67,41.98,3
Buenos Aires,ssp585,2071,108.33,36.67,5.0,7.67,41.23,3
Buenos Aires,ssp585,2072,105.0,36.67,4.67,6.33,42.21,3
Buenos Aires,ssp585,2073,104.67,28.67,1.0,7.33,40.82,3
Buenos Aires,ssp585,2074,99.0,33.67,4.33,13.0,41.64,3
Buenos Aires,ssp585,2075,92.0,34.67,2.33,7.0,40.47,3
Buenos Aires,ssp585,2076,98.0,29.67,4.67,7.0,41.59,3
Buenos Aires,ssp585,2077,105.0,43.0,7.0,9.0,42.47,3
Buenos Aires,ssp585,2078,106.0,45.67,3.67,9.67,41.83,3
Buenos Aires,ssp585,2079,100.67,36.33,7.67,8.67,43.13,3
Buenos Aires,ssp585,2080,119.67,39.67,3.0,9.67,40.95,3
Buenos Aires,ssp585,2081,109.67,44.0,2.67,10.0,40.9,3
Buenos Aires,ssp585,2082,111.0,46.0,3.33,11.0,41.16,3
Buenos Aires,ssp585,2083,110.67,43.67,6.67,10.33,42.76,3
Buenos Aires,ssp585,2084,107.67,44.0,4.0,7.67,41.75,3
Buenos Aires,ssp585,2085,119.0,52.67,14.33,13.0,42.67,3
Buenos Aires,ssp585,2086,97.67,42.0,9.67,14.0,41.33,3
Buenos Aires,ssp585,2087,108.67,54.0,14.0,17.33,42.3,3
Buenos Aires,ssp585,2088,100.0,39.0,1.33,8.0,40.3,3
Buenos Aires,ssp585,2089,110.33,49.67,6.33,8.0,41.16,3
Buenos Aires,ssp585,2090,111.0,47.67,11.67,12.0,42.47,3
Buenos Aires,ssp585,2091,122.0,61.33,14.0,15.33,42.96,3
Buenos Aires,ssp585,2092,116.0,59.33,12.33,16.0,42.44,3
Buenos Aires,ssp585,2093,112.67,46.67,11.0,8.67,41.84,3
Buenos Aires,ssp585,2094,113.67,51.0,7.0,12.33,41.39,3
Buenos Aires,ssp585,2095,109.0,40.33,6.33,9.67,41.98,3
Buenos Aires,ssp585,2096,124.67,51.0,8.33,11.0,42.29,3
Buenos Aires,ssp585,2097,126.67,58.67,24.67,17.67,43.94,3
Buenos Aires,ssp585,2098,128.0,60.33,14.33,18.0,43.29,3
Buenos Aires,ssp585,2099,108.67,44.33,11.67,9.0,41.1,3
Buenos Aires,ssp585,2100,100.0,39.0,2.5,9.0,41.26,2
Cairo,historical,1850,81.0,6.5,0.0,3.5,36.11,2
Cairo,historical,1851,90.0,5.5,0.0,2.0,36.67,2
Cairo,historical,1852,88.5,5.5,0.0,3.0,35.05,2
Cairo,historical,1853,85.0,2.0,0.0,1.5,36.73,2
Cairo,historical,1854,72.0,3.0,0.0,1.5,35.53,2
Cairo,historical,1855,73.5,2.0,0.0,1.5,35.11,2
Cairo,historical,1856,88.0,6.0,0.0,2.0,36.04,2
Cairo,historical,1857,63.5,0.5,0.0,0.5,34.37,2
Cairo,historical,1858,76.0,4.0,0.0,2.5,36.72,2
Cairo,historical,1859,64.0,6.5,0.0,2.5,35.67,2
Cairo,historical,1860,69.0,4.5,0.0,1.5,35.95,2
Cairo,historical,1861,73.0,7.5,0.0,3.0,35.47,2
Cairo,historical,1862,52.0,4.5,0.0,1.5,34.77,2
Cairo,historical,1863,66.0,3.5,0.0,1.5,36.04,2
Cairo,historical,1864,79.0,3.0,0.0,1.5,35.77,2
Cairo,historical,1865,78.5,10.5,1.0,2.5,36.62,2
Cairo,historical,1866,85.0,6.0,0.0,3.0,36.08,2
Cairo,historical,1867,88.5,6.0,0.0,2.5,36.75,2
Cairo,historical,1868,67.5,6.0,0.0,2.5,37.27,2
Cairo,historical,1869,73.0,3.5,0.0,1.0,35.78,2
Cairo,historical,1870,74.0,3.0,0.0,1.0,36.69,2
Cairo,historical,1871,78.5,6.0,0.0,2.5,37.52,2
Cairo,historical,1872,87.0,2.0,0.0,0.5,35.46,2
Cairo,historical,1873,87.5,4.5,0.0,2.0,36.27,2
Cairo,historical,1874,65.0,4.5,0.0,2.0,35.22,2
Cairo,historical,1875,77.5,5.0,0.0,1.5,35.76,2
Cairo,historical,1876,86.5,6.0,0.0,3.0,36.63,2
Cairo,historical,1877,89.0,1.0,0.0,1.0,34.8,2
Cairo,historical,1878,92.0,5.0,0.0,1.5,37.28,2
Cairo,historical,1879,97.5,8.0,0.0,2.5,36.5,2
Cairo,historical,1880,72.0,0.5,0.0,0.5,36.03,2
Cairo,historical,1881,79.5,2.5,0.0,1.5,36.25,2
Cairo,historical,1882,86.5,5.5,0.0,2.5,35.95,2
Cairo,historical,1883,66.5,5.5,0.0,2.0,34.8,2
Cairo,historical,1884,77.5,1.5,0.0,1.0,35.77,2
Cairo,historical,1885,77.0,5.5,0.0,4.0,36.98,2
Cairo,historical,1886,75.0,5.0,0.0,4.0,36.79,2
Cairo,historical,1887,75.0,1.0,0.0,1.0,35.01,2
Cairo,historical,1888,72.5,5.5,0.0,3.0,34.86,2
Cairo,historical,1889,70.0,1.5,0.0,1.5,35.23,2
Cairo,historical,1890,85.5,2.0,0.0,1.0,35.78,2
Cairo,historical,1891,72.5,6.5,0.0,2.0,36.05,2
Cairo,historical,1892,82.0,2.0,0.0,1.0,35.22,2
Cairo,historical,1893,84.0,5.0,0.0,3.0,36.92,2
Cairo,historical,1894,92.5,5.0,0.0,2.5,36.58,2
Cairo,historical,1895,77.0,5.0,0.0,2.0,36.61,2
Cairo,historical,1896,70.0,3.5,0.0,2.0,36.46,2
Cairo,historical,1897,87.0,5.0,0.0,1.5,36.06,2
Cairo,historical,1898,97.0,1.5,0.0,0.5,35.8,2
Cairo,historical,1899,82.5,5.5,0.0,2.5,36.42,2
Cairo,historical,1900,76.0,7.5,0.0,2.5,35.17,2
Cairo,historical,1901,65.0,2.0,0.0,1.0,35.34,2
Cairo,historical,1902,81.5,4.5,0.0,1.5,36.41,2
Cairo,historical,1903,60.0,4.5,0.0,2.5,36.85,2
Cairo,historical,1904,81.5,5.0,0.0,1.5,36.21,2
Cairo,historical,1905,77.5,3.5,0.0,2.0,36.25,2
Cairo,historical,1906,93.5,12.5,0.0,2.0,35.34,2
Cairo,historical,1907,56.0,6.0,0.0,2.0,37.53,2
Cairo,historical,1908,81.0,2.0,0.0,0.5,36.56,2
Cairo,historical,1909,88.0,5.5,0.0,2.0,36.33,2
Cairo,historical,1910,81.0,6.0,0.5,1.0,37.91,2
Cairo,historical,1911,80.5,5.0,0.0,2.5,35.79,2
Cairo,historical,1912,74.5,1.0,0.0,0.5,35.32,2
Cairo,historical,1913,71.5,7.0,0.0,4.0,36.94,2
Cairo,historical,1914,94.5,4.0,0.0,1.0,36.38,2
Cairo,historical,1915,74.0,4.0,0.5,1.5,37.6,2
Cairo,historical,1916,49.5,8.0,0.0,7.5,35.59,2
Cairo,historical,1917,86.5,8.0,0.5,4.5,39.33,2
Cairo,historical,1918,75.0,6.0,0.0,2.0,35.48,2
Cairo,historical,1919,68.0,3.5,0.0,1.0,35.53,2
Cairo,historical,1920,77.0,2.0,0.0,1.0,35.62,2
Cairo,historical,1921,78.5,3.0,0.0,1.5,36.63,2
Cairo,historical,1922,75.5,4.5,0.0,1.0,35.1,2
Cairo,historical,1923,75.0,9.5,0.0,5.0,36.14,2
Cairo,historical,1924,78.5,6.0,0.0,3.0,35.75,2
Cairo,historical,1925,76.0,3.0,0.0,1.5,34.89,2
Cairo,historical,1926,82.0,3.0,0.0,1.5,36.86,2
Cairo,historical,1927,72.0,2.0,0.0,0.5,35.82,2
Cairo,historical,1928,100.0,8.0,0.0,3.0,37.73,2
Cairo,historical,1929,81.5,5.0,0.0,1.5,36.06,2
Cairo,historical,1930,76.0,4.0,0.0,2.0,35.76,2
Cairo,historical,1931,79.0,4.0,0.0,1.0,35.76,2
Cairo,historical,1932,84.0,6.0,0.0,2.0,36.34,2
Cairo,historical,1933,88.5,7.0,0.0,4.5,37.26,2
Cairo,historical,1934,75.5,3.0,0.0,1.0,35.02,2
Cairo,historical,1935,90.0,4.5,0.0,2.5,36.55,2
Cairo,historical,1936,94.5,8.0,0.0,2.0,36.03,2
Cairo,historical,1937,83.0,8.0,0.0,4.5,36.86,2
Cairo,historical,1938,107.0,0.0,0.0,0.0,34.61,2
Cairo,historical,1939,76.0,3.5,0.0,1.5,35.02,2
Cairo,historical,1940,89.5,7.0,0.0,2.5,36.43,2
Cairo,historical,1941,85.0,1.5,0.0,1.0,36.81,2
Cairo,historical,1942,98.5,3.5,0.0,2.0,35.8,2
Cairo,historical,1943,86.0,10.5,0.0,2.0,36.59,2
Cairo,historical,1944,73.5,9.5,0.0,2.0,35.49,2
Cairo,historical,1945,85.5,10.5,0.0,3.0,36.41,2
Cairo,historical,1946,73.0,2.5,0.0,1.0,35.11,2
Cairo,historical,1947,106.0,13.5,0.5,4.0,38.14,2
Cairo,historical,1948,87.0,3.5,0.0,2.5,35.91,2
Cairo,historical,1949,82.0,5.5,0.0,4.0,37.57,2
Cairo,historical,1950,73.5,3.5,0.0,1.5,36.51,2
Cairo,historical,1951,75.0,9.0,0.0,2.5,36.31,2
Cairo,historical,1952,80.0,4.5,0.0,2.0,36.18,2
Cairo,historical,1953,77.0,12.0,0.0,4.0,36.01,2
Cairo,historical,1954,79.0,5.0,0.0,3.0,35.73,2
Cairo,historical,1955,77.0,2.5,0.0,0.5,36.02,2
Cairo,historical,1956,85.0,3.0,0.0,1.5,36.35,2
Cairo,historical,1957,81.0,8.5,0.0,1.5,35.89,2
Cairo,historical,1958,82.5,9.0,1.5,4.0,36.74,2
Cairo,historical,1959,96.5,6.0,0.0,3.0,37.44,2
Cairo,historical,1960,95.0,6.0,0.0,1.5,35.54,2
Cairo,historical,1961,66.0,1.5,0.0,1.0,34.38,2
Cairo,historical,1962,88.0,8.0,0.0,2.5,37.34,2
Cairo,historical,1963,77.5,8.5,0.0,2.5,36.79,2
Cairo,historical,1964,70.0,5.0,0.0,3.5,36.38,2
Cairo,historical,1965,64.0,2.5,0.0,1.5,35.94,2
Cairo,historical,1966,82.0,8.0,0.0,4.0,37.3,2
Cairo,historical,1967,80.5,1.5,0.0,1.5,35.75,2
Cairo,historical,1968,82.5,1.5,0.0,1.0,35.72,2
Cairo,historical,1969,80.0,3.0,0.0,1.0,36.22,2
Cairo,historical,1970,88.5,9.0,0.0,3.5,36.52,2
Cairo,historical,1971,76.5,4.5,0.0,3.0,36.67,2
Cairo,historical,1972,82.0,9.0,0.5,4.0,36.76,2
Cairo,historical,1973,87.0,4.5,0.0,1.5,36.19,2
Cairo,historical,1974,96.5,4.5,0.0,3.0,37.04,2
Cairo,historical,1975,89.5,1.5,0.0,1.0,36.57,2
Cairo,historical,1976,79.5,6.5,0.0,3.5,36.51,2
Cairo,historical,1977,105.0,7.5,0.0,3.0,36.54,2
Cairo,historical,1978,82.0,5.0,0.0,2.0,36.42,2
Cairo,historical,1979,75.0,4.0,0.0,2.5,37.28,2
Cairo,historical,1980,90.5,22.5,0.0,10.0,38.12,2
Cairo,historical,1981,82.5,6.5,0.0,1.5,35.64,2
Cairo,historical,1982,78.5,4.5,0.0,2.0,35.3,2
Cairo,historical,1983,80.5,3.5,0.0,2.0,35.39,2
Cairo,historical,1984,86.0,3.0,0.0,1.5,36.28,2
Cairo,historical,1985,88.5,5.5,0.0,1.5,37.48,2
Cairo,historical,1986,88.5,6.5,0.5,2.0,37.52,2
Cairo,historical,1987,72.5,5.0,0.0,2.5,36.33,2
Cairo,historical,1988,104.0,7.0,0.0,4.0,36.5,2
Cairo,historical,1989,92.0,4.5,0.0,2.0,36.25,2
Cairo,historical,1990,101.0,6.5,0.0,3.5,36.03,2
Cairo,historical,1991,89.0,5.5,0.0,1.0,36.0,2
Cairo,historical,1992,80.5,6.5,0.0,2.5,36.54,2
Cairo,historical,1993,75.5,5.5,0.0,2.5,34.99,2
Cairo,historical,1994,85.5,2.5,0.0,1.0,35.74,2
Cairo,historical,1995,109.0,7.5,1.0,2.5,39.6,2
Cairo,historical,1996,81.5,10.0,0.0,1.5,35.65,2
Cairo,historical,1997,89.5,8.5,0.0,4.5,36.76,2
Cairo,historical,1998,86.5,7.0,0.0,2.5,36.54,2
Cairo,historical,1999,100.5,6.5,0.0,4.0,36.26,2
Cairo,historical,2000,110.5,8.0,0.0,3.0,36.76,2
Cairo,historical,2001,97.0,10.5,0.0,2.5,36.43,2
Cairo,historical,2002,79.5,10.0,0.0,3.5,38.33,2
Cairo,historical,2003,112.0,14.0,0.0,4.0,38.32,2
Cairo,historical,2004,94.5,6.0,0.0,4.0,37.48,2
Cairo,historical,2005,104.0,3.5,0.0,1.0,36.73,2
Cairo,historical,2006,85.0,9.0,0.0,3.0,37.1,2
Cairo,historical,2007,99.0,10.0,0.0,3.0,37.29,2
Cairo,historical,2008,86.5,9.0,0.0,3.0,36.55,2
Cairo,historical,2009,93.5,8.5,0.0,4.0,37.54,2
Cairo,historical,2010,101.0,10.5,0.0,3.0,36.79,2
Cairo,historical,2011,100.0,18.0,1.0,10.0,37.84,2
Cairo,historical,2012,115.0,13.5,0.0,4.5,37.94,2
Cairo,historical,2013,101.5,14.0,0.0,3.5,37.69,2
Cairo,historical,2014,116.0,24.0,0.0,7.5,36.92,2
Cairo,ssp585,2015,106.0,17.0,0.0,4.67,38.45,3
Cairo,ssp585,2016,89.33,12.33,0.33,3.33,38.03,3
Cairo,ssp585,2017,108.33,22.67,0.0,6.0,37.54,3
Cairo,ssp585,2018,102.0,14.33,0.33,6.33,37.71,3
Cairo,ssp585,2019,117.67,18.67,0.0,7.33,37.34,3
Cairo,ssp585,2020,130.33,26.0,0.33,6.0,38.9,3
Cairo,ssp585,2021,122.67,19.0,0.67,6.33,39.47,3
Cairo,ssp585,2022,116.0,25.67,0.0,11.0,38.97,3
Cairo,ssp585,2023,119.0,15.33,0.0,4.33,36.41,3
Cairo,ssp585,2024,112.0,18.0,0.33,4.67,37.79,3
Cairo,ssp585,2025,114.0,18.33,0.33,5.33,38.0,3
Cairo,ssp585,2026,117.0,14.33,1.33,9.33,39.65,3
Cairo,ssp585,2027,124.0,17.33,0.0,8.33,37.47,3
Cairo,ssp585,2028,131.67,25.0,0.0,8.67,38.44,3
Cairo,ssp585,2029,125.0,22.0,0.0,4.33,37.99,3
Cairo,ssp585,2030,118.33,23.33,0.0,5.67,38.16,3
Cairo,ssp585,2031,119.67,21.33,0.33,7.67,39.13,3
Cairo,ssp585,2032,124.0,28.33,0.0,9.33,38.26,3
Cairo,ssp585,2033,132.0,32.67,1.0,8.0,39.24,3
Cairo,ssp585,2034,130.33,33.33,0.0,8.0,38.63,3
Cairo,ssp585,2035,128.33,29.33,0.0,7.0,38.29,3
Cairo,ssp585,2036,132.0,27.67,0.0,7.67,37.35,3
Cairo,ssp585,2037,139.67,32.0,1.0,9.0,39.48,3
Cairo,ssp585,2038,132.0,37.0,0.33,16.0,39.2,3
Cairo,ssp585,2039,131.0,29.0,0.0,10.0,37.6,3
Cairo,ssp585,2040,131.0,35.33,1.67,7.67,39.95,3
Cairo,ssp585,2041,144.33,31.0,0.0,13.0,39.24,3
Cairo,ssp585,2042,130.33,34.33,1.67,19.67,39.3,3
Cairo,ssp585,2043,126.0,28.33,1.33,13.33,39.23,3
Cairo,ssp585,2044,125.0,33.67,0.0,14.33,37.85,3
Cairo,ssp585,2045,137.33,42.0,1.67,20.67,39.68,3
Cairo,ssp585,2046,137.0,48.33,0.0,20.33,39.34,3
Cairo,ssp585,2047,129.67,33.67,0.67,18.0,38.59,3
Cairo,ssp585,2048,136.67,42.67,1.0,25.0,39.74,3
Cairo,ssp585,2049,147.0,41.0,1.0,11.67,40.32,3
Cairo,ssp585,2050,140.0,37.67,0.67,12.0,37.95,3
Cairo,ssp585,2051,149.67,47.33,1.0,19.0,39.91,3
Cairo,ssp585,2052,142.33,57.33,0.33,22.0,40.28,3
Cairo,ssp585,2053,138.67,58.33,0.67,33.33,40.09,3
Cairo,ssp585,2054,149.33,62.67,1.33,29.0,39.11,3
Cairo,ssp585,2055,134.67,46.0,2.33,30.33,40.01,3
Cairo,ssp585,2056,140.0,54.67,0.0,17.33,38.89,3
Cairo,ssp585,2057,144.33,39.0,0.0,16.67,38.56,3
Cairo,ssp585,2058,157.33,63.33,3.0,22.67,40.99,3
Cairo,ssp585,2059,137.67,49.67,0.67,16.0,40.24,3
Cairo,ssp585,2060,151.33,50.33,0.67,26.67,39.01,3
Cairo,ssp585,2061,136.33,59.0,3.0,24.0,39.52,3
Cairo,ssp585,2062,142.0,68.33,3.33,45.0,39.87,3
Cairo,ssp585,2063,137.0,61.67,3.0,42.0,40.4,3
Cairo,ssp585,2064,158.0,68.0,0.67,30.33,39.84,3
Cairo,ssp585,2065,152.33,56.67,1.0,36.67,39.52,3
Cairo,ssp585,2066,150.33,60.67,2.67,34.67,41.15,3
Cairo,ssp585,2067,145.67,59.0,5.33,34.0,40.15,3
Cairo,ssp585,2068,145.33,64.0,4.0,38.0,41.07,3
Cairo,ssp585,2069,158.67,69.33,3.0,43.33,40.45,3
Cairo,ssp585,2070,156.33,69.33,7.0,39.33,41.09,3
Cairo,ssp585,2071,161.0,73.0,3.67,35.33,40.01,3
Cairo,ssp585,2072,161.0,71.67,6.0,34.67,40.63,3
Cairo,ssp585,2073,160.67,73.0,2.0,40.33,40.61,3
Cairo,ssp585,2074,147.67,72.33,6.0,40.67,40.34,3
Cairo,ssp585,2075,162.0,78.67,9.0,47.0,40.93,3
Cairo,ssp585,2076,158.33,71.0,2.67,39.67,40.6,3
Cairo,ssp585,2077,162.67,80.67,14.33,39.0,40.96,3
Cairo,ssp585,2078,158.33,70.67,6.67,41.67,40.34,3
Cairo,ssp585,2079,165.67,72.67,9.33,40.0,41.55,3
Cairo,ssp585,2080,153.67,82.33,10.33,56.67,40.96,3
Cairo,ssp585,2081,173.33,81.33,6.33,58.0,41.01,3
Cairo,ssp585,2082,167.33,80.67,17.67,46.0,42.3,3
Cairo,ssp585,2083,177.0,98.0,10.67,60.67,41.83,3
Cairo,ssp585,2084,161.0,85.33,9.67,46.0,40.95,3
Cairo,ssp585,2085,169.0,90.67,11.67,65.0,42.77,3
Cairo,ssp585,2086,170.33,94.33,22.67,64.0,42.06,3
Cairo,ssp585,2087,166.33,90.67,11.33,49.33,41.93,3
Cairo,ssp585,2088,174.0,90.33,22.33,51.0,41.8,3
Cairo,ssp585,2089,173.33,93.67,20.0,67.0,41.69,3
Cairo,ssp585,2090,163.0,91.0,23.0,69.0,43.2,3
Cairo,ssp585,2091,159.67,90.67,18.33,65.0,42.58,3
Cairo,ssp585,2092,181.33,105.0,24.67,74.67,41.75,3
Cairo,ssp585,2093,167.33,97.67,20.0,74.33,41.38,3
Cairo,ssp585,2094,166.0,99.33,20.67,60.0,42.86,3
Cairo,ssp585,2095,180.33,104.67,25.0,77.33,43.04,3
Cairo,ssp585,2096,182.67,97.0,26.33,69.67,42.76,3
Cairo,ssp585,2097,171.33,103.0,29.0,70.33,43.01,3
Cairo,ssp585,2098,177.67,105.67,25.33,69.0,41.87,3
Cairo,ssp585,2099,189.67,101.0,24.67,68.33,41.87,3
Cairo,ssp585,2100,156.0,86.0,6.0,56.5,41.42,2
Cape Town,historical,1850,0.0,0.0,0.0,0.0,29.22,2
Cape Town,historical,1851,0.5,0.0,0.0,0.0,29.59,2
Cape Town,historical,1852,0.5,0.0,0.0,0.0,29.67,2
Cape Town,historical,1853,0.0,0.0,0.0,0.0,29.44,2
Cape Town,historical,1854,0.0,0.0,0.0,0.0,29.21,2
Cape Town,historical,1855,1.0,0.0,0.0,0.0,29.74,2
Cape Town,historical,1856,1.5,0.0,0.0,0.0,30.99,2
Cape Town,historical,1857,1.0,0.0,0.0,0.0,30.49,2
Cape Town,historical,1858,0.0,0.0,0.0,0.0,29.12,2
Cape Town,historical,1859,0.0,0.0,0.0,0.0,29.09,2
Cape Town,historical,1860,0.0,0.0,0.0,0.0,29.27,2
Cape Town,historical,1861,0.5,0.0,0.0,0.0,29.29,2
Cape Town,historical,1862,0.5,0.0,0.0,0.0,28.9,2
Cape Town,historical,1863,0.0,0.0,0.0,0.0,28.62,2
Cape Town,historical,1864,0.5,0.0,0.0,0.0,29.55,2
Cape Town,historical,1865,1.5,0.0,0.0,0.0,30.53,2
Cape Town,historical,1866,1.5,0.0,0.0,0.0,29.27,2
Cape Town,historical,1867,2.0,0.0,0.0,0.0,30.12,2
Cape Town,historical,1868,1.0,0.0,0.0,0.0,30.02,2
Cape Town,historical,1869,1.5,0.0,0.0,0.0,30.13,2
Cape Town,historical,1870,0.0,0.0,0.0,0.0,29.5,2
Cape Town,historical,1871,1.5,0.0,0.0,0.0,31.67,2
Cape Town,historical,1872,0.5,0.0,0.0,0.0,29.21,2
Cape Town,historical,1873,0.5,0.0,0.0,0.0,29.26,2
Cape Town,historical,1874,0.5,0.0,0.0,0.0,30.0,2
Cape Town,historical,1875,0.0,0.0,0.0,0.0,29.12,2
Cape Town,historical,1876,0.5,0.0,0.0,0.0,28.96,2
Cape Town,historical,1877,1.0,0.0,0.0,0.0,29.58,2
Cape Town,historical,1878,0.5,0.0,0.0,0.0,30.21,2
Cape Town,historical,1879,0.0,0.0,0.0,0.0,28.57,2
Cape Town,historical,1880,2.0,0.0,0.0,0.0,31.05,2
Cape Town,historical,1881,0.5,0.0,0.0,0.0,29.69,2
Cape Town,historical,1882,1.5,0.0,0.0,0.0,30.65,2
Cape Town,historical,1883,0.0,0.0,0.0,0.0,29.19,2
Cape Town,historical,1884,0.5,0.0,0.0,0.0,29.51,2
Cape Town,historical,1885,0.5,0.0,0.0,0.0,29.34,2
Cape Town,historical,1886,2.0,0.0,0.0,0.0,29.94,2
Cape Town,historical,1887,0.0,0.0,0.0,0.0,28.6,2
Cape Town,historical,1888,1.0,0.0,0.0,0.0,29.77,2
Cape Town,historical,1889,0.5,0.0,0.0,0.0,30.12,2
Cape Town,historical,1890,0.5,0.0,0.0,0.0,29.27,2
Cape Town,historical,1891,2.0,0.0,0.0,0.0,30.06,2
Cape Town,historical,1892,0.0,0.0,0.0,0.0,29.47,2
Cape Town,historical,1893,0.5,0.0,0.0,0.0,30.32,2
Cape Town,historical,1894,1.0,0.0,0.0,0.0,29.27,2
Cape Town,historical,1895,1.0,0.0,0.0,0.0,29.19,2
Cape Town,historical,1896,3.0,0.0,0.0,0.0,30.33,2
Cape Town,historical,1897,0.0,0.0,0.0,0.0,29.04,2
Cape Town,historical,1898,1.0,0.0,0.0,0.0,30.25,2
Cape Town,historical,1899,1.0,0.0,0.0,0.0,29.89,2
Cape Town,historical,1900,0.5,0.0,0.0,0.0,29.36,2
Cape Town,historical,1901,2.0,0.0,0.0,0.0,31.0,2
Cape Town,historical,1902,0.5,0.0,0.0,0.0,30.0,2
Cape Town,historical,1903,0.0,0.0,0.0,0.0,29.76,2
Cape Town,historical,1904,1.0,0.0,0.0,0.0,30.15,2
Cape Town,historical,1905,0.5,0.0,0.0,0.0,29.54,2
Cape Town,historical,1906,0.5,0.0,0.0,0.0,29.86,2
Cape Town,historical,1907,0.0,0.0,0.0,0.0,29.3,2
Cape Town,historical,1908,0.0,0.0,0.0,0.0,29.23,2
Cape Town,historical,1909,1.0,0.0,0.0,0.0,29.79,2
Cape Town,historical,1910,1.5,0.0,0.0,0.0,30.82,2
Cape Town,historical,1911,1.0,0.0,0.0,0.0,30.51,2
Cape Town,historical,1912,0.0,0.0,0.0,0.0,29.57,2
Cape Town,historical,1913,0.0,0.0,0.0,0.0,29.58,2
Cape Town,historical,1914,1.0,0.0,0.0,0.0,30.01,2
Cape Town,historical,1915,1.0,0.0,0.0,0.0,30.58,2
Cape Town,historical,1916,1.0,0.0,0.0,0.0,29.98,2
Cape Town,historical,1917,0.5,0.0,0.0,0.0,29.93,2
Cape Town,historical,1918,1.0,0.0,0.0,0.0,30.51,2
Cape Town,historical,1919,2.5,0.0,0.0,0.0,30.9,2
Cape Town,historical,1920,1.0,0.0,0.0,0.0,30.11,2
Cape Town,historical,1921,0.0,0.0,0.0,0.0,29.25,2
Cape Town,historical,1922,0.5,0.0,0.0,0.0,29.68,2
Cape Town,historical,1923,0.0,0.0,0.0,0.0,29.2,2
Cape Town,historical,1924,0.0,0.0,0.0,0.0,28.97,2
Cape Town,historical,1925,0.5,0.0,0.0,0.0,30.12,2
Cape Town,historical,1926,0.0,0.0,0.0,0.0,29.52,2
Cape Town,historical,1927,0.5,0.0,0.0,0.0,29.18,2
Cape Town,historical,1928,1.0,0.0,0.0,0.0,30.42,2
Cape Town,historical,1929,1.0,0.0,0.0,0.0,29.53,2
Cape Town,historical,1930,1.0,0.0,0.0,0.0,30.03,2
Cape Town,historical,1931,0.0,0.0,0.0,0.0,28.36,2
Cape Town,historical,1932,0.0,0.0,0.0,0.0,28.96,2
Cape Town,historical,1933,1.0,0.0,0.0,0.0,29.66,2
Cape Town,historical,1934,2.0,0.0,0.0,0.0,29.93,2
Cape Town,historical,1935,1.5,0.0,0.0,0.0,30.41,2
Cape Town,historical,1936,1.0,0.0,0.0,0.0,30.34,2
Cape Town,historical,1937,3.0,0.0,0.0,0.0,30.8,2
Cape Town,historical,1938,2.5,0.0,0.0,0.0,30.75,2
Cape Town,historical,1939,1.0,0.0,0.0,0.0,29.86,2
Cape Town,historical,1940,1.5,0.0,0.0,0.0,29.84,2
Cape Town,historical,1941,0.0,0.0,0.0,0.0,28.42,2
Cape Town,historical,1942,2.0,0.0,0.0,0.0,30.34,2
Cape Town,historical,1943,0.0,0.0,0.0,0.0,29.17,2
Cape Town,historical,1944,2.5,0.0,0.0,0.0,30.97,2
Cape Town,historical,1945,0.0,0.0,0.0,0.0,29.45,2
Cape Town,historical,1946,0.5,0.0,0.0,0.0,29.88,2
Cape Town,historical,1947,0.5,0.0,0.0,0.0,30.23,2
Cape Town,historical,1948,1.0,0.0,0.0,0.0,29.32,2
Cape Town,historical,1949,1.0,0.0,0.0,0.0,30.23,2
Cape Town,historical,1950,2.5,0.0,0.0,0.0,30.48,2
Cape Town,historical,1951,4.0,0.0,0.0,0.0,32.27,2
Cape Town,historical,1952,2.0,0.0,0.0,0.0,30.64,2
Cape Town,historical,1953,0.0,0.0,0.0,0.0,29.58,2
Cape Town,historical,1954,2.0,0.0,0.0,0.0,30.62,2
Cape Town,historical,1955,0.5,0.0,0.0,0.0,29.5,2
Cape Town,historical,1956,0.0,0.0,0.0,0.0,29.64,2
Cape Town,historical,1957,1.5,0.0,0.0,0.0,29.86,2
Cape Town,historical,1958,1.5,0.0,0.0,0.0,30.36,2
Cape Town,historical,1959,2.5,0.0,0.0,0.0,30.36,2
Cape Town,historical,1960,2.0,0.0,0.0,0.0,30.85,2
Cape Town,historical,1961,0.0,0.0,0.0,0.0,29.5,2
Cape Town,historical,1962,0.5,0.0,0.0,0.0,29.48,2
Cape Town,historical,1963,1.0,0.0,0.0,0.0,30.78,2
Cape Town,historical,1964,0.0,0.0,0.0,0.0,28.95,2
Cape Town,historical,1965,1.5,0.0,0.0,0.0,29.78,2
Cape Town,historical,1966,1.5,0.0,0.0,0.0,29.91,2
Cape Town,historical,1967,0.5,0.0,0.0,0.0,29.84,2
Cape Town,historical,1968,0.0,0.0,0.0,0.0,29.24,2
Cape Town,historical,1969,0.5,0.0,0.0,0.0,29.61,2
Cape Town,historical,1970,1.5,0.0,0.0,0.0,30.25,2
Cape Town,historical,1971,0.0,0.0,0.0,0.0,29.84,2
Cape Town,historical,1972,0.0,0.0,0.0,0.0,28.62,2
Cape Town,historical,1973,0.0,0.0,0.0,0.0,29.54,2
Cape Town,historical,1974,1.0,0.0,0.0,0.0,30.05,2
Cape Town,historical,1975,0.5,0.0,0.0,0.0,29.51,2
Cape Town,historical,1976,0.5,0.0,0.0,0.0,30.17,2
Cape Town,historical,1977,2.0,0.0,0.0,0.0,30.61,2
Cape Town,historical,1978,1.0,0.0,0.0,0.0,30.82,2
Cape Town,historical,1979,1.0,0.0,0.0,0.0,29.9,2
Cape Town,historical,1980,2.5,0.0,0.0,0.0,30.83,2
Cape Town,historical,1981,1.5,0.0,0.0,0.0,30.65,2
Cape Town,historical,1982,2.5,0.0,0.0,0.0,31.09,2
Cape Town,historical,1983,0.5,0.0,0.0,0.0,29.9,2
Cape Town,historical,1984,1.5,0.0,0.0,0.0,30.08,2
Cape Town,historical,1985,2.0,0.0,0.0,0.0,29.93,2
Cape Town,historical,1986,1.5,0.0,0.0,0.0,30.22,2
Cape Town,historical,1987,1.5,0.0,0.0,0.0,30.45,2
Cape Town,historical,1988,0.0,0.0,0.0,0.0,28.86,2
Cape Town,historical,1989,2.5,0.0,0.0,0.0,31.31,2
Cape Town,historical,1990,0.5,0.0,0.0,0.0,30.2,2
Cape Town,historical,1991,1.5,0.0,0.0,0.0,30.23,2
Cape Town,historical,1992,1.0,0.0,0.0,0.0,30.42,2
Cape Town,historical,1993,0.5,0.0,0.0,0.0,29.47,2
Cape Town,historical,1994,0.0,0.0,0.0,0.0,29.22,2
Cape Town,historical,1995,2.0,0.0,0.0,0.0,29.76,2
Cape Town,historical,1996,1.0,0.0,0.0,0.0,30.76,2
Cape Town,historical,1997,0.5,0.0,0.0,0.0,30.85,2
Cape Town,historical,1998,0.5,0.0,0.0,0.0,30.06,2
Cape Town,historical,1999,2.0,0.0,0.0,0.0,30.2,2
Cape Town,historical,2000,0.5,0.0,0.0,0.0,29.8,2
Cape Town,historical,2001,2.5,0.0,0.0,0.0,31.52,2
Cape Town,historical,2002,1.5,0.0,0.0,0.0,30.7,2
Cape Town,historical,2003,1.0,0.0,0.0,0.0,30.55,2
Cape Town,historical,2004,2.0,0.0,0.0,0.0,31.36,2
Cape Town,historical,2005,3.5,0.0,0.0,0.0,30.32,2
Cape Town,historical,2006,2.5,0.0,0.0,0.0,31.45,2
Cape Town,historical,2007,1.5,0.0,0.0,0.0,30.42,2
Cape Town,historical,2008,1.0,0.0,0.0,0.0,31.08,2
Cape Town,historical,2009,1.5,0.0,0.0,0.0,30.01,2
Cape Town,historical,2010,2.5,0.0,0.0,0.0,31.01,2
Cape Town,historical,2011,2.0,0.0,0.0,0.0,30.3,2
Cape Town,historical,2012,1.5,0.0,0.0,0.0,30.38,2
Cape Town,historical,2013,1.5,0.0,0.0,0.0,29.58,2
Cape Town,historical,2014,1.5,0.0,0.0,0.0,30.49,2
Cape Town,ssp585,2015,0.67,0.0,0.0,0.0,28.41,3
Cape Town,ssp585,2016,2.33,0.0,0.0,0.0,29.11,3
Cape Town,ssp585,2017,1.0,0.0,0.0,0.0,28.7,3
Cape Town,ssp585,2018,1.67,0.0,0.0,0.0,28.97,3
Cape Town,ssp585,2019,1.0,0.0,0.0,0.0,28.82,3
Cape Town,ssp585,2020,0.67,0.0,0.0,0.0,28.47,3
Cape Town,ssp585,2021,2.0,0.0,0.0,0.0,28.87,3
Cape Town,ssp585,2022,1.0,0.0,0.0,0.0,29.92,3
Cape Town,ssp585,2023,1.0,0.0,0.0,0.0,29.43,3
Cape Town,ssp585,2024,3.0,0.0,0.0,0.0,29.41,3
Cape Town,ssp585,2025,3.33,0.0,0.0,0.0,29.31,3
Cape Town,ssp585,2026,2.0,0.0,0.0,0.0,28.56,3
Cape Town,ssp585,2027,1.0,0.0,0.0,0.0,28.39,3
Cape Town,ssp585,2028,5.33,0.0,0.0,0.0,29.88,3
Cape Town,ssp585,2029,1.0,0.0,0.0,0.0,28.86,3
Cape Town,ssp585,2030,3.67,0.0,0.0,0.0,29.34,3
Cape Town,ssp585,2031,4.33,0.0,0.0,0.0,30.09,3
Cape Town,ssp585,2032,1.67,0.0,0.0,0.0,29.53,3
Cape Town,ssp585,2033,2.67,0.0,0.0,0.0,29.31,3
Cape Town,ssp585,2034,3.33,0.0,0.0,0.0,30.18,3
Cape Town,ssp585,2035,0.67,0.0,0.0,0.0,29.05,3
Cape Town,ssp585,2036,1.67,0.0,0.0,0.0,29.41,3
Cape Town,ssp585,2037,1.33,0.0,0.0,0.0,28.7,3
Cape Town,ssp585,2038,2.33,0.0,0.0,0.0,29.74,3
Cape Town,ssp585,2039,1.67,0.0,0.0,0.0,28.72,3
Cape Town,ssp585,2040,1.0,0.0,0.0,0.0,29.23,3
Cape Town,ssp585,2041,3.67,0.0,0.0,0.0,30.03,3
Cape Town,ssp585,2042,2.33,0.0,0.0,0.0,30.18,3
Cape Town,ssp585,2043,4.33,0.0,0.0,0.0,30.16,3
Cape Town,ssp585,2044,2.33,0.0,0.0,0.0,29.05,3
Cape Town,ssp585,2045,2.67,0.0,0.0,0.0,29.84,3
Cape Town,ssp585,2046,4.0,0.0,0.0,0.0,29.84,3
Cape Town,ssp585,2047,2.0,0.0,0.0,0.0,29.84,3
Cape Town,ssp585,2048,3.33,0.0,0.0,0.0,30.25,3
Cape Town,ssp585,2049,4.33,0.0,0.0,0.0,30.33,3
Cape Town,ssp585,2050,6.33,0.0,0.0,0.0,30.14,3
Cape Town,ssp585,2051,0.67,0.0,0.0,0.0,30.04,3
Cape Town,ssp585,2052,3.0,0.0,0.0,0.0,29.25,3
Cape Town,ssp585,2053,1.67,0.0,0.0,0.0,29.78,3
Cape Town,ssp585,2054,2.33,0.0,0.0,0.0,29.43,3
Cape Town,ssp585,2055,5.0,0.0,0.0,0.0,30.44,3
Cape Town,ssp585,2056,3.0,0.0,0.0,0.0,29.6,3
Cape Town,ssp585,2057,5.0,0.0,0.0,0.0,30.13,3
Cape Town,ssp585,2058,7.0,0.0,0.0,0.0,29.65,3
Cape Town,ssp585,2059,7.33,0.0,0.0,0.0,30.35,3
Cape Town,ssp585,2060,7.33,0.0,0.0,0.0,30.94,3
Cape Town,ssp585,2061,7.0,0.0,0.0,0.0,30.7,3
Cape Town,ssp585,2062,4.0,0.0,0.0,0.0,30.24,3
Cape Town,ssp585,2063,6.33,0.0,0.0,0.0,30.61,3
Cape Town,ssp585,2064,3.67,0.0,0.0,0.0,29.59,3
Cape Town,ssp585,2065,6.67,0.0,0.0,0.0,30.33,3
Cape Town,ssp585,2066,3.0,0.0,0.0,0.0,29.66,3
Cape Town,ssp585,2067,3.67,0.0,0.0,0.0,29.97,3
Cape Town,ssp585,2068,2.33,0.0,0.0,0.0,29.66,3
Cape Town,ssp585,2069,3.33,0.0,0.0,0.0,30.64,3
Cape Town,ssp585,2070,5.33,0.0,0.0,0.0,31.22,3
Cape Town,ssp585,2071,3.0,0.0,0.0,0.0,30.05,3
Cape Town,ssp585,2072,4.33,0.0,0.0,0.0,30.43,3
Cape Town,ssp585,2073,3.0,0.0,0.0,0.0,29.93,3
Cape Town,ssp585,2074,5.33,0.0,0.0,0.0,30.3,3
Cape Town,ssp585,2075,5.33,0.0,0.0,0.0,30.42,3
Cape Town,ssp585,2076,6.0,0.0,0.0,0.0,30.85,3
Cape Town,ssp585,2077,8.33,0.0,0.0,0.0,31.16,3
Cape Town,ssp585,2078,8.0,0.0,0.0,0.0,31.01,3
Cape Town,ssp585,2079,10.0,0.0,0.0,0.0,30.98,3
Cape Town,ssp585,2080,6.33,0.0,0.0,0.0,31.49,3
Cape Town,ssp585,2081,8.0,0.0,0.0,0.0,30.88,3
Cape Town,ssp585,2082,9.33,0.0,0.0,0.0,30.93,3
Cape Town,ssp585,2083,9.33,0.0,0.0,0.0,30.41,3
Cape Town,ssp585,2084,8.0,0.0,0.0,0.0,30.83,3
Cape Town,ssp585,2085,9.0,0.0,0.0,0.0,31.54,3
Cape Town,ssp585,2086,10.0,0.0,0.0,0.0,30.67,3
Cape Town,ssp585,2087,8.33,0.0,0.0,0.0,30.41,3
Cape Town,ssp585,2088,10.0,0.0,0.0,0.0,31.09,3
Cape Town,ssp585,2089,9.0,0.0,0.0,0.0,31.7,3
Cape Town,ssp585,2090,8.67,0.0,0.0,0.0,31.33,3
Cape Town,ssp585,2091,10.33,0.0,0.0,0.0,30.85,3
Cape Town,ssp585,2092,9.67,0.0,0.0,0.0,32.09,3
Cape Town,ssp585,2093,10.67,0.0,0.0,0.0,31.67,3
Cape Town,ssp585,2094,6.67,0.0,0.0,0.0,30.86,3
Cape Town,ssp585,2095,10.67,0.0,0.0,0.0,31.18,3
Cape Town,ssp585,2096,12.0,0.0,0.0,0.0,32.01,3
Cape Town,ssp585,2097,9.33,0.33,0.0,0.33,31.51,3
Cape Town,ssp585,2098,14.0,0.0,0.0,0.0,31.81,3
Cape Town,ssp585,2099,15.33,0.0,0.0,0.0,31.78,3
Cape Town,ssp585,2100,21.0,0.0,0.0,0.0,32.52,2
Chicago,historical,1850,0.5,0.0,0.0,0.0,29.91,2
Chicago,historical,1851,2.0,0.0,0.0,0.0,30.23,2
Chicago,historical,1852,2.0,0.0,0.0,0.0,30.5,2
Chicago,historical,1853,1.0,0.0,0.0,0.0,29.76,2
Chicago,historical,1854,6.5,0.0,0.0,0.0,30.19,2
Chicago,historical,1855,1.5,0.0,0.0,0.0,30.47,2
Chicago,historical,1856,1.0,0.0,0.0,0.0,29.93,2
Chicago,historical,1857,3.5,0.0,0.0,0.0,30.83,2
Chicago,historical,1858,3.0,0.0,0.0,0.0,31.14,2
Chicago,historical,1859,6.5,0.0,0.0,0.0,31.55,2
Chicago,historical,1860,2.5,0.0,0.0,0.0,31.26,2
Chicago,historical,1861,2.0,0.0,0.0,0.0,30.41,2
Chicago,historical,1862,3.5,0.0,0.0,0.0,30.34,2
Chicago,historical,1863,1.5,0.0,0.0,0.0,29.44,2
Chicago,historical,1864,2.5,0.0,0.0,0.0,29.13,2
Chicago,historical,1865,0.0,0.0,0.0,0.0,29.16,2
Chicago,historical,1866,1.0,0.0,0.0,0.0,29.96,2
Chicago,historical,1867,6.0,0.0,0.0,0.0,31.05,2
Chicago,historical,1868,0.5,0.0,0.0,0.0,30.13,2
Chicago,historical,1869,4.0,0.0,0.0,0.0,30.25,2
Chicago,historical,1870,0.5,0.0,0.0,0.0,30.01,2
Chicago,historical,1871,0.0,0.0,0.0,0.0,28.11,2
Chicago,historical,1872,6.0,0.0,0.0,0.0,31.13,2
Chicago,historical,1873,2.5,0.0,0.0,0.0,30.92,2
Chicago,historical,1874,2.5,0.0,0.0,0.0,30.35,2
Chicago,historical,1875,1.0,0.0,0.0,0.0,30.84,2
Chicago,historical,1876,4.0,0.0,0.0,0.0,30.96,2
Chicago,historical,1877,2.5,0.0,0.0,0.0,31.0,2
Chicago,historical,1878,1.0,0.0,0.0,0.0,30.04,2
Chicago,historical,1879,6.0,0.0,0.0,0.0,31.04,2
Chicago,historical,1880,3.5,0.0,0.0,0.0,30.55,2
Chicago,historical,1881,0.0,0.0,0.0,0.0,29.11,2
Chicago,historical,1882,1.5,0.0,0.0,0.0,29.67,2
Chicago,historical,1883,0.0,0.0,0.0,0.0,29.1,2
Chicago,historical,1884,0.5,0.0,0.0,0.0,29.17,2
Chicago,historical,1885,1.5,0.0,0.0,0.0,29.99,2
Chicago,historical,1886,2.5,0.0,0.0,0.0,31.07,2
Chicago,historical,1887,1.5,0.0,0.0,0.0,30.41,2
Chicago,historical,1888,2.5,0.0,0.0,0.0,29.25,2
Chicago,historical,1889,0.0,0.0,0.0,0.0,28.49,2
Chicago,historical,1890,3.5,0.0,0.0,0.0,30.78,2
Chicago,historical,1891,0.0,0.0,0.0,0.0,28.57,2
Chicago,historical,1892,0.5,0.0,0.0,0.0,30.2,2
Chicago,historical,1893,1.0,0.0,0.0,0.0,31.15,2
Chicago,historical,1894,1.5,0.0,0.0,0.0,30.54,2
Chicago,historical,1895,1.5,0.0,0.0,0.0,30.27,2
Chicago,historical,1896,5.5,0.0,0.0,0.0,31.3,2
Chicago,historical,1897,1.5,0.0,0.0,0.0,30.53,2
Chicago,historical,1898,0.0,0.0,0.0,0.0,29.67,2
Chicago,historical,1899,1.5,0.0,0.0,0.0,29.73,2
Chicago,historical,1900,2.5,0.0,0.0,0.0,30.0,2
Chicago,historical,1901,1.5,0.0,0.0,0.0,30.14,2
Chicago,historical,1902,4.0,0.0,0.0,0.0,30.88,2
Chicago,historical,1903,0.0,0.0,0.0,0.0,29.32,2
Chicago,historical,1904,1.0,0.0,0.0,0.0,29.66,2
Chicago,historical,1905,4.5,0.0,0.0,0.0,31.55,2
Chicago,historical,1906,3.5,0.0,0.0,0.0,31.63,2
Chicago,historical,1907,0.5,0.0,0.0,0.0,29.94,2
Chicago,historical,1908,1.5,0.0,0.0,0.0,31.01,2
Chicago,historical,1909,5.0,0.0,0.0,0.0,31.57,2
Chicago,historical,1910,1.0,0.0,0.0,0.0,29.77,2
Chicago,historical,1911,0.5,0.0,0.0,0.0,29.88,2
Chicago,historical,1912,0.0,0.0,0.0,0.0,29.61,2
Chicago,historical,1913,0.5,0.0,0.0,0.0,29.84,2
Chicago,historical,1914,2.5,0.0,0.0,0.0,30.66,2
Chicago,historical,1915,1.5,0.0,0.0,0.0,30.43,2
Chicago,historical,1916,1.5,0.0,0.0,0.0,30.67,2
Chicago,historical,1917,4.0,0.0,0.0,0.0,30.57,2
Chicago,historical,1918,2.5,0.0,0.0,0.0,30.99,2
Chicago,historical,1919,4.0,0.0,0.0,0.0,30.85,2
Chicago,historical,1920,5.0,0.0,0.0,0.0,30.85,2
Chicago,historical,1921,3.5,0.0,0.0,0.0,30.51,2
Chicago,historical,1922,6.5,0.0,0.0,0.0,32.6,2
Chicago,historical,1923,1.5,0.0,0.0,0.0,31.01,2
Chicago,historical,1924,0.5,0.0,0.0,0.0,30.02,2
Chicago,historical,1925,4.0,0.0,0.0,0.0,30.79,2
Chicago,historical,1926,5.5,0.0,0.0,0.0,31.38,2
Chicago,historical,1927,2.5,0.0,0.0,0.0,29.82,2
Chicago,historical,1928,0.5,0.0,0.0,0.0,30.01,2
Chicago,historical,1929,2.5,0.0,0.0,0.0,30.72,2
Chicago,historical,1930,0.5,0.0,0.0,0.0,29.71,2
Chicago,historical,1931,3.5,0.0,0.0,0.0,31.17,2
Chicago,historical,1932,4.0,0.0,0.0,0.0,31.41,2
Chicago,historical,1933,1.5,0.0,0.0,0.0,30.7,2
Chicago,historical,1934,3.0,0.0,0.0,0.0,31.2,2
Chicago,historical,1935,8.5,0.0,0.0,0.0,31.44,2
Chicago,historical,1936,4.5,0.0,0.0,0.0,30.88,2
Chicago,historical,1937,0.5,0.0,0.0,0.0,29.39,2
Chicago,historical,1938,3.5,0.0,0.0,0.0,30.88,2
Chicago,historical,1939,5.5,0.0,0.0,0.0,31.04,2
Chicago,historical,1940,3.5,0.0,0.0,0.0,30.94,2
Chicago,historical,1941,0.0,0.0,0.0,0.0,29.33,2
Chicago,historical,1942,3.5,0.0,0.0,0.0,31.23,2
Chicago,historical,1943,2.0,0.0,0.0,0.0,31.13,2
Chicago,historical,1944,4.0,0.0,0.0,0.0,30.79,2
Chicago,historical,1945,1.5,0.0,0.0,0.0,30.23,2
Chicago,historical,1946,2.0,0.0,0.0,0.0,30.72,2
Chicago,historical,1947,1.5,0.0,0.0,0.0,30.27,2
Chicago,historical,1948,1.5,0.0,0.0,0.0,29.9,2
Chicago,historical,1949,3.0,0.0,0.0,0.0,30.44,2
Chicago,historical,1950,3.0,0.0,0.0,0.0,31.01,2
Chicago,historical,1951,4.0,0.0,0.0,0.0,30.95,2
Chicago,historical,1952,8.5,0.0,0.0,0.0,31.89,2
Chicago,historical,1953,0.0,0.0,0.0,0.0,29.55,2
Chicago,historical,1954,0.0,0.0,0.0,0.0,29.28,2
Chicago,historical,1955,3.5,0.0,0.0,0.0,31.41,2
Chicago,historical,1956,4.5,0.0,0.0,0.0,30.65,2
Chicago,historical,1957,3.0,0.0,0.0,0.0,30.91,2
Chicago,historical,1958,3.5,0.0,0.0,0.0,31.33,2
Chicago,historical,1959,3.5,0.0,0.0,0.0,31.85,2
Chicago,historical,1960,1.0,0.0,0.0,0.0,30.15,2
Chicago,historical,1961,1.5,0.0,0.0,0.0,30.35,2
Chicago,historical,1962,2.0,0.0,0.0,0.0,30.49,2
Chicago,historical,1963,2.5,0.0,0.0,0.0,30.57,2
Chicago,historical,1964,0.0,0.0,0.0,0.0,29.23,2
Chicago,historical,1965,0.0,0.0,0.0,0.0,29.84,2
Chicago,historical,1966,3.0,0.0,0.0,0.0,31.8,2
Chicago,historical,1967,1.0,0.0,0.0,0.0,29.57,2
Chicago,historical,1968,3.0,0.0,0.0,0.0,30.44,2
Chicago,historical,1969,1.0,0.0,0.0,0.0,30.18,2
Chicago,historical,1970,1.5,0.0,0.0,0.0,29.85,2
Chicago,historical,1971,2.5,0.0,0.0,0.0,30.57,2
Chicago,historical,1972,2.5,0.0,0.0,0.0,30.88,2
Chicago,historical,1973,6.0,0.0,0.0,0.0,31.65,2
Chicago,historical,1974,1.5,0.0,0.0,0.0,30.52,2
Chicago,historical,1975,0.5,0.0,0.0,0.0,29.87,2
Chicago,historical,1976,6.5,0.0,0.0,0.0,32.36,2
Chicago,historical,1977,5.0,0.0,0.0,0.0,32.04,2
Chicago,historical,1978,1.0,0.0,0.0,0.0,30.15,2
Chicago,historical,1979,0.0,0.0,0.0,0.0,29.77,2
Chicago,historical,1980,8.0,0.0,0.0,0.0,31.83,2
Chicago,historical,1981,0.0,0.0,0.0,0.0,29.66,2
Chicago,historical,1982,3.0,0.0,0.0,0.0,30.66,2
Chicago,historical,1983,5.5,0.0,0.0,0.0,30.84,2
Chicago,historical,1984,4.0,0.0,0.0,0.0,31.67,2
Chicago,historical,1985,5.0,0.0,0.0,0.0,31.39,2
Chicago,historical,1986,4.5,0.0,0.0,0.0,30.99,2
Chicago,historical,1987,0.0,0.0,0.0,0.0,29.09,2
Chicago,historical,1988,1.0,0.0,0.0,0.0,30.67,2
Chicago,historical,1989,3.0,0.0,0.0,0.0,30.68,2
Chicago,historical,1990,9.0,0.0,0.0,0.0,31.89,2
Chicago,historical,1991,4.0,0.0,0.0,0.0,30.62,2
Chicago,historical,1992,1.5,0.0,0.0,0.0,30.4,2
Chicago,historical,1993,0.5,0.0,0.0,0.0,30.11,2
Chicago,historical,1994,1.0,0.0,0.0,0.0,29.86,2
Chicago,historical,1995,3.0,0.0,0.0,0.0,30.44,2
Chicago,historical,1996,6.5,0.0,0.0,0.0,31.19,2
Chicago,historical,1997,6.0,0.0,0.0,0.0,31.34,2
Chicago,historical,1998,0.0,0.0,0.0,0.0,29.38,2
Chicago,historical,1999,7.5,0.0,0.0,0.0,31.65,2
Chicago,historical,2000,3.0,0.0,0.0,0.0,31.64,2
Chicago,historical,2001,9.0,0.0,0.0,0.0,31.94,2
Chicago,historical,2002,11.0,0.0,0.0,0.0,31.83,2
Chicago,historical,2003,10.0,0.0,0.0,0.0,31.98,2
Chicago,historical,2004,6.0,0.0,0.0,0.0,30.88,2
Chicago,historical,2005,9.5,0.0,0.0,0.0,31.54,2
Chicago,historical,2006,6.5,0.0,0.0,0.0,31.09,2
Chicago,historical,2007,11.0,0.0,0.0,0.0,33.2,2
Chicago,historical,2008,7.0,0.0,0.0,0.0,31.64,2
Chicago,historical,2009,4.0,0.0,0.0,0.0,31.08,2
Chicago,historical,2010,8.5,0.0,0.0,0.0,31.08,2
Chicago,historical,2011,7.5,0.0,0.0,0.0,31.21,2
Chicago,historical,2012,4.5,0.0,0.0,0.0,30.62,2
Chicago,historical,2013,11.0,0.0,0.0,0.0,31.39,2
Chicago,historical,2014,7.0,0.0,0.0,0.0,31.53,2
Chicago,ssp585,2015,25.0,11.0,4.33,4.0,34.78,3
Chicago,ssp585,2016,25.0,4.67,0.0,1.33,34.55,3
Chicago,ssp585,2017,30.0,10.33,1.67,6.67,34.54,3
Chicago,ssp585,2018,31.33,19.33,7.67,8.0,35.89,3
Chicago,ssp585,2019,31.33,14.33,4.0,4.33,35.17,3
Chicago,ssp585,2020,23.67,6.0,0.0,2.0,33.6,3
Chicago,ssp585,2021,35.67,11.67,0.33,2.67,34.47,3
Chicago,ssp585,2022,34.67,10.67,0.67,2.67,35.2,3
Chicago,ssp585,2023,31.67,19.0,3.33,6.33,35.08,3
Chicago,ssp585,2024,28.0,6.0,0.0,1.67,34.6,3
Chicago,ssp585,2025,24.0,8.67,0.0,4.33,33.84,3
Chicago,ssp585,2026,28.0,6.0,0.33,2.0,36.11,3
Chicago,ssp585,2027,23.67,3.33,0.0,3.33,34.96,3
Chicago,ssp585,2028,33.67,10.67,0.67,5.33,35.57,3
Chicago,ssp585,2029,36.67,8.67,0.33,2.33,35.17,3
Chicago,ssp585,2030,32.0,9.33,0.0,3.0,35.3,3
Chicago,ssp585,2031,32.33,12.33,0.0,3.33,35.52,3
Chicago,ssp585,2032,38.67,17.67,1.67,4.0,35.3,3
Chicago,ssp585,2033,29.67,8.33,0.0,2.67,34.49,3
Chicago,ssp585,2034,45.67,16.67,3.33,5.33,36.18,3
Chicago,ssp585,2035,39.67,20.33,8.33,10.0,37.08,3
Chicago,ssp585,2036,42.33,14.0,5.0,4.67,37.4,3
Chicago,ssp585,2037,29.33,4.33,0.0,1.0,34.21,3
Chicago,ssp585,2038,34.33,15.0,3.0,6.0,36.03,3
Chicago,ssp585,2039,37.67,18.0,1.67,6.67,35.65,3
Chicago,ssp585,2040,38.33,10.33,0.67,3.0,34.8,3
Chicago,ssp585,2041,41.33,15.0,1.33,5.0,35.14,3
Chicago,ssp585,2042,39.0,13.0,2.0,4.0,36.66,3
Chicago,ssp585,2043,45.33,19.0,4.67,4.33,35.9,3
Chicago,ssp585,2044,42.33,23.0,10.67,12.33,36.84,3
Chicago,ssp585,2045,37.0,12.0,3.67,3.0,36.41,3
Chicago,ssp585,2046,46.67,20.0,2.33,5.67,36.43,3
Chicago,ssp585,2047,45.67,23.0,7.67,7.67,36.31,3
Chicago,ssp585,2048,43.33,17.0,0.67,7.67,36.25,3
Chicago,ssp585,2049,52.33,19.33,10.67,11.67,37.44,3
Chicago,ssp585,2050,42.67,17.67,3.67,7.33,36.91,3
Chicago,ssp585,2051,48.67,21.33,5.67,9.67,36.87,3
Chicago,ssp585,2052,45.0,20.67,7.33,7.67,36.17,3
Chicago,ssp585,2053,43.67,17.67,6.67,6.0,37.23,3
Chicago,ssp585,2054,43.67,17.0,2.67,5.0,37.33,3
Chicago,ssp585,2055,36.33,12.67,0.0,3.67,34.85,3
Chicago,ssp585,2056,54.0,29.0,12.67,11.67,37.78,3
Chicago,ssp585,2057,49.33,20.0,8.0,10.0,37.43,3
Chicago,ssp585,2058,56.33,17.0,3.0,3.67,37.57,3
Chicago,ssp585,2059,48.67,18.33,2.33,7.0,36.74,3
Chicago,ssp585,2060,52.67,24.0,8.33,13.33,36.66,3
Chicago,ssp585,2061,57.0,28.0,4.67,7.67,37.98,3
Chicago,ssp585,2062,55.33,16.0,4.0,7.67,37.82,3
Chicago,ssp585,2063,55.0,17.67,2.33,5.67,36.84,3
Chicago,ssp585,2064,53.67,24.0,12.67,10.0,37.71,3
Chicago,ssp585,2065,49.67,24.33,3.0,5.0,36.62,3
Chicago,ssp585,2066,43.33,20.67,5.33,7.33,37.1,3
Chicago,ssp585,2067,72.67,28.33,16.0,13.0,38.19,3
Chicago,ssp585,2068,70.0,29.0,13.33,16.33,38.4,3
Chicago,ssp585,2069,62.67,27.33,4.33,6.67,37.1,3
Chicago,ssp585,2070,67.0,30.0,11.33,9.33,38.54,3
Chicago,ssp585,2071,69.0,30.0,16.0,20.33,39.64,3
Chicago,ssp585,2072,65.33,27.67,13.33,13.0,39.85,3
Chicago,ssp585,2073,66.67,25.33,8.33,12.0,38.9,3
Chicago,ssp585,2074,63.67,29.0,13.0,12.33,38.47,3
Chicago,ssp585,2075,68.33,25.67,10.0,8.0,38.47,3
Chicago,ssp585,2076,74.0,36.0,15.0,21.33,38.74,3
Chicago,ssp585,2077,74.33,30.33,13.0,13.33,39.47,3
Chicago,ssp585,2078,78.67,28.0,12.33,14.0,38.33,3
Chicago,ssp585,2079,72.0,29.33,10.0,16.33,39.86,3
Chicago,ssp585,2080,75.33,33.0,20.0,22.67,39.22,3
Chicago,ssp585,2081,69.0,29.67,16.0,14.67,38.55,3
Chicago,ssp585,2082,83.0,36.0,15.33,14.67,38.95,3
Chicago,ssp585,2083,74.33,31.67,11.0,17.67,39.37,3
Chicago,ssp585,2084,92.33,35.0,11.67,14.33,39.83,3
Chicago,ssp585,2085,79.33,32.0,9.33,16.33,40.09,3
Chicago,ssp585,2086,71.0,30.33,12.33,13.0,38.61,3
Chicago,ssp585,2087,86.67,32.0,11.0,20.0,39.46,3
Chicago,ssp585,2088,80.0,31.0,21.67,15.0,40.32,3
Chicago,ssp585,2089,84.0,37.33,16.67,21.67,40.16,3
Chicago,ssp585,2090,92.67,49.67,22.67,24.0,40.48,3
Chicago,ssp585,2091,89.33,32.67,14.67,15.33,39.22,3
Chicago,ssp585,2092,82.33,38.67,21.33,16.33,40.63,3
Chicago,ssp585,2093,102.67,48.33,22.0,25.67,43.07,3
Chicago,ssp585,2094,91.0,44.67,20.33,37.0,40.46,3
Chicago,ssp585,2095,86.67,39.67,15.67,21.67,42.0,3
Chicago,ssp585,2096,90.33,41.33,25.67,33.67,40.24,3
Chicago,ssp585,2097,86.33,44.33,26.33,32.33,41.19,3
Chicago,ssp585,2098,86.67,44.67,20.33,20.33,41.51,3
Chicago,ssp585,2099,97.0,41.33,21.33,27.33,40.34,3
Chicago,ssp585,2100,68.5,10.5,0.0,5.5,36.96,2
Delhi,historical,1850,183.0,96.0,40.5,67.5,44.9,2
Delhi,historical,1851,182.5,90.5,40.5,52.5,45.58,2
Delhi,historical,1852,195.5,91.5,40.5,41.0,45.88,2
Delhi,historical,1853,204.5,119.0,59.5,67.0,45.07,2
Delhi,historical,1854,188.0,104.5,36.0,54.5,45.06,2
Delhi,historical,1855,179.0,83.5,29.5,58.0,44.81,2
Delhi,historical,1856,185.5,119.0,48.5,57.0,45.22,2
Delhi,historical,1857,182.0,102.5,48.0,51.0,44.51,2
Delhi,historical,1858,190.0,109.5,42.0,58.5,45.84,2
Delhi,historical,1859,185.5,95.0,41.0,57.0,44.95,2
Delhi,historical,1860,168.5,108.0,47.5,70.0,45.35,2
Delhi,historical,1861,177.0,97.0,43.0,42.5,45.12,2
Delhi,historical,1862,178.0,78.5,41.5,56.0,44.22,2
Delhi,historical,1863,184.5,115.5,44.5,59.0,44.63,2
Delhi,historical,1864,190.0,109.0,42.0,57.0,45.24,2
Delhi,historical,1865,212.5,145.0,61.0,76.5,45.41,2
Delhi,historical,1866,192.0,118.5,51.0,66.5,45.92,2
Delhi,historical,1867,208.5,113.0,44.5,62.0,45.68,2
Delhi,historical,1868,192.0,102.0,36.5,77.0,45.33,2
Delhi,historical,1869,190.5,102.0,41.5,69.5,44.69,2
Delhi,historical,1870,174.5,100.0,39.0,54.5,44.81,2
Delhi,historical,1871,185.5,120.5,53.5,66.5,45.24,2
Delhi,historical,1872,200.5,133.0,66.5,71.5,44.58,2
Delhi,historical,1873,192.5,97.5,38.5,50.0,45.54,2
Delhi,historical,1874,182.0,111.0,50.0,72.0,45.46,2
Delhi,historical,1875,191.0,107.5,52.5,63.0,45.4,2
Delhi,historical,1876,200.5,118.5,29.5,48.5,45.33,2
Delhi,historical,1877,214.5,134.5,61.5,94.0,45.7,2
Delhi,historical,1878,165.0,110.0,54.5,72.0,46.29,2
Delhi,historical,1879,168.0,105.0,34.5,60.0,44.48,2
Delhi,historical,1880,195.0,101.5,33.0,53.0,45.55,2
Delhi,historical,1881,195.0,99.0,50.0,69.0,46.1,2
Delhi,historical,1882,183.5,114.0,39.0,58.0,44.77,2
Delhi,historical,1883,179.0,106.5,30.5,49.5,44.04,2
Delhi,historical,1884,185.0,101.0,36.0,59.0,45.24,2
Delhi,historical,1885,199.0,92.5,48.0,65.0,46.77,2
Delhi,historical,1886,149.5,88.5,41.5,63.5,45.37,2
Delhi,historical,1887,184.0,98.5,37.0,53.0,45.47,2
Delhi,historical,1888,204.5,132.0,46.0,69.0,46.75,2
Delhi,historical,1889,196.5,118.0,49.5,82.0,45.68,2
Delhi,historical,1890,204.0,96.0,40.0,37.5,45.42,2
Delhi,historical,1891,178.5,88.5,39.0,65.5,45.29,2
Delhi,historical,1892,188.5,111.0,48.0,59.5,44.94,2
Delhi,historical,1893,200.0,114.0,42.5,58.5,44.82,2
Delhi,historical,1894,191.5,107.5,50.5,64.0,45.76,2
Delhi,historical,1895,198.0,131.5,45.5,70.5,45.95,2
Delhi,historical,1896,202.5,90.0,37.0,49.5,45.24,2
Delhi,historical,1897,193.5,101.5,52.0,58.0,45.55,2
Delhi,historical,1898,202.5,121.5,53.0,64.0,46.24,2
Delhi,historical,1899,183.5,109.0,51.5,60.0,45.4,2
Delhi,historical,1900,180.5,103.5,34.5,47.0,44.82,2
Delhi,historical,1901,163.0,75.5,41.0,47.0,45.84,2
Delhi,historical,1902,189.5,98.5,51.5,54.0,46.16,2
Delhi,historical,1903,175.5,110.0,41.0,51.0,43.59,2
Delhi,historical,1904,165.0,97.5,39.0,48.0,45.06,2
Delhi,historical,1905,178.0,112.0,40.0,56.0,45.15,2
Delhi,historical,1906,170.5,85.5,21.5,45.0,43.13,2
Delhi,historical,1907,157.5,83.5,38.0,58.0,44.25,2
Delhi,historical,1908,199.0,102.5,46.0,79.0,45.19,2
Delhi,historical,1909,198.0,95.5,38.5,50.0,45.94,2
Delhi,historical,1910,169.5,112.0,45.5,43.5,45.82,2
Delhi,historical,1911,169.0,77.0,36.5,45.5,45.37,2
Delhi,historical,1912,205.5,138.5,42.0,65.0,44.48,2
Delhi,historical,1913,200.0,116.5,49.0,62.5,44.76,2
Delhi,historical,1914,214.0,121.5,41.0,63.5,46.03,2
Delhi,historical,1915,195.5,113.0,50.5,61.0,45.77,2
Delhi,historical,1916,175.5,111.0,53.5,52.0,46.3,2
Delhi,historical,1917,167.5,103.0,56.5,65.0,45.63,2
Delhi,historical,1918,199.0,111.0,51.5,55.5,45.23,2
Delhi,historical,1919,195.0,115.0,44.0,58.5,44.88,2
Delhi,historical,1920,189.5,99.0,40.5,65.0,45.29,2
Delhi,historical,1921,205.0,100.5,41.0,48.0,45.57,2
Delhi,historical,1922,210.5,128.0,50.0,46.0,45.06,2
Delhi,historical,1923,214.0,133.0,47.0,55.5,46.0,2
Delhi,historical,1924,182.5,105.5,38.0,68.5,44.99,2
Delhi,historical,1925,204.5,89.5,31.0,51.5,44.36,2
Delhi,historical,1926,169.0,91.5,47.5,68.5,45.21,2
Delhi,historical,1927,199.5,122.0,46.5,63.5,46.65,2
Delhi,historical,1928,187.5,81.0,37.0,53.5,45.73,2
Delhi,historical,1929,190.0,115.5,61.0,72.5,46.88,2
Delhi,historical,1930,199.5,115.5,55.0,72.5,45.55,2
Delhi,historical,1931,190.0,110.0,50.0,71.0,45.83,2
Delhi,historical,1932,195.5,106.5,51.0,60.0,45.03,2
Delhi,historical,1933,198.0,100.0,41.5,63.0,45.74,2
Delhi,historical,1934,195.5,119.5,44.5,57.0,46.4,2
Delhi,historical,1935,204.0,126.0,60.0,48.5,45.57,2
Delhi,historical,1936,176.5,106.0,44.0,54.0,46.09,2
Delhi,historical,1937,190.0,102.0,45.5,54.0,44.75,2
Delhi,historical,1938,171.5,88.5,36.5,46.5,45.49,2
Delhi,historical,1939,203.5,130.0,60.5,48.5,47.19,2
Delhi,historical,1940,204.0,110.0,46.5,69.5,45.64,2
Delhi,historical,1941,173.5,78.0,24.5,44.5,45.87,2
Delhi,historical,1942,216.0,119.0,48.5,36.5,43.97,2
Delhi,historical,1943,195.5,118.5,55.5,67.5,47.03,2
Delhi,historical,1944,171.0,102.5,50.5,59.5,45.52,2
Delhi,historical,1945,189.0,95.0,33.5,53.0,45.38,2
Delhi,historical,1946,190.5,108.0,43.5,61.0,45.34,2
Delhi,historical,1947,208.0,142.0,67.5,80.0,46.08,2
Delhi,historical,1948,195.0,113.5,47.0,63.0,45.96,2
Delhi,historical,1949,162.0,105.5,45.5,59.5,45.39,2
Delhi,historical,1950,177.5,103.0,58.5,69.5,45.58,2
Delhi,historical,1951,199.5,127.0,46.5,84.0,45.13,2
Delhi,historical,1952,177.5,112.0,42.5,61.0,46.8,2
Delhi,historical,1953,179.0,101.0,48.0,64.5,46.05,2
Delhi,historical,1954,191.5,122.0,70.0,80.0,45.0,2
Delhi,historical,1955,185.5,98.0,52.0,65.0,45.43,2
Delhi,historical,1956,171.5,98.5,54.0,73.0,45.81,2
Delhi,historical,1957,202.5,135.0,55.0,79.0,45.98,2
Delhi,historical,1958,207.0,120.5,51.5,51.0,45.61,2
Delhi,historical,1959,167.0,116.5,49.5,57.0,45.91,2
Delhi,historical,1960,191.5,88.0,45.5,46.5,45.62,2
Delhi,historical,1961,200.0,120.0,46.0,55.5,46.3,2
Delhi,historical,1962,171.0,101.0,55.5,66.0,45.98,2
Delhi,historical,1963,175.5,90.5,39.5,43.0,45.22,2
Delhi,historical,1964,157.0,90.5,33.0,53.0,45.2,2
Delhi,historical,1965,183.0,123.5,62.5,110.5,45.92,2
Delhi,historical,1966,174.0,108.5,49.5,61.0,45.56,2
Delhi,historical,1967,199.0,124.5,53.0,63.5,45.64,2
Delhi,historical,1968,175.5,120.0,63.0,71.0,46.01,2
Delhi,historical,1969,160.0,108.0,50.5,71.5,45.26,2
Delhi,historical,1970,204.0,112.0,47.5,57.5,45.93,2
Delhi,historical,1971,193.0,112.0,56.0,64.0,44.87,2
Delhi,historical,1972,174.5,102.5,43.0,43.5,44.44,2
Delhi,historical,1973,174.0,121.5,54.5,57.5,45.04,2
Delhi,historical,1974,190.5,100.0,45.5,51.0,44.68,2
Delhi,historical,1975,176.0,98.0,48.5,60.5,44.74,2
Delhi,historical,1976,187.0,106.0,53.0,48.0,46.04,2
Delhi,historical,1977,200.5,110.0,49.0,68.0,47.29,2
Delhi,historical,1978,204.5,124.0,45.5,49.0,44.45,2
Delhi,historical,1979,199.0,119.5,54.5,56.5,46.09,2
Delhi,historical,1980,196.0,116.5,50.0,73.0,45.62,2
Delhi,historical,1981,159.0,97.5,44.0,45.5,45.6,2
Delhi,historical,1982,164.0,91.0,42.0,47.5,45.97,2
Delhi,historical,1983,211.5,126.0,30.5,50.0,43.94,2
Delhi,historical,1984,180.5,99.5,52.0,68.0,45.9,2
Delhi,historical,1985,171.0,102.0,45.5,52.0,46.08,2
Delhi,historical,1986,177.0,112.5,50.0,63.5,45.53,2
Delhi,historical,1987,191.0,117.0,43.0,53.5,44.93,2
Delhi,historical,1988,175.0,102.0,48.0,69.5,46.1,2
Delhi,historical,1989,189.5,107.0,62.5,70.5,45.86,2
Delhi,historical,1990,211.5,117.5,57.5,82.0,44.98,2
Delhi,historical,1991,195.5,107.0,65.0,72.0,45.98,2
Delhi,historical,1992,200.0,105.5,37.0,51.0,46.05,2
Delhi,historical,1993,169.0,81.0,38.5,57.5,44.22,2
Delhi,historical,1994,168.0,116.0,53.0,68.0,46.27,2
Delhi,historical,1995,200.0,136.5,53.0,62.5,44.83,2
Delhi,historical,1996,196.0,122.5,61.5,67.5,46.84,2
Delhi,historical,1997,175.0,107.5,56.0,60.0,46.84,2
Delhi,historical,1998,168.5,96.5,45.5,68.5,45.87,2
Delhi,historical,1999,194.0,123.5,65.5,70.0,46.1,2
Delhi,historical,2000,174.0,106.5,38.5,70.0,45.13,2
Delhi,historical,2001,170.0,96.5,48.5,55.0,46.51,2
Delhi,historical,2002,172.0,99.0,54.0,71.0,46.52,2
Delhi,historical,2003,182.5,111.0,45.0,61.0,45.66,2
Delhi,historical,2004,204.5,124.0,63.5,55.5,47.5,2
Delhi,historical,2005,206.5,126.5,54.0,55.5,46.4,2
Delhi,historical,2006,200.5,104.0,54.0,75.5,45.61,2
Delhi,historical,2007,207.0,125.0,56.5,75.5,46.44,2
Delhi,historical,2008,201.5,106.5,50.0,68.0,46.2,2
Delhi,historical,2009,205.5,113.0,48.0,54.0,45.9,2
Delhi,historical,2010,186.0,111.0,54.0,66.5,47.12,2
Delhi,historical,2011,209.5,121.0,50.5,48.5,45.39,2
Delhi,historical,2012,176.0,123.0,62.0,48.0,45.61,2
Delhi,historical,2013,169.0,107.5,65.5,71.5,45.67,2
Delhi,historical,2014,200.0,115.5,58.0,67.0,45.74,2
Delhi,ssp585,2015,207.67,141.0,50.33,85.33,45.9,3
Delhi,ssp585,2016,196.33,135.0,66.33,100.33,45.73,3
Delhi,ssp585,2017,194.0,135.67,58.67,68.0,46.17,3
Delhi,ssp585,2018,231.33,142.67,68.33,59.0,46.71,3
Delhi,ssp585,2019,216.0,153.67,61.0,68.33,47.04,3
Delhi,ssp585,2020,212.0,142.67,67.67,86.0,46.76,3
Delhi,ssp585,2021,215.67,130.33,61.0,84.67,46.67,3
Delhi,ssp585,2022,216.0,136.0,68.0,75.67,46.78,3
Delhi,ssp585,2023,209.67,136.67,69.33,91.0,46.18,3
Delhi,ssp585,2024,212.67,147.0,60.67,61.33,46.06,3
Delhi,ssp585,2025,210.67,152.33,71.0,89.33,46.06,3
Delhi,ssp585,2026,223.33,147.33,73.0,87.33,46.96,3
Delhi,ssp585,2027,220.33,138.0,73.67,91.67,46.43,3
Delhi,ssp585,2028,207.33,139.67,70.67,77.33,47.02,3
Delhi,ssp585,2029,214.0,155.33,78.0,106.0,47.07,3
Delhi,ssp585,2030,188.0,114.0,53.33,77.67,46.1,3
Delhi,ssp585,2031,220.0,146.0,75.67,71.67,47.34,3
Delhi,ssp585,2032,220.67,149.67,71.33,88.67,47.08,3
Delhi,ssp585,2033,213.0,138.33,76.33,86.67,47.55,3
Delhi,ssp585,2034,206.0,133.67,71.33,86.0,46.32,3
Delhi,ssp585,2035,210.0,151.67,82.0,89.67,47.96,3
Delhi,ssp585,2036,215.0,144.33,78.0,87.33,47.19,3
Delhi,ssp585,2037,219.67,148.67,78.33,73.0,47.19,3
Delhi,ssp585,2038,207.0,125.33,58.33,60.0,46.62,3
Delhi,ssp585,2039,211.67,138.0,71.33,86.0,46.37,3
Delhi,ssp585,2040,228.67,151.0,67.33,74.0,47.49,3
Delhi,ssp585,2041,218.67,146.0,70.67,92.33,47.54,3
Delhi,ssp585,2042,219.0,139.67,67.33,85.67,47.49,3
Delhi,ssp585,2043,215.67,140.67,70.0,90.0,46.28,3
Delhi,ssp585,2044,211.0,144.33,65.33,70.67,46.78,3
Delhi,ssp585,2045,224.0,145.0,88.0,79.33,46.81,3
Delhi,ssp585,2046,224.0,141.67,83.67,85.0,48.01,3
Delhi,ssp585,2047,211.67,142.33,71.67,71.33,46.35,3
Delhi,ssp585,2048,226.0,165.67,98.33,150.67,48.0,3
Delhi,ssp585,2049,204.67,135.0,75.67,98.67,47.71,3
Delhi,ssp585,2050,225.33,172.0,83.67,103.0,47.05,3
Delhi,ssp585,2051,229.0,159.33,75.67,79.67,49.09,3
Delhi,ssp585,2052,205.33,148.0,88.33,126.0,49.05,3
Delhi,ssp585,2053,206.33,149.0,98.0,86.33,48.07,3
Delhi,ssp585,2054,220.67,172.67,106.67,117.33,47.88,3
Delhi,ssp585,2055,224.0,155.67,90.33,95.0,48.03,3
Delhi,ssp585,2056,228.0,159.67,94.67,85.0,48.61,3
Delhi,ssp585,2057,228.0,166.67,86.33,87.0,47.76,3
Delhi,ssp585,2058,244.67,164.33,105.67,129.67,48.47,3
Delhi,ssp585,2059,224.0,158.67,98.0,133.33,48.12,3
Delhi,ssp585,2060,222.33,151.33,95.67,101.33,48.34,3
Delhi,ssp585,2061,226.67,167.0,118.67,127.67,48.82,3
Delhi,ssp585,2062,240.0,166.67,96.67,89.0,48.76,3
Delhi,ssp585,2063,227.33,168.33,102.67,104.33,48.79,3
Delhi,ssp585,2064,240.0,175.0,128.33,139.0,49.05,3
Delhi,ssp585,2065,240.0,171.33,99.0,119.0,48.79,3
Delhi,ssp585,2066,230.33,162.67,83.67,78.33,49.01,3
Delhi,ssp585,2067,228.0,170.33,93.33,91.33,49.0,3
Delhi,ssp585,2068,224.33,143.67,99.0,134.33,48.66,3
Delhi,ssp585,2069,236.33,169.33,114.67,91.33,48.59,3
Delhi,ssp585,2070,248.0,171.33,99.33,99.67,50.08,3
Delhi,ssp585,2071,242.67,176.0,99.0,114.33,49.37,3
Delhi,ssp585,2072,241.33,166.33,102.67,94.0,49.37,3
Delhi,ssp585,2073,251.67,168.67,112.0,92.33,50.49,3
Delhi,ssp585,2074,245.33,164.67,106.67,107.33,49.86,3
Delhi,ssp585,2075,246.0,166.67,101.67,96.0,49.46,3
Delhi,ssp585,2076,234.67,165.67,93.0,114.67,49.25,3
Delhi,ssp585,2077,254.33,186.0,135.67,140.33,49.85,3
Delhi,ssp585,2078,243.67,168.33,90.0,80.67,49.31,3
Delhi,ssp585,2079,248.67,169.67,103.67,121.0,49.01,3
Delhi,ssp585,2080,251.33,190.33,129.67,117.67,49.05,3
Delhi,ssp585,2081,262.33,180.67,110.33,115.0,49.38,3
Delhi,ssp585,2082,247.0,175.0,116.33,140.33,49.8,3
Delhi,ssp585,2083,254.67,188.33,117.0,116.67,48.63,3
Delhi,ssp585,2084,252.67,174.33,106.0,131.33,50.85,3
Delhi,ssp585,2085,265.33,186.33,117.67,127.0,50.28,3
Delhi,ssp585,2086,266.33,199.33,122.67,140.67,50.7,3
Delhi,ssp585,2087,256.33,166.33,89.33,99.67,51.05,3
Delhi,ssp585,2088,247.67,191.67,122.67,140.67,49.78,3
Delhi,ssp585,2089,247.67,174.67,113.0,121.33,50.18,3
Delhi,ssp585,2090,259.67,170.0,107.0,115.33,49.82,3
Delhi,ssp585,2091,259.0,189.33,122.67,118.0,51.7,3
Delhi,ssp585,2092,260.67,184.0,135.67,142.67,51.29,3
Delhi,ssp585,2093,276.67,207.67,155.67,175.33,52.13,3
Delhi,ssp585,2094,280.67,186.33,111.0,89.33,50.55,3
Delhi,ssp585,2095,265.67,185.67,137.33,153.67,50.48,3
Delhi,ssp585,2096,260.0,178.33,125.0,139.67,51.73,3
Delhi,ssp585,2097,270.67,178.33,125.33,146.0,51.18,3
Delhi,ssp585,2098,262.67,198.33,135.67,161.0,50.66,3
Delhi,ssp585,2099,271.67,205.67,139.67,157.33,50.69,3
Delhi,ssp585,2100,245.5,138.5,86.5,87.0,49.6,2
Dubai,historical,1850,200.0,118.5,24.5,92.0,42.28,2
Dubai,historical,1851,191.5,129.5,35.5,87.5,42.62,2
Dubai,historical,1852,179.5,131.5,35.0,118.5,41.69,2
Dubai,historical,1853,188.5,128.5,32.5,98.5,41.87,2
Dubai,historical,1854,195.0,138.0,34.0,126.5,42.35,2
Dubai,historical,1855,181.5,123.5,33.0,97.5,41.88,2
Dubai,historical,1856,199.0,139.0,28.5,124.0,41.24,2
Dubai,historical,1857,187.0,132.5,32.0,105.0,42.39,2
Dubai,historical,1858,180.0,123.5,32.5,109.0,42.57,2
Dubai,historical,1859,182.5,128.5,23.5,98.0,42.4,2
Dubai,historical,1860,181.0,121.0,31.5,85.5,42.54,2
Dubai,historical,1861,178.0,123.5,28.0,98.0,42.44,2
Dubai,historical,1862,190.0,126.5,31.5,126.0,42.13,2
Dubai,historical,1863,184.0,126.0,43.0,116.5,42.46,2
Dubai,historical,1864,193.0,133.5,37.0,95.5,42.68,2
Dubai,historical,1865,186.5,127.5,36.0,112.0,42.76,2
Dubai,historical,1866,188.0,135.0,35.0,119.5,42.31,2
Dubai,historical,1867,191.0,132.0,28.5,121.0,41.88,2
Dubai,historical,1868,191.5,116.5,25.5,105.0,41.65,2
Dubai,historical,1869,194.0,130.0,38.5,108.5,43.12,2
Dubai,historical,1870,190.0,139.5,27.0,126.5,41.64,2
Dubai,historical,1871,188.5,125.0,24.0,111.0,41.93,2
Dubai,historical,1872,192.5,132.5,37.5,105.0,42.32,2
Dubai,historical,1873,192.5,127.0,34.5,91.0,42.66,2
Dubai,historical,1874,190.0,136.0,32.5,98.5,42.18,2
Dubai,historical,1875,184.0,125.0,30.5,118.0,42.34,2
Dubai,historical,1876,195.0,129.5,41.5,77.0,41.82,2
Dubai,historical,1877,194.0,137.0,40.5,102.5,42.51,2
Dubai,historical,1878,178.0,126.0,30.0,92.0,41.61,2
Dubai,historical,1879,199.0,128.5,20.0,95.5,41.43,2
Dubai,historical,1880,199.0,132.5,24.0,112.0,41.83,2
Dubai,historical,1881,187.0,123.5,36.0,104.0,42.07,2
Dubai,historical,1882,186.0,123.5,37.0,91.5,42.1,2
Dubai,historical,1883,186.5,113.0,27.0,97.5,41.79,2
Dubai,historical,1884,172.5,108.0,19.0,105.0,41.41,2
Dubai,historical,1885,173.0,125.5,29.5,102.5,41.52,2
Dubai,historical,1886,189.5,123.0,17.5,98.0,41.32,2
Dubai,historical,1887,205.5,138.0,23.0,97.0,41.42,2
Dubai,historical,1888,190.0,129.0,50.0,124.5,42.76,2
Dubai,historical,1889,195.5,125.5,24.5,123.0,41.77,2
Dubai,historical,1890,186.5,131.5,27.0,115.0,42.1,2
Dubai,historical,1891,178.0,137.0,36.5,131.0,42.47,2
Dubai,historical,1892,197.5,130.5,32.0,105.5,42.0,2
Dubai,historical,1893,189.0,125.5,38.0,114.0,42.83,2
Dubai,historical,1894,189.0,114.5,37.5,93.0,42.5,2
Dubai,historical,1895,186.5,130.5,36.5,123.0,41.85,2
Dubai,historical,1896,195.0,128.0,29.5,118.0,43.32,2
Dubai,historical,1897,195.5,130.0,29.0,112.0,42.04,2
Dubai,historical,1898,197.5,131.5,39.0,125.5,42.93,2
Dubai,historical,1899,196.0,126.0,41.5,119.0,42.79,2
Dubai,historical,1900,188.0,133.5,39.0,120.5,42.5,2
Dubai,historical,1901,181.5,127.0,32.0,73.0,42.28,2
Dubai,historical,1902,193.5,137.5,38.0,103.5,42.24,2
Dubai,historical,1903,181.5,121.5,20.0,112.0,41.4,2
Dubai,historical,1904,170.0,118.5,45.5,109.5,42.35,2
Dubai,historical,1905,192.0,124.0,36.5,111.0,42.61,2
Dubai,historical,1906,197.0,143.5,40.0,108.0,42.49,2
Dubai,historical,1907,179.0,128.5,27.5,76.5,42.29,2
Dubai,historical,1908,196.5,134.5,33.5,106.0,42.19,2
Dubai,historical,1909,195.5,138.0,37.5,96.0,42.89,2
Dubai,historical,1910,192.0,133.5,32.0,116.5,42.3,2
Dubai,historical,1911,184.0,129.5,43.0,121.0,42.37,2
Dubai,historical,1912,191.5,126.5,32.0,88.5,42.41,2
Dubai,historical,1913,186.5,129.0,34.5,71.0,42.23,2
Dubai,historical,1914,191.5,138.0,43.0,98.5,42.62,2
Dubai,historical,1915,187.0,126.5,38.0,121.5,42.47,2
Dubai,historical,1916,195.0,135.0,37.5,124.0,42.71,2
Dubai,historical,1917,191.5,139.5,35.0,94.5,42.65,2
Dubai,historical,1918,200.0,129.0,42.0,115.5,42.5,2
Dubai,historical,1919,201.5,135.0,38.5,110.5,42.49,2
Dubai,historical,1920,184.0,133.5,33.5,127.0,42.08,2
Dubai,historical,1921,188.5,128.0,36.0,118.5,42.49,2
Dubai,historical,1922,182.5,138.0,48.5,122.5,42.75,2
Dubai,historical,1923,190.0,133.0,49.5,127.5,43.07,2
Dubai,historical,1924,183.0,128.5,23.5,105.0,41.86,2
Dubai,historical,1925,194.5,127.0,34.0,95.5,42.72,2
Dubai,historical,1926,188.0,134.5,29.5,86.0,42.71,2
Dubai,historical,1927,186.5,137.0,37.5,110.0,42.53,2
Dubai,historical,1928,184.5,128.0,41.0,114.0,42.44,2
Dubai,historical,1929,193.5,133.0,32.5,125.5,42.03,2
Dubai,historical,1930,192.5,133.0,39.0,97.0,42.64,2
Dubai,historical,1931,191.0,126.0,44.0,115.0,42.34,2
Dubai,historical,1932,182.0,130.5,38.0,114.0,42.86,2
Dubai,historical,1933,204.5,128.5,37.0,116.0,42.37,2
Dubai,historical,1934,202.0,149.5,48.0,122.0,42.48,2
Dubai,historical,1935,189.0,138.0,43.0,124.0,43.09,2
Dubai,historical,1936,189.0,130.5,44.0,123.0,42.8,2
Dubai,historical,1937,194.5,129.5,45.0,91.0,42.89,2
Dubai,historical,1938,192.0,131.0,27.5,70.0,41.93,2
Dubai,historical,1939,193.5,144.5,47.5,133.5,42.43,2
Dubai,historical,1940,196.0,125.5,41.0,109.0,42.89,2
Dubai,historical,1941,199.0,128.0,39.0,81.5,42.3,2
Dubai,historical,1942,206.0,127.0,38.0,111.0,42.57,2
Dubai,historical,1943,197.5,138.5,37.5,79.0,42.17,2
Dubai,historical,1944,193.0,141.5,46.5,136.0,42.69,2
Dubai,historical,1945,194.5,122.0,28.0,92.0,43.01,2
Dubai,historical,1946,193.0,131.0,30.0,84.5,42.26,2
Dubai,historical,1947,202.5,138.5,49.0,128.5,43.24,2
Dubai,historical,1948,200.0,138.0,48.5,81.5,42.97,2
Dubai,historical,1949,185.5,129.0,28.5,120.5,42.38,2
Dubai,historical,1950,201.5,136.0,32.5,90.0,41.75,2
Dubai,historical,1951,203.5,135.0,44.0,122.5,42.26,2
Dubai,historical,1952,196.0,139.5,45.5,118.5,43.25,2
Dubai,historical,1953,192.0,132.0,41.0,114.0,42.53,2
Dubai,historical,1954,183.5,133.5,47.0,127.5,43.0,2
Dubai,historical,1955,199.5,133.5,36.5,113.0,42.56,2
Dubai,historical,1956,193.5,129.5,35.0,121.0,42.39,2
Dubai,historical,1957,189.5,137.0,41.5,112.0,42.77,2
Dubai,historical,1958,193.0,140.5,54.5,135.5,42.66,2
Dubai,historical,1959,190.5,125.0,29.0,113.5,42.42,2
Dubai,historical,1960,192.0,138.5,36.5,125.0,43.3,2
Dubai,historical,1961,190.0,130.5,50.0,129.0,42.95,2
Dubai,historical,1962,195.5,135.0,36.0,85.0,42.7,2
Dubai,historical,1963,195.0,129.5,44.5,91.5,43.03,2
Dubai,historical,1964,190.5,126.5,34.5,109.5,42.56,2
Dubai,historical,1965,190.5,128.5,47.5,122.5,42.48,2
Dubai,historical,1966,186.5,136.5,43.5,118.5,42.63,2
Dubai,historical,1967,195.5,136.5,45.5,105.5,43.03,2
Dubai,historical,1968,195.5,131.0,35.0,104.5,43.23,2
Dubai,historical,1969,197.5,130.0,35.5,87.0,43.0,2
Dubai,historical,1970,178.0,128.0,44.0,85.5,42.83,2
Dubai,historical,1971,194.0,140.5,47.0,111.5,42.51,2
Dubai,historical,1972,190.0,125.0,36.0,111.5,42.6,2
Dubai,historical,1973,181.0,129.0,43.0,115.0,41.99,2
Dubai,historical,1974,192.5,128.5,40.0,98.0,43.01,2
Dubai,historical,1975,180.5,118.5,36.0,107.0,42.09,2
Dubai,historical,1976,196.0,138.5,36.5,81.0,42.99,2
Dubai,historical,1977,191.5,136.5,49.5,124.0,43.28,2
Dubai,historical,1978,186.5,131.5,52.5,120.5,42.65,2
Dubai,historical,1979,196.0,130.5,43.0,119.0,42.47,2
Dubai,historical,1980,189.0,128.5,47.0,125.5,43.07,2
Dubai,historical,1981,186.5,141.0,34.5,117.0,43.05,2
Dubai,historical,1982,189.5,139.0,37.5,127.0,43.02,2
Dubai,historical,1983,187.5,126.0,44.0,120.5,42.22,2
Dubai,historical,1984,179.5,129.5,39.5,107.5,42.85,2
Dubai,historical,1985,191.0,128.5,38.5,104.0,43.55,2
Dubai,historical,1986,195.0,131.5,34.5,87.5,42.45,2
Dubai,historical,1987,200.5,134.5,48.5,100.0,43.06,2
Dubai,historical,1988,201.5,140.0,37.0,128.0,43.04,2
Dubai,historical,1989,193.5,140.5,51.0,129.0,43.3,2
Dubai,historical,1990,199.5,134.5,58.0,119.5,43.31,2
Dubai,historical,1991,196.0,135.0,49.0,103.5,43.1,2
Dubai,historical,1992,199.5,138.5,42.0,101.0,41.88,2
Dubai,historical,1993,195.5,114.0,32.0,55.5,41.91,2
Dubai,historical,1994,197.0,132.5,35.5,95.0,42.83,2
Dubai,historical,1995,192.0,138.5,49.0,108.0,42.73,2
Dubai,historical,1996,195.5,122.5,51.5,108.5,43.13,2
Dubai,historical,1997,192.0,143.5,31.5,91.5,42.14,2
Dubai,historical,1998,198.0,134.5,41.5,89.0,42.82,2
Dubai,historical,1999,192.5,134.5,47.5,126.5,43.95,2
Dubai,historical,2000,195.0,141.0,48.0,127.5,43.6,2
Dubai,historical,2001,188.5,147.0,64.0,131.5,43.49,2
Dubai,historical,2002,204.5,137.0,53.5,102.0,43.33,2
Dubai,historical,2003,197.5,136.0,55.5,114.5,43.6,2
Dubai,historical,2004,191.5,133.0,62.0,124.5,43.74,2
Dubai,historical,2005,198.5,141.5,52.5,125.5,43.61,2
Dubai,historical,2006,195.5,142.5,76.5,135.5,43.55,2
Dubai,historical,2007,217.0,144.0,56.5,126.5,43.68,2
Dubai,historical,2008,207.5,134.5,51.0,112.0,43.28,2
Dubai,historical,2009,202.5,144.5,53.5,135.5,43.51,2
Dubai,historical,2010,209.5,147.5,52.0,127.0,43.48,2
Dubai,historical,2011,200.5,144.0,65.5,110.0,43.93,2
Dubai,historical,2012,199.5,149.5,65.0,131.0,43.73,2
Dubai,historical,2013,202.0,149.0,57.0,116.0,43.75,2
Dubai,historical,2014,206.5,149.5,60.5,112.0,43.14,2
Dubai,ssp585,2015,211.33,152.67,51.67,146.0,42.48,3
Dubai,ssp585,2016,203.67,150.33,47.67,140.33,42.8,3
Dubai,ssp585,2017,215.33,157.33,64.0,150.0,43.19,3
Dubai,ssp585,2018,212.33,152.0,58.67,122.67,43.04,3
Dubai,ssp585,2019,209.67,149.67,62.33,141.33,43.15,3
Dubai,ssp585,2020,215.67,153.67,68.33,134.67,43.47,3
Dubai,ssp585,2021,222.67,156.0,62.33,148.67,43.13,3
Dubai,ssp585,2022,214.33,152.33,60.33,127.67,43.31,3
Dubai,ssp585,2023,215.67,157.0,58.67,148.33,43.17,3
Dubai,ssp585,2024,205.0,161.33,64.67,150.33,43.1,3
Dubai,ssp585,2025,217.67,163.0,68.33,154.33,43.21,3
Dubai,ssp585,2026,219.67,162.0,62.67,148.33,43.49,3
Dubai,ssp585,2027,208.0,159.0,69.0,150.67,43.32,3
Dubai,ssp585,2028,210.67,158.33,64.0,148.67,43.67,3
Dubai,ssp585,2029,223.67,155.0,66.67,121.0,43.23,3
Dubai,ssp585,2030,209.67,152.67,60.67,130.67,43.06,3
Dubai,ssp585,2031,210.33,156.67,72.0,150.0,44.12,3
Dubai,ssp585,2032,219.33,157.67,75.0,127.33,43.71,3
Dubai,ssp585,2033,220.0,155.33,74.67,119.0,43.92,3
Dubai,ssp585,2034,218.67,158.67,78.0,147.33,43.86,3
Dubai,ssp585,2035,223.67,163.0,74.33,125.33,43.86,3
Dubai,ssp585,2036,223.67,164.67,81.0,149.0,44.17,3
Dubai,ssp585,2037,220.67,165.67,84.0,155.67,44.04,3
Dubai,ssp585,2038,214.67,164.67,71.33,146.33,44.06,3
Dubai,ssp585,2039,211.67,161.67,70.67,151.67,44.41,3
Dubai,ssp585,2040,212.67,159.67,78.67,148.67,44.17,3
Dubai,ssp585,2041,227.67,167.67,88.33,149.67,44.13,3
Dubai,ssp585,2042,218.33,168.33,79.0,157.67,43.89,3
Dubai,ssp585,2043,206.67,154.0,80.0,146.33,43.96,3
Dubai,ssp585,2044,220.33,161.0,75.67,146.33,43.97,3
Dubai,ssp585,2045,224.0,161.0,92.0,137.33,44.91,3
Dubai,ssp585,2046,218.67,163.0,87.33,138.67,44.54,3
Dubai,ssp585,2047,210.33,162.67,98.33,155.0,44.46,3
Dubai,ssp585,2048,229.0,169.0,98.0,142.67,44.97,3
Dubai,ssp585,2049,229.33,176.0,93.33,170.67,44.5,3
Dubai,ssp585,2050,234.67,171.0,84.33,135.0,44.38,3
Dubai,ssp585,2051,222.33,165.67,80.67,154.0,44.55,3
Dubai,ssp585,2052,231.0,179.0,88.0,139.33,44.04,3
Dubai,ssp585,2053,231.67,174.0,97.67,167.0,45.17,3
Dubai,ssp585,2054,231.67,170.0,98.33,157.33,44.87,3
Dubai,ssp585,2055,234.67,177.33,93.0,145.67,45.0,3
Dubai,ssp585,2056,234.67,170.33,100.67,160.33,45.47,3
Dubai,ssp585,2057,235.0,174.67,104.0,163.33,44.85,3
Dubai,ssp585,2058,241.0,176.33,107.33,164.67,45.52,3
Dubai,ssp585,2059,235.67,167.67,96.0,128.67,45.19,3
Dubai,ssp585,2060,235.33,178.0,103.67,165.0,45.27,3
Dubai,ssp585,2061,242.33,183.0,111.0,172.0,45.83,3
Dubai,ssp585,2062,237.33,183.33,98.0,171.67,45.54,3
Dubai,ssp585,2063,235.33,184.67,109.0,167.0,45.57,3
Dubai,ssp585,2064,237.33,185.0,115.0,168.33,45.54,3
Dubai,ssp585,2065,234.67,180.0,113.33,169.0,45.53,3
Dubai,ssp585,2066,245.33,178.67,106.33,156.33,45.83,3
Dubai,ssp585,2067,242.33,179.33,107.0,175.67,45.45,3
Dubai,ssp585,2068,240.33,181.67,111.0,171.33,45.42,3
Dubai,ssp585,2069,248.33,186.0,116.0,178.67,46.1,3
Dubai,ssp585,2070,244.33,186.67,108.33,146.67,45.95,3
Dubai,ssp585,2071,251.0,183.33,108.67,172.33,46.12,3
Dubai,ssp585,2072,243.33,187.67,107.33,132.33,45.55,3
Dubai,ssp585,2073,250.0,188.0,126.67,174.33,45.8,3
Dubai,ssp585,2074,247.67,191.67,129.0,185.0,46.56,3
Dubai,ssp585,2075,258.67,196.33,128.67,184.33,46.36,3
Dubai,ssp585,2076,239.33,196.67,119.67,191.67,46.34,3
Dubai,ssp585,2077,248.0,187.67,122.67,171.33,46.39,3
Dubai,ssp585,2078,248.67,192.67,123.0,181.33,45.59,3
Dubai,ssp585,2079,253.67,195.67,125.33,156.0,46.95,3
Dubai,ssp585,2080,250.0,196.33,119.67,185.33,46.23,3
Dubai,ssp585,2081,271.0,192.67,120.33,167.33,46.41,3
Dubai,ssp585,2082,261.33,194.0,130.67,183.67,47.0,3
Dubai,ssp585,2083,256.0,200.67,125.33,182.33,46.49,3
Dubai,ssp585,2084,265.33,194.33,133.33,181.33,46.79,3
Dubai,ssp585,2085,268.33,198.0,134.67,185.67,46.64,3
Dubai,ssp585,2086,274.33,203.0,137.0,173.0,47.31,3
Dubai,ssp585,2087,264.33,208.67,130.33,188.67,47.59,3
Dubai,ssp585,2088,254.0,193.0,134.33,175.33,46.99,3
Dubai,ssp585,2089,271.0,196.0,137.67,190.67,47.47,3
Dubai,ssp585,2090,271.0,196.67,132.67,184.33,46.81,3
Dubai,ssp585,2091,272.33,203.0,146.67,191.67,47.54,3
Dubai,ssp585,2092,268.67,199.33,136.0,186.67,47.71,3
Dubai,ssp585,2093,275.33,200.67,141.67,187.67,47.38,3
Dubai,ssp585,2094,276.67,202.67,143.0,194.33,46.99,3
Dubai,ssp585,2095,276.33,215.67,146.33,187.0,47.16,3
Dubai,ssp585,2096,275.33,216.0,155.33,211.67,47.71,3
Dubai,ssp585,2097,275.33,211.33,144.67,199.0,47.86,3
Dubai,ssp585,2098,276.67,209.33,148.0,191.33,48.09,3
Dubai,ssp585,2099,271.0,205.67,138.0,195.0,47.63,3
Dubai,ssp585,2100,259.0,208.0,141.5,202.5,48.1,2
Honolulu,historical,1850,0.0,0.0,0.0,0.0,26.34,2
Honolulu,historical,1851,0.0,0.0,0.0,0.0,26.08,2
Honolulu,historical,1852,0.0,0.0,0.0,0.0,26.41,2
Honolulu,historical,1853,0.0,0.0,0.0,0.0,26.13,2
Honolulu,historical,1854,0.0,0.0,0.0,0.0,26.24,2
Honolulu,historical,1855,0.0,0.0,0.0,0.0,26.32,2
Honolulu,historical,1856,0.0,0.0,0.0,0.0,25.97,2
Honolulu,historical,1857,0.0,0.0,0.0,0.0,25.81,2
Honolulu,historical,1858,0.0,0.0,0.0,0.0,25.98,2
Honolulu,historical,1859,0.0,0.0,0.0,0.0,25.53,2
Honolulu,historical,1860,0.0,0.0,0.0,0.0,25.61,2
Honolulu,historical,1861,0.0,0.0,0.0,0.0,26.16,2
Honolulu,historical,1862,0.0,0.0,0.0,0.0,25.83,2
Honolulu,historical,1863,0.0,0.0,0.0,0.0,25.59,2
Honolulu,historical,1864,0.0,0.0,0.0,0.0,25.95,2
Honolulu,historical,1865,0.0,0.0,0.0,0.0,25.9,2
Honolulu,historical,1866,0.0,0.0,0.0,0.0,26.68,2
Honolulu,historical,1867,0.0,0.0,0.0,0.0,26.15,2
Honolulu,historical,1868,0.0,0.0,0.0,0.0,26.29,2
Honolulu,historical,1869,0.0,0.0,0.0,0.0,25.56,2
Honolulu,historical,1870,0.0,0.0,0.0,0.0,25.6,2
Honolulu,historical,1871,0.0,0.0,0.0,0.0,26.36,2
Honolulu,historical,1872,0.0,0.0,0.0,0.0,26.24,2
Honolulu,historical,1873,0.0,0.0,0.0,0.0,25.93,2
Honolulu,historical,1874,0.0,0.0,0.0,0.0,26.4,2
Honolulu,historical,1875,0.0,0.0,0.0,0.0,26.14,2
Honolulu,historical,1876,0.0,0.0,0.0,0.0,26.22,2
Honolulu,historical,1877,0.0,0.0,0.0,0.0,25.95,2
Honolulu,historical,1878,0.0,0.0,0.0,0.0,25.73,2
Honolulu,historical,1879,0.0,0.0,0.0,0.0,26.32,2
Honolulu,historical,1880,0.0,0.0,0.0,0.0,25.99,2
Honolulu,historical,1881,0.0,0.0,0.0,0.0,26.16,2
Honolulu,historical,1882,0.0,0.0,0.0,0.0,25.47,2
Honolulu,historical,1883,0.0,0.0,0.0,0.0,25.89,2
Honolulu,historical,1884,0.0,0.0,0.0,0.0,25.67,2
Honolulu,historical,1885,0.0,0.0,0.0,0.0,25.72,2
Honolulu,historical,1886,0.0,0.0,0.0,0.0,25.25,2
Honolulu,historical,1887,0.0,0.0,0.0,0.0,25.61,2
Honolulu,historical,1888,0.0,0.0,0.0,0.0,26.03,2
Honolulu,historical,1889,0.0,0.0,0.0,0.0,26.06,2
Honolulu,historical,1890,0.0,0.0,0.0,0.0,25.6,2
Honolulu,historical,1891,0.0,0.0,0.0,0.0,26.36,2
Honolulu,historical,1892,0.0,0.0,0.0,0.0,26.02,2
Honolulu,historical,1893,0.0,0.0,0.0,0.0,26.09,2
Honolulu,historical,1894,0.0,0.0,0.0,0.0,25.82,2
Honolulu,historical,1895,0.0,0.0,0.0,0.0,26.55,2
Honolulu,historical,1896,0.0,0.0,0.0,0.0,26.09,2
Honolulu,historical,1897,0.0,0.0,0.0,0.0,25.77,2
Honolulu,historical,1898,0.0,0.0,0.0,0.0,26.15,2
Honolulu,historical,1899,0.0,0.0,0.0,0.0,26.52,2
Honolulu,historical,1900,0.0,0.0,0.0,0.0,26.11,2
Honolulu,historical,1901,0.0,0.0,0.0,0.0,26.48,2
Honolulu,historical,1902,0.0,0.0,0.0,0.0,26.34,2
Honolulu,historical,1903,0.0,0.0,0.0,0.0,26.32,2
Honolulu,historical,1904,0.0,0.0,0.0,0.0,25.84,2
Honolulu,historical,1905,0.0,0.0,0.0,0.0,25.78,2
Honolulu,historical,1906,0.0,0.0,0.0,0.0,26.04,2
Honolulu,historical,1907,0.0,0.0,0.0,0.0,25.69,2
Honolulu,historical,1908,0.0,0.0,0.0,0.0,26.1,2
Honolulu,historical,1909,0.0,0.0,0.0,0.0,25.78,2
Honolulu,historical,1910,0.0,0.0,0.0,0.0,25.98,2
Honolulu,historical,1911,0.0,0.0,0.0,0.0,26.54,2
Honolulu,historical,1912,0.0,0.0,0.0,0.0,26.33,2
Honolulu,historical,1913,0.0,0.0,0.0,0.0,25.88,2
Honolulu,historical,1914,0.0,0.0,0.0,0.0,26.71,2
Honolulu,historical,1915,0.0,0.0,0.0,0.0,26.22,2
Honolulu,historical,1916,0.0,0.0,0.0,0.0,26.09,2
Honolulu,historical,1917,0.0,0.0,0.0,0.0,25.98,2
Honolulu,historical,1918,0.0,0.0,0.0,0.0,26.23,2
Honolulu,historical,1919,0.0,0.0,0.0,0.0,26.25,2
Honolulu,historical,1920,0.0,0.0,0.0,0.0,26.21,2
Honolulu,historical,1921,0.0,0.0,0.0,0.0,26.27,2
Honolulu,historical,1922,0.0,0.0,0.0,0.0,26.97,2
Honolulu,historical,1923,0.0,0.0,0.0,0.0,26.41,2
Honolulu,historical,1924,0.0,0.0,0.0,0.0,26.0,2
Honolulu,historical,1925,0.0,0.0,0.0,0.0,26.3,2
Honolulu,historical,1926,0.0,0.0,0.0,0.0,26.55,2
Honolulu,historical,1927,0.0,0.0,0.0,0.0,26.45,2
Honolulu,historical,1928,0.0,0.0,0.0,0.0,26.98,2
Honolulu,historical,1929,0.0,0.0,0.0,0.0,26.07,2
Honolulu,historical,1930,0.0,0.0,0.0,0.0,26.64,2
Honolulu,historical,1931,0.0,0.0,0.0,0.0,26.53,2
Honolulu,historical,1932,0.0,0.0,0.0,0.0,26.01,2
Honolulu,historical,1933,0.0,0.0,0.0,0.0,26.42,2
Honolulu,historical,1934,0.0,0.0,0.0,0.0,26.65,2
Honolulu,historical,1935,0.0,0.0,0.0,0.0,26.25,2
Honolulu,historical,1936,0.0,0.0,0.0,0.0,26.49,2
Honolulu,historical,1937,0.0,0.0,0.0,0.0,26.18,2
Honolulu,historical,1938,0.0,0.0,0.0,0.0,26.41,2
Honolulu,historical,1939,0.0,0.0,0.0,0.0,26.47,2
Honolulu,historical,1940,0.0,0.0,0.0,0.0,26.11,2
Honolulu,historical,1941,0.0,0.0,0.0,0.0,26.55,2
Honolulu,historical,1942,0.0,0.0,0.0,0.0,26.25,2
Honolulu,historical,1943,0.0,0.0,0.0,0.0,26.23,2
Honolulu,historical,1944,0.0,0.0,0.0,0.0,26.22,2
Honolulu,historical,1945,0.0,0.0,0.0,0.0,26.16,2
Honolulu,historical,1946,0.0,0.0,0.0,0.0,26.88,2
Honolulu,historical,1947,0.0,0.0,0.0,0.0,26.7,2
Honolulu,historical,1948,0.0,0.0,0.0,0.0,26.17,2
Honolulu,historical,1949,0.0,0.0,0.0,0.0,26.27,2
Honolulu,historical,1950,0.0,0.0,0.0,0.0,26.22,2
Honolulu,historical,1951,0.0,0.0,0.0,0.0,26.67,2
Honolulu,historical,1952,0.0,0.0,0.0,0.0,26.54,2
Honolulu,historical,1953,0.0,0.0,0.0,0.0,26.05,2
Honolulu,historical,1954,0.0,0.0,0.0,0.0,26.43,2
Honolulu,historical,1955,0.0,0.0,0.0,0.0,25.84,2
Honolulu,historical,1956,0.0,0.0,0.0,0.0,26.23,2
Honolulu,historical,1957,0.0,0.0,0.0,0.0,26.41,2
Honolulu,historical,1958,0.0,0.0,0.0,0.0,26.88,2
Honolulu,historical,1959,0.0,0.0,0.0,0.0,26.22,2
Honolulu,historical,1960,0.0,0.0,0.0,0.0,26.9,2
Honolulu,historical,1961,0.0,0.0,0.0,0.0,26.7,2
Honolulu,historical,1962,0.0,0.0,0.0,0.0,26.39,2
Honolulu,historical,1963,0.0,0.0,0.0,0.0,26.66,2
Honolulu,historical,1964,0.0,0.0,0.0,0.0,26.32,2
Honolulu,historical,1965,0.0,0.0,0.0,0.0,26.56,2
Honolulu,historical,1966,0.0,0.0,0.0,0.0,26.53,2
Honolulu,historical,1967,0.0,0.0,0.0,0.0,26.3,2
Honolulu,historical,1968,0.0,0.0,0.0,0.0,26.23,2
Honolulu,historical,1969,0.0,0.0,0.0,0.0,25.95,2
Honolulu,historical,1970,0.0,0.0,0.0,0.0,26.27,2
Honolulu,historical,1971,0.0,0.0,0.0,0.0,26.25,2
Honolulu,historical,1972,0.0,0.0,0.0,0.0,26.43,2
Honolulu,historical,1973,0.0,0.0,0.0,0.0,26.13,2
Honolulu,historical,1974,0.0,0.0,0.0,0.0,26.48,2
Honolulu,historical,1975,0.0,0.0,0.0,0.0,25.68,2
Honolulu,historical,1976,0.0,0.0,0.0,0.0,26.19,2
Honolulu,historical,1977,0.0,0.0,0.0,0.0,26.36,2
Honolulu,historical,1978,0.0,0.0,0.0,0.0,26.55,2
Honolulu,historical,1979,0.0,0.0,0.0,0.0,26.62,2
Honolulu,historical,1980,0.0,0.0,0.0,0.0,26.22,2
Honolulu,historical,1981,0.0,0.0,0.0,0.0,26.84,2
Honolulu,historical,1982,0.0,0.0,0.0,0.0,26.55,2
Honolulu,historical,1983,0.0,0.0,0.0,0.0,26.22,2
Honolulu,historical,1984,0.0,0.0,0.0,0.0,26.79,2
Honolulu,historical,1985,0.0,0.0,0.0,0.0,26.16,2
Honolulu,historical,1986,0.0,0.0,0.0,0.0,26.57,2
Honolulu,historical,1987,0.0,0.0,0.0,0.0,26.44,2
Honolulu,historical,1988,0.0,0.0,0.0,0.0,26.29,2
Honolulu,historical,1989,0.0,0.0,0.0,0.0,26.85,2
Honolulu,historical,1990,0.0,0.0,0.0,0.0,26.68,2
Honolulu,historical,1991,0.0,0.0,0.0,0.0,26.25,2
Honolulu,historical,1992,0.0,0.0,0.0,0.0,25.86,2
Honolulu,historical,1993,0.0,0.0,0.0,0.0,25.48,2
Honolulu,historical,1994,0.0,0.0,0.0,0.0,26.7,2
Honolulu,historical,1995,0.0,0.0,0.0,0.0,26.52,2
Honolulu,historical,1996,0.0,0.0,0.0,0.0,26.96,2
Honolulu,historical,1997,0.0,0.0,0.0,0.0,26.61,2
Honolulu,historical,1998,0.0,0.0,0.0,0.0,26.92,2
Honolulu,historical,1999,0.0,0.0,0.0,0.0,26.29,2
Honolulu,historical,2000,0.0,0.0,0.0,0.0,26.97,2
Honolulu,historical,2001,0.0,0.0,0.0,0.0,26.37,2
Honolulu,historical,2002,0.0,0.0,0.0,0.0,26.77,2
Honolulu,historical,2003,0.0,0.0,0.0,0.0,27.27,2
Honolulu,historical,2004,0.0,0.0,0.0,0.0,27.69,2
Honolulu,historical,2005,0.0,0.0,0.0,0.0,27.01,2
Honolulu,historical,2006,0.0,0.0,0.0,0.0,26.74,2
Honolulu,historical,2007,0.0,0.0,0.0,0.0,27.07,2
Honolulu,historical,2008,0.0,0.0,0.0,0.0,27.28,2
Honolulu,historical,2009,0.0,0.0,0.0,0.0,26.91,2
Honolulu,historical,2010,0.0,0.0,0.0,0.0,26.6,2
Honolulu,historical,2011,0.0,0.0,0.0,0.0,26.92,2
Honolulu,historical,2012,0.0,0.0,0.0,0.0,27.64,2
Honolulu,historical,2013,0.0,0.0,0.0,0.0,26.72,2
Honolulu,historical,2014,0.0,0.0,0.0,0.0,26.62,2
Honolulu,ssp585,2015,0.0,0.0,0.0,0.0,27.57,3
Honolulu,ssp585,2016,0.0,0.0,0.0,0.0,27.16,3
Honolulu,ssp585,2017,0.0,0.0,0.0,0.0,27.18,3
Honolulu,ssp585,2018,0.0,0.0,0.0,0.0,26.74,3
Honolulu,ssp585,2019,0.0,0.0,0.0,0.0,27.48,3
Honolulu,ssp585,2020,0.0,0.0,0.0,0.0,27.23,3
Honolulu,ssp585,2021,0.0,0.0,0.0,0.0,27.72,3
Honolulu,ssp585,2022,0.0,0.0,0.0,0.0,27.27,3
Honolulu,ssp585,2023,0.0,0.0,0.0,0.0,27.19,3
Honolulu,ssp585,2024,0.0,0.0,0.0,0.0,27.28,3
Honolulu,ssp585,2025,0.0,0.0,0.0,0.0,27.58,3
Honolulu,ssp585,2026,0.0,0.0,0.0,0.0,27.8,3
Honolulu,ssp585,2027,0.0,0.0,0.0,0.0,28.02,3
Honolulu,ssp585,2028,0.0,0.0,0.0,0.0,27.6,3
Honolulu,ssp585,2029,0.0,0.0,0.0,0.0,27.23,3
Honolulu,ssp585,2030,0.0,0.0,0.0,0.0,27.8,3
Honolulu,ssp585,2031,0.0,0.0,0.0,0.0,27.87,3
Honolulu,ssp585,2032,0.0,0.0,0.0,0.0,27.8,3
Honolulu,ssp585,2033,0.0,0.0,0.0,0.0,28.11,3
Honolulu,ssp585,2034,0.0,0.0,0.0,0.0,27.46,3
Honolulu,ssp585,2035,0.0,0.0,0.0,0.0,27.82,3
Honolulu,ssp585,2036,0.0,0.0,0.0,0.0,28.34,3
Honolulu,ssp585,2037,0.33,0.0,0.0,0.0,28.69,3
Honolulu,ssp585,2038,0.0,0.0,0.0,0.0,27.89,3
Honolulu,ssp585,2039,0.0,0.0,0.0,0.0,28.12,3
Honolulu,ssp585,2040,0.0,0.0,0.0,0.0,28.17,3
Honolulu,ssp585,2041,0.0,0.0,0.0,0.0,28.54,3
Honolulu,ssp585,2042,0.0,0.0,0.0,0.0,28.4,3
Honolulu,ssp585,2043,0.0,0.0,0.0,0.0,28.21,3
Honolulu,ssp585,2044,0.0,0.0,0.0,0.0,28.96,3
Honolulu,ssp585,2045,1.0,0.0,0.0,0.0,28.37,3
Honolulu,ssp585,2046,0.0,0.0,0.0,0.0,28.79,3
Honolulu,ssp585,2047,0.0,0.0,0.0,0.0,28.09,3
Honolulu,ssp585,2048,0.0,0.0,0.0,0.0,28.63,3
Honolulu,ssp585,2049,0.0,0.0,0.0,0.0,28.41,3
Honolulu,ssp585,2050,1.0,0.0,0.0,0.0,28.76,3
Honolulu,ssp585,2051,10.67,0.0,0.0,0.0,29.09,3
Honolulu,ssp585,2052,16.0,0.0,0.0,0.0,28.98,3
Honolulu,ssp585,2053,7.33,0.0,0.0,0.0,29.01,3
Honolulu,ssp585,2054,10.33,0.0,0.0,0.0,28.63,3
Honolulu,ssp585,2055,7.67,0.0,0.0,0.0,28.98,3
Honolulu,ssp585,2056,12.67,0.0,0.0,0.0,29.16,3
Honolulu,ssp585,2057,15.33,0.0,0.0,0.0,29.12,3
Honolulu,ssp585,2058,3.0,0.0,0.0,0.0,28.9,3
Honolulu,ssp585,2059,10.67,0.0,0.0,0.0,29.27,3
Honolulu,ssp585,2060,23.33,0.0,0.0,0.0,29.56,3
Honolulu,ssp585,2061,15.33,0.0,0.0,0.0,29.4,3
Honolulu,ssp585,2062,21.67,0.0,0.0,0.0,29.09,3
Honolulu,ssp585,2063,22.67,0.0,0.0,0.0,29.51,3
Honolulu,ssp585,2064,16.67,0.0,0.0,0.0,29.51,3
Honolulu,ssp585,2065,12.0,0.0,0.0,0.0,29.29,3
Honolulu,ssp585,2066,19.67,0.0,0.0,0.0,29.74,3
Honolulu,ssp585,2067,17.33,0.0,0.0,0.0,29.53,3
Honolulu,ssp585,2068,30.67,0.0,0.0,0.0,29.78,3
Honolulu,ssp585,2069,22.33,0.0,0.0,0.0,29.99,3
Honolulu,ssp585,2070,13.0,0.0,0.0,0.0,29.87,3
Honolulu,ssp585,2071,25.33,0.0,0.0,0.0,30.04,3
Honolulu,ssp585,2072,30.67,0.0,0.0,0.0,29.74,3
Honolulu,ssp585,2073,23.67,0.0,0.0,0.0,30.07,3
Honolulu,ssp585,2074,30.33,0.0,0.0,0.0,30.22,3
Honolulu,ssp585,2075,24.0,0.0,0.0,0.0,30.09,3
Honolulu,ssp585,2076,25.33,0.0,0.0,0.0,30.55,3
Honolulu,ssp585,2077,29.67,0.0,0.0,0.0,30.0,3
Honolulu,ssp585,2078,39.0,0.0,0.0,0.0,30.48,3
Honolulu,ssp585,2079,32.33,0.0,0.0,0.0,30.49,3
Honolulu,ssp585,2080,44.67,0.0,0.0,0.0,30.88,3
Honolulu,ssp585,2081,37.33,0.0,0.0,0.0,30.82,3
Honolulu,ssp585,2082,40.67,0.0,0.0,0.0,30.28,3
Honolulu,ssp585,2083,41.67,0.0,0.0,0.0,30.61,3
Honolulu,ssp585,2084,38.33,0.0,0.0,0.0,30.57,3
Honolulu,ssp585,2085,35.67,0.0,0.0,0.0,30.9,3
Honolulu,ssp585,2086,42.0,0.0,0.0,0.0,31.26,3
Honolulu,ssp585,2087,40.0,0.0,0.0,0.0,31.32,3
Honolulu,ssp585,2088,33.33,0.0,0.0,0.0,30.91,3
Honolulu,ssp585,2089,46.0,0.0,0.0,0.0,30.76,3
Honolulu,ssp585,2090,49.67,0.0,0.0,0.0,31.27,3
Honolulu,ssp585,2091,55.0,0.0,0.0,0.0,31.73,3
Honolulu,ssp585,2092,45.67,0.0,0.0,0.0,31.53,3
Honolulu,ssp585,2093,43.33,0.0,0.0,0.0,31.08,3
Honolulu,ssp585,2094,45.67,0.0,0.0,0.0,30.79,3
Honolulu,ssp585,2095,48.0,0.0,0.0,0.0,31.05,3
Honolulu,ssp585,2096,55.67,0.0,0.0,0.0,31.45,3
Honolulu,ssp585,2097,58.0,0.0,0.0,0.0,31.64,3
Honolulu,ssp585,2098,57.33,0.0,0.0,0.0,31.96,3
Honolulu,ssp585,2099,66.0,0.0,0.0,0.0,31.72,3
Honolulu,ssp585,2100,6.5,0.0,0.0,0.0,30.2,2
Lagos,historical,1850,160.0,0.0,0.0,0.0,34.19,2
Lagos,historical,1851,115.5,0.0,0.0,0.0,34.42,2
Lagos,historical,1852,144.0,0.0,0.0,0.0,33.88,2
Lagos,historical,1853,142.0,0.0,0.0,0.0,34.28,2
Lagos,historical,1854,142.5,0.0,0.0,0.0,33.82,2
Lagos,historical,1855,129.5,0.0,0.0,0.0,33.29,2
Lagos,historical,1856,124.0,0.0,0.0,0.0,33.75,2
Lagos,historical,1857,142.0,0.0,0.0,0.0,33.71,2
Lagos,historical,1858,117.5,0.0,0.0,0.0,33.53,2
Lagos,historical,1859,115.0,0.0,0.0,0.0,33.24,2
Lagos,historical,1860,123.0,0.0,0.0,0.0,33.58,2
Lagos,historical,1861,112.5,0.0,0.0,0.0,33.58,2
Lagos,historical,1862,147.0,0.0,0.0,0.0,33.23,2
Lagos,historical,1863,119.0,0.0,0.0,0.0,33.43,2
Lagos,historical,1864,123.0,0.0,0.0,0.0,34.04,2
Lagos,historical,1865,143.5,0.0,0.0,0.0,33.77,2
Lagos,historical,1866,149.0,0.0,0.0,0.0,33.62,2
Lagos,historical,1867,134.5,0.0,0.0,0.0,33.76,2
Lagos,historical,1868,174.0,0.5,0.0,0.5,34.24,2
Lagos,historical,1869,145.5,0.0,0.0,0.0,33.93,2
Lagos,historical,1870,134.0,0.0,0.0,0.0,33.32,2
Lagos,historical,1871,118.5,0.0,0.0,0.0,33.36,2
Lagos,historical,1872,142.0,0.0,0.0,0.0,34.12,2
Lagos,historical,1873,130.0,2.0,0.0,1.5,33.95,2
Lagos,historical,1874,131.5,0.0,0.0,0.0,33.36,2
Lagos,historical,1875,144.5,0.0,0.0,0.0,33.2,2
Lagos,historical,1876,153.0,0.0,0.0,0.0,33.91,2
Lagos,historical,1877,138.0,0.0,0.0,0.0,34.47,2
Lagos,historical,1878,124.5,0.0,0.0,0.0,33.59,2
Lagos,historical,1879,125.0,0.0,0.0,0.0,33.55,2
Lagos,historical,1880,129.5,0.0,0.0,0.0,33.16,2
Lagos,historical,1881,142.5,0.0,0.0,0.0,33.7,2
Lagos,historical,1882,149.0,0.0,0.0,0.0,33.92,2
Lagos,historical,1883,107.5,0.0,0.0,0.0,33.48,2
Lagos,historical,1884,87.5,0.0,0.0,0.0,32.33,2
Lagos,historical,1885,136.5,0.0,0.0,0.0,33.44,2
Lagos,historical,1886,124.0,0.0,0.0,0.0,33.79,2
Lagos,historical,1887,109.0,0.0,0.0,0.0,33.14,2
Lagos,historical,1888,128.5,0.0,0.0,0.0,33.26,2
Lagos,historical,1889,136.0,0.0,0.0,0.0,33.93,2
Lagos,historical,1890,124.5,0.0,0.0,0.0,34.26,2
Lagos,historical,1891,144.0,0.0,0.0,0.0,33.68,2
Lagos,historical,1892,121.5,0.0,0.0,0.0,33.55,2
Lagos,historical,1893,132.5,0.0,0.0,0.0,33.61,2
Lagos,historical,1894,118.0,0.0,0.0,0.0,33.37,2
Lagos,historical,1895,143.5,0.0,0.0,0.0,33.41,2
Lagos,historical,1896,163.0,0.0,0.0,0.0,34.48,2
Lagos,historical,1897,125.5,0.0,0.0,0.0,33.45,2
Lagos,historical,1898,142.0,0.0,0.0,0.0,33.73,2
Lagos,historical,1899,141.0,0.0,0.0,0.0,33.92,2
Lagos,historical,1900,150.5,0.0,0.0,0.0,34.0,2
Lagos,historical,1901,164.5,1.0,0.0,1.0,34.4,2
Lagos,historical,1902,131.5,0.0,0.0,0.0,33.96,2
Lagos,historical,1903,126.5,0.0,0.0,0.0,33.64,2
Lagos,historical,1904,145.0,0.0,0.0,0.0,33.86,2
Lagos,historical,1905,136.0,0.0,0.0,0.0,34.01,2
Lagos,historical,1906,89.0,0.0,0.0,0.0,33.46,2
Lagos,historical,1907,128.0,0.0,0.0,0.0,32.92,2
Lagos,historical,1908,120.0,0.0,0.0,0.0,33.51,2
Lagos,historical,1909,127.5,0.0,0.0,0.0,33.56,2
Lagos,historical,1910,154.0,0.0,0.0,0.0,33.65,2
Lagos,historical,1911,157.5,0.0,0.0,0.0,33.59,2
Lagos,historical,1912,161.5,0.0,0.0,0.0,33.98,2
Lagos,historical,1913,162.0,0.0,0.0,0.0,33.73,2
Lagos,historical,1914,139.5,0.0,0.0,0.0,34.34,2
Lagos,historical,1915,158.0,0.0,0.0,0.0,33.82,2
Lagos,historical,1916,130.0,0.0,0.0,0.0,33.63,2
Lagos,historical,1917,116.5,0.0,0.0,0.0,33.74,2
Lagos,historical,1918,141.0,0.0,0.0,0.0,33.72,2
Lagos,historical,1919,160.5,0.0,0.0,0.0,34.16,2
Lagos,historical,1920,159.5,0.0,0.0,0.0,34.06,2
Lagos,historical,1921,135.0,0.0,0.0,0.0,33.52,2
Lagos,historical,1922,127.0,0.0,0.0,0.0,33.64,2
Lagos,historical,1923,150.5,0.0,0.0,0.0,34.29,2
Lagos,historical,1924,155.5,0.0,0.0,0.0,33.69,2
Lagos,historical,1925,141.5,0.0,0.0,0.0,33.7,2
Lagos,historical,1926,132.0,0.0,0.0,0.0,33.59,2
Lagos,historical,1927,127.0,0.0,0.0,0.0,34.03,2
Lagos,historical,1928,122.5,0.0,0.0,0.0,34.19,2
Lagos,historical,1929,126.5,0.0,0.0,0.0,33.8,2
Lagos,historical,1930,152.5,0.0,0.0,0.0,34.15,2
Lagos,historical,1931,133.5,0.0,0.0,0.0,33.89,2
Lagos,historical,1932,156.0,0.0,0.0,0.0,34.29,2
Lagos,historical,1933,149.0,0.0,0.0,0.0,33.79,2
Lagos,historical,1934,144.0,0.0,0.0,0.0,34.29,2
Lagos,historical,1935,153.0,0.0,0.0,0.0,33.7,2
Lagos,historical,1936,151.0,0.0,0.0,0.0,33.82,2
Lagos,historical,1937,136.5,0.0,0.0,0.0,33.81,2
Lagos,historical,1938,113.5,0.0,0.0,0.0,33.59,2
Lagos,historical,1939,141.0,0.0,0.0,0.0,34.09,2
Lagos,historical,1940,157.0,0.0,0.0,0.0,34.26,2
Lagos,historical,1941,154.5,0.0,0.0,0.0,33.33,2
Lagos,historical,1942,148.5,0.0,0.0,0.0,34.11,2
Lagos,historical,1943,137.5,0.0,0.0,0.0,33.76,2
Lagos,historical,1944,156.5,0.0,0.0,0.0,34.27,2
Lagos,historical,1945,156.0,0.0,0.0,0.0,33.55,2
Lagos,historical,1946,123.5,0.0,0.0,0.0,33.77,2
Lagos,historical,1947,158.0,0.0,0.0,0.0,34.45,2
Lagos,historical,1948,137.0,0.0,0.0,0.0,34.12,2
Lagos,historical,1949,125.0,0.0,0.0,0.0,33.22,2
Lagos,historical,1950,149.5,0.0,0.0,0.0,33.78,2
Lagos,historical,1951,130.0,0.0,0.0,0.0,33.61,2
Lagos,historical,1952,156.0,0.0,0.0,0.0,33.7,2
Lagos,historical,1953,158.5,0.0,0.0,0.0,34.37,2
Lagos,historical,1954,123.5,0.0,0.0,0.0,33.73,2
Lagos,historical,1955,134.0,0.0,0.0,0.0,33.46,2
Lagos,historical,1956,119.0,0.0,0.0,0.0,33.53,2
Lagos,historical,1957,144.5,0.0,0.0,0.0,33.68,2
Lagos,historical,1958,162.5,0.0,0.0,0.0,33.88,2
Lagos,historical,1959,153.5,0.5,0.0,0.5,34.71,2
Lagos,historical,1960,130.5,0.0,0.0,0.0,33.64,2
Lagos,historical,1961,162.0,1.0,0.0,1.0,34.04,2
Lagos,historical,1962,121.5,0.0,0.0,0.0,33.93,2
Lagos,historical,1963,117.0,0.0,0.0,0.0,33.91,2
Lagos,historical,1964,90.5,0.0,0.0,0.0,32.95,2
Lagos,historical,1965,123.5,0.0,0.0,0.0,33.78,2
Lagos,historical,1966,106.0,0.0,0.0,0.0,33.85,2
Lagos,historical,1967,112.5,0.0,0.0,0.0,33.99,2
Lagos,historical,1968,129.0,0.0,0.0,0.0,33.88,2
Lagos,historical,1969,118.0,0.0,0.0,0.0,33.28,2
Lagos,historical,1970,135.0,0.0,0.0,0.0,34.18,2
Lagos,historical,1971,122.5,0.0,0.0,0.0,33.95,2
Lagos,historical,1972,145.5,0.0,0.0,0.0,33.85,2
Lagos,historical,1973,119.0,0.0,0.0,0.0,33.65,2
Lagos,historical,1974,119.0,0.0,0.0,0.0,33.62,2
Lagos,historical,1975,115.5,0.0,0.0,0.0,33.12,2
Lagos,historical,1976,111.0,0.0,0.0,0.0,33.14,2
Lagos,historical,1977,144.0,0.0,0.0,0.0,34.01,2
Lagos,historical,1978,126.5,0.0,0.0,0.0,34.11,2
Lagos,historical,1979,135.5,0.0,0.0,0.0,33.97,2
Lagos,historical,1980,155.5,0.0,0.0,0.0,34.19,2
Lagos,historical,1981,145.0,0.0,0.0,0.0,34.08,2
Lagos,historical,1982,116.5,0.0,0.0,0.0,33.92,2
Lagos,historical,1983,123.5,0.0,0.0,0.0,33.91,2
Lagos,historical,1984,119.5,1.0,0.0,0.5,34.03,2
Lagos,historical,1985,132.0,0.0,0.0,0.0,34.17,2
Lagos,historical,1986,153.0,0.0,0.0,0.0,33.77,2
Lagos,historical,1987,142.0,0.0,0.0,0.0,33.75,2
Lagos,historical,1988,123.0,0.0,0.0,0.0,33.5,2
Lagos,historical,1989,134.5,0.0,0.0,0.0,33.8,2
Lagos,historical,1990,148.5,0.0,0.0,0.0,33.7,2
Lagos,historical,1991,132.5,0.0,0.0,0.0,34.04,2
Lagos,historical,1992,102.5,0.0,0.0,0.0,32.85,2
Lagos,historical,1993,115.0,0.0,0.0,0.0,33.09,2
Lagos,historical,1994,127.0,0.0,0.0,0.0,34.06,2
Lagos,historical,1995,137.5,0.0,0.0,0.0,33.64,2
Lagos,historical,1996,132.0,2.0,0.0,1.0,34.01,2
Lagos,historical,1997,136.0,0.0,0.0,0.0,33.96,2
Lagos,historical,1998,136.5,0.0,0.0,0.0,33.64,2
Lagos,historical,1999,134.0,0.0,0.0,0.0,33.92,2
Lagos,historical,2000,110.0,0.0,0.0,0.0,33.88,2
Lagos,historical,2001,175.5,0.0,0.0,0.0,34.07,2
Lagos,historical,2002,152.5,0.0,0.0,0.0,34.18,2
Lagos,historical,2003,155.5,0.0,0.0,0.0,33.38,2
Lagos,historical,2004,186.0,0.0,0.0,0.0,34.44,2
Lagos,historical,2005,161.5,0.5,0.0,0.5,34.34,2
Lagos,historical,2006,165.5,0.0,0.0,0.0,34.17,2
Lagos,historical,2007,156.0,1.5,0.0,0.5,34.12,2
Lagos,historical,2008,150.5,0.0,0.0,0.0,34.12,2
Lagos,historical,2009,159.0,0.0,0.0,0.0,34.29,2
Lagos,historical,2010,156.5,0.0,0.0,0.0,33.51,2
Lagos,historical,2011,133.0,0.0,0.0,0.0,34.14,2
Lagos,historical,2012,148.0,0.0,0.0,0.0,33.82,2
Lagos,historical,2013,135.0,0.5,0.0,0.5,34.37,2
Lagos,historical,2014,123.0,0.0,0.0,0.0,33.79,2
Lagos,ssp585,2015,211.67,17.33,0.0,4.0,34.98,3
Lagos,ssp585,2016,188.0,20.0,0.0,8.33,35.15,3
Lagos,ssp585,2017,208.33,29.67,0.0,11.0,35.89,3
Lagos,ssp585,2018,191.0,29.67,0.0,4.33,35.22,3
Lagos,ssp585,2019,205.67,16.67,0.0,3.67,34.57,3
Lagos,ssp585,2020,200.67,18.0,0.0,6.0,34.88,3
Lagos,ssp585,2021,192.0,28.0,0.0,10.33,35.33,3
Lagos,ssp585,2022,193.67,25.33,0.0,7.33,35.07,3
Lagos,ssp585,2023,180.67,21.33,0.0,9.67,35.17,3
Lagos,ssp585,2024,185.67,21.33,0.0,9.0,34.75,3
Lagos,ssp585,2025,203.0,22.67,0.0,6.33,35.39,3
Lagos,ssp585,2026,193.0,29.67,0.0,21.67,35.83,3
Lagos,ssp585,2027,219.67,41.0,0.0,17.0,35.32,3
Lagos,ssp585,2028,217.67,31.0,0.0,8.0,35.92,3
Lagos,ssp585,2029,215.67,23.0,0.0,5.67,35.74,3
Lagos,ssp585,2030,194.0,30.0,0.0,8.67,34.84,3
Lagos,ssp585,2031,213.0,40.0,0.0,16.0,35.43,3
Lagos,ssp585,2032,240.0,41.33,0.0,8.67,35.65,3
Lagos,ssp585,2033,213.67,38.0,0.0,29.0,35.66,3
Lagos,ssp585,2034,218.0,33.67,0.0,10.0,35.54,3
Lagos,ssp585,2035,206.33,50.0,0.0,17.0,35.38,3
Lagos,ssp585,2036,214.33,40.67,0.0,12.0,35.34,3
Lagos,ssp585,2037,217.67,39.0,0.0,14.33,35.52,3
Lagos,ssp585,2038,208.67,42.67,0.0,14.67,35.64,3
Lagos,ssp585,2039,200.33,48.33,0.0,16.0,35.25,3
Lagos,ssp585,2040,233.0,40.33,0.0,13.33,35.74,3
Lagos,ssp585,2041,211.67,45.0,0.0,12.0,35.63,3
Lagos,ssp585,2042,213.0,57.67,0.0,19.33,35.53,3
Lagos,ssp585,2043,215.0,51.67,0.0,13.67,34.67,3
Lagos,ssp585,2044,202.0,40.33,0.0,17.33,35.15,3
Lagos,ssp585,2045,239.33,47.67,0.0,13.67,35.65,3
Lagos,ssp585,2046,223.0,57.67,1.0,21.67,36.02,3
Lagos,ssp585,2047,221.67,55.33,0.0,28.33,35.69,3
Lagos,ssp585,2048,236.0,49.33,0.0,31.67,35.79,3
Lagos,ssp585,2049,239.0,62.67,0.0,36.67,36.43,3
Lagos,ssp585,2050,217.67,45.33,0.0,32.0,35.54,3
Lagos,ssp585,2051,251.33,61.0,0.0,26.0,35.83,3
Lagos,ssp585,2052,223.0,50.67,0.0,32.0,36.27,3
Lagos,ssp585,2053,224.0,58.67,0.0,31.33,35.55,3
Lagos,ssp585,2054,223.0,67.0,2.0,34.67,36.49,3
Lagos,ssp585,2055,236.33,69.33,0.33,48.67,36.4,3
Lagos,ssp585,2056,226.67,62.0,0.0,25.67,35.48,3
Lagos,ssp585,2057,233.33,64.33,0.33,28.33,35.95,3
Lagos,ssp585,2058,236.67,75.0,0.0,51.0,35.76,3
Lagos,ssp585,2059,241.0,76.33,1.33,48.0,36.82,3
Lagos,ssp585,2060,237.33,61.33,0.0,24.67,36.1,3
Lagos,ssp585,2061,245.67,78.33,0.0,29.33,35.95,3
Lagos,ssp585,2062,244.67,73.0,0.0,50.67,36.31,3
Lagos,ssp585,2063,241.67,83.33,1.67,48.0,36.43,3
Lagos,ssp585,2064,263.0,78.0,0.33,24.0,36.57,3
Lagos,ssp585,2065,260.0,80.33,3.0,49.33,36.86,3
Lagos,ssp585,2066,264.0,76.67,4.67,51.33,36.72,3
Lagos,ssp585,2067,265.67,80.0,0.0,30.67,36.67,3
Lagos,ssp585,2068,237.67,68.33,1.33,44.0,36.63,3
Lagos,ssp585,2069,246.33,99.67,3.0,44.67,36.85,3
Lagos,ssp585,2070,258.0,84.67,3.33,50.67,36.66,3
Lagos,ssp585,2071,264.67,91.33,0.33,50.0,37.28,3
Lagos,ssp585,2072,256.67,79.33,0.67,37.0,36.39,3
Lagos,ssp585,2073,263.33,92.33,9.0,47.0,37.21,3
Lagos,ssp585,2074,266.0,86.33,10.33,60.67,37.11,3
Lagos,ssp585,2075,284.0,102.67,2.0,47.67,37.68,3
Lagos,ssp585,2076,274.67,95.0,10.0,46.0,37.37,3
Lagos,ssp585,2077,257.67,98.0,10.0,59.67,37.54,3
Lagos,ssp585,2078,254.67,108.33,6.0,45.0,37.01,3
Lagos,ssp585,2079,278.0,96.0,12.33,53.0,37.31,3
Lagos,ssp585,2080,279.67,94.0,10.0,50.0,37.56,3
Lagos,ssp585,2081,297.0,109.33,14.33,43.67,37.88,3
Lagos,ssp585,2082,280.0,129.0,15.33,70.33,38.06,3
Lagos,ssp585,2083,277.0,96.67,13.67,59.0,37.41,3
Lagos,ssp585,2084,279.67,111.67,17.33,69.0,37.89,3
Lagos,ssp585,2085,282.33,111.33,19.0,57.67,37.53,3
Lagos,ssp585,2086,292.67,117.33,29.33,67.0,38.03,3
Lagos,ssp585,2087,287.0,114.67,21.0,69.33,37.91,3
Lagos,ssp585,2088,310.0,101.67,18.0,56.0,37.62,3
Lagos,ssp585,2089,286.67,143.67,21.33,52.67,38.57,3
Lagos,ssp585,2090,289.0,109.0,17.0,64.67,37.95,3
Lagos,ssp585,2091,297.33,124.67,20.33,59.33,37.79,3
Lagos,ssp585,2092,310.0,120.67,30.33,70.0,37.84,3
Lagos,ssp585,2093,306.33,128.33,31.0,71.33,38.55,3
Lagos,ssp585,2094,297.0,118.67,20.33,66.33,38.2,3
Lagos,ssp585,2095,312.67,128.0,21.67,61.33,37.56,3
Lagos,ssp585,2096,308.33,135.67,47.67,70.33,38.31,3
Lagos,ssp585,2097,295.33,117.33,28.0,61.33,38.02,3
Lagos,ssp585,2098,328.67,131.33,29.0,62.33,38.31,3
Lagos,ssp585,2099,318.67,163.33,39.0,99.67,39.33,3
Lagos,ssp585,2100,304.0,37.5,0.0,6.5,36.2,2
London,historical,1850,0.0,0.0,0.0,0.0,25.07,2
London,historical,1851,0.0,0.0,0.0,0.0,22.76,2
London,historical,1852,0.0,0.0,0.0,0.0,25.44,2
London,historical,1853,0.0,0.0,0.0,0.0,23.04,2
London,historical,1854,0.0,0.0,0.0,0.0,26.48,2
London,historical,1855,0.0,0.0,0.0,0.0,24.36,2
London,historical,1856,0.0,0.0,0.0,0.0,25.31,2
London,historical,1857,0.0,0.0,0.0,0.0,25.03,2
London,historical,1858,0.0,0.0,0.0,0.0,23.87,2
London,historical,1859,0.0,0.0,0.0,0.0,24.36,2
London,historical,1860,0.0,0.0,0.0,0.0,24.81,2
London,historical,1861,0.0,0.0,0.0,0.0,25.68,2
London,historical,1862,0.0,0.0,0.0,0.0,25.09,2
London,historical,1863,0.0,0.0,0.0,0.0,24.82,2
London,historical,1864,0.0,0.0,0.0,0.0,23.52,2
London,historical,1865,0.0,0.0,0.0,0.0,25.51,2
London,historical,1866,0.0,0.0,0.0,0.0,24.57,2
London,historical,1867,0.0,0.0,0.0,0.0,23.0,2
London,historical,1868,0.0,0.0,0.0,0.0,24.32,2
London,historical,1869,0.0,0.0,0.0,0.0,24.09,2
London,historical,1870,0.0,0.0,0.0,0.0,25.18,2
London,historical,1871,0.0,0.0,0.0,0.0,23.72,2
London,historical,1872,0.0,0.0,0.0,0.0,23.61,2
London,historical,1873,0.0,0.0,0.0,0.0,24.35,2
London,historical,1874,0.0,0.0,0.0,0.0,24.17,2
London,historical,1875,0.0,0.0,0.0,0.0,22.45,2
London,historical,1876,0.0,0.0,0.0,0.0,22.79,2
London,historical,1877,0.0,0.0,0.0,0.0,25.55,2
London,historical,1878,0.0,0.0,0.0,0.0,23.67,2
London,historical,1879,0.0,0.0,0.0,0.0,21.56,2
London,historical,1880,0.0,0.0,0.0,0.0,22.56,2
London,historical,1881,0.0,0.0,0.0,0.0,24.08,2
London,historical,1882,0.0,0.0,0.0,0.0,24.96,2
London,historical,1883,0.0,0.0,0.0,0.0,23.27,2
London,historical,1884,0.0,0.0,0.0,0.0,22.84,2
London,historical,1885,0.0,0.0,0.0,0.0,20.57,2
London,historical,1886,0.0,0.0,0.0,0.0,24.22,2
London,historical,1887,0.0,0.0,0.0,0.0,24.09,2
London,historical,1888,0.0,0.0,0.0,0.0,25.01,2
London,historical,1889,0.0,0.0,0.0,0.0,23.79,2
London,historical,1890,0.0,0.0,0.0,0.0,21.42,2
London,historical,1891,0.0,0.0,0.0,0.0,25.29,2
London,historical,1892,0.0,0.0,0.0,0.0,23.9,2
London,historical,1893,0.0,0.0,0.0,0.0,23.92,2
London,historical,1894,0.0,0.0,0.0,0.0,25.8,2
London,historical,1895,0.0,0.0,0.0,0.0,23.69,2
London,historical,1896,0.0,0.0,0.0,0.0,21.18,2
London,historical,1897,0.0,0.0,0.0,0.0,24.04,2
London,historical,1898,0.0,0.0,0.0,0.0,24.78,2
London,historical,1899,0.0,0.0,0.0,0.0,24.54,2
London,historical,1900,0.0,0.0,0.0,0.0,24.1,2
London,historical,1901,0.0,0.0,0.0,0.0,26.16,2
London,historical,1902,0.0,0.0,0.0,0.0,24.71,2
London,historical,1903,0.0,0.0,0.0,0.0,21.15,2
London,historical,1904,0.0,0.0,0.0,0.0,23.12,2
London,historical,1905,0.0,0.0,0.0,0.0,23.9,2
London,historical,1906,0.0,0.0,0.0,0.0,26.54,2
London,historical,1907,0.0,0.0,0.0,0.0,22.72,2
London,historical,1908,0.0,0.0,0.0,0.0,23.76,2
London,historical,1909,0.0,0.0,0.0,0.0,24.65,2
London,historical,1910,0.0,0.0,0.0,0.0,24.08,2
London,historical,1911,0.0,0.0,0.0,0.0,23.62,2
London,historical,1912,0.0,0.0,0.0,0.0,26.21,2
London,historical,1913,0.0,0.0,0.0,0.0,22.51,2
London,historical,1914,0.0,0.0,0.0,0.0,23.49,2
London,historical,1915,0.0,0.0,0.0,0.0,25.15,2
London,historical,1916,0.0,0.0,0.0,0.0,23.77,2
London,historical,1917,0.0,0.0,0.0,0.0,22.39,2
London,historical,1918,0.0,0.0,0.0,0.0,24.18,2
London,historical,1919,0.0,0.0,0.0,0.0,25.5,2
London,historical,1920,0.0,0.0,0.0,0.0,26.27,2
London,historical,1921,0.0,0.0,0.0,0.0,22.94,2
London,historical,1922,0.0,0.0,0.0,0.0,25.34,2
London,historical,1923,0.0,0.0,0.0,0.0,23.18,2
London,historical,1924,0.0,0.0,0.0,0.0,23.6,2
London,historical,1925,0.0,0.0,0.0,0.0,24.81,2
London,historical,1926,0.0,0.0,0.0,0.0,20.95,2
London,historical,1927,0.0,0.0,0.0,0.0,24.78,2
London,historical,1928,0.0,0.0,0.0,0.0,24.5,2
London,historical,1929,0.0,0.0,0.0,0.0,25.36,2
London,historical,1930,0.0,0.0,0.0,0.0,25.26,2
London,historical,1931,0.0,0.0,0.0,0.0,21.62,2
London,historical,1932,0.0,0.0,0.0,0.0,23.7,2
London,historical,1933,0.0,0.0,0.0,0.0,23.82,2
London,historical,1934,0.0,0.0,0.0,0.0,24.13,2
London,historical,1935,0.0,0.0,0.0,0.0,24.88,2
London,historical,1936,0.0,0.0,0.0,0.0,23.81,2
London,historical,1937,0.0,0.0,0.0,0.0,24.91,2
London,historical,1938,0.0,0.0,0.0,0.0,24.04,2
London,historical,1939,0.0,0.0,0.0,0.0,25.25,2
London,historical,1940,0.0,0.0,0.0,0.0,21.81,2
London,historical,1941,0.0,0.0,0.0,0.0,24.92,2
London,historical,1942,0.0,0.0,0.0,0.0,24.41,2
London,historical,1943,0.0,0.0,0.0,0.0,23.3,2
London,historical,1944,0.0,0.0,0.0,0.0,25.59,2
London,historical,1945,0.0,0.0,0.0,0.0,24.23,2
London,historical,1946,0.0,0.0,0.0,0.0,23.4,2
London,historical,1947,0.0,0.0,0.0,0.0,23.82,2
London,historical,1948,0.0,0.0,0.0,0.0,23.99,2
London,historical,1949,0.0,0.0,0.0,0.0,23.84,2
London,historical,1950,0.0,0.0,0.0,0.0,22.82,2
London,historical,1951,0.0,0.0,0.0,0.0,22.08,2
London,historical,1952,0.0,0.0,0.0,0.0,26.48,2
London,historical,1953,0.0,0.0,0.0,0.0,21.68,2
London,historical,1954,0.0,0.0,0.0,0.0,24.19,2
London,historical,1955,0.0,0.0,0.0,0.0,25.48,2
London,historical,1956,0.0,0.0,0.0,0.0,24.78,2
London,historical,1957,0.0,0.0,0.0,0.0,21.95,2
London,historical,1958,0.0,0.0,0.0,0.0,21.95,2
London,historical,1959,0.0,0.0,0.0,0.0,22.02,2
London,historical,1960,0.0,0.0,0.0,0.0,22.67,2
London,historical,1961,0.0,0.0,0.0,0.0,24.67,2
London,historical,1962,0.0,0.0,0.0,0.0,23.66,2
London,historical,1963,0.0,0.0,0.0,0.0,23.0,2
London,historical,1964,0.0,0.0,0.0,0.0,25.56,2
London,historical,1965,0.0,0.0,0.0,0.0,24.97,2
London,historical,1966,0.0,0.0,0.0,0.0,24.63,2
London,historical,1967,0.0,0.0,0.0,0.0,25.91,2
London,historical,1968,0.0,0.0,0.0,0.0,26.21,2
London,historical,1969,0.0,0.0,0.0,0.0,24.66,2
London,historical,1970,0.0,0.0,0.0,0.0,23.7,2
London,historical,1971,0.0,0.0,0.0,0.0,23.37,2
London,historical,1972,0.0,0.0,0.0,0.0,25.4,2
London,historical,1973,0.0,0.0,0.0,0.0,24.12,2
London,historical,1974,0.0,0.0,0.0,0.0,24.28,2
London,historical,1975,0.0,0.0,0.0,0.0,23.17,2
London,historical,1976,0.0,0.0,0.0,0.0,24.17,2
London,historical,1977,0.0,0.0,0.0,0.0,22.22,2
London,historical,1978,0.0,0.0,0.0,0.0,23.6,2
London,historical,1979,0.0,0.0,0.0,0.0,24.08,2
London,historical,1980,0.0,0.0,0.0,0.0,21.8,2
London,historical,1981,0.0,0.0,0.0,0.0,23.61,2
London,historical,1982,0.0,0.0,0.0,0.0,21.83,2
London,historical,1983,0.0,0.0,0.0,0.0,23.62,2
London,historical,1984,0.0,0.0,0.0,0.0,23.66,2
London,historical,1985,0.0,0.0,0.0,0.0,22.06,2
London,historical,1986,0.0,0.0,0.0,0.0,22.61,2
London,historical,1987,0.0,0.0,0.0,0.0,24.69,2
London,historical,1988,0.0,0.0,0.0,0.0,23.74,2
London,historical,1989,0.0,0.0,0.0,0.0,22.87,2
London,historical,1990,0.0,0.0,0.0,0.0,21.92,2
London,historical,1991,0.0,0.0,0.0,0.0,24.51,2
London,historical,1992,0.0,0.0,0.0,0.0,22.06,2
London,historical,1993,0.0,0.0,0.0,0.0,22.2,2
London,historical,1994,0.0,0.0,0.0,0.0,22.61,2
London,historical,1995,0.0,0.0,0.0,0.0,21.56,2
London,historical,1996,0.0,0.0,0.0,0.0,22.15,2
London,historical,1997,0.0,0.0,0.0,0.0,26.16,2
London,historical,1998,0.0,0.0,0.0,0.0,21.63,2
London,historical,1999,0.0,0.0,0.0,0.0,24.1,2
London,historical,2000,0.0,0.0,0.0,0.0,23.23,2
London,historical,2001,0.0,0.0,0.0,0.0,24.81,2
London,historical,2002,0.0,0.0,0.0,0.0,22.87,2
London,historical,2003,0.0,0.0,0.0,0.0,25.44,2
London,historical,2004,0.0,0.0,0.0,0.0,24.93,2
London,historical,2005,0.0,0.0,0.0,0.0,25.18,2
London,historical,2006,0.0,0.0,0.0,0.0,25.83,2
London,historical,2007,0.0,0.0,0.0,0.0,25.43,2
London,historical,2008,0.0,0.0,0.0,0.0,25.98,2
London,historical,2009,0.0,0.0,0.0,0.0,27.35,2
London,historical,2010,0.0,0.0,0.0,0.0,22.33,2
London,historical,2011,0.0,0.0,0.0,0.0,25.75,2
London,historical,2012,0.0,0.0,0.0,0.0,24.54,2
London,historical,2013,0.0,0.0,0.0,0.0,24.26,2
London,historical,2014,0.0,0.0,0.0,0.0,22.99,2
London,ssp585,2015,0.0,0.0,0.0,0.0,25.47,3
London,ssp585,2016,0.0,0.0,0.0,0.0,25.03,3
London,ssp585,2017,0.0,0.0,0.0,0.0,25.65,3
London,ssp585,2018,0.0,0.0,0.0,0.0,25.66,3
London,ssp585,2019,0.0,0.0,0.0,0.0,25.3,3
London,ssp585,2020,0.0,0.0,0.0,0.0,24.27,3
London,ssp585,2021,0.0,0.0,0.0,0.0,25.08,3
London,ssp585,2022,0.0,0.0,0.0,0.0,24.0,3
London,ssp585,2023,0.0,0.0,0.0,0.0,26.32,3
London,ssp585,2024,0.0,0.0,0.0,0.0,24.31,3
London,ssp585,2025,0.0,0.0,0.0,0.0,24.49,3
London,ssp585,2026,0.33,0.0,0.0,0.0,26.47,3
London,ssp585,2027,0.0,0.0,0.0,0.0,24.29,3
London,ssp585,2028,0.0,0.0,0.0,0.0,25.94,3
London,ssp585,2029,0.0,0.0,0.0,0.0,26.07,3
London,ssp585,2030,0.0,0.0,0.0,0.0,25.6,3
London,ssp585,2031,0.0,0.0,0.0,0.0,26.7,3
London,ssp585,2032,0.0,0.0,0.0,0.0,26.31,3
London,ssp585,2033,0.0,0.0,0.0,0.0,24.98,3
London,ssp585,2034,0.0,0.0,0.0,0.0,26.16,3
London,ssp585,2035,0.33,0.0,0.0,0.0,27.98,3
London,ssp585,2036,0.0,0.0,0.0,0.0,27.08,3
London,ssp585,2037,0.0,0.0,0.0,0.0,26.55,3
London,ssp585,2038,0.0,0.0,0.0,0.0,27.5,3
London,ssp585,2039,0.67,0.0,0.0,0.0,25.97,3
London,ssp585,2040,0.0,0.0,0.0,0.0,26.71,3
London,ssp585,2041,0.0,0.0,0.0,0.0,26.24,3
London,ssp585,2042,0.0,0.0,0.0,0.0,24.59,3
London,ssp585,2043,0.33,0.0,0.0,0.0,28.21,3
London,ssp585,2044,0.0,0.0,0.0,0.0,26.86,3
London,ssp585,2045,0.0,0.0,0.0,0.0,25.87,3
London,ssp585,2046,1.33,0.0,0.0,0.0,27.83,3
London,ssp585,2047,0.0,0.0,0.0,0.0,26.29,3
London,ssp585,2048,1.0,0.0,0.0,0.0,27.79,3
London,ssp585,2049,0.0,0.0,0.0,0.0,25.59,3
London,ssp585,2050,0.33,0.0,0.0,0.0,28.74,3
London,ssp585,2051,0.0,0.0,0.0,0.0,27.16,3
London,ssp585,2052,1.0,0.0,0.0,0.0,28.01,3
London,ssp585,2053,0.0,0.0,0.0,0.0,26.44,3
London,ssp585,2054,0.0,0.0,0.0,0.0,25.75,3
London,ssp585,2055,0.0,0.0,0.0,0.0,26.33,3
London,ssp585,2056,0.0,0.0,0.0,0.0,26.64,3
London,ssp585,2057,0.0,0.0,0.0,0.0,26.19,3
London,ssp585,2058,1.67,0.0,0.0,0.0,30.16,3
London,ssp585,2059,0.0,0.0,0.0,0.0,26.36,3
London,ssp585,2060,2.33,0.0,0.0,0.0,29.78,3
London,ssp585,2061,0.33,0.0,0.0,0.0,26.69,3
London,ssp585,2062,2.67,0.0,0.0,0.0,28.21,3
London,ssp585,2063,0.0,0.0,0.0,0.0,27.11,3
London,ssp585,2064,0.0,0.0,0.0,0.0,27.26,3
London,ssp585,2065,1.0,0.0,0.0,0.0,28.7,3
London,ssp585,2066,0.67,0.0,0.0,0.0,27.92,3
London,ssp585,2067,2.0,0.0,0.0,0.0,29.64,3
London,ssp585,2068,0.33,0.0,0.0,0.0,29.03,3
London,ssp585,2069,0.0,0.0,0.0,0.0,26.92,3
London,ssp585,2070,1.33,0.0,0.0,0.0,30.65,3
London,ssp585,2071,0.33,0.0,0.0,0.0,27.93,3
London,ssp585,2072,0.33,0.0,0.0,0.0,29.71,3
London,ssp585,2073,4.67,0.0,0.0,0.0,30.5,3
London,ssp585,2074,2.67,0.0,0.0,0.0,28.49,3
London,ssp585,2075,0.33,0.0,0.0,0.0,29.25,3
London,ssp585,2076,6.33,0.0,0.0,0.0,29.05,3
London,ssp585,2077,0.33,0.0,0.0,0.0,27.84,3
London,ssp585,2078,2.33,0.0,0.0,0.0,28.97,3
London,ssp585,2079,2.0,0.0,0.0,0.0,27.51,3
London,ssp585,2080,5.67,0.0,0.0,0.0,28.55,3
London,ssp585,2081,4.33,0.0,0.0,0.0,30.36,3
London,ssp585,2082,3.0,0.0,0.0,0.0,27.9,3
London,ssp585,2083,4.33,0.0,0.0,0.0,28.98,3
London,ssp585,2084,5.33,0.0,0.0,0.0,30.7,3
London,ssp585,2085,0.0,0.0,0.0,0.0,27.67,3
London,ssp585,2086,1.0,0.0,0.0,0.0,27.8,3
London,ssp585,2087,5.33,0.0,0.0,0.0,29.86,3
London,ssp585,2088,6.33,0.0,0.0,0.0,30.0,3
London,ssp585,2089,1.33,0.0,0.0,0.0,29.43,3
London,ssp585,2090,0.67,0.0,0.0,0.0,29.23,3
London,ssp585,2091,4.33,0.0,0.0,0.0,28.7,3
London,ssp585,2092,2.33,0.0,0.0,0.0,29.67,3
London,ssp585,2093,4.33,0.0,0.0,0.0,30.37,3
London,ssp585,2094,5.33,0.33,0.0,0.33,30.94,3
London,ssp585,2095,2.67,0.0,0.0,0.0,30.05,3
London,ssp585,2096,2.33,0.0,0.0,0.0,30.12,3
London,ssp585,2097,6.67,0.0,0.0,0.0,30.23,3
London,ssp585,2098,5.67,0.0,0.0,0.0,29.97,3
London,ssp585,2099,13.67,0.0,0.0,0.0,32.51,3
London,ssp585,2100,1.5,0.0,0.0,0.0,29.58,2
Los Angeles,historical,1850,80.5,12.0,0.0,4.0,37.27,2
Los Angeles,historical,1851,78.5,15.5,1.0,9.0,38.44,2
Los Angeles,historical,1852,62.5,9.0,0.0,4.5,38.02,2
Los Angeles,historical,1853,95.0,9.5,0.0,5.5,35.96,2
Los Angeles,historical,1854,73.5,14.0,0.5,6.5,39.91,2
Los Angeles,historical,1855,73.0,17.0,0.0,5.5,37.82,2
Los Angeles,historical,1856,71.5,7.5,0.0,4.0,36.76,2
Los Angeles,historical,1857,87.5,17.0,0.0,5.0,37.8,2
Los Angeles,historical,1858,78.0,8.5,0.0,3.5,36.61,2
Los Angeles,historical,1859,76.0,19.0,0.0,9.0,38.18,2
Los Angeles,historical,1860,79.5,22.0,0.0,6.5,38.01,2
Los Angeles,historical,1861,75.5,14.5,0.0,7.5,37.85,2
Los Angeles,historical,1862,81.5,12.0,0.0,5.5,37.73,2
Los Angeles,historical,1863,78.0,3.0,0.0,1.5,35.93,2
Los Angeles,historical,1864,84.5,14.5,0.0,8.5,38.08,2
Los Angeles,historical,1865,87.0,14.0,0.0,5.5,38.19,2
Los Angeles,historical,1866,84.0,16.0,0.0,6.0,37.46,2
Los Angeles,historical,1867,72.0,9.0,0.0,4.0,36.72,2
Los Angeles,historical,1868,83.0,21.5,0.0,8.0,38.19,2
Los Angeles,historical,1869,92.5,21.0,0.0,9.0,38.57,2
Los Angeles,historical,1870,96.5,13.5,0.0,5.5,37.67,2
Los Angeles,historical,1871,74.5,4.5,0.0,2.0,35.2,2
Los Angeles,historical,1872,79.5,12.0,0.0,5.5,36.87,2
Los Angeles,historical,1873,76.5,13.5,0.5,5.5,38.78,2
Los Angeles,historical,1874,77.5,16.5,0.0,7.5,38.17,2
Los Angeles,historical,1875,77.5,6.0,0.0,3.5,36.87,2
Los Angeles,historical,1876,82.5,13.0,0.0,6.0,38.14,2
Los Angeles,historical,1877,88.0,8.0,0.0,4.0,35.8,2
Los Angeles,historical,1878,78.5,13.5,0.0,4.5,37.45,2
Los Angeles,historical,1879,78.0,25.5,0.0,8.0,38.6,2
Los Angeles,historical,1880,98.0,16.0,0.0,4.5,37.53,2
Los Angeles,historical,1881,74.0,9.5,0.0,6.0,37.42,2
Los Angeles,historical,1882,72.5,9.0,0.0,4.5,37.32,2
Los Angeles,historical,1883,81.0,8.5,0.0,3.5,36.89,2
Los Angeles,historical,1884,69.0,7.5,0.0,3.5,36.48,2
Los Angeles,historical,1885,70.0,7.5,0.0,3.0,35.64,2
Los Angeles,historical,1886,79.5,6.5,0.0,3.5,37.4,2
Los Angeles,historical,1887,77.0,9.0,0.0,3.0,36.82,2
Los Angeles,historical,1888,74.5,9.0,0.0,2.0,35.87,2
Los Angeles,historical,1889,85.5,11.0,0.0,6.0,37.74,2
Los Angeles,historical,1890,83.5,10.0,0.0,3.5,36.38,2
Los Angeles,historical,1891,74.0,13.0,0.5,7.0,38.9,2
Los Angeles,historical,1892,64.0,6.0,0.0,3.0,36.57,2
Los Angeles,historical,1893,80.0,11.0,0.0,4.5,37.02,2
Los Angeles,historical,1894,83.0,10.0,0.0,7.5,38.96,2
Los Angeles,historical,1895,73.5,12.0,0.0,7.0,37.05,2
Los Angeles,historical,1896,87.5,21.5,0.0,11.5,37.56,2
Los Angeles,historical,1897,87.5,18.0,0.0,9.0,37.47,2
Los Angeles,historical,1898,77.5,12.0,0.0,3.5,37.1,2
Los Angeles,historical,1899,83.5,5.5,0.0,3.0,35.71,2
Los Angeles,historical,1900,85.0,17.5,0.0,4.5,37.67,2
Los Angeles,historical,1901,81.5,13.5,0.0,4.0,37.64,2
Los Angeles,historical,1902,76.0,8.5,0.0,5.5,36.18,2
Los Angeles,historical,1903,66.0,6.5,0.0,3.0,36.16,2
Los Angeles,historical,1904,64.5,7.0,0.0,3.0,35.93,2
Los Angeles,historical,1905,81.0,8.5,0.0,4.0,36.96,2
Los Angeles,historical,1906,92.5,6.0,0.0,2.5,35.92,2
Los Angeles,historical,1907,79.0,7.5,0.0,4.5,36.31,2
Los Angeles,historical,1908,90.5,13.5,0.0,6.0,37.83,2
Los Angeles,historical,1909,81.0,18.0,0.0,6.0,38.33,2
Los Angeles,historical,1910,71.0,11.0,0.0,6.5,36.48,2
Los Angeles,historical,1911,86.5,6.5,0.0,2.5,36.33,2
Los Angeles,historical,1912,77.5,10.0,0.0,4.5,36.49,2
Los Angeles,historical,1913,71.0,5.5,0.0,3.0,36.5,2
Los Angeles,historical,1914,91.5,15.5,0.0,7.0,38.32,2
Los Angeles,historical,1915,79.0,12.0,0.0,5.5,37.45,2
Los Angeles,historical,1916,91.5,14.0,0.0,7.0,37.01,2
Los Angeles,historical,1917,84.0,8.5,0.0,4.0,36.89,2
Los Angeles,historical,1918,90.5,11.5,0.0,5.0,37.17,2
Los Angeles,historical,1919,65.5,8.5,0.0,6.0,38.19,2
Los Angeles,historical,1920,64.0,8.5,0.0,4.0,36.9,2
Los Angeles,historical,1921,84.5,9.5,0.0,5.0,37.6,2
Los Angeles,historical,1922,69.0,7.0,0.0,4.0,37.0,2
Los Angeles,historical,1923,59.0,2.5,0.0,2.5,35.73,2
Los Angeles,historical,1924,81.5,19.0,0.0,10.5,38.36,2
Los Angeles,historical,1925,83.5,11.5,0.0,5.5,37.8,2
Los Angeles,historical,1926,83.5,10.5,0.0,6.5,37.34,2
Los Angeles,historical,1927,84.0,6.5,0.0,5.0,38.66,2
Los Angeles,historical,1928,87.5,10.0,0.0,4.5,37.41,2
Los Angeles,historical,1929,87.5,11.5,0.0,4.5,36.27,2
Los Angeles,historical,1930,72.5,11.0,0.0,6.5,37.41,2
Los Angeles,historical,1931,81.0,15.0,0.0,5.5,38.47,2
Los Angeles,historical,1932,81.0,14.0,0.0,8.5,37.32,2
Los Angeles,historical,1933,95.5,17.0,0.0,6.0,37.34,2
Los Angeles,historical,1934,85.5,11.0,0.0,7.5,37.96,2
Los Angeles,historical,1935,81.0,8.5,0.0,4.5,36.3,2
Los Angeles,historical,1936,74.5,9.5,0.0,7.5,37.11,2
Los Angeles,historical,1937,76.5,10.5,0.0,6.0,37.31,2
Los Angeles,historical,1938,87.5,14.0,0.0,6.5,37.92,2
Los Angeles,historical,1939,66.0,11.0,0.0,4.5,37.13,2
Los Angeles,historical,1940,82.5,13.0,0.5,9.0,39.06,2
Los Angeles,historical,1941,77.5,18.0,0.0,5.0,37.42,2
Los Angeles,historical,1942,81.0,20.5,0.0,9.0,38.04,2
Los Angeles,historical,1943,77.5,24.5,0.0,8.5,38.47,2
Los Angeles,historical,1944,76.5,10.0,0.0,5.0,37.9,2
Los Angeles,historical,1945,92.0,27.5,0.0,10.0,38.31,2
Los Angeles,historical,1946,95.5,16.0,0.0,9.0,38.8,2
Los Angeles,historical,1947,75.5,14.5,0.0,5.0,37.28,2
Los Angeles,historical,1948,73.0,3.0,0.0,1.5,36.17,2
Los Angeles,historical,1949,68.0,10.5,0.0,4.5,37.57,2
Los Angeles,historical,1950,90.0,13.5,1.0,6.5,40.21,2
Los Angeles,historical,1951,85.5,10.0,0.0,5.5,36.74,2
Los Angeles,historical,1952,77.5,3.5,0.0,3.0,35.94,2
Los Angeles,historical,1953,77.0,9.0,0.0,3.5,36.63,2
Los Angeles,historical,1954,86.5,9.0,0.0,4.0,38.65,2
Los Angeles,historical,1955,89.5,10.5,0.0,4.0,36.05,2
Los Angeles,historical,1956,66.5,10.0,0.0,5.0,37.53,2
Los Angeles,historical,1957,75.5,12.0,0.0,4.5,38.41,2
Los Angeles,historical,1958,86.5,19.0,0.0,6.0,38.06,2
Los Angeles,historical,1959,74.0,6.5,0.0,2.5,36.73,2
Los Angeles,historical,1960,83.0,18.0,0.0,7.0,38.49,2
Los Angeles,historical,1961,72.0,10.5,0.0,4.0,37.47,2
Los Angeles,historical,1962,56.5,10.0,0.0,5.0,37.16,2
Los Angeles,historical,1963,67.5,12.0,0.0,5.5,37.76,2
Los Angeles,historical,1964,59.0,3.0,0.0,1.0,35.25,2
Los Angeles,historical,1965,69.0,13.0,0.0,6.0,37.59,2
Los Angeles,historical,1966,69.0,13.0,0.0,4.5,37.93,2
Los Angeles,historical,1967,80.5,12.0,0.0,6.0,38.07,2
Los Angeles,historical,1968,74.0,8.0,0.0,3.5,35.91,2
Los Angeles,historical,1969,91.5,12.5,0.0,4.5,37.93,2
Los Angeles,historical,1970,72.5,10.0,0.0,3.0,36.66,2
Los Angeles,historical,1971,76.5,9.5,0.0,3.0,37.34,2
Los Angeles,historical,1972,63.5,12.0,0.5,6.0,39.04,2
Los Angeles,historical,1973,91.0,16.5,0.0,6.5,37.04,2
Los Angeles,historical,1974,78.5,9.0,0.0,5.5,36.86,2
Los Angeles,historical,1975,78.5,13.0,0.0,10.0,36.53,2
Los Angeles,historical,1976,90.0,3.0,0.0,3.0,36.22,2
Los Angeles,historical,1977,77.5,13.5,0.0,5.0,37.03,2
Los Angeles,historical,1978,60.0,16.5,0.0,9.5,38.5,2
Los Angeles,historical,1979,99.5,13.0,0.0,5.5,37.2,2
Los Angeles,historical,1980,66.0,6.5,0.0,3.0,35.95,2
Los Angeles,historical,1981,78.0,13.5,0.0,6.5,36.42,2
Los Angeles,historical,1982,84.5,18.0,0.0,6.5,37.44,2
Los Angeles,historical,1983,61.5,6.5,0.0,4.5,37.24,2
Los Angeles,historical,1984,60.5,7.0,0.0,5.0,37.21,2
Los Angeles,historical,1985,78.0,12.5,0.0,7.5,38.43,2
Los Angeles,historical,1986,84.0,15.5,0.0,6.5,38.28,2
Los Angeles,historical,1987,62.0,1.5,0.0,1.5,35.6,2
Los Angeles,historical,1988,67.5,5.5,0.0,2.0,35.53,2
Los Angeles,historical,1989,80.0,14.0,0.0,7.0,36.52,2
Los Angeles,historical,1990,70.5,12.5,0.0,4.5,37.39,2
Los Angeles,historical,1991,88.5,19.5,0.0,5.5,37.96,2
Los Angeles,historical,1992,78.5,8.5,0.0,5.5,37.93,2
Los Angeles,historical,1993,83.0,8.5,0.0,4.5,36.74,2
Los Angeles,historical,1994,68.5,14.5,0.0,5.0,37.59,2
Los Angeles,historical,1995,67.0,12.5,0.0,5.0,37.15,2
Los Angeles,historical,1996,91.5,25.5,0.0,14.5,38.6,2
Los Angeles,historical,1997,94.0,29.0,0.5,13.0,38.78,2
Los Angeles,historical,1998,83.5,15.5,0.0,5.0,37.85,2
Los Angeles,historical,1999,91.5,19.0,1.0,7.5,38.68,2
Los Angeles,historical,2000,89.5,24.5,1.0,7.5,39.44,2
Los Angeles,historical,2001,88.0,12.5,0.0,3.5,36.3,2
Los Angeles,historical,2002,87.0,19.5,0.0,8.0,38.42,2
Los Angeles,historical,2003,88.5,16.5,0.0,4.0,38.01,2
Los Angeles,historical,2004,81.0,15.5,0.0,5.5,37.8,2
Los Angeles,historical,2005,98.0,18.0,0.0,7.5,39.41,2
Los Angeles,historical,2006,81.0,20.0,0.0,6.5,37.2,2
Los Angeles,historical,2007,66.5,11.0,0.0,5.0,39.2,2
Los Angeles,historical,2008,91.0,19.5,0.0,8.0,37.52,2
Los Angeles,historical,2009,86.5,11.5,0.0,4.5,37.22,2
Los Angeles,historical,2010,96.0,14.5,0.0,7.0,38.55,2
Los Angeles,historical,2011,93.5,13.5,0.0,6.5,38.23,2
Los Angeles,historical,2012,88.0,23.0,0.0,7.0,37.26,2
Los Angeles,historical,2013,88.0,18.5,0.0,7.0,38.31,2
Los Angeles,historical,2014,90.5,14.0,1.0,4.5,39.38,2
Los Angeles,ssp585,2015,75.67,15.33,0.0,4.0,35.93,3
Los Angeles,ssp585,2016,69.33,7.67,0.0,3.0,36.52,3
Los Angeles,ssp585,2017,74.0,11.67,0.0,4.67,36.59,3
Los Angeles,ssp585,2018,59.33,6.33,0.0,3.33,35.47,3
Los Angeles,ssp585,2019,77.33,9.33,0.0,3.67,36.26,3
Los Angeles,ssp585,2020,87.0,16.0,0.67,4.33,37.62,3
Los Angeles,ssp585,2021,79.33,7.33,0.0,2.67,36.7,3
Los Angeles,ssp585,2022,79.33,7.67,0.0,2.67,36.12,3
Los Angeles,ssp585,2023,71.67,16.33,0.0,5.67,36.85,3
Los Angeles,ssp585,2024,81.33,10.67,0.0,3.33,36.61,3
Los Angeles,ssp585,2025,81.0,17.33,0.67,8.67,37.13,3
Los Angeles,ssp585,2026,77.33,13.33,0.0,5.0,36.61,3
Los Angeles,ssp585,2027,73.67,15.33,0.0,9.0,36.81,3
Los Angeles,ssp585,2028,70.0,10.67,0.0,4.33,36.87,3
Los Angeles,ssp585,2029,78.67,23.33,0.0,7.33,38.1,3
Los Angeles,ssp585,2030,83.33,22.33,0.0,6.67,37.68,3
Los Angeles,ssp585,2031,83.33,19.33,0.67,7.33,37.43,3
Los Angeles,ssp585,2032,66.0,7.67,0.0,4.33,36.11,3
Los Angeles,ssp585,2033,89.33,14.33,0.0,7.0,37.41,3
Los Angeles,ssp585,2034,77.67,17.67,0.0,10.0,36.68,3
Los Angeles,ssp585,2035,88.0,27.33,0.33,10.0,37.55,3
Los Angeles,ssp585,2036,87.67,14.67,0.0,5.33,37.36,3
Los Angeles,ssp585,2037,96.33,19.0,0.0,6.67,37.79,3
Los Angeles,ssp585,2038,93.0,23.67,0.0,10.33,37.87,3
Los Angeles,ssp585,2039,75.33,14.33,0.0,5.67,37.11,3
Los Angeles,ssp585,2040,82.0,19.67,0.0,7.0,36.57,3
Los Angeles,ssp585,2041,108.67,27.0,0.0,6.67,37.55,3
Los Angeles,ssp585,2042,90.67,27.0,0.0,11.0,37.71,3
Los Angeles,ssp585,2043,89.0,25.67,0.0,8.67,37.85,3
Los Angeles,ssp585,2044,97.0,21.0,0.33,9.0,37.89,3
Los Angeles,ssp585,2045,105.33,26.0,0.67,6.67,39.09,3
Los Angeles,ssp585,2046,99.67,21.67,0.0,7.33,37.52,3
Los Angeles,ssp585,2047,83.33,18.0,0.0,4.67,36.42,3
Los Angeles,ssp585,2048,81.33,21.67,0.67,12.33,38.23,3
Los Angeles,ssp585,2049,102.67,32.33,0.0,13.33,38.12,3
Los Angeles,ssp585,2050,98.0,17.33,1.67,6.0,38.88,3
Los Angeles,ssp585,2051,91.67,31.0,2.0,9.0,38.07,3
Los Angeles,ssp585,2052,112.67,37.33,0.0,11.67,38.77,3
Los Angeles,ssp585,2053,106.0,31.67,0.0,9.0,37.99,3
Los Angeles,ssp585,2054,118.67,30.67,0.67,9.0,38.27,3
Los Angeles,ssp585,2055,104.33,29.33,1.0,8.67,38.6,3
Los Angeles,ssp585,2056,103.0,33.0,0.33,11.0,37.69,3
Los Angeles,ssp585,2057,106.33,31.0,2.67,11.0,39.23,3
Los Angeles,ssp585,2058,104.33,33.33,1.0,9.33,38.16,3
Los Angeles,ssp585,2059,113.33,31.33,0.67,7.67,38.03,3
Los Angeles,ssp585,2060,117.33,33.33,3.33,19.67,39.58,3
Los Angeles,ssp585,2061,98.33,26.33,0.0,14.0,37.49,3
Los Angeles,ssp585,2062,113.0,33.33,2.33,14.67,38.78,3
Los Angeles,ssp585,2063,108.33,35.0,2.67,14.0,39.21,3
Los Angeles,ssp585,2064,111.0,39.67,1.33,20.67,38.99,3
Los Angeles,ssp585,2065,106.67,32.67,2.67,13.33,39.88,3
Los Angeles,ssp585,2066,111.0,44.33,2.33,13.33,39.25,3
Los Angeles,ssp585,2067,113.33,38.33,2.0,23.0,40.17,3
Los Angeles,ssp585,2068,113.67,33.33,2.0,19.33,39.26,3
Los Angeles,ssp585,2069,117.33,38.0,2.0,16.67,39.4,3
Los Angeles,ssp585,2070,97.67,15.33,0.0,7.0,37.72,3
Los Angeles,ssp585,2071,116.33,42.0,2.0,16.0,39.04,3
Los Angeles,ssp585,2072,121.67,50.67,5.0,24.67,40.6,3
Los Angeles,ssp585,2073,123.67,40.0,1.67,19.0,39.03,3
Los Angeles,ssp585,2074,126.33,42.67,2.0,14.67,38.27,3
Los Angeles,ssp585,2075,117.0,36.0,1.0,14.0,38.64,3
Los Angeles,ssp585,2076,124.33,40.0,2.0,20.0,39.56,3
Los Angeles,ssp585,2077,126.0,39.0,0.0,16.67,38.21,3
Los Angeles,ssp585,2078,122.33,44.67,2.33,14.67,40.3,3
Los Angeles,ssp585,2079,133.67,50.33,1.33,12.33,39.39,3
Los Angeles,ssp585,2080,119.33,44.0,8.0,29.33,39.58,3
Los Angeles,ssp585,2081,125.67,44.33,4.33,22.0,39.19,3
Los Angeles,ssp585,2082,132.33,59.67,2.67,22.33,39.98,3
Los Angeles,ssp585,2083,130.0,53.0,6.33,22.33,40.19,3
Los Angeles,ssp585,2084,135.0,55.0,3.67,31.33,40.2,3
Los Angeles,ssp585,2085,116.67,39.0,3.67,16.33,38.65,3
Los Angeles,ssp585,2086,127.67,49.33,3.67,25.33,39.82,3
Los Angeles,ssp585,2087,143.67,63.33,4.33,27.33,40.78,3
Los Angeles,ssp585,2088,130.33,56.0,6.0,26.33,39.4,3
Los Angeles,ssp585,2089,137.67,61.0,7.67,32.0,41.03,3
Los Angeles,ssp585,2090,127.67,57.33,3.33,19.67,39.64,3
Los Angeles,ssp585,2091,136.67,66.0,5.33,32.33,40.39,3
Los Angeles,ssp585,2092,138.33,49.33,5.33,26.0,40.38,3
Los Angeles,ssp585,2093,124.33,54.33,4.0,21.67,40.05,3
Los Angeles,ssp585,2094,138.67,60.67,10.0,24.33,41.44,3
Los Angeles,ssp585,2095,138.0,80.33,6.33,35.0,41.13,3
Los Angeles,ssp585,2096,135.33,64.0,9.0,35.33,40.94,3
Los Angeles,ssp585,2097,133.67,66.33,8.67,22.67,40.81,3
Los Angeles,ssp585,2098,133.0,62.33,4.0,30.67,41.14,3
Los Angeles,ssp585,2099,135.0,64.67,5.67,28.0,41.47,3
Los Angeles,ssp585,2100,139.5,84.0,22.5,56.5,43.76,2
Madrid,historical,1850,12.5,0.0,0.0,0.0,32.08,2
Madrid,historical,1851,5.5,0.0,0.0,0.0,31.33,2
Madrid,historical,1852,9.0,0.0,0.0,0.0,32.17,2
Madrid,historical,1853,10.0,0.5,0.0,0.5,33.12,2
Madrid,historical,1854,3.5,0.0,0.0,0.0,31.3,2
Madrid,historical,1855,14.0,0.0,0.0,0.0,33.27,2
Madrid,historical,1856,8.0,0.0,0.0,0.0,33.03,2
Madrid,historical,1857,25.0,0.0,0.0,0.0,34.15,2
Madrid,historical,1858,12.5,0.0,0.0,0.0,33.15,2
Madrid,historical,1859,7.5,0.0,0.0,0.0,31.08,2
Madrid,historical,1860,24.0,1.0,0.0,0.5,33.98,2
Madrid,historical,1861,13.0,0.0,0.0,0.0,33.02,2
Madrid,historical,1862,21.5,0.0,0.0,0.0,32.49,2
Madrid,historical,1863,8.0,0.0,0.0,0.0,31.95,2
Madrid,historical,1864,9.0,0.0,0.0,0.0,31.35,2
Madrid,historical,1865,3.0,0.0,0.0,0.0,31.45,2
Madrid,historical,1866,3.5,0.0,0.0,0.0,31.12,2
Madrid,historical,1867,5.5,0.0,0.0,0.0,31.09,2
Madrid,historical,1868,18.0,0.0,0.0,0.0,33.54,2
Madrid,historical,1869,15.0,0.0,0.0,0.0,31.84,2
Madrid,historical,1870,15.5,0.5,0.0,0.5,33.62,2
Madrid,historical,1871,12.5,1.0,0.0,1.0,34.14,2
Madrid,historical,1872,5.5,0.0,0.0,0.0,31.74,2
Madrid,historical,1873,4.0,0.0,0.0,0.0,30.01,2
Madrid,historical,1874,4.5,0.0,0.0,0.0,31.22,2
Madrid,historical,1875,10.0,0.5,0.0,0.5,33.37,2
Madrid,historical,1876,8.0,0.0,0.0,0.0,30.77,2
Madrid,historical,1877,9.0,0.0,0.0,0.0,33.25,2
Madrid,historical,1878,3.0,0.0,0.0,0.0,31.25,2
Madrid,historical,1879,5.5,0.0,0.0,0.0,32.45,2
Madrid,historical,1880,6.0,0.0,0.0,0.0,32.63,2
Madrid,historical,1881,14.5,0.0,0.0,0.0,33.14,2
Madrid,historical,1882,8.0,2.0,0.0,2.0,35.36,2
Madrid,historical,1883,6.5,0.0,0.0,0.0,31.47,2
Madrid,historical,1884,4.5,0.0,0.0,0.0,30.59,2
Madrid,historical,1885,5.0,0.0,0.0,0.0,31.13,2
Madrid,historical,1886,4.0,0.0,0.0,0.0,32.37,2
Madrid,historical,1887,24.5,2.0,0.0,2.0,34.86,2
Madrid,historical,1888,7.5,0.0,0.0,0.0,32.14,2
Madrid,historical,1889,10.5,0.0,0.0,0.0,32.77,2
Madrid,historical,1890,20.0,0.0,0.0,0.0,33.64,2
Madrid,historical,1891,8.0,0.0,0.0,0.0,31.51,2
Madrid,historical,1892,9.5,0.0,0.0,0.0,31.87,2
Madrid,historical,1893,13.5,0.0,0.0,0.0,31.28,2
Madrid,historical,1894,0.5,0.0,0.0,0.0,29.94,2
Madrid,historical,1895,5.0,0.0,0.0,0.0,31.17,2
Madrid,historical,1896,12.0,0.0,0.0,0.0,32.23,2
Madrid,historical,1897,0.0,0.0,0.0,0.0,29.58,2
Madrid,historical,1898,16.5,0.0,0.0,0.0,32.84,2
Madrid,historical,1899,7.5,0.0,0.0,0.0,31.37,2
Madrid,historical,1900,9.5,0.0,0.0,0.0,32.32,2
Madrid,historical,1901,7.5,0.0,0.0,0.0,33.57,2
Madrid,historical,1902,11.0,0.0,0.0,0.0,32.99,2
Madrid,historical,1903,1.5,0.0,0.0,0.0,30.38,2
Madrid,historical,1904,4.0,0.0,0.0,0.0,31.71,2
Madrid,historical,1905,6.5,0.0,0.0,0.0,31.28,2
Madrid,historical,1906,18.5,1.0,0.0,1.0,33.5,2
Madrid,historical,1907,20.0,0.5,0.0,0.5,33.23,2
Madrid,historical,1908,19.5,0.0,0.0,0.0,32.75,2
Madrid,historical,1909,11.0,0.0,0.0,0.0,33.1,2
Madrid,historical,1910,8.5,0.0,0.0,0.0,32.58,2
Madrid,historical,1911,13.5,0.5,0.0,0.5,32.81,2
Madrid,historical,1912,3.5,1.0,0.0,1.0,32.58,2
Madrid,historical,1913,0.0,0.0,0.0,0.0,29.31,2
Madrid,historical,1914,5.5,0.0,0.0,0.0,31.55,2
Madrid,historical,1915,13.5,0.0,0.0,0.0,33.96,2
Madrid,historical,1916,17.5,0.5,0.0,0.5,34.22,2
Madrid,historical,1917,18.5,0.0,0.0,0.0,32.77,2
Madrid,historical,1918,7.0,0.0,0.0,0.0,30.25,2
Madrid,historical,1919,13.0,0.0,0.0,0.0,32.06,2
Madrid,historical,1920,14.0,1.0,0.0,1.0,33.5,2
Madrid,historical,1921,12.0,0.0,0.0,0.0,32.15,2
Madrid,historical,1922,12.5,0.0,0.0,0.0,32.28,2
Madrid,historical,1923,2.0,0.0,0.0,0.0,31.0,2
Madrid,historical,1924,13.0,0.0,0.0,0.0,31.78,2
Madrid,historical,1925,9.5,0.0,0.0,0.0,31.67,2
Madrid,historical,1926,10.5,0.0,0.0,0.0,31.75,2
Madrid,historical,1927,1.0,0.0,0.0,0.0,29.64,2
Madrid,historical,1928,8.5,0.0,0.0,0.0,31.71,2
Madrid,historical,1929,9.5,0.0,0.0,0.0,32.08,2
Madrid,historical,1930,23.5,0.5,0.0,0.5,34.5,2
Madrid,historical,1931,9.0,0.0,0.0,0.0,33.03,2
Madrid,historical,1932,3.0,0.0,0.0,0.0,30.94,2
Madrid,historical,1933,17.5,0.0,0.0,0.0,33.81,2
Madrid,historical,1934,27.5,0.0,0.0,0.0,33.47,2
Madrid,historical,1935,6.5,0.0,0.0,0.0,32.2,2
Madrid,historical,1936,19.0,0.5,0.0,0.5,35.42,2
Madrid,historical,1937,3.5,0.0,0.0,0.0,30.85,2
Madrid,historical,1938,7.0,0.0,0.0,0.0,31.6,2
Madrid,historical,1939,8.0,0.0,0.0,0.0,32.31,2
Madrid,historical,1940,12.5,0.0,0.0,0.0,32.8,2
Madrid,historical,1941,11.5,1.0,0.0,1.0,33.55,2
Madrid,historical,1942,11.0,0.5,0.0,0.5,33.36,2
Madrid,historical,1943,1.5,0.0,0.0,0.0,30.68,2
Madrid,historical,1944,6.5,0.0,0.0,0.0,32.45,2
Madrid,historical,1945,13.5,0.0,0.0,0.0,33.53,2
Madrid,historical,1946,11.0,0.5,0.0,0.5,31.46,2
Madrid,historical,1947,6.5,0.0,0.0,0.0,31.83,2
Madrid,historical,1948,4.0,0.0,0.0,0.0,31.94,2
Madrid,historical,1949,9.5,0.0,0.0,0.0,31.4,2
Madrid,historical,1950,8.5,0.0,0.0,0.0,30.9,2
Madrid,historical,1951,7.5,0.0,0.0,0.0,31.85,2
Madrid,historical,1952,4.5,0.0,0.0,0.0,30.94,2
Madrid,historical,1953,13.0,0.0,0.0,0.0,33.05,2
Madrid,historical,1954,11.0,0.0,0.0,0.0,31.97,2
Madrid,historical,1955,15.0,0.0,0.0,0.0,32.81,2
Madrid,historical,1956,11.5,0.0,0.0,0.0,32.27,2
Madrid,historical,1957,17.0,0.0,0.0,0.0,33.93,2
Madrid,historical,1958,26.5,0.0,0.0,0.0,33.33,2
Madrid,historical,1959,16.0,1.0,0.0,1.0,33.68,2
Madrid,historical,1960,5.0,0.0,0.0,0.0,31.13,2
Madrid,historical,1961,9.5,0.0,0.0,0.0,30.91,2
Madrid,historical,1962,7.0,0.0,0.0,0.0,32.42,2
Madrid,historical,1963,0.5,0.0,0.0,0.0,29.84,2
Madrid,historical,1964,15.0,0.0,0.0,0.0,32.49,2
Madrid,historical,1965,14.5,0.0,0.0,0.0,32.34,2
Madrid,historical,1966,5.5,0.0,0.0,0.0,31.32,2
Madrid,historical,1967,9.5,0.0,0.0,0.0,31.46,2
Madrid,historical,1968,17.5,0.0,0.0,0.0,32.8,2
Madrid,historical,1969,21.5,0.0,0.0,0.0,33.11,2
Madrid,historical,1970,2.0,0.0,0.0,0.0,31.16,2
Madrid,historical,1971,6.0,0.0,0.0,0.0,31.85,2
Madrid,historical,1972,16.5,0.0,0.0,0.0,32.98,2
Madrid,historical,1973,10.5,0.0,0.0,0.0,33.19,2
Madrid,historical,1974,4.5,0.0,0.0,0.0,31.66,2
Madrid,historical,1975,18.5,0.0,0.0,0.0,32.79,2
Madrid,historical,1976,8.5,0.0,0.0,0.0,31.65,2
Madrid,historical,1977,13.0,0.0,0.0,0.0,33.18,2
Madrid,historical,1978,3.5,0.0,0.0,0.0,31.58,2
Madrid,historical,1979,7.5,0.0,0.0,0.0,33.0,2
Madrid,historical,1980,6.5,0.0,0.0,0.0,32.64,2
Madrid,historical,1981,9.5,0.0,0.0,0.0,31.85,2
Madrid,historical,1982,10.0,0.5,0.0,0.5,33.35,2
Madrid,historical,1983,4.5,0.0,0.0,0.0,31.21,2
Madrid,historical,1984,11.5,1.5,0.0,1.5,34.2,2
Madrid,historical,1985,6.5,0.0,0.0,0.0,31.59,2
Madrid,historical,1986,8.0,0.0,0.0,0.0,33.19,2
Madrid,historical,1987,19.5,0.0,0.0,0.0,33.78,2
Madrid,historical,1988,10.5,0.0,0.0,0.0,33.04,2
Madrid,historical,1989,29.5,0.5,0.0,0.5,34.78,2
Madrid,historical,1990,20.0,0.0,0.0,0.0,33.65,2
Madrid,historical,1991,35.0,0.0,0.0,0.0,33.57,2
Madrid,historical,1992,6.0,0.0,0.0,0.0,31.39,2
Madrid,historical,1993,11.0,0.0,0.0,0.0,33.4,2
Madrid,historical,1994,6.5,0.0,0.0,0.0,33.64,2
Madrid,historical,1995,3.5,0.0,0.0,0.0,29.97,2
Madrid,historical,1996,10.0,0.0,0.0,0.0,32.33,2
Madrid,historical,1997,33.0,0.0,0.0,0.0,34.1,2
Madrid,historical,1998,8.0,0.0,0.0,0.0,31.52,2
Madrid,historical,1999,15.5,0.0,0.0,0.0,33.67,2
Madrid,historical,2000,36.5,0.0,0.0,0.0,34.27,2
Madrid,historical,2001,21.5,1.0,0.0,1.0,34.09,2
Madrid,historical,2002,5.0,0.0,0.0,0.0,31.4,2
Madrid,historical,2003,17.5,0.0,0.0,0.0,33.46,2
Madrid,historical,2004,16.5,0.0,0.0,0.0,32.91,2
Madrid,historical,2005,11.0,1.0,0.0,1.0,33.13,2
Madrid,historical,2006,21.0,2.5,0.0,1.5,35.37,2
Madrid,historical,2007,11.5,0.0,0.0,0.0,32.76,2
Madrid,historical,2008,8.5,0.0,0.0,0.0,32.18,2
Madrid,historical,2009,14.0,0.0,0.0,0.0,31.59,2
Madrid,historical,2010,25.0,0.0,0.0,0.0,33.6,2
Madrid,historical,2011,13.5,0.0,0.0,0.0,34.01,2
Madrid,historical,2012,18.5,0.5,0.0,0.5,33.87,2
Madrid,historical,2013,25.0,0.0,0.0,0.0,33.48,2
Madrid,historical,2014,28.0,2.5,0.0,1.0,35.52,2
Madrid,ssp585,2015,39.33,8.0,0.0,3.0,35.66,3
Madrid,ssp585,2016,30.0,6.33,0.0,2.33,34.39,3
Madrid,ssp585,2017,37.67,2.0,0.0,1.0,35.12,3
Madrid,ssp585,2018,33.33,12.33,0.33,3.0,35.36,3
Madrid,ssp585,2019,44.0,17.33,1.33,4.67,36.3,3
Madrid,ssp585,2020,34.0,11.33,0.0,4.0,36.11,3
Madrid,ssp585,2021,27.0,3.0,0.0,3.0,35.26,3
Madrid,ssp585,2022,41.67,9.0,0.67,3.33,38.0,3
Madrid,ssp585,2023,45.33,16.0,3.0,8.33,37.08,3
Madrid,ssp585,2024,34.33,5.0,0.0,3.0,36.29,3
Madrid,ssp585,2025,38.33,10.33,0.33,8.0,37.91,3
Madrid,ssp585,2026,30.33,10.0,0.67,4.33,35.44,3
Madrid,ssp585,2027,26.67,3.67,0.0,1.33,33.16,3
Madrid,ssp585,2028,44.0,15.67,1.33,10.67,37.44,3
Madrid,ssp585,2029,43.33,11.67,0.0,2.67,35.69,3
Madrid,ssp585,2030,52.0,11.67,0.0,3.0,36.8,3
Madrid,ssp585,2031,40.0,10.33,0.0,3.33,35.57,3
Madrid,ssp585,2032,44.0,12.67,0.67,4.0,36.12,3
Madrid,ssp585,2033,42.67,11.67,1.33,2.67,37.96,3
Madrid,ssp585,2034,49.67,13.0,0.0,4.33,37.24,3
Madrid,ssp585,2035,48.67,16.33,2.67,7.33,37.14,3
Madrid,ssp585,2036,44.0,22.0,2.67,10.0,37.84,3
Madrid,ssp585,2037,40.67,7.67,0.33,4.67,36.36,3
Madrid,ssp585,2038,52.0,11.0,1.67,3.0,36.49,3
Madrid,ssp585,2039,56.67,23.33,4.33,15.0,36.82,3
Madrid,ssp585,2040,46.33,12.0,1.33,3.33,36.87,3
Madrid,ssp585,2041,49.33,16.67,2.67,8.0,37.04,3
Madrid,ssp585,2042,51.67,13.33,1.33,3.33,37.34,3
Madrid,ssp585,2043,55.33,12.33,1.67,3.33,36.27,3
Madrid,ssp585,2044,55.33,13.33,3.0,5.0,38.01,3
Madrid,ssp585,2045,50.33,14.33,2.67,5.33,38.03,3
Madrid,ssp585,2046,54.33,14.67,1.0,8.33,37.62,3
Madrid,ssp585,2047,64.33,20.67,2.33,10.67,38.41,3
Madrid,ssp585,2048,70.0,28.33,10.0,21.33,39.27,3
Madrid,ssp585,2049,61.0,25.0,3.33,9.33,37.61,3
Madrid,ssp585,2050,61.0,17.67,2.33,9.33,38.34,3
Madrid,ssp585,2051,60.0,18.67,6.0,11.0,38.27,3
Madrid,ssp585,2052,70.0,29.0,4.67,9.67,39.73,3
Madrid,ssp585,2053,66.0,21.67,2.33,4.67,38.86,3
Madrid,ssp585,2054,65.33,16.33,0.0,4.0,37.43,3
Madrid,ssp585,2055,67.33,24.33,5.67,8.0,38.86,3
Madrid,ssp585,2056,86.0,35.33,6.33,15.0,40.41,3
Madrid,ssp585,2057,75.0,30.33,2.67,15.67,38.02,3
Madrid,ssp585,2058,70.67,29.67,8.0,19.67,39.56,3
Madrid,ssp585,2059,65.67,26.33,2.0,12.67,39.17,3
Madrid,ssp585,2060,57.0,14.67,0.67,7.0,36.87,3
Madrid,ssp585,2061,69.67,25.0,2.67,9.0,39.71,3
Madrid,ssp585,2062,70.0,21.0,3.0,7.67,38.73,3
Madrid,ssp585,2063,70.67,33.33,8.0,13.67,40.42,3
Madrid,ssp585,2064,69.67,30.0,8.67,13.33,40.2,3
Madrid,ssp585,2065,63.0,31.0,9.0,12.0,39.92,3
Madrid,ssp585,2066,68.67,30.33,2.0,13.67,39.3,3
Madrid,ssp585,2067,80.67,26.67,1.33,9.33,38.71,3
Madrid,ssp585,2068,82.0,30.67,12.67,15.67,39.45,3
Madrid,ssp585,2069,87.0,36.33,9.33,27.0,40.42,3
Madrid,ssp585,2070,76.33,31.0,10.0,18.0,40.11,3
Madrid,ssp585,2071,74.67,35.67,8.67,11.0,40.79,3
Madrid,ssp585,2072,92.67,46.67,10.0,14.0,41.12,3
Madrid,ssp585,2073,88.0,40.33,9.33,14.67,41.35,3
Madrid,ssp585,2074,88.33,47.33,14.0,20.67,40.64,3
Madrid,ssp585,2075,90.67,35.67,7.33,14.0,40.37,3
Madrid,ssp585,2076,81.67,36.67,12.33,19.0,41.16,3
Madrid,ssp585,2077,78.67,28.67,12.33,11.67,40.53,3
Madrid,ssp585,2078,77.67,41.67,11.33,12.33,40.85,3
Madrid,ssp585,2079,82.33,37.0,15.33,26.0,40.49,3
Madrid,ssp585,2080,88.67,45.0,15.0,20.67,41.06,3
Madrid,ssp585,2081,98.67,45.67,17.0,29.0,41.82,3
Madrid,ssp585,2082,90.33,45.0,11.67,24.0,41.29,3
Madrid,ssp585,2083,95.0,49.0,14.33,15.33,41.83,3
Madrid,ssp585,2084,99.33,49.67,14.67,30.33,41.77,3
Madrid,ssp585,2085,92.33,53.33,13.0,18.33,41.16,3
Madrid,ssp585,2086,94.0,42.33,9.0,14.67,42.16,3
Madrid,ssp585,2087,92.67,49.67,20.0,18.67,41.3,3
Madrid,ssp585,2088,87.67,50.33,18.0,38.0,40.33,3
Madrid,ssp585,2089,103.33,58.0,15.33,28.33,43.72,3
Madrid,ssp585,2090,93.67,59.0,19.0,30.33,43.3,3
Madrid,ssp585,2091,102.67,58.33,21.0,25.33,44.51,3
Madrid,ssp585,2092,103.67,54.33,21.33,35.0,42.12,3
Madrid,ssp585,2093,99.67,61.67,21.33,43.33,42.18,3
Madrid,ssp585,2094,103.33,60.33,28.0,42.33,42.61,3
Madrid,ssp585,2095,109.0,71.0,23.0,24.0,43.33,3
Madrid,ssp585,2096,117.0,64.33,21.67,29.33,42.94,3
Madrid,ssp585,2097,117.0,68.67,29.67,43.67,43.52,3
Madrid,ssp585,2098,99.0,47.67,18.0,34.0,43.3,3
Madrid,ssp585,2099,115.67,69.0,24.33,34.33,44.91,3
Madrid,ssp585,2100,96.5,40.5,3.0,13.0,40.78,2
Mexico City,historical,1850,0.0,0.0,0.0,0.0,28.24,2
Mexico City,historical,1851,0.0,0.0,0.0,0.0,28.18,2
Mexico City,historical,1852,0.0,0.0,0.0,0.0,29.08,2
Mexico City,historical,1853,0.0,0.0,0.0,0.0,28.12,2
Mexico City,historical,1854,0.0,0.0,0.0,0.0,27.99,2
Mexico City,historical,1855,0.0,0.0,0.0,0.0,28.73,2
Mexico City,historical,1856,0.0,0.0,0.0,0.0,28.05,2
Mexico City,historical,1857,0.0,0.0,0.0,0.0,27.61,2
Mexico City,historical,1858,0.0,0.0,0.0,0.0,29.6,2
Mexico City,historical,1859,0.0,0.0,0.0,0.0,27.22,2
Mexico City,historical,1860,0.0,0.0,0.0,0.0,27.6,2
Mexico City,historical,1861,0.0,0.0,0.0,0.0,27.77,2
Mexico City,historical,1862,0.0,0.0,0.0,0.0,26.59,2
Mexico City,historical,1863,0.0,0.0,0.0,0.0,28.71,2
Mexico City,historical,1864,0.5,0.0,0.0,0.0,27.8,2
Mexico City,historical,1865,1.5,0.0,0.0,0.0,28.77,2
Mexico City,historical,1866,0.0,0.0,0.0,0.0,28.07,2
Mexico City,historical,1867,0.0,0.0,0.0,0.0,28.21,2
Mexico City,historical,1868,0.0,0.0,0.0,0.0,28.4,2
Mexico City,historical,1869,3.5,0.0,0.0,0.0,28.74,2
Mexico City,historical,1870,0.0,0.0,0.0,0.0,26.97,2
Mexico City,historical,1871,0.0,0.0,0.0,0.0,26.91,2
Mexico City,historical,1872,0.0,0.0,0.0,0.0,29.0,2
Mexico City,historical,1873,1.5,0.0,0.0,0.0,30.38,2
Mexico City,historical,1874,0.0,0.0,0.0,0.0,28.08,2
Mexico City,historical,1875,1.5,0.0,0.0,0.0,29.4,2
Mexico City,historical,1876,5.5,0.0,0.0,0.0,30.73,2
Mexico City,historical,1877,0.0,0.0,0.0,0.0,28.02,2
Mexico City,historical,1878,0.0,0.0,0.0,0.0,29.2,2
Mexico City,historical,1879,1.0,0.0,0.0,0.0,30.25,2
Mexico City,historical,1880,0.0,0.0,0.0,0.0,27.16,2
Mexico City,historical,1881,0.0,0.0,0.0,0.0,29.5,2
Mexico City,historical,1882,0.0,0.0,0.0,0.0,27.24,2
Mexico City,historical,1883,0.0,0.0,0.0,0.0,27.3,2
Mexico City,historical,1884,1.0,0.0,0.0,0.0,28.98,2
Mexico City,historical,1885,0.0,0.0,0.0,0.0,29.18,2
Mexico City,historical,1886,0.0,0.0,0.0,0.0,27.45,2
Mexico City,historical,1887,0.0,0.0,0.0,0.0,26.47,2
Mexico City,historical,1888,1.0,0.0,0.0,0.0,30.45,2
Mexico City,historical,1889,0.0,0.0,0.0,0.0,29.06,2
Mexico City,historical,1890,0.0,0.0,0.0,0.0,28.04,2
Mexico City,historical,1891,1.5,0.0,0.0,0.0,30.08,2
Mexico City,historical,1892,0.0,0.0,0.0,0.0,27.58,2
Mexico City,historical,1893,0.0,0.0,0.0,0.0,28.43,2
Mexico City,historical,1894,0.0,0.0,0.0,0.0,27.89,2
Mexico City,historical,1895,0.0,0.0,0.0,0.0,28.56,2
Mexico City,historical,1896,1.5,0.0,0.0,0.0,30.28,2
Mexico City,historical,1897,0.0,0.0,0.0,0.0,28.48,2
Mexico City,historical,1898,0.0,0.0,0.0,0.0,28.7,2
Mexico City,historical,1899,0.0,0.0,0.0,0.0,27.61,2
Mexico City,historical,1900,0.0,0.0,0.0,0.0,28.85,2
Mexico City,historical,1901,0.0,0.0,0.0,0.0,28.33,2
Mexico City,historical,1902,0.0,0.0,0.0,0.0,27.2,2
Mexico City,historical,1903,0.0,0.0,0.0,0.0,27.29,2
Mexico City,historical,1904,0.0,0.0,0.0,0.0,29.55,2
Mexico City,historical,1905,1.5,0.0,0.0,0.0,28.91,2
Mexico City,historical,1906,0.0,0.0,0.0,0.0,26.76,2
Mexico City,historical,1907,0.0,0.0,0.0,0.0,27.61,2
Mexico City,historical,1908,0.0,0.0,0.0,0.0,27.94,2
Mexico City,historical,1909,0.5,0.0,0.0,0.0,28.38,2
Mexico City,historical,1910,2.0,0.0,0.0,0.0,29.41,2
Mexico City,historical,1911,0.0,0.0,0.0,0.0,27.88,2
Mexico City,historical,1912,0.0,0.0,0.0,0.0,27.98,2
Mexico City,historical,1913,0.0,0.0,0.0,0.0,29.38,2
Mexico City,historical,1914,0.0,0.0,0.0,0.0,29.11,2
Mexico City,historical,1915,2.5,0.0,0.0,0.0,30.93,2
Mexico City,historical,1916,1.0,0.0,0.0,0.0,30.02,2
Mexico City,historical,1917,0.0,0.0,0.0,0.0,26.83,2
Mexico City,historical,1918,0.5,0.0,0.0,0.0,28.28,2
Mexico City,historical,1919,1.5,0.0,0.0,0.0,28.41,2
Mexico City,historical,1920,6.0,0.0,0.0,0.0,30.12,2
Mexico City,historical,1921,1.5,0.0,0.0,0.0,28.68,2
Mexico City,historical,1922,0.0,0.0,0.0,0.0,28.83,2
Mexico City,historical,1923,6.0,0.0,0.0,0.0,29.61,2
Mexico City,historical,1924,1.5,0.0,0.0,0.0,30.13,2
Mexico City,historical,1925,0.5,0.0,0.0,0.0,29.53,2
Mexico City,historical,1926,0.0,0.0,0.0,0.0,28.38,2
Mexico City,historical,1927,0.0,0.0,0.0,0.0,26.02,2
Mexico City,historical,1928,1.0,0.0,0.0,0.0,29.94,2
Mexico City,historical,1929,0.0,0.0,0.0,0.0,27.07,2
Mexico City,historical,1930,1.0,0.0,0.0,0.0,27.06,2
Mexico City,historical,1931,0.0,0.0,0.0,0.0,28.75,2
Mexico City,historical,1932,2.0,0.0,0.0,0.0,29.22,2
Mexico City,historical,1933,0.0,0.0,0.0,0.0,27.89,2
Mexico City,historical,1934,0.0,0.0,0.0,0.0,29.02,2
Mexico City,historical,1935,0.5,0.0,0.0,0.0,29.63,2
Mexico City,historical,1936,0.0,0.0,0.0,0.0,26.87,2
Mexico City,historical,1937,0.5,0.0,0.0,0.0,28.91,2
Mexico City,historical,1938,0.5,0.0,0.0,0.0,28.31,2
Mexico City,historical,1939,1.0,0.0,0.0,0.0,29.07,2
Mexico City,historical,1940,0.5,0.0,0.0,0.0,30.06,2
Mexico City,historical,1941,0.0,0.0,0.0,0.0,27.78,2
Mexico City,historical,1942,0.0,0.0,0.0,0.0,28.57,2
Mexico City,historical,1943,0.0,0.0,0.0,0.0,28.53,2
Mexico City,historical,1944,0.5,0.0,0.0,0.0,28.96,2
Mexico City,historical,1945,0.0,0.0,0.0,0.0,28.94,2
Mexico City,historical,1946,0.0,0.0,0.0,0.0,25.61,2
Mexico City,historical,1947,0.0,0.0,0.0,0.0,28.32,2
Mexico City,historical,1948,7.0,0.0,0.0,0.0,30.67,2
Mexico City,historical,1949,0.5,0.0,0.0,0.0,29.65,2
Mexico City,historical,1950,0.0,0.0,0.0,0.0,28.96,2
Mexico City,historical,1951,0.0,0.0,0.0,0.0,28.18,2
Mexico City,historical,1952,0.5,0.0,0.0,0.0,29.31,2
Mexico City,historical,1953,0.5,0.0,0.0,0.0,29.13,2
Mexico City,historical,1954,0.0,0.0,0.0,0.0,28.47,2
Mexico City,historical,1955,0.0,0.0,0.0,0.0,27.8,2
Mexico City,historical,1956,0.0,0.0,0.0,0.0,28.33,2
Mexico City,historical,1957,0.0,0.0,0.0,0.0,27.1,2
Mexico City,historical,1958,1.5,0.0,0.0,0.0,30.08,2
Mexico City,historical,1959,0.0,0.0,0.0,0.0,28.6,2
Mexico City,historical,1960,2.0,0.0,0.0,0.0,29.8,2
Mexico City,historical,1961,0.0,0.0,0.0,0.0,28.4,2
Mexico City,historical,1962,0.0,0.0,0.0,0.0,28.43,2
Mexico City,historical,1963,0.5,0.0,0.0,0.0,29.99,2
Mexico City,historical,1964,0.0,0.0,0.0,0.0,27.12,2
Mexico City,historical,1965,0.0,0.0,0.0,0.0,26.17,2
Mexico City,historical,1966,0.0,0.0,0.0,0.0,28.56,2
Mexico City,historical,1967,0.0,0.0,0.0,0.0,28.72,2
Mexico City,historical,1968,0.5,0.0,0.0,0.0,28.51,2
Mexico City,historical,1969,0.0,0.0,0.0,0.0,28.16,2
Mexico City,historical,1970,0.0,0.0,0.0,0.0,28.51,2
Mexico City,historical,1971,0.0,0.0,0.0,0.0,26.84,2
Mexico City,historical,1972,0.5,0.0,0.0,0.0,29.05,2
Mexico City,historical,1973,1.0,0.0,0.0,0.0,29.52,2
Mexico City,historical,1974,0.0,0.0,0.0,0.0,27.04,2
Mexico City,historical,1975,0.0,0.0,0.0,0.0,28.15,2
Mexico City,historical,1976,0.0,0.0,0.0,0.0,28.82,2
Mexico City,historical,1977,0.0,0.0,0.0,0.0,27.88,2
Mexico City,historical,1978,0.0,0.0,0.0,0.0,29.1,2
Mexico City,historical,1979,1.5,0.0,0.0,0.0,29.09,2
Mexico City,historical,1980,2.0,0.0,0.0,0.0,27.33,2
Mexico City,historical,1981,2.5,0.0,0.0,0.0,30.29,2
Mexico City,historical,1982,1.0,0.0,0.0,0.0,28.89,2
Mexico City,historical,1983,0.0,0.0,0.0,0.0,28.22,2
Mexico City,historical,1984,2.0,0.0,0.0,0.0,28.03,2
Mexico City,historical,1985,3.0,0.0,0.0,0.0,29.54,2
Mexico City,historical,1986,0.5,0.0,0.0,0.0,28.56,2
Mexico City,historical,1987,1.5,0.0,0.0,0.0,29.9,2
Mexico City,historical,1988,3.5,0.0,0.0,0.0,29.6,2
Mexico City,historical,1989,2.0,0.0,0.0,0.0,29.73,2
Mexico City,historical,1990,5.5,0.0,0.0,0.0,30.58,2
Mexico City,historical,1991,2.0,0.0,0.0,0.0,30.69,2
Mexico City,historical,1992,0.0,0.0,0.0,0.0,26.89,2
Mexico City,historical,1993,0.0,0.0,0.0,0.0,27.93,2
Mexico City,historical,1994,0.0,0.0,0.0,0.0,28.11,2
Mexico City,historical,1995,0.0,0.0,0.0,0.0,26.89,2
Mexico City,historical,1996,0.0,0.0,0.0,0.0,29.54,2
Mexico City,historical,1997,0.0,0.0,0.0,0.0,28.2,2
Mexico City,historical,1998,0.0,0.0,0.0,0.0,29.29,2
Mexico City,historical,1999,0.0,0.0,0.0,0.0,28.15,2
Mexico City,historical,2000,0.0,0.0,0.0,0.0,28.63,2
Mexico City,historical,2001,0.0,0.0,0.0,0.0,29.77,2
Mexico City,historical,2002,5.0,0.0,0.0,0.0,30.39,2
Mexico City,historical,2003,0.0,0.0,0.0,0.0,28.77,2
Mexico City,historical,2004,0.5,0.0,0.0,0.0,30.07,2
Mexico City,historical,2005,1.5,0.0,0.0,0.0,29.93,2
Mexico City,historical,2006,2.0,0.0,0.0,0.0,29.41,2
Mexico City,historical,2007,9.5,0.0,0.0,0.0,31.45,2
Mexico City,historical,2008,0.0,0.0,0.0,0.0,27.96,2
Mexico City,historical,2009,2.5,0.0,0.0,0.0,30.48,2
Mexico City,historical,2010,3.0,0.0,0.0,0.0,31.35,2
Mexico City,historical,2011,0.0,0.0,0.0,0.0,28.86,2
Mexico City,historical,2012,0.0,0.0,0.0,0.0,28.52,2
Mexico City,historical,2013,1.0,0.0,0.0,0.0,30.28,2
Mexico City,historical,2014,1.0,0.0,0.0,0.0,28.93,2
Mexico City,ssp585,2015,6.67,0.0,0.0,0.0,29.21,3
Mexico City,ssp585,2016,5.33,0.0,0.0,0.0,29.99,3
Mexico City,ssp585,2017,19.0,0.0,0.0,0.0,31.81,3
Mexico City,ssp585,2018,15.0,0.0,0.0,0.0,30.78,3
Mexico City,ssp585,2019,12.0,0.0,0.0,0.0,31.49,3
Mexico City,ssp585,2020,8.0,0.0,0.0,0.0,29.98,3
Mexico City,ssp585,2021,15.67,0.0,0.0,0.0,29.2,3
Mexico City,ssp585,2022,5.33,0.0,0.0,0.0,30.14,3
Mexico City,ssp585,2023,24.33,0.0,0.0,0.0,31.18,3
Mexico City,ssp585,2024,8.0,0.0,0.0,0.0,30.09,3
Mexico City,ssp585,2025,10.33,0.0,0.0,0.0,31.76,3
Mexico City,ssp585,2026,16.0,0.0,0.0,0.0,30.52,3
Mexico City,ssp585,2027,9.0,0.0,0.0,0.0,31.32,3
Mexico City,ssp585,2028,18.0,0.0,0.0,0.0,32.14,3
Mexico City,ssp585,2029,18.0,0.0,0.0,0.0,31.09,3
Mexico City,ssp585,2030,16.33,0.0,0.0,0.0,30.55,3
Mexico City,ssp585,2031,18.33,0.33,0.0,0.33,31.85,3
Mexico City,ssp585,2032,26.0,0.0,0.0,0.0,32.96,3
Mexico City,ssp585,2033,13.67,0.0,0.0,0.0,32.05,3
Mexico City,ssp585,2034,4.67,0.0,0.0,0.0,30.37,3
Mexico City,ssp585,2035,16.0,0.0,0.0,0.0,30.91,3
Mexico City,ssp585,2036,31.0,1.33,0.0,0.67,33.43,3
Mexico City,ssp585,2037,10.0,0.0,0.0,0.0,30.78,3
Mexico City,ssp585,2038,18.33,0.0,0.0,0.0,31.07,3
Mexico City,ssp585,2039,19.0,0.0,0.0,0.0,30.29,3
Mexico City,ssp585,2040,24.67,0.0,0.0,0.0,32.36,3
Mexico City,ssp585,2041,28.33,1.0,0.0,0.67,32.93,3
Mexico City,ssp585,2042,25.0,0.67,0.0,0.33,31.64,3
Mexico City,ssp585,2043,25.67,0.0,0.0,0.0,32.5,3
Mexico City,ssp585,2044,15.33,0.0,0.0,0.0,31.31,3
Mexico City,ssp585,2045,35.33,0.0,0.0,0.0,32.9,3
Mexico City,ssp585,2046,29.0,3.67,0.0,3.0,32.86,3
Mexico City,ssp585,2047,28.67,0.67,0.0,0.67,32.57,3
Mexico City,ssp585,2048,31.0,0.67,0.0,0.67,32.13,3
Mexico City,ssp585,2049,29.67,0.0,0.0,0.0,32.45,3
Mexico City,ssp585,2050,23.33,0.0,0.0,0.0,32.3,3
Mexico City,ssp585,2051,40.33,0.0,0.0,0.0,33.26,3
Mexico City,ssp585,2052,20.33,0.0,0.0,0.0,32.11,3
Mexico City,ssp585,2053,25.67,0.0,0.0,0.0,33.31,3
Mexico City,ssp585,2054,45.33,2.0,0.0,1.33,32.56,3
Mexico City,ssp585,2055,41.0,0.0,0.0,0.0,32.11,3
Mexico City,ssp585,2056,47.33,0.0,0.0,0.0,33.5,3
Mexico City,ssp585,2057,33.0,1.67,0.0,1.0,33.29,3
Mexico City,ssp585,2058,39.67,1.33,0.0,0.67,34.18,3
Mexico City,ssp585,2059,48.33,0.0,0.0,0.0,33.18,3
Mexico City,ssp585,2060,30.0,0.67,0.0,0.33,31.61,3
Mexico City,ssp585,2061,41.0,1.0,0.0,0.67,32.91,3
Mexico City,ssp585,2062,44.0,1.67,0.0,1.0,32.74,3
Mexico City,ssp585,2063,57.67,3.33,0.0,1.33,32.91,3
Mexico City,ssp585,2064,58.0,0.33,0.0,0.33,33.69,3
Mexico City,ssp585,2065,78.0,8.67,0.0,6.33,34.47,3
Mexico City,ssp585,2066,65.0,5.67,0.0,1.67,33.63,3
Mexico City,ssp585,2067,67.33,3.0,0.0,1.67,34.78,3
Mexico City,ssp585,2068,50.67,4.0,0.0,1.0,33.63,3
Mexico City,ssp585,2069,51.67,4.33,0.0,1.0,32.94,3
Mexico City,ssp585,2070,64.33,7.0,0.0,2.67,34.41,3
Mexico City,ssp585,2071,89.67,4.33,0.0,1.33,34.11,3
Mexico City,ssp585,2072,82.0,15.0,0.0,7.67,35.28,3
Mexico City,ssp585,2073,79.0,14.0,0.0,8.0,34.39,3
Mexico City,ssp585,2074,96.67,14.0,0.33,9.0,35.19,3
Mexico City,ssp585,2075,88.67,2.67,0.0,1.67,34.76,3
Mexico City,ssp585,2076,91.67,7.0,0.0,3.33,34.56,3
Mexico City,ssp585,2077,97.0,8.0,0.0,2.33,34.19,3
Mexico City,ssp585,2078,87.0,7.0,0.0,3.0,33.32,3
Mexico City,ssp585,2079,94.33,8.67,0.0,2.0,35.23,3
Mexico City,ssp585,2080,85.33,10.67,0.0,4.33,34.05,3
Mexico City,ssp585,2081,95.67,13.33,0.0,3.33,34.56,3
Mexico City,ssp585,2082,106.0,13.0,0.0,4.33,36.2,3
Mexico City,ssp585,2083,99.67,9.33,0.0,3.33,34.5,3
Mexico City,ssp585,2084,92.0,8.67,0.0,3.0,33.95,3
Mexico City,ssp585,2085,106.33,20.67,0.0,4.0,35.3,3
Mexico City,ssp585,2086,110.33,12.33,0.0,3.0,34.95,3
Mexico City,ssp585,2087,123.33,10.33,0.0,4.0,35.56,3
Mexico City,ssp585,2088,104.67,27.33,1.33,5.67,35.56,3
Mexico City,ssp585,2089,130.0,24.0,0.0,10.0,36.67,3
Mexico City,ssp585,2090,107.33,10.33,0.0,8.67,35.48,3
Mexico City,ssp585,2091,111.0,20.67,0.67,10.33,35.87,3
Mexico City,ssp585,2092,121.33,16.67,0.0,7.67,35.6,3
Mexico City,ssp585,2093,139.33,26.0,2.0,19.67,36.74,3
Mexico City,ssp585,2094,131.0,27.33,0.0,8.33,35.62,3
Mexico City,ssp585,2095,111.33,26.67,0.0,7.67,35.16,3
Mexico City,ssp585,2096,138.33,29.67,3.67,9.33,36.06,3
Mexico City,ssp585,2097,151.0,18.33,0.0,6.67,36.02,3
Mexico City,ssp585,2098,143.33,38.33,2.67,10.33,36.71,3
Mexico City,ssp585,2099,149.67,38.33,4.67,12.0,37.39,3
Mexico City,ssp585,2100,82.5,4.0,0.0,1.5,35.52,2
Moscow,historical,1850,4.0,0.5,0.0,0.5,29.76,2
Moscow,historical,1851,0.0,0.0,0.0,0.0,25.83,2
Moscow,historical,1852,0.0,0.0,0.0,0.0,24.85,2
Moscow,historical,1853,0.0,0.0,0.0,0.0,27.57,2
Moscow,historical,1854,0.0,0.0,0.0,0.0,24.61,2
Moscow,historical,1855,0.0,0.0,0.0,0.0,25.77,2
Moscow,historical,1856,0.0,0.0,0.0,0.0,28.21,2
Moscow,historical,1857,2.0,0.0,0.0,0.0,28.12,2
Moscow,historical,1858,0.0,0.0,0.0,0.0,26.68,2
Moscow,historical,1859,1.5,0.0,0.0,0.0,28.7,2
Moscow,historical,1860,0.0,0.0,0.0,0.0,27.17,2
Moscow,historical,1861,0.0,0.0,0.0,0.0,26.4,2
Moscow,historical,1862,0.0,0.0,0.0,0.0,26.51,2
Moscow,historical,1863,1.0,0.0,0.0,0.0,28.1,2
Moscow,historical,1864,2.0,0.0,0.0,0.0,27.62,2
Moscow,historical,1865,6.5,0.0,0.0,0.0,30.07,2
Moscow,historical,1866,0.0,0.0,0.0,0.0,26.43,2
Moscow,historical,1867,0.0,0.0,0.0,0.0,23.29,2
Moscow,historical,1868,0.0,0.0,0.0,0.0,25.57,2
Moscow,historical,1869,1.5,0.0,0.0,0.0,29.46,2
Moscow,historical,1870,0.0,0.0,0.0,0.0,27.17,2
Moscow,historical,1871,1.0,0.0,0.0,0.0,29.1,2
Moscow,historical,1872,3.5,0.0,0.0,0.0,29.95,2
Moscow,historical,1873,0.0,0.0,0.0,0.0,26.95,2
Moscow,historical,1874,2.0,0.0,0.0,0.0,29.49,2
Moscow,historical,1875,0.5,0.0,0.0,0.0,27.82,2
Moscow,historical,1876,0.0,0.0,0.0,0.0,24.99,2
Moscow,historical,1877,0.0,0.0,0.0,0.0,27.85,2
Moscow,historical,1878,0.5,0.0,0.0,0.0,27.69,2
Moscow,historical,1879,0.0,0.0,0.0,0.0,26.0,2
Moscow,historical,1880,0.0,0.0,0.0,0.0,28.09,2
Moscow,historical,1881,0.0,0.0,0.0,0.0,27.32,2
Moscow,historical,1882,4.5,1.0,0.0,0.5,31.59,2
Moscow,historical,1883,1.5,0.0,0.0,0.0,29.2,2
Moscow,historical,1884,0.0,0.0,0.0,0.0,25.85,2
Moscow,historical,1885,0.0,0.0,0.0,0.0,27.25,2
Moscow,historical,1886,9.0,0.5,0.0,0.5,29.14,2
Moscow,historical,1887,1.5,0.0,0.0,0.0,27.21,2
Moscow,historical,1888,6.5,0.0,0.0,0.0,29.91,2
Moscow,historical,1889,4.5,0.0,0.0,0.0,30.38,2
Moscow,historical,1890,1.0,0.0,0.0,0.0,28.95,2
Moscow,historical,1891,0.0,0.0,0.0,0.0,27.05,2
Moscow,historical,1892,1.0,0.0,0.0,0.0,27.99,2
Moscow,historical,1893,7.0,0.5,0.0,0.5,31.12,2
Moscow,historical,1894,3.0,0.0,0.0,0.0,29.31,2
Moscow,historical,1895,0.0,0.0,0.0,0.0,26.75,2
Moscow,historical,1896,0.0,0.0,0.0,0.0,24.89,2
Moscow,historical,1897,0.0,0.0,0.0,0.0,25.62,2
Moscow,historical,1898,6.0,1.5,0.0,1.0,30.68,2
Moscow,historical,1899,2.0,0.0,0.0,0.0,29.04,2
Moscow,historical,1900,0.0,0.0,0.0,0.0,25.61,2
Moscow,historical,1901,2.5,0.0,0.0,0.0,28.62,2
Moscow,historical,1902,1.0,0.0,0.0,0.0,28.8,2
Moscow,historical,1903,3.5,0.0,0.0,0.0,30.68,2
Moscow,historical,1904,17.0,2.5,0.5,1.0,31.96,2
Moscow,historical,1905,0.0,0.0,0.0,0.0,28.44,2
Moscow,historical,1906,3.5,0.0,0.0,0.0,28.06,2
Moscow,historical,1907,1.0,0.0,0.0,0.0,27.22,2
Moscow,historical,1908,6.5,2.0,0.0,2.0,32.12,2
Moscow,historical,1909,2.5,0.0,0.0,0.0,27.87,2
Moscow,historical,1910,1.5,0.0,0.0,0.0,28.55,2
Moscow,historical,1911,1.5,0.0,0.0,0.0,29.36,2
Moscow,historical,1912,0.0,0.0,0.0,0.0,26.03,2
Moscow,historical,1913,0.5,0.0,0.0,0.0,27.61,2
Moscow,historical,1914,0.5,0.0,0.0,0.0,26.97,2
Moscow,historical,1915,0.0,0.0,0.0,0.0,26.03,2
Moscow,historical,1916,0.0,0.0,0.0,0.0,27.22,2
Moscow,historical,1917,0.5,0.0,0.0,0.0,27.72,2
Moscow,historical,1918,0.0,0.0,0.0,0.0,26.76,2
Moscow,historical,1919,0.0,0.0,0.0,0.0,23.95,2
Moscow,historical,1920,0.0,0.0,0.0,0.0,25.25,2
Moscow,historical,1921,2.0,0.0,0.0,0.0,28.02,2
Moscow,historical,1922,0.0,0.0,0.0,0.0,25.13,2
Moscow,historical,1923,0.5,0.0,0.0,0.0,27.51,2
Moscow,historical,1924,0.0,0.0,0.0,0.0,27.41,2
Moscow,historical,1925,0.0,0.0,0.0,0.0,27.06,2
Moscow,historical,1926,0.0,0.0,0.0,0.0,26.8,2
Moscow,historical,1927,0.0,0.0,0.0,0.0,25.8,2
Moscow,historical,1928,0.0,0.0,0.0,0.0,27.74,2
Moscow,historical,1929,1.5,0.0,0.0,0.0,28.04,2
Moscow,historical,1930,0.0,0.0,0.0,0.0,26.7,2
Moscow,historical,1931,0.0,0.0,0.0,0.0,26.41,2
Moscow,historical,1932,0.0,0.0,0.0,0.0,25.6,2
Moscow,historical,1933,0.0,0.0,0.0,0.0,24.34,2
Moscow,historical,1934,0.0,0.0,0.0,0.0,24.13,2
Moscow,historical,1935,0.0,0.0,0.0,0.0,27.33,2
Moscow,historical,1936,1.0,0.0,0.0,0.0,28.25,2
Moscow,historical,1937,0.5,0.0,0.0,0.0,28.71,2
Moscow,historical,1938,0.0,0.0,0.0,0.0,26.95,2
Moscow,historical,1939,1.5,0.0,0.0,0.0,28.45,2
Moscow,historical,1940,2.5,0.0,0.0,0.0,29.27,2
Moscow,historical,1941,0.0,0.0,0.0,0.0,27.9,2
Moscow,historical,1942,0.0,0.0,0.0,0.0,26.8,2
Moscow,historical,1943,4.0,0.0,0.0,0.0,28.3,2
Moscow,historical,1944,0.0,0.0,0.0,0.0,27.72,2
Moscow,historical,1945,2.0,0.0,0.0,0.0,27.55,2
Moscow,historical,1946,0.0,0.0,0.0,0.0,27.24,2
Moscow,historical,1947,0.0,0.0,0.0,0.0,26.24,2
Moscow,historical,1948,0.0,0.0,0.0,0.0,26.13,2
Moscow,historical,1949,0.5,0.0,0.0,0.0,28.11,2
Moscow,historical,1950,1.5,0.0,0.0,0.0,28.32,2
Moscow,historical,1951,0.0,0.0,0.0,0.0,27.46,2
Moscow,historical,1952,0.0,0.0,0.0,0.0,26.92,2
Moscow,historical,1953,1.0,0.0,0.0,0.0,29.4,2
Moscow,historical,1954,0.0,0.0,0.0,0.0,25.99,2
Moscow,historical,1955,0.0,0.0,0.0,0.0,26.91,2
Moscow,historical,1956,0.0,0.0,0.0,0.0,26.2,2
Moscow,historical,1957,0.0,0.0,0.0,0.0,26.99,2
Moscow,historical,1958,0.0,0.0,0.0,0.0,25.56,2
Moscow,historical,1959,4.0,0.0,0.0,0.0,29.44,2
Moscow,historical,1960,0.0,0.0,0.0,0.0,26.56,2
Moscow,historical,1961,0.0,0.0,0.0,0.0,26.23,2
Moscow,historical,1962,0.0,0.0,0.0,0.0,28.27,2
Moscow,historical,1963,0.5,0.0,0.0,0.0,27.36,2
Moscow,historical,1964,0.0,0.0,0.0,0.0,26.96,2
Moscow,historical,1965,4.0,1.0,0.0,1.0,30.92,2
Moscow,historical,1966,1.5,0.0,0.0,0.0,28.59,2
Moscow,historical,1967,0.0,0.0,0.0,0.0,26.5,2
Moscow,historical,1968,1.0,0.0,0.0,0.0,28.55,2
Moscow,historical,1969,0.0,0.0,0.0,0.0,26.89,2
Moscow,historical,1970,0.5,0.0,0.0,0.0,27.35,2
Moscow,historical,1971,0.5,0.0,0.0,0.0,27.26,2
Moscow,historical,1972,0.0,0.0,0.0,0.0,26.62,2
Moscow,historical,1973,3.0,0.0,0.0,0.0,29.35,2
Moscow,historical,1974,1.0,0.0,0.0,0.0,26.82,2
Moscow,historical,1975,0.0,0.0,0.0,0.0,25.98,2
Moscow,historical,1976,0.0,0.0,0.0,0.0,27.06,2
Moscow,historical,1977,0.0,0.0,0.0,0.0,27.32,2
Moscow,historical,1978,0.0,0.0,0.0,0.0,27.37,2
Moscow,historical,1979,3.5,0.0,0.0,0.0,28.46,2
Moscow,historical,1980,2.0,0.0,0.0,0.0,30.16,2
Moscow,historical,1981,0.0,0.0,0.0,0.0,27.77,2
Moscow,historical,1982,0.0,0.0,0.0,0.0,27.6,2
Moscow,historical,1983,0.5,0.0,0.0,0.0,27.59,2
Moscow,historical,1984,0.0,0.0,0.0,0.0,25.65,2
Moscow,historical,1985,5.0,0.0,0.0,0.0,29.3,2
Moscow,historical,1986,0.0,0.0,0.0,0.0,27.51,2
Moscow,historical,1987,1.0,0.0,0.0,0.0,27.89,2
Moscow,historical,1988,0.0,0.0,0.0,0.0,27.1,2
Moscow,historical,1989,0.5,0.0,0.0,0.0,29.88,2
Moscow,historical,1990,0.0,0.0,0.0,0.0,27.75,2
Moscow,historical,1991,0.5,0.0,0.0,0.0,28.27,2
Moscow,historical,1992,2.5,0.0,0.0,0.0,27.75,2
Moscow,historical,1993,0.0,0.0,0.0,0.0,27.07,2
Moscow,historical,1994,1.0,0.0,0.0,0.0,30.48,2
Moscow,historical,1995,2.5,0.0,0.0,0.0,29.69,2
Moscow,historical,1996,1.5,0.0,0.0,0.0,30.09,2
Moscow,historical,1997,0.0,0.0,0.0,0.0,28.68,2
Moscow,historical,1998,0.0,0.0,0.0,0.0,25.82,2
Moscow,historical,1999,2.0,0.0,0.0,0.0,27.99,2
Moscow,historical,2000,0.5,0.0,0.0,0.0,28.01,2
Moscow,historical,2001,1.0,0.0,0.0,0.0,28.23,2
Moscow,historical,2002,0.0,0.0,0.0,0.0,27.48,2
Moscow,historical,2003,0.5,0.0,0.0,0.0,28.99,2
Moscow,historical,2004,5.5,1.5,0.0,1.5,30.97,2
Moscow,historical,2005,2.0,0.0,0.0,0.0,28.11,2
Moscow,historical,2006,0.0,0.0,0.0,0.0,26.75,2
Moscow,historical,2007,0.0,0.0,0.0,0.0,27.62,2
Moscow,historical,2008,3.0,0.0,0.0,0.0,30.26,2
Moscow,historical,2009,0.5,0.0,0.0,0.0,28.15,2
Moscow,historical,2010,0.5,0.0,0.0,0.0,28.52,2
Moscow,historical,2011,0.5,0.0,0.0,0.0,27.56,2
Moscow,historical,2012,8.0,0.0,0.0,0.0,31.53,2
Moscow,historical,2013,0.5,0.0,0.0,0.0,28.72,2
Moscow,historical,2014,1.5,0.0,0.0,0.0,28.47,2
Moscow,ssp585,2015,8.67,0.67,0.0,0.67,31.31,3
Moscow,ssp585,2016,1.0,0.0,0.0,0.0,28.03,3
Moscow,ssp585,2017,0.33,0.0,0.0,0.0,27.24,3
Moscow,ssp585,2018,0.67,0.0,0.0,0.0,29.59,3
Moscow,ssp585,2019,0.33,0.0,0.0,0.0,28.6,3
Moscow,ssp585,2020,4.0,0.0,0.0,0.0,30.54,3
Moscow,ssp585,2021,3.0,1.0,0.0,0.67,31.59,3
Moscow,ssp585,2022,6.67,0.0,0.0,0.0,31.1,3
Moscow,ssp585,2023,8.33,1.0,0.0,1.0,31.01,3
Moscow,ssp585,2024,5.67,0.0,0.0,0.0,30.01,3
Moscow,ssp585,2025,1.67,0.33,0.0,0.33,30.78,3
Moscow,ssp585,2026,5.67,0.67,0.0,0.33,30.48,3
Moscow,ssp585,2027,4.33,1.33,0.0,0.67,31.14,3
Moscow,ssp585,2028,5.0,0.33,0.0,0.33,31.04,3
Moscow,ssp585,2029,12.67,4.0,0.0,2.0,34.28,3
Moscow,ssp585,2030,5.67,0.0,0.0,0.0,31.34,3
Moscow,ssp585,2031,3.33,0.67,0.0,0.33,30.52,3
Moscow,ssp585,2032,3.33,0.0,0.0,0.0,31.64,3
Moscow,ssp585,2033,7.67,0.67,0.0,0.67,31.32,3
Moscow,ssp585,2034,4.67,0.0,0.0,0.0,30.2,3
Moscow,ssp585,2035,3.67,0.67,0.0,0.33,31.24,3
Moscow,ssp585,2036,9.33,0.67,0.0,0.33,32.95,3
Moscow,ssp585,2037,12.67,2.33,0.0,1.67,33.75,3
Moscow,ssp585,2038,7.67,2.67,0.0,1.33,30.7,3
Moscow,ssp585,2039,5.67,0.0,0.0,0.0,31.54,3
Moscow,ssp585,2040,4.67,0.67,0.0,0.33,32.59,3
Moscow,ssp585,2041,15.67,2.67,0.0,0.67,34.21,3
Moscow,ssp585,2042,7.0,0.67,0.0,0.33,32.05,3
Moscow,ssp585,2043,4.0,0.33,0.0,0.33,30.42,3
Moscow,ssp585,2044,21.67,6.0,0.0,2.67,34.33,3
Moscow,ssp585,2045,17.33,5.67,0.67,2.33,34.45,3
Moscow,ssp585,2046,11.33,2.0,0.0,1.0,34.74,3
Moscow,ssp585,2047,19.67,8.67,1.33,4.33,34.18,3
Moscow,ssp585,2048,6.67,1.33,0.0,0.67,31.55,3
Moscow,ssp585,2049,9.67,0.33,0.0,0.33,33.9,3
Moscow,ssp585,2050,15.33,2.33,0.0,2.0,33.91,3
Moscow,ssp585,2051,11.0,1.67,0.0,1.33,32.54,3
Moscow,ssp585,2052,7.33,0.67,0.0,0.33,31.51,3
Moscow,ssp585,2053,13.33,2.0,0.67,1.67,35.06,3
Moscow,ssp585,2054,22.0,2.33,0.33,2.0,35.4,3
Moscow,ssp585,2055,10.33,0.67,0.0,0.67,32.42,3
Moscow,ssp585,2056,7.0,2.0,0.0,1.33,32.73,3
Moscow,ssp585,2057,8.33,0.67,0.0,0.67,33.48,3
Moscow,ssp585,2058,11.33,4.67,0.33,2.67,33.2,3
Moscow,ssp585,2059,8.0,2.33,1.0,1.67,33.81,3
Moscow,ssp585,2060,6.33,2.0,0.0,1.0,32.63,3
Moscow,ssp585,2061,10.33,1.0,0.0,1.0,34.05,3
Moscow,ssp585,2062,23.33,6.33,0.0,1.67,34.82,3
Moscow,ssp585,2063,11.33,1.33,0.0,1.33,34.66,3
Moscow,ssp585,2064,15.33,1.67,0.0,0.67,33.44,3
Moscow,ssp585,2065,13.0,1.33,0.0,1.33,34.56,3
Moscow,ssp585,2066,25.33,6.67,1.67,3.33,35.98,3
Moscow,ssp585,2067,24.67,8.67,0.0,2.0,33.9,3
Moscow,ssp585,2068,24.0,6.67,0.67,3.0,36.84,3
Moscow,ssp585,2069,11.67,2.33,0.0,1.67,34.52,3
Moscow,ssp585,2070,27.33,6.33,0.0,3.67,35.39,3
Moscow,ssp585,2071,8.0,2.0,0.0,0.67,33.17,3
Moscow,ssp585,2072,23.67,7.0,2.0,3.0,36.04,3
Moscow,ssp585,2073,34.0,8.33,1.0,2.67,36.29,3
Moscow,ssp585,2074,28.67,11.0,1.33,3.33,38.22,3
Moscow,ssp585,2075,9.0,0.0,0.0,0.0,31.06,3
Moscow,ssp585,2076,33.0,8.33,1.0,2.67,37.77,3
Moscow,ssp585,2077,32.67,14.67,5.67,5.33,37.72,3
Moscow,ssp585,2078,17.0,6.33,3.0,3.67,38.61,3
Moscow,ssp585,2079,21.33,7.33,0.67,1.67,33.98,3
Moscow,ssp585,2080,22.33,8.33,0.67,4.0,36.7,3
Moscow,ssp585,2081,18.33,3.0,0.0,1.33,34.01,3
Moscow,ssp585,2082,27.0,12.0,5.0,8.33,36.2,3
Moscow,ssp585,2083,32.67,9.67,0.67,3.33,37.0,3
Moscow,ssp585,2084,18.67,4.0,0.67,2.0,33.86,3
Moscow,ssp585,2085,16.67,2.67,0.0,1.0,33.75,3
Moscow,ssp585,2086,34.33,15.33,9.33,9.33,39.48,3
Moscow,ssp585,2087,19.67,6.33,0.0,2.33,35.58,3
Moscow,ssp585,2088,30.0,14.0,1.33,4.33,36.21,3
Moscow,ssp585,2089,29.33,14.0,3.33,4.67,36.33,3
Moscow,ssp585,2090,34.0,21.0,6.33,15.67,36.62,3
Moscow,ssp585,2091,36.0,12.67,2.0,4.0,38.01,3
Moscow,ssp585,2092,40.0,17.0,2.67,4.33,37.64,3
Moscow,ssp585,2093,26.33,13.33,3.67,4.67,35.98,3
Moscow,ssp585,2094,25.33,7.0,1.0,3.0,35.74,3
Moscow,ssp585,2095,24.67,9.33,2.0,2.67,35.3,3
Moscow,ssp585,2096,27.67,6.33,0.0,3.0,36.08,3
Moscow,ssp585,2097,33.67,15.0,9.0,9.33,37.49,3
Moscow,ssp585,2098,40.67,19.0,2.67,6.0,38.57,3
Moscow,ssp585,2099,34.67,15.0,3.0,7.67,38.24,3
Moscow,ssp585,2100,10.0,1.0,0.0,1.0,33.91,2
Mumbai,historical,1850,111.0,14.5,0.0,6.0,37.69,2
Mumbai,historical,1851,112.0,22.5,0.5,20.5,38.33,2
Mumbai,historical,1852,120.5,29.0,2.5,22.5,39.54,2
Mumbai,historical,1853,137.5,21.0,1.5,10.5,39.01,2
Mumbai,historical,1854,131.5,32.5,3.5,16.0,39.49,2
Mumbai,historical,1855,124.0,19.0,2.0,13.0,39.16,2
Mumbai,historical,1856,120.0,29.0,0.0,10.5,39.15,2
Mumbai,historical,1857,125.0,29.0,1.5,14.0,39.38,2
Mumbai,historical,1858,127.5,30.0,0.0,15.0,38.0,2
Mumbai,historical,1859,114.0,22.5,0.0,6.5,37.45,2
Mumbai,historical,1860,97.5,17.0,0.0,11.0,38.0,2
Mumbai,historical,1861,108.5,32.0,2.0,12.0,38.24,2
Mumbai,historical,1862,127.5,19.0,0.0,10.5,37.54,2
Mumbai,historical,1863,126.0,31.5,0.0,14.0,38.4,2
Mumbai,historical,1864,115.5,22.5,0.0,11.5,37.92,2
Mumbai,historical,1865,116.5,34.5,1.0,13.5,38.99,2
Mumbai,historical,1866,122.5,27.5,0.5,12.5,37.85,2
Mumbai,historical,1867,128.5,26.5,0.0,10.0,38.39,2
Mumbai,historical,1868,123.5,27.0,2.0,14.5,38.63,2
Mumbai,historical,1869,107.5,24.5,0.0,13.0,36.33,2
Mumbai,historical,1870,106.0,16.0,0.0,7.5,37.87,2
Mumbai,historical,1871,109.5,30.5,0.0,19.0,38.53,2
Mumbai,historical,1872,162.5,26.5,0.0,13.0,38.42,2
Mumbai,historical,1873,122.0,19.5,0.0,11.5,38.63,2
Mumbai,historical,1874,118.0,30.5,1.0,20.0,38.45,2
Mumbai,historical,1875,113.0,30.0,1.5,15.0,38.66,2
Mumbai,historical,1876,142.5,21.0,0.0,7.0,36.72,2
Mumbai,historical,1877,125.5,26.0,0.0,13.5,38.19,2
Mumbai,historical,1878,116.5,18.5,2.5,10.0,38.38,2
Mumbai,historical,1879,104.5,25.0,0.0,11.0,38.1,2
Mumbai,historical,1880,102.5,31.5,0.0,17.5,38.11,2
Mumbai,historical,1881,123.0,19.5,0.5,10.5,38.76,2
Mumbai,historical,1882,110.5,22.5,0.5,13.0,38.93,2
Mumbai,historical,1883,102.5,18.0,0.0,8.5,37.74,2
Mumbai,historical,1884,109.0,19.5,0.0,6.0,37.11,2
Mumbai,historical,1885,109.0,32.0,1.0,21.5,38.99,2
Mumbai,historical,1886,108.5,24.0,0.0,8.5,37.21,2
Mumbai,historical,1887,118.0,14.0,0.0,7.0,37.61,2
Mumbai,historical,1888,147.0,27.0,0.0,15.0,37.26,2
Mumbai,historical,1889,149.0,32.0,0.5,11.5,38.9,2
Mumbai,historical,1890,127.0,27.5,0.5,14.0,39.63,2
Mumbai,historical,1891,104.0,19.5,0.0,14.5,38.21,2
Mumbai,historical,1892,112.0,30.0,0.0,16.0,38.29,2
Mumbai,historical,1893,111.5,32.0,0.0,13.0,38.27,2
Mumbai,historical,1894,119.0,29.0,0.0,11.0,38.28,2
Mumbai,historical,1895,122.0,21.5,0.5,11.0,38.16,2
Mumbai,historical,1896,119.5,21.0,0.0,10.0,36.73,2
Mumbai,historical,1897,109.0,25.5,2.0,13.0,38.74,2
Mumbai,historical,1898,145.0,27.0,1.0,18.5,38.46,2
Mumbai,historical,1899,121.5,23.0,0.0,14.0,38.0,2
Mumbai,historical,1900,122.0,18.0,1.5,15.0,38.27,2
Mumbai,historical,1901,107.0,31.5,0.0,10.0,38.49,2
Mumbai,historical,1902,114.0,33.5,0.0,14.0,38.4,2
Mumbai,historical,1903,120.0,18.5,0.5,7.0,37.93,2
Mumbai,historical,1904,127.5,22.0,0.5,7.5,38.16,2
Mumbai,historical,1905,116.5,35.5,0.0,15.5,37.79,2
Mumbai,historical,1906,88.5,15.0,0.0,7.5,37.08,2
Mumbai,historical,1907,105.5,14.0,1.5,10.5,39.53,2
Mumbai,historical,1908,146.5,29.5,1.5,14.5,38.87,2
Mumbai,historical,1909,134.0,37.5,0.5,12.5,38.11,2
Mumbai,historical,1910,125.5,26.5,0.0,14.5,38.03,2
Mumbai,historical,1911,118.5,33.5,0.0,16.5,38.35,2
Mumbai,historical,1912,112.0,34.0,1.5,9.0,39.08,2
Mumbai,historical,1913,130.0,29.5,0.5,12.5,39.41,2
Mumbai,historical,1914,125.0,25.5,0.0,11.5,37.45,2
Mumbai,historical,1915,119.0,20.5,1.5,10.5,38.23,2
Mumbai,historical,1916,107.0,21.0,0.0,16.0,37.84,2
Mumbai,historical,1917,124.5,32.5,1.0,26.0,39.64,2
Mumbai,historical,1918,143.0,32.5,0.0,22.5,37.92,2
Mumbai,historical,1919,144.5,32.5,0.0,15.5,38.1,2
Mumbai,historical,1920,118.0,31.0,0.5,17.5,39.05,2
Mumbai,historical,1921,118.0,22.5,0.0,12.0,38.41,2
Mumbai,historical,1922,147.0,32.5,6.5,18.0,38.77,2
Mumbai,historical,1923,166.5,28.5,1.0,16.0,38.34,2
Mumbai,historical,1924,113.5,17.0,0.0,6.5,37.4,2
Mumbai,historical,1925,126.5,23.5,0.0,13.5,37.67,2
Mumbai,historical,1926,113.0,25.5,0.0,14.0,37.9,2
Mumbai,historical,1927,136.5,39.0,1.5,22.0,39.15,2
Mumbai,historical,1928,115.5,29.0,0.0,8.0,38.83,2
Mumbai,historical,1929,121.0,31.0,0.0,16.5,38.22,2
Mumbai,historical,1930,105.5,28.5,0.5,13.0,38.95,2
Mumbai,historical,1931,136.5,22.0,0.0,11.0,37.92,2
Mumbai,historical,1932,124.5,20.0,2.0,10.5,39.09,2
Mumbai,historical,1933,132.5,46.0,1.0,17.5,39.21,2
Mumbai,historical,1934,148.5,31.5,0.0,7.0,38.15,2
Mumbai,historical,1935,142.0,34.5,0.0,23.0,38.42,2
Mumbai,historical,1936,120.5,29.0,0.5,20.0,38.47,2
Mumbai,historical,1937,108.0,25.5,0.0,13.5,38.1,2
Mumbai,historical,1938,114.5,30.5,2.5,21.0,38.65,2
Mumbai,historical,1939,121.5,23.0,0.0,14.5,37.8,2
Mumbai,historical,1940,127.0,36.5,0.5,23.0,38.95,2
Mumbai,historical,1941,108.5,22.5,0.0,15.5,38.59,2
Mumbai,historical,1942,138.0,26.5,0.0,18.5,37.81,2
Mumbai,historical,1943,131.0,32.0,1.5,11.5,38.87,2
Mumbai,historical,1944,118.0,21.5,0.0,13.5,38.73,2
Mumbai,historical,1945,127.0,33.5,0.0,13.5,38.02,2
Mumbai,historical,1946,154.5,18.5,0.0,10.0,37.89,2
Mumbai,historical,1947,157.0,30.5,0.0,11.5,38.64,2
Mumbai,historical,1948,168.5,35.5,0.0,26.0,38.42,2
Mumbai,historical,1949,145.0,25.0,2.0,18.0,39.47,2
Mumbai,historical,1950,128.5,42.0,0.5,17.5,39.05,2
Mumbai,historical,1951,136.5,26.0,1.5,20.0,38.43,2
Mumbai,historical,1952,116.0,26.5,0.0,9.0,37.28,2
Mumbai,historical,1953,114.0,36.0,5.0,20.5,39.05,2
Mumbai,historical,1954,119.5,32.0,0.0,20.5,38.13,2
Mumbai,historical,1955,129.0,32.0,1.0,10.0,39.31,2
Mumbai,historical,1956,140.5,29.0,1.0,22.5,38.82,2
Mumbai,historical,1957,155.5,22.0,0.0,14.0,38.73,2
Mumbai,historical,1958,138.0,37.0,0.0,15.0,38.44,2
Mumbai,historical,1959,112.5,31.5,0.0,11.0,37.89,2
Mumbai,historical,1960,140.0,28.0,0.0,17.5,37.36,2
Mumbai,historical,1961,144.5,27.5,2.5,19.5,38.33,2
Mumbai,historical,1962,120.0,18.5,0.0,8.0,38.5,2
Mumbai,historical,1963,108.5,22.5,0.0,14.5,38.58,2
Mumbai,historical,1964,96.0,23.0,0.0,7.0,38.13,2
Mumbai,historical,1965,126.5,30.0,1.0,15.0,38.03,2
Mumbai,historical,1966,117.0,32.0,4.5,22.5,38.73,2
Mumbai,historical,1967,136.0,36.0,0.0,24.5,38.38,2
Mumbai,historical,1968,115.0,27.0,0.0,14.0,39.33,2
Mumbai,historical,1969,116.5,22.5,0.0,9.5,38.18,2
Mumbai,historical,1970,133.5,20.0,0.0,7.5,37.59,2
Mumbai,historical,1971,125.0,31.5,1.0,18.5,38.94,2
Mumbai,historical,1972,112.5,21.0,1.0,14.0,38.87,2
Mumbai,historical,1973,128.0,21.0,0.5,10.0,39.37,2
Mumbai,historical,1974,113.5,29.0,0.0,11.5,38.05,2
Mumbai,historical,1975,112.0,20.0,0.0,11.5,37.66,2
Mumbai,historical,1976,132.5,24.5,0.0,9.0,38.43,2
Mumbai,historical,1977,134.5,41.0,0.5,29.5,39.28,2
Mumbai,historical,1978,116.0,28.5,0.0,14.5,38.83,2
Mumbai,historical,1979,135.0,32.5,1.0,13.5,39.09,2
Mumbai,historical,1980,145.5,37.5,0.0,25.5,38.47,2
Mumbai,historical,1981,133.0,42.5,0.5,16.0,39.33,2
Mumbai,historical,1982,120.5,21.5,0.5,14.0,38.6,2
Mumbai,historical,1983,134.5,28.0,0.5,8.5,38.48,2
Mumbai,historical,1984,132.5,26.5,0.0,8.0,37.37,2
Mumbai,historical,1985,105.0,30.5,0.0,17.5,37.85,2
Mumbai,historical,1986,120.5,19.0,0.5,18.0,37.55,2
Mumbai,historical,1987,112.5,20.0,0.0,6.5,37.63,2
Mumbai,historical,1988,116.0,41.0,0.0,18.5,37.88,2
Mumbai,historical,1989,121.0,21.0,0.0,10.5,38.0,2
Mumbai,historical,1990,124.0,39.0,1.5,29.0,38.95,2
Mumbai,historical,1991,101.0,31.0,0.0,19.5,38.83,2
Mumbai,historical,1992,108.0,14.0,0.0,9.5,37.7,2
Mumbai,historical,1993,112.0,27.5,0.0,11.5,37.2,2
Mumbai,historical,1994,119.5,27.5,0.0,17.5,38.36,2
Mumbai,historical,1995,159.0,21.5,1.0,9.5,38.53,2
Mumbai,historical,1996,164.5,21.5,1.5,9.0,39.23,2
Mumbai,historical,1997,139.0,41.5,1.5,22.0,38.74,2
Mumbai,historical,1998,126.0,23.5,2.0,13.5,40.01,2
Mumbai,historical,1999,129.0,26.0,1.0,7.5,39.03,2
Mumbai,historical,2000,106.5,19.0,0.0,11.5,38.56,2
Mumbai,historical,2001,134.0,42.5,0.0,17.5,38.35,2
Mumbai,historical,2002,135.0,38.0,2.0,30.0,38.72,2
Mumbai,historical,2003,126.0,26.5,1.0,16.0,39.23,2
Mumbai,historical,2004,161.0,34.0,4.0,21.5,39.33,2
Mumbai,historical,2005,135.5,36.0,3.0,26.5,39.7,2
Mumbai,historical,2006,138.0,32.5,1.0,13.5,38.83,2
Mumbai,historical,2007,151.5,38.0,0.0,22.5,38.71,2
Mumbai,historical,2008,132.5,34.5,1.0,18.0,39.03,2
Mumbai,historical,2009,125.5,26.0,0.5,10.5,38.92,2
Mumbai,historical,2010,113.5,41.0,3.5,26.0,39.24,2
Mumbai,historical,2011,115.0,30.0,0.5,18.0,38.77,2
Mumbai,historical,2012,152.5,27.5,0.0,12.0,37.2,2
Mumbai,historical,2013,118.5,26.5,0.0,13.0,39.03,2
Mumbai,historical,2014,128.5,33.0,3.0,18.0,39.77,2
Mumbai,ssp585,2015,153.0,24.33,0.67,7.33,38.16,3
Mumbai,ssp585,2016,160.33,19.0,0.0,12.33,37.22,3
Mumbai,ssp585,2017,159.0,22.67,0.33,12.33,37.54,3
Mumbai,ssp585,2018,174.33,16.0,0.0,5.0,37.12,3
Mumbai,ssp585,2019,157.67,18.33,0.0,6.0,37.91,3
Mumbai,ssp585,2020,161.67,25.33,0.0,8.0,37.69,3
Mumbai,ssp585,2021,159.33,24.33,0.67,11.67,37.56,3
Mumbai,ssp585,2022,152.67,20.33,0.0,9.67,37.43,3
Mumbai,ssp585,2023,153.67,21.67,0.0,12.33,37.44,3
Mumbai,ssp585,2024,146.67,16.33,0.33,10.67,36.87,3
Mumbai,ssp585,2025,170.67,19.67,0.0,9.33,36.77,3
Mumbai,ssp585,2026,173.67,14.33,0.33,11.67,37.43,3
Mumbai,ssp585,2027,157.0,19.33,0.0,13.33,36.42,3
Mumbai,ssp585,2028,189.67,29.33,0.0,8.33,37.47,3
Mumbai,ssp585,2029,173.33,25.67,0.33,18.33,37.36,3
Mumbai,ssp585,2030,145.0,15.67,0.0,10.33,36.89,3
Mumbai,ssp585,2031,179.0,16.33,0.0,8.0,37.28,3
Mumbai,ssp585,2032,182.0,27.67,0.0,14.0,38.12,3
Mumbai,ssp585,2033,177.0,23.33,0.0,10.0,37.11,3
Mumbai,ssp585,2034,166.33,16.67,0.0,7.33,36.75,3
Mumbai,ssp585,2035,187.33,22.33,0.0,11.33,37.57,3
Mumbai,ssp585,2036,173.33,23.0,0.0,13.0,37.15,3
Mumbai,ssp585,2037,168.67,23.0,0.67,12.0,37.89,3
Mumbai,ssp585,2038,177.0,22.33,0.67,10.67,38.43,3
Mumbai,ssp585,2039,170.0,19.0,0.0,6.0,37.14,3
Mumbai,ssp585,2040,198.33,24.33,0.0,7.33,37.16,3
Mumbai,ssp585,2041,169.33,18.67,1.67,13.33,38.18,3
Mumbai,ssp585,2042,183.67,29.0,3.0,20.0,38.81,3
Mumbai,ssp585,2043,175.33,20.33,0.0,8.67,37.68,3
Mumbai,ssp585,2044,182.67,22.0,2.0,12.0,37.96,3
Mumbai,ssp585,2045,177.0,20.0,0.0,9.33,36.25,3
Mumbai,ssp585,2046,196.67,26.33,2.33,13.33,38.21,3
Mumbai,ssp585,2047,184.0,23.67,2.33,14.67,38.66,3
Mumbai,ssp585,2048,207.0,31.33,0.67,19.67,38.18,3
Mumbai,ssp585,2049,180.0,31.67,1.33,15.67,38.87,3
Mumbai,ssp585,2050,179.0,22.33,0.0,17.67,37.72,3
Mumbai,ssp585,2051,205.0,36.33,4.0,14.67,39.0,3
Mumbai,ssp585,2052,202.67,39.0,1.33,27.67,39.11,3
Mumbai,ssp585,2053,197.0,19.67,0.67,11.67,37.34,3
Mumbai,ssp585,2054,220.67,37.67,0.0,21.33,38.74,3
Mumbai,ssp585,2055,205.0,44.33,0.0,27.0,38.28,3
Mumbai,ssp585,2056,219.33,31.33,0.0,23.0,37.9,3
Mumbai,ssp585,2057,199.67,41.67,0.0,25.33,38.62,3
Mumbai,ssp585,2058,202.67,31.67,2.67,21.67,39.55,3
Mumbai,ssp585,2059,214.0,39.0,4.33,19.0,39.25,3
Mumbai,ssp585,2060,201.33,38.33,0.33,20.33,38.28,3
Mumbai,ssp585,2061,221.33,49.33,0.0,23.0,38.13,3
Mumbai,ssp585,2062,214.33,43.67,2.0,16.0,39.46,3
Mumbai,ssp585,2063,216.67,41.33,0.33,25.33,38.5,3
Mumbai,ssp585,2064,241.33,56.0,1.33,23.67,38.67,3
Mumbai,ssp585,2065,231.0,46.0,0.67,23.0,38.18,3
Mumbai,ssp585,2066,237.67,52.0,1.33,26.67,38.7,3
Mumbai,ssp585,2067,228.33,50.33,6.67,27.0,39.43,3
Mumbai,ssp585,2068,230.33,48.0,2.0,21.0,38.39,3
Mumbai,ssp585,2069,235.67,66.67,4.0,24.33,39.32,3
Mumbai,ssp585,2070,246.67,58.0,1.67,20.67,38.8,3
Mumbai,ssp585,2071,241.33,76.67,4.67,36.67,39.49,3
Mumbai,ssp585,2072,232.67,63.67,7.33,34.0,40.03,3
Mumbai,ssp585,2073,226.0,88.33,4.33,42.33,40.0,3
Mumbai,ssp585,2074,232.33,71.0,0.67,27.33,39.56,3
Mumbai,ssp585,2075,263.0,51.33,1.0,28.67,38.99,3
Mumbai,ssp585,2076,227.33,85.33,5.67,51.0,39.12,3
Mumbai,ssp585,2077,226.67,74.33,1.0,34.33,39.32,3
Mumbai,ssp585,2078,233.0,81.33,3.67,45.33,39.53,3
Mumbai,ssp585,2079,253.0,76.67,3.67,37.33,39.19,3
Mumbai,ssp585,2080,254.67,89.67,4.33,40.0,39.15,3
Mumbai,ssp585,2081,267.0,91.33,6.0,54.33,39.66,3
Mumbai,ssp585,2082,252.33,105.33,7.0,50.67,40.41,3
Mumbai,ssp585,2083,247.33,86.33,5.33,44.33,39.62,3
Mumbai,ssp585,2084,238.33,80.33,0.0,30.67,38.7,3
Mumbai,ssp585,2085,262.33,116.67,2.67,56.67,40.06,3
Mumbai,ssp585,2086,271.0,119.0,4.33,50.0,39.95,3
Mumbai,ssp585,2087,272.0,95.0,12.0,51.33,41.2,3
Mumbai,ssp585,2088,261.33,103.33,6.33,59.0,40.25,3
Mumbai,ssp585,2089,250.0,116.67,5.33,61.0,39.83,3
Mumbai,ssp585,2090,249.33,117.0,6.67,58.0,40.59,3
Mumbai,ssp585,2091,252.67,118.67,7.0,55.33,40.12,3
Mumbai,ssp585,2092,268.67,120.0,2.33,54.0,39.79,3
Mumbai,ssp585,2093,277.33,139.0,6.67,86.0,40.78,3
Mumbai,ssp585,2094,265.0,116.0,4.67,52.33,40.18,3
Mumbai,ssp585,2095,268.0,123.33,3.0,57.33,40.36,3
Mumbai,ssp585,2096,277.0,158.67,7.67,94.67,40.76,3
Mumbai,ssp585,2097,276.0,127.67,9.0,73.0,41.55,3
Mumbai,ssp585,2098,290.67,141.67,16.0,73.0,41.68,3
Mumbai,ssp585,2099,304.67,159.67,18.67,71.33,41.84,3
Mumbai,ssp585,2100,255.0,99.0,13.5,61.0,41.29,2
Nairobi,historical,1850,25.5,0.0,0.0,0.0,30.08,2
Nairobi,historical,1851,18.0,0.0,0.0,0.0,29.45,2
Nairobi,historical,1852,15.0,0.0,0.0,0.0,30.06,2
Nairobi,historical,1853,10.5,0.0,0.0,0.0,29.92,2
Nairobi,historical,1854,25.0,0.0,0.0,0.0,30.38,2
Nairobi,historical,1855,15.0,0.0,0.0,0.0,29.67,2
Nairobi,historical,1856,6.0,0.0,0.0,0.0,29.76,2
Nairobi,historical,1857,11.0,0.0,0.0,0.0,31.04,2
Nairobi,historical,1858,14.0,0.0,0.0,0.0,30.12,2
Nairobi,historical,1859,15.5,0.0,0.0,0.0,30.97,2
Nairobi,historical,1860,10.0,0.0,0.0,0.0,30.27,2
Nairobi,historical,1861,14.5,0.0,0.0,0.0,30.5,2
Nairobi,historical,1862,13.0,0.0,0.0,0.0,30.55,2
Nairobi,historical,1863,16.0,0.0,0.0,0.0,29.88,2
Nairobi,historical,1864,2.5,0.0,0.0,0.0,29.84,2
Nairobi,historical,1865,21.5,0.0,0.0,0.0,30.69,2
Nairobi,historical,1866,7.5,0.0,0.0,0.0,30.16,2
Nairobi,historical,1867,10.0,0.0,0.0,0.0,29.05,2
Nairobi,historical,1868,9.5,0.0,0.0,0.0,30.33,2
Nairobi,historical,1869,13.5,0.0,0.0,0.0,30.28,2
Nairobi,historical,1870,11.5,0.0,0.0,0.0,29.83,2
Nairobi,historical,1871,21.5,0.0,0.0,0.0,30.58,2
Nairobi,historical,1872,23.0,0.0,0.0,0.0,30.57,2
Nairobi,historical,1873,29.0,0.0,0.0,0.0,30.08,2
Nairobi,historical,1874,14.5,0.0,0.0,0.0,29.92,2
Nairobi,historical,1875,8.5,0.0,0.0,0.0,29.7,2
Nairobi,historical,1876,24.5,0.0,0.0,0.0,30.66,2
Nairobi,historical,1877,26.5,0.0,0.0,0.0,31.0,2
Nairobi,historical,1878,14.0,0.0,0.0,0.0,29.81,2
Nairobi,historical,1879,7.0,0.0,0.0,0.0,29.37,2
Nairobi,historical,1880,3.5,0.0,0.0,0.0,29.5,2
Nairobi,historical,1881,8.5,0.0,0.0,0.0,29.61,2
Nairobi,historical,1882,5.5,0.0,0.0,0.0,29.73,2
Nairobi,historical,1883,9.0,0.0,0.0,0.0,29.9,2
Nairobi,historical,1884,7.5,0.0,0.0,0.0,28.82,2
Nairobi,historical,1885,12.5,0.0,0.0,0.0,29.54,2
Nairobi,historical,1886,12.0,0.0,0.0,0.0,29.46,2
Nairobi,historical,1887,7.5,0.0,0.0,0.0,29.26,2
Nairobi,historical,1888,8.5,0.0,0.0,0.0,30.07,2
Nairobi,historical,1889,31.0,0.0,0.0,0.0,30.66,2
Nairobi,historical,1890,9.5,0.0,0.0,0.0,29.42,2
Nairobi,historical,1891,15.0,0.0,0.0,0.0,30.14,2
Nairobi,historical,1892,5.0,0.0,0.0,0.0,30.34,2
Nairobi,historical,1893,0.0,0.0,0.0,0.0,29.02,2
Nairobi,historical,1894,17.0,0.0,0.0,0.0,30.29,2
Nairobi,historical,1895,12.5,0.0,0.0,0.0,29.73,2
Nairobi,historical,1896,7.5,0.0,0.0,0.0,30.44,2
Nairobi,historical,1897,2.0,0.0,0.0,0.0,29.02,2
Nairobi,historical,1898,4.5,0.0,0.0,0.0,30.11,2
Nairobi,historical,1899,9.0,0.0,0.0,0.0,30.16,2
Nairobi,historical,1900,16.0,0.0,0.0,0.0,30.3,2
Nairobi,historical,1901,19.5,0.0,0.0,0.0,30.29,2
Nairobi,historical,1902,16.5,0.0,0.0,0.0,29.86,2
Nairobi,historical,1903,19.0,0.0,0.0,0.0,30.25,2
Nairobi,historical,1904,6.0,0.0,0.0,0.0,30.07,2
Nairobi,historical,1905,2.5,0.0,0.0,0.0,30.0,2
Nairobi,historical,1906,11.5,0.0,0.0,0.0,30.08,2
Nairobi,historical,1907,12.5,0.0,0.0,0.0,29.74,2
Nairobi,historical,1908,1.0,0.0,0.0,0.0,29.21,2
Nairobi,historical,1909,19.5,0.0,0.0,0.0,30.32,2
Nairobi,historical,1910,12.5,0.0,0.0,0.0,30.74,2
Nairobi,historical,1911,8.0,0.0,0.0,0.0,29.97,2
Nairobi,historical,1912,23.0,0.0,0.0,0.0,30.04,2
Nairobi,historical,1913,37.0,0.0,0.0,0.0,30.94,2
Nairobi,historical,1914,5.0,0.0,0.0,0.0,30.17,2
Nairobi,historical,1915,19.0,0.0,0.0,0.0,30.37,2
Nairobi,historical,1916,11.0,0.0,0.0,0.0,29.71,2
Nairobi,historical,1917,34.5,0.0,0.0,0.0,30.76,2
Nairobi,historical,1918,7.5,0.0,0.0,0.0,30.02,2
Nairobi,historical,1919,14.5,0.0,0.0,0.0,30.19,2
Nairobi,historical,1920,14.5,0.0,0.0,0.0,29.55,2
Nairobi,historical,1921,8.0,0.0,0.0,0.0,29.99,2
Nairobi,historical,1922,11.5,0.0,0.0,0.0,30.26,2
Nairobi,historical,1923,16.0,0.0,0.0,0.0,30.33,2
Nairobi,historical,1924,4.0,0.0,0.0,0.0,29.81,2
Nairobi,historical,1925,26.5,0.0,0.0,0.0,30.19,2
Nairobi,historical,1926,15.5,0.0,0.0,0.0,30.34,2
Nairobi,historical,1927,18.5,0.0,0.0,0.0,30.15,2
Nairobi,historical,1928,10.5,0.0,0.0,0.0,29.3,2
Nairobi,historical,1929,18.5,0.0,0.0,0.0,30.73,2
Nairobi,historical,1930,17.0,0.0,0.0,0.0,29.72,2
Nairobi,historical,1931,17.0,0.0,0.0,0.0,30.11,2
Nairobi,historical,1932,23.5,0.0,0.0,0.0,30.59,2
Nairobi,historical,1933,18.5,0.0,0.0,0.0,31.42,2
Nairobi,historical,1934,27.0,0.0,0.0,0.0,30.43,2
Nairobi,historical,1935,23.0,0.0,0.0,0.0,30.71,2
Nairobi,historical,1936,14.0,0.0,0.0,0.0,30.23,2
Nairobi,historical,1937,12.0,0.0,0.0,0.0,30.49,2
Nairobi,historical,1938,6.5,0.0,0.0,0.0,29.86,2
Nairobi,historical,1939,20.0,0.0,0.0,0.0,30.72,2
Nairobi,historical,1940,16.0,0.0,0.0,0.0,29.67,2
Nairobi,historical,1941,16.0,0.0,0.0,0.0,30.35,2
Nairobi,historical,1942,11.5,0.0,0.0,0.0,29.97,2
Nairobi,historical,1943,40.0,0.0,0.0,0.0,30.85,2
Nairobi,historical,1944,23.0,0.0,0.0,0.0,30.45,2
Nairobi,historical,1945,35.5,0.0,0.0,0.0,30.69,2
Nairobi,historical,1946,13.5,0.0,0.0,0.0,30.08,2
Nairobi,historical,1947,15.5,0.0,0.0,0.0,30.52,2
Nairobi,historical,1948,19.0,0.0,0.0,0.0,30.9,2
Nairobi,historical,1949,12.5,0.0,0.0,0.0,30.98,2
Nairobi,historical,1950,5.5,0.0,0.0,0.0,30.36,2
Nairobi,historical,1951,20.5,0.0,0.0,0.0,30.42,2
Nairobi,historical,1952,21.0,0.0,0.0,0.0,31.67,2
Nairobi,historical,1953,23.0,0.0,0.0,0.0,30.16,2
Nairobi,historical,1954,14.5,0.0,0.0,0.0,30.54,2
Nairobi,historical,1955,19.0,0.0,0.0,0.0,29.67,2
Nairobi,historical,1956,17.5,0.0,0.0,0.0,29.87,2
Nairobi,historical,1957,20.0,0.0,0.0,0.0,29.83,2
Nairobi,historical,1958,19.0,0.0,0.0,0.0,30.31,2
Nairobi,historical,1959,9.5,0.0,0.0,0.0,30.17,2
Nairobi,historical,1960,14.5,0.0,0.0,0.0,29.34,2
Nairobi,historical,1961,23.0,0.0,0.0,0.0,30.79,2
Nairobi,historical,1962,25.0,0.0,0.0,0.0,30.56,2
Nairobi,historical,1963,23.5,0.0,0.0,0.0,30.64,2
Nairobi,historical,1964,24.0,0.0,0.0,0.0,30.52,2
Nairobi,historical,1965,21.5,0.0,0.0,0.0,29.97,2
Nairobi,historical,1966,1.5,0.0,0.0,0.0,29.31,2
Nairobi,historical,1967,12.5,0.0,0.0,0.0,29.89,2
Nairobi,historical,1968,10.5,0.0,0.0,0.0,30.23,2
Nairobi,historical,1969,12.5,0.0,0.0,0.0,29.95,2
Nairobi,historical,1970,12.0,0.0,0.0,0.0,29.98,2
Nairobi,historical,1971,18.0,0.0,0.0,0.0,30.54,2
Nairobi,historical,1972,21.5,0.0,0.0,0.0,30.98,2
Nairobi,historical,1973,6.0,0.0,0.0,0.0,30.22,2
Nairobi,historical,1974,15.0,0.0,0.0,0.0,29.88,2
Nairobi,historical,1975,5.5,0.0,0.0,0.0,29.84,2
Nairobi,historical,1976,26.0,0.0,0.0,0.0,30.73,2
Nairobi,historical,1977,20.0,0.0,0.0,0.0,29.53,2
Nairobi,historical,1978,10.5,0.0,0.0,0.0,30.16,2
Nairobi,historical,1979,1.5,0.0,0.0,0.0,29.97,2
Nairobi,historical,1980,22.5,0.0,0.0,0.0,30.08,2
Nairobi,historical,1981,22.0,0.0,0.0,0.0,30.74,2
Nairobi,historical,1982,2.0,0.0,0.0,0.0,29.96,2
Nairobi,historical,1983,35.5,0.0,0.0,0.0,30.84,2
Nairobi,historical,1984,14.0,0.0,0.0,0.0,30.41,2
Nairobi,historical,1985,8.0,0.0,0.0,0.0,30.05,2
Nairobi,historical,1986,25.5,0.0,0.0,0.0,29.75,2
Nairobi,historical,1987,29.0,0.0,0.0,0.0,30.07,2
Nairobi,historical,1988,24.0,0.0,0.0,0.0,30.28,2
Nairobi,historical,1989,37.0,0.0,0.0,0.0,30.55,2
Nairobi,historical,1990,15.0,0.0,0.0,0.0,30.48,2
Nairobi,historical,1991,37.5,0.0,0.0,0.0,31.33,2
Nairobi,historical,1992,8.0,0.0,0.0,0.0,30.14,2
Nairobi,historical,1993,14.0,0.0,0.0,0.0,30.51,2
Nairobi,historical,1994,3.5,0.0,0.0,0.0,29.92,2
Nairobi,historical,1995,27.0,0.0,0.0,0.0,30.96,2
Nairobi,historical,1996,26.5,0.0,0.0,0.0,30.63,2
Nairobi,historical,1997,24.0,0.0,0.0,0.0,30.18,2
Nairobi,historical,1998,17.0,0.0,0.0,0.0,29.96,2
Nairobi,historical,1999,8.5,0.0,0.0,0.0,29.86,2
Nairobi,historical,2000,7.5,0.0,0.0,0.0,30.13,2
Nairobi,historical,2001,18.0,0.0,0.0,0.0,30.97,2
Nairobi,historical,2002,28.0,0.0,0.0,0.0,30.47,2
Nairobi,historical,2003,32.5,0.0,0.0,0.0,30.16,2
Nairobi,historical,2004,34.5,0.0,0.0,0.0,30.8,2
Nairobi,historical,2005,43.0,0.0,0.0,0.0,31.24,2
Nairobi,historical,2006,34.5,0.0,0.0,0.0,30.74,2
Nairobi,historical,2007,17.5,0.0,0.0,0.0,31.18,2
Nairobi,historical,2008,32.0,0.0,0.0,0.0,30.67,2
Nairobi,historical,2009,15.0,0.0,0.0,0.0,30.04,2
Nairobi,historical,2010,27.5,0.0,0.0,0.0,30.58,2
Nairobi,historical,2011,33.0,0.0,0.0,0.0,30.53,2
Nairobi,historical,2012,30.0,0.0,0.0,0.0,31.06,2
Nairobi,historical,2013,9.5,0.0,0.0,0.0,30.24,2
Nairobi,historical,2014,31.5,0.0,0.0,0.0,31.6,2
Nairobi,ssp585,2015,61.33,0.0,0.0,0.0,32.29,3
Nairobi,ssp585,2016,39.67,0.33,0.0,0.33,32.13,3
Nairobi,ssp585,2017,63.67,0.0,0.0,0.0,32.5,3
Nairobi,ssp585,2018,45.33,0.0,0.0,0.0,31.98,3
Nairobi,ssp585,2019,56.0,0.0,0.0,0.0,31.84,3
Nairobi,ssp585,2020,43.0,0.33,0.0,0.33,32.64,3
Nairobi,ssp585,2021,69.0,0.0,0.0,0.0,32.09,3
Nairobi,ssp585,2022,48.0,0.33,0.0,0.33,32.22,3
Nairobi,ssp585,2023,37.33,0.0,0.0,0.0,31.27,3
Nairobi,ssp585,2024,71.67,0.33,0.0,0.33,32.09,3
Nairobi,ssp585,2025,94.0,0.33,0.0,0.33,32.73,3
Nairobi,ssp585,2026,79.0,0.33,0.0,0.33,33.29,3
Nairobi,ssp585,2027,56.67,0.0,0.0,0.0,32.41,3
Nairobi,ssp585,2028,46.67,0.0,0.0,0.0,32.43,3
Nairobi,ssp585,2029,71.0,0.0,0.0,0.0,31.9,3
Nairobi,ssp585,2030,79.0,1.0,0.0,0.33,32.59,3
Nairobi,ssp585,2031,65.33,0.0,0.0,0.0,32.53,3
Nairobi,ssp585,2032,99.67,0.33,0.0,0.33,32.38,3
Nairobi,ssp585,2033,96.67,0.0,0.0,0.0,32.42,3
Nairobi,ssp585,2034,53.0,0.0,0.0,0.0,31.74,3
Nairobi,ssp585,2035,92.33,1.0,0.0,0.33,32.84,3
Nairobi,ssp585,2036,96.33,0.0,0.0,0.0,32.77,3
Nairobi,ssp585,2037,104.0,0.67,0.0,0.67,32.54,3
Nairobi,ssp585,2038,95.0,2.0,0.0,1.0,32.97,3
Nairobi,ssp585,2039,81.0,3.67,0.0,1.0,32.73,3
Nairobi,ssp585,2040,109.0,0.0,0.0,0.0,32.85,3
Nairobi,ssp585,2041,89.33,0.0,0.0,0.0,32.34,3
Nairobi,ssp585,2042,83.33,0.0,0.0,0.0,32.44,3
Nairobi,ssp585,2043,51.67,0.0,0.0,0.0,32.09,3
Nairobi,ssp585,2044,104.67,0.67,0.0,0.33,32.68,3
Nairobi,ssp585,2045,94.33,4.0,0.0,2.33,33.26,3
Nairobi,ssp585,2046,113.0,7.33,0.0,1.67,33.56,3
Nairobi,ssp585,2047,102.67,1.33,0.0,1.0,33.21,3
Nairobi,ssp585,2048,113.0,2.0,0.0,1.33,33.84,3
Nairobi,ssp585,2049,107.0,9.67,0.0,7.0,34.29,3
Nairobi,ssp585,2050,79.33,0.0,0.0,0.0,32.52,3
Nairobi,ssp585,2051,114.33,4.0,0.0,3.0,33.34,3
Nairobi,ssp585,2052,89.33,6.33,0.0,2.33,33.42,3
Nairobi,ssp585,2053,119.0,2.33,0.0,1.33,33.89,3
Nairobi,ssp585,2054,127.33,1.33,0.0,0.67,33.42,3
Nairobi,ssp585,2055,132.0,11.0,0.0,4.33,33.67,3
Nairobi,ssp585,2056,113.0,0.0,0.0,0.0,32.66,3
Nairobi,ssp585,2057,140.0,7.33,0.0,2.67,34.01,3
Nairobi,ssp585,2058,147.33,4.0,0.0,1.33,33.52,3
Nairobi,ssp585,2059,123.67,12.33,0.0,6.67,34.14,3
Nairobi,ssp585,2060,133.67,5.33,0.0,2.67,33.99,3
Nairobi,ssp585,2061,128.67,0.33,0.0,0.33,33.26,3
Nairobi,ssp585,2062,134.33,8.33,0.0,3.67,33.98,3
Nairobi,ssp585,2063,143.67,7.0,0.0,2.0,33.99,3
Nairobi,ssp585,2064,137.0,6.33,0.0,2.67,33.69,3
Nairobi,ssp585,2065,151.67,7.67,0.0,2.0,34.04,3
Nairobi,ssp585,2066,140.67,0.33,0.0,0.33,33.83,3
Nairobi,ssp585,2067,156.33,3.33,0.0,0.67,34.18,3
Nairobi,ssp585,2068,169.33,16.33,0.0,9.0,34.25,3
Nairobi,ssp585,2069,175.33,17.33,0.0,14.0,35.23,3
Nairobi,ssp585,2070,148.33,10.33,0.0,4.67,34.34,3
Nairobi,ssp585,2071,168.67,10.0,0.0,3.67,35.04,3
Nairobi,ssp585,2072,165.67,5.0,0.0,2.33,34.06,3
Nairobi,ssp585,2073,153.0,10.33,0.0,2.33,34.23,3
Nairobi,ssp585,2074,159.67,8.67,0.0,2.67,34.27,3
Nairobi,ssp585,2075,159.0,2.67,0.0,2.0,34.62,3
Nairobi,ssp585,2076,175.33,17.67,0.0,7.33,35.02,3
Nairobi,ssp585,2077,168.33,20.67,0.0,11.33,35.66,3
Nairobi,ssp585,2078,182.67,22.33,0.0,12.33,35.55,3
Nairobi,ssp585,2079,192.33,25.67,0.33,8.0,36.11,3
Nairobi,ssp585,2080,164.67,20.33,0.0,7.67,34.98,3
Nairobi,ssp585,2081,175.0,14.0,0.0,4.0,34.81,3
Nairobi,ssp585,2082,186.33,32.67,0.67,22.0,36.07,3
Nairobi,ssp585,2083,178.0,20.0,0.0,11.67,35.9,3
Nairobi,ssp585,2084,175.33,31.33,0.0,8.67,35.51,3
Nairobi,ssp585,2085,203.67,45.0,0.0,15.33,35.38,3
Nairobi,ssp585,2086,199.33,41.0,0.33,6.33,35.98,3
Nairobi,ssp585,2087,201.33,12.33,0.0,3.67,35.01,3
Nairobi,ssp585,2088,195.67,33.33,0.0,15.33,35.67,3
Nairobi,ssp585,2089,197.33,47.33,0.0,8.0,35.69,3
Nairobi,ssp585,2090,204.0,22.67,0.0,4.67,35.58,3
Nairobi,ssp585,2091,221.67,24.67,0.0,4.67,35.4,3
Nairobi,ssp585,2092,193.0,49.0,0.0,8.67,35.56,3
Nairobi,ssp585,2093,214.0,43.33,0.0,7.67,36.07,3
Nairobi,ssp585,2094,202.67,31.0,0.0,14.67,36.23,3
Nairobi,ssp585,2095,204.33,49.0,0.0,11.67,35.62,3
Nairobi,ssp585,2096,222.33,54.33,2.67,13.33,37.2,3
Nairobi,ssp585,2097,204.33,27.67,0.0,8.0,35.11,3
Nairobi,ssp585,2098,229.33,38.0,0.33,9.67,36.57,3
Nairobi,ssp585,2099,241.67,73.0,0.67,11.33,37.2,3
Nairobi,ssp585,2100,179.0,12.0,0.0,4.0,35.43,2
New York,historical,1850,0.0,0.0,0.0,0.0,27.77,2
New York,historical,1851,0.0,0.0,0.0,0.0,28.9,2
New York,historical,1852,0.0,0.0,0.0,0.0,28.02,2
New York,historical,1853,0.0,0.0,0.0,0.0,27.78,2
New York,historical,1854,0.0,0.0,0.0,0.0,28.94,2
New York,historical,1855,0.0,0.0,0.0,0.0,28.01,2
New York,historical,1856,0.0,0.0,0.0,0.0,27.53,2
New York,historical,1857,0.0,0.0,0.0,0.0,28.65,2
New York,historical,1858,0.0,0.0,0.0,0.0,28.49,2
New York,historical,1859,0.0,0.0,0.0,0.0,28.19,2
New York,historical,1860,0.0,0.0,0.0,0.0,28.32,2
New York,historical,1861,1.5,0.0,0.0,0.0,28.73,2
New York,historical,1862,0.0,0.0,0.0,0.0,28.24,2
New York,historical,1863,0.5,0.0,0.0,0.0,28.98,2
New York,historical,1864,0.5,0.0,0.0,0.0,28.25,2
New York,historical,1865,0.0,0.0,0.0,0.0,27.68,2
New York,historical,1866,0.0,0.0,0.0,0.0,27.0,2
New York,historical,1867,0.5,0.0,0.0,0.0,28.86,2
New York,historical,1868,0.0,0.0,0.0,0.0,28.63,2
New York,historical,1869,0.0,0.0,0.0,0.0,27.99,2
New York,historical,1870,0.0,0.0,0.0,0.0,28.26,2
New York,historical,1871,0.0,0.0,0.0,0.0,26.74,2
New York,historical,1872,0.0,0.0,0.0,0.0,28.01,2
New York,historical,1873,0.0,0.0,0.0,0.0,28.22,2
New York,historical,1874,0.0,0.0,0.0,0.0,28.79,2
New York,historical,1875,0.0,0.0,0.0,0.0,27.99,2
New York,historical,1876,1.5,0.0,0.0,0.0,29.5,2
New York,historical,1877,0.0,0.0,0.0,0.0,28.28,2
New York,historical,1878,0.0,0.0,0.0,0.0,27.69,2
New York,historical,1879,0.5,0.0,0.0,0.0,29.07,2
New York,historical,1880,0.0,0.0,0.0,0.0,28.25,2
New York,historical,1881,0.0,0.0,0.0,0.0,27.86,2
New York,historical,1882,0.0,0.0,0.0,0.0,28.27,2
New York,historical,1883,0.0,0.0,0.0,0.0,27.88,2
New York,historical,1884,0.0,0.0,0.0,0.0,26.88,2
New York,historical,1885,1.5,0.0,0.0,0.0,27.78,2
New York,historical,1886,1.5,0.0,0.0,0.0,29.1,2
New York,historical,1887,0.0,0.0,0.0,0.0,28.09,2
New York,historical,1888,0.0,0.0,0.0,0.0,28.46,2
New York,historical,1889,0.0,0.0,0.0,0.0,28.44,2
New York,historical,1890,0.0,0.0,0.0,0.0,28.14,2
New York,historical,1891,0.0,0.0,0.0,0.0,27.37,2
New York,historical,1892,0.0,0.0,0.0,0.0,27.01,2
New York,historical,1893,0.5,0.0,0.0,0.0,28.62,2
New York,historical,1894,0.0,0.0,0.0,0.0,28.85,2
New York,historical,1895,0.0,0.0,0.0,0.0,27.75,2
New York,historical,1896,0.0,0.0,0.0,0.0,27.93,2
New York,historical,1897,0.0,0.0,0.0,0.0,28.23,2
New York,historical,1898,0.0,0.0,0.0,0.0,27.57,2
New York,historical,1899,0.0,0.0,0.0,0.0,28.42,2
New York,historical,1900,0.0,0.0,0.0,0.0,28.56,2
New York,historical,1901,1.0,0.0,0.0,0.0,28.89,2
New York,historical,1902,0.0,0.0,0.0,0.0,28.77,2
New York,historical,1903,0.0,0.0,0.0,0.0,26.94,2
New York,historical,1904,0.0,0.0,0.0,0.0,27.85,2
New York,historical,1905,0.0,0.0,0.0,0.0,28.94,2
New York,historical,1906,0.5,0.0,0.0,0.0,29.06,2
New York,historical,1907,0.0,0.0,0.0,0.0,27.19,2
New York,historical,1908,0.0,0.0,0.0,0.0,29.03,2
New York,historical,1909,0.0,0.0,0.0,0.0,28.74,2
New York,historical,1910,0.0,0.0,0.0,0.0,28.31,2
New York,historical,1911,0.0,0.0,0.0,0.0,28.0,2
New York,historical,1912,0.0,0.0,0.0,0.0,29.0,2
New York,historical,1913,0.0,0.0,0.0,0.0,28.16,2
New York,historical,1914,0.0,0.0,0.0,0.0,28.42,2
New York,historical,1915,0.0,0.0,0.0,0.0,27.13,2
New York,historical,1916,0.0,0.0,0.0,0.0,27.74,2
New York,historical,1917,0.0,0.0,0.0,0.0,28.52,2
New York,historical,1918,0.0,0.0,0.0,0.0,27.56,2
New York,historical,1919,0.0,0.0,0.0,0.0,27.67,2
New York,historical,1920,0.0,0.0,0.0,0.0,28.37,2
New York,historical,1921,0.0,0.0,0.0,0.0,28.07,2
New York,historical,1922,0.0,0.0,0.0,0.0,28.03,2
New York,historical,1923,0.0,0.0,0.0,0.0,28.48,2
New York,historical,1924,0.0,0.0,0.0,0.0,26.53,2
New York,historical,1925,0.0,0.0,0.0,0.0,27.9,2
New York,historical,1926,0.0,0.0,0.0,0.0,28.65,2
New York,historical,1927,0.0,0.0,0.0,0.0,28.16,2
New York,historical,1928,0.0,0.0,0.0,0.0,28.69,2
New York,historical,1929,0.0,0.0,0.0,0.0,27.92,2
New York,historical,1930,0.0,0.0,0.0,0.0,28.18,2
New York,historical,1931,0.0,0.0,0.0,0.0,28.53,2
New York,historical,1932,0.5,0.0,0.0,0.0,29.22,2
New York,historical,1933,1.0,0.0,0.0,0.0,28.94,2
New York,historical,1934,0.0,0.0,0.0,0.0,28.58,2
New York,historical,1935,0.0,0.0,0.0,0.0,28.63,2
New York,historical,1936,0.0,0.0,0.0,0.0,27.99,2
New York,historical,1937,0.0,0.0,0.0,0.0,27.73,2
New York,historical,1938,0.0,0.0,0.0,0.0,28.91,2
New York,historical,1939,0.5,0.0,0.0,0.0,28.83,2
New York,historical,1940,1.0,0.0,0.0,0.0,28.92,2
New York,historical,1941,0.0,0.0,0.0,0.0,27.23,2
New York,historical,1942,0.0,0.0,0.0,0.0,27.93,2
New York,historical,1943,0.0,0.0,0.0,0.0,27.7,2
New York,historical,1944,0.0,0.0,0.0,0.0,28.51,2
New York,historical,1945,0.0,0.0,0.0,0.0,27.8,2
New York,historical,1946,0.0,0.0,0.0,0.0,27.21,2
New York,historical,1947,0.0,0.0,0.0,0.0,27.61,2
New York,historical,1948,0.0,0.0,0.0,0.0,26.6,2
New York,historical,1949,0.5,0.0,0.0,0.0,29.01,2
New York,historical,1950,0.0,0.0,0.0,0.0,28.24,2
New York,historical,1951,1.0,0.0,0.0,0.0,28.94,2
New York,historical,1952,3.0,0.0,0.0,0.0,29.27,2
New York,historical,1953,0.0,0.0,0.0,0.0,27.61,2
New York,historical,1954,0.0,0.0,0.0,0.0,28.07,2
New York,historical,1955,0.0,0.0,0.0,0.0,28.11,2
New York,historical,1956,0.5,0.0,0.0,0.0,29.11,2
New York,historical,1957,1.0,0.0,0.0,0.0,29.18,2
New York,historical,1958,0.0,0.0,0.0,0.0,27.85,2
New York,historical,1959,1.0,0.0,0.0,0.0,29.13,2
New York,historical,1960,0.0,0.0,0.0,0.0,27.14,2
New York,historical,1961,0.0,0.0,0.0,0.0,28.17,2
New York,historical,1962,0.0,0.0,0.0,0.0,28.06,2
New York,historical,1963,0.0,0.0,0.0,0.0,28.44,2
New York,historical,1964,0.0,0.0,0.0,0.0,28.11,2
New York,historical,1965,0.0,0.0,0.0,0.0,27.5,2
New York,historical,1966,0.0,0.0,0.0,0.0,28.15,2
New York,historical,1967,0.0,0.0,0.0,0.0,28.59,2
New York,historical,1968,0.0,0.0,0.0,0.0,28.1,2
New York,historical,1969,0.0,0.0,0.0,0.0,27.82,2
New York,historical,1970,0.0,0.0,0.0,0.0,27.32,2
New York,historical,1971,0.0,0.0,0.0,0.0,28.16,2
New York,historical,1972,0.0,0.0,0.0,0.0,28.09,2
New York,historical,1973,0.5,0.0,0.0,0.0,29.37,2
New York,historical,1974,0.0,0.0,0.0,0.0,27.92,2
New York,historical,1975,0.0,0.0,0.0,0.0,27.44,2
New York,historical,1976,0.0,0.0,0.0,0.0,28.16,2
New York,historical,1977,0.0,0.0,0.0,0.0,28.53,2
New York,historical,1978,0.0,0.0,0.0,0.0,27.75,2
New York,historical,1979,0.0,0.0,0.0,0.0,27.92,2
New York,historical,1980,0.0,0.0,0.0,0.0,28.49,2
New York,historical,1981,0.0,0.0,0.0,0.0,27.17,2
New York,historical,1982,0.0,0.0,0.0,0.0,28.52,2
New York,historical,1983,0.0,0.0,0.0,0.0,28.89,2
New York,historical,1984,0.5,0.0,0.0,0.0,29.35,2
New York,historical,1985,0.0,0.0,0.0,0.0,29.27,2
New York,historical,1986,0.5,0.0,0.0,0.0,29.34,2
New York,historical,1987,0.0,0.0,0.0,0.0,28.34,2
New York,historical,1988,0.0,0.0,0.0,0.0,28.38,2
New York,historical,1989,0.0,0.0,0.0,0.0,28.98,2
New York,historical,1990,0.0,0.0,0.0,0.0,28.42,2
New York,historical,1991,0.0,0.0,0.0,0.0,28.3,2
New York,historical,1992,0.0,0.0,0.0,0.0,28.3,2
New York,historical,1993,0.5,0.0,0.0,0.0,29.14,2
New York,historical,1994,0.0,0.0,0.0,0.0,28.81,2
New York,historical,1995,0.5,0.0,0.0,0.0,28.37,2
New York,historical,1996,0.0,0.0,0.0,0.0,28.5,2
New York,historical,1997,0.0,0.0,0.0,0.0,28.97,2
New York,historical,1998,0.0,0.0,0.0,0.0,28.53,2
New York,historical,1999,0.0,0.0,0.0,0.0,28.83,2
New York,historical,2000,1.0,0.0,0.0,0.0,30.53,2
New York,historical,2001,0.5,0.0,0.0,0.0,29.53,2
New York,historical,2002,0.0,0.0,0.0,0.0,28.74,2
New York,historical,2003,0.5,0.0,0.0,0.0,29.24,2
New York,historical,2004,0.0,0.0,0.0,0.0,28.63,2
New York,historical,2005,1.0,0.0,0.0,0.0,30.21,2
New York,historical,2006,0.0,0.0,0.0,0.0,28.86,2
New York,historical,2007,0.0,0.0,0.0,0.0,29.46,2
New York,historical,2008,0.5,0.0,0.0,0.0,29.48,2
New York,historical,2009,0.5,0.0,0.0,0.0,29.6,2
New York,historical,2010,1.0,0.0,0.0,0.0,29.84,2
New York,historical,2011,2.0,0.0,0.0,0.0,29.23,2
New York,historical,2012,0.0,0.0,0.0,0.0,29.1,2
New York,historical,2013,2.0,0.0,0.0,0.0,29.86,2
New York,historical,2014,4.0,0.0,0.0,0.0,30.08,2
New York,ssp585,2015,5.0,0.0,0.0,0.0,29.92,3
New York,ssp585,2016,9.0,0.0,0.0,0.0,31.21,3
New York,ssp585,2017,5.67,0.33,0.0,0.33,31.41,3
New York,ssp585,2018,11.0,2.67,0.0,1.33,32.46,3
New York,ssp585,2019,12.33,0.67,0.0,0.33,31.77,3
New York,ssp585,2020,10.0,0.67,0.0,0.33,31.1,3
New York,ssp585,2021,10.67,1.0,0.0,1.0,31.82,3
New York,ssp585,2022,9.33,0.0,0.0,0.0,31.45,3
New York,ssp585,2023,18.67,3.0,0.0,2.33,31.8,3
New York,ssp585,2024,11.0,0.0,0.0,0.0,30.63,3
New York,ssp585,2025,6.33,0.0,0.0,0.0,30.92,3
New York,ssp585,2026,4.67,0.0,0.0,0.0,30.61,3
New York,ssp585,2027,5.67,0.0,0.0,0.0,30.34,3
New York,ssp585,2028,13.0,0.67,0.0,0.33,31.8,3
New York,ssp585,2029,8.33,0.0,0.0,0.0,31.59,3
New York,ssp585,2030,16.33,2.0,0.0,1.0,32.64,3
New York,ssp585,2031,16.0,3.67,0.0,0.67,31.27,3
New York,ssp585,2032,11.33,0.0,0.0,0.0,31.45,3
New York,ssp585,2033,9.67,0.33,0.0,0.33,32.23,3
New York,ssp585,2034,20.33,2.67,0.0,1.33,32.99,3
New York,ssp585,2035,21.67,5.0,0.0,3.33,32.75,3
New York,ssp585,2036,12.0,3.33,0.0,2.67,33.07,3
New York,ssp585,2037,10.0,0.0,0.0,0.0,30.37,3
New York,ssp585,2038,14.0,2.0,0.0,1.0,31.54,3
New York,ssp585,2039,22.0,1.67,0.0,1.0,31.96,3
New York,ssp585,2040,17.33,0.33,0.0,0.33,32.44,3
New York,ssp585,2041,26.33,2.67,0.0,1.33,32.65,3
New York,ssp585,2042,16.67,0.0,0.0,0.0,31.38,3
New York,ssp585,2043,18.0,2.67,0.0,1.0,31.71,3
New York,ssp585,2044,25.33,8.33,0.0,1.67,32.95,3
New York,ssp585,2045,14.67,0.67,0.0,0.33,32.99,3
New York,ssp585,2046,17.0,2.33,0.0,2.0,32.97,3
New York,ssp585,2047,21.33,5.0,0.0,4.33,33.09,3
New York,ssp585,2048,13.0,1.0,0.0,1.0,32.1,3
New York,ssp585,2049,26.0,5.67,0.0,2.33,32.6,3
New York,ssp585,2050,26.67,3.67,0.0,1.33,32.86,3
New York,ssp585,2051,22.33,5.0,0.0,4.67,33.22,3
New York,ssp585,2052,25.0,7.0,0.33,2.33,33.56,3
New York,ssp585,2053,24.67,4.0,0.0,1.33,33.32,3
New York,ssp585,2054,23.33,4.67,0.0,1.33,32.83,3
New York,ssp585,2055,22.0,3.33,0.0,1.33,32.05,3
New York,ssp585,2056,29.0,7.0,0.0,2.0,33.88,3
New York,ssp585,2057,23.67,4.33,0.0,1.67,33.22,3
New York,ssp585,2058,33.67,5.67,0.0,2.0,33.65,3
New York,ssp585,2059,23.0,4.33,0.0,1.67,32.59,3
New York,ssp585,2060,25.0,6.0,0.0,4.67,34.2,3
New York,ssp585,2061,33.33,10.0,0.0,2.67,33.61,3
New York,ssp585,2062,30.0,3.33,0.0,1.33,33.99,3
New York,ssp585,2063,29.33,9.0,0.0,2.0,33.16,3
New York,ssp585,2064,28.67,6.33,0.0,2.0,33.98,3
New York,ssp585,2065,35.67,5.0,0.0,2.67,34.4,3
New York,ssp585,2066,30.67,9.33,0.0,2.33,33.52,3
New York,ssp585,2067,41.67,8.0,0.67,3.33,36.0,3
New York,ssp585,2068,37.0,7.67,0.0,3.0,34.15,3
New York,ssp585,2069,36.67,7.33,0.0,1.67,33.6,3
New York,ssp585,2070,36.0,7.67,0.67,2.67,35.25,3
New York,ssp585,2071,49.33,15.0,0.0,5.67,35.02,3
New York,ssp585,2072,36.0,9.67,0.0,3.67,34.42,3
New York,ssp585,2073,39.67,7.67,0.0,6.33,34.31,3
New York,ssp585,2074,34.33,15.0,0.33,5.0,34.18,3
New York,ssp585,2075,42.33,11.67,0.0,3.67,34.93,3
New York,ssp585,2076,44.0,13.33,2.67,8.0,35.5,3
New York,ssp585,2077,46.33,7.67,0.0,2.0,34.79,3
New York,ssp585,2078,42.33,12.0,1.0,4.33,35.19,3
New York,ssp585,2079,48.33,14.67,1.0,4.33,36.58,3
New York,ssp585,2080,46.0,22.33,0.33,11.67,34.7,3
New York,ssp585,2081,45.67,18.0,3.0,8.33,35.15,3
New York,ssp585,2082,46.67,14.0,0.0,5.0,35.24,3
New York,ssp585,2083,44.0,9.0,0.0,3.33,34.36,3
New York,ssp585,2084,60.67,15.33,0.67,3.0,35.66,3
New York,ssp585,2085,44.0,15.67,0.33,6.67,34.79,3
New York,ssp585,2086,44.33,17.67,1.0,5.0,35.32,3
New York,ssp585,2087,57.33,18.33,1.0,11.67,35.82,3
New York,ssp585,2088,52.67,24.0,5.33,15.0,36.6,3
New York,ssp585,2089,53.67,22.33,2.67,8.0,35.51,3
New York,ssp585,2090,70.33,21.67,1.67,17.0,36.55,3
New York,ssp585,2091,50.0,16.67,5.0,13.33,36.1,3
New York,ssp585,2092,51.0,16.67,0.0,4.33,34.95,3
New York,ssp585,2093,76.67,16.0,2.0,5.67,36.09,3
New York,ssp585,2094,59.67,26.33,3.0,9.33,35.84,3
New York,ssp585,2095,60.0,20.0,0.33,8.0,36.12,3
New York,ssp585,2096,57.67,22.33,4.33,8.0,35.78,3
New York,ssp585,2097,61.33,26.33,5.67,17.0,35.91,3
New York,ssp585,2098,64.67,19.0,4.67,11.67,37.38,3
New York,ssp585,2099,65.67,21.67,2.33,10.67,35.78,3
New York,ssp585,2100,43.0,0.0,0.0,0.0,33.48,2
Paris,historical,1850,0.5,0.0,0.0,0.0,27.74,2
Paris,historical,1851,0.0,0.0,0.0,0.0,25.99,2
Paris,historical,1852,3.5,0.0,0.0,0.0,28.36,2
Paris,historical,1853,2.0,0.0,0.0,0.0,28.86,2
Paris,historical,1854,0.5,0.0,0.0,0.0,29.84,2
Paris,historical,1855,0.0,0.0,0.0,0.0,27.69,2
Paris,historical,1856,0.0,0.0,0.0,0.0,27.24,2
Paris,historical,1857,0.0,0.0,0.0,0.0,27.96,2
Paris,historical,1858,0.0,0.0,0.0,0.0,26.99,2
Paris,historical,1859,0.0,0.0,0.0,0.0,28.61,2
Paris,historical,1860,2.5,0.0,0.0,0.0,28.88,2
Paris,historical,1861,1.0,0.0,0.0,0.0,28.78,2
Paris,historical,1862,0.0,0.0,0.0,0.0,28.41,2
Paris,historical,1863,0.0,0.0,0.0,0.0,27.59,2
Paris,historical,1864,0.5,0.0,0.0,0.0,27.24,2
Paris,historical,1865,4.0,0.0,0.0,0.0,27.61,2
Paris,historical,1866,0.0,0.0,0.0,0.0,27.48,2
Paris,historical,1867,1.0,0.0,0.0,0.0,27.87,2
Paris,historical,1868,1.0,0.0,0.0,0.0,28.17,2
Paris,historical,1869,0.0,0.0,0.0,0.0,27.3,2
Paris,historical,1870,4.0,0.0,0.0,0.0,28.78,2
Paris,historical,1871,1.5,0.0,0.0,0.0,28.45,2
Paris,historical,1872,0.0,0.0,0.0,0.0,27.0,2
Paris,historical,1873,2.5,0.0,0.0,0.0,30.68,2
Paris,historical,1874,0.5,0.0,0.0,0.0,28.2,2
Paris,historical,1875,1.5,0.0,0.0,0.0,27.89,2
Paris,historical,1876,0.0,0.0,0.0,0.0,25.78,2
Paris,historical,1877,2.0,0.0,0.0,0.0,27.52,2
Paris,historical,1878,0.0,0.0,0.0,0.0,26.89,2
Paris,historical,1879,0.0,0.0,0.0,0.0,26.22,2
Paris,historical,1880,0.0,0.0,0.0,0.0,26.6,2
Paris,historical,1881,1.5,0.0,0.0,0.0,28.06,2
Paris,historical,1882,0.0,0.0,0.0,0.0,27.2,2
Paris,historical,1883,0.0,0.0,0.0,0.0,27.75,2
Paris,historical,1884,0.0,0.0,0.0,0.0,25.33,2
Paris,historical,1885,0.0,0.0,0.0,0.0,23.84,2
Paris,historical,1886,0.0,0.0,0.0,0.0,27.14,2
Paris,historical,1887,0.0,0.0,0.0,0.0,28.3,2
Paris,historical,1888,0.0,0.0,0.0,0.0,27.98,2
Paris,historical,1889,0.0,0.0,0.0,0.0,27.23,2
Paris,historical,1890,0.0,0.0,0.0,0.0,27.77,2
Paris,historical,1891,1.0,0.0,0.0,0.0,28.45,2
Paris,historical,1892,3.5,0.0,0.0,0.0,28.81,2
Paris,historical,1893,0.5,0.0,0.0,0.0,28.25,2
Paris,historical,1894,1.0,0.0,0.0,0.0,27.53,2
Paris,historical,1895,0.0,0.0,0.0,0.0,26.59,2
Paris,historical,1896,0.0,0.0,0.0,0.0,25.36,2
Paris,historical,1897,0.0,0.0,0.0,0.0,26.93,2
Paris,historical,1898,1.5,0.5,0.0,0.5,31.46,2
Paris,historical,1899,0.5,0.0,0.0,0.0,27.55,2
Paris,historical,1900,0.0,0.0,0.0,0.0,27.42,2
Paris,historical,1901,1.5,0.0,0.0,0.0,28.59,2
Paris,historical,1902,0.0,0.0,0.0,0.0,27.57,2
Paris,historical,1903,0.0,0.0,0.0,0.0,26.03,2
Paris,historical,1904,0.0,0.0,0.0,0.0,26.38,2
Paris,historical,1905,0.0,0.0,0.0,0.0,25.7,2
Paris,historical,1906,4.0,0.0,0.0,0.0,29.98,2
Paris,historical,1907,1.5,0.0,0.0,0.0,28.14,2
Paris,historical,1908,0.5,0.0,0.0,0.0,27.91,2
Paris,historical,1909,0.0,0.0,0.0,0.0,27.08,2
Paris,historical,1910,0.5,0.0,0.0,0.0,27.69,2
Paris,historical,1911,0.5,0.0,0.0,0.0,28.46,2
Paris,historical,1912,0.5,0.0,0.0,0.0,30.1,2
Paris,historical,1913,0.0,0.0,0.0,0.0,26.32,2
Paris,historical,1914,0.5,0.0,0.0,0.0,26.61,2
Paris,historical,1915,1.0,0.0,0.0,0.0,28.72,2
Paris,historical,1916,0.0,0.0,0.0,0.0,28.34,2
Paris,historical,1917,0.0,0.0,0.0,0.0,28.24,2
Paris,historical,1918,0.0,0.0,0.0,0.0,28.1,2
Paris,historical,1919,2.5,0.0,0.0,0.0,29.99,2
Paris,historical,1920,3.5,0.0,0.0,0.0,28.66,2
Paris,historical,1921,0.0,0.0,0.0,0.0,26.36,2
Paris,historical,1922,4.0,0.0,0.0,0.0,29.49,2
Paris,historical,1923,0.0,0.0,0.0,0.0,26.93,2
Paris,historical,1924,0.5,0.0,0.0,0.0,27.36,2
Paris,historical,1925,3.0,0.0,0.0,0.0,28.73,2
Paris,historical,1926,0.5,0.0,0.0,0.0,26.24,2
Paris,historical,1927,0.0,0.0,0.0,0.0,27.3,2
Paris,historical,1928,2.5,0.0,0.0,0.0,27.42,2
Paris,historical,1929,2.5,0.0,0.0,0.0,28.35,2
Paris,historical,1930,1.5,0.0,0.0,0.0,30.04,2
Paris,historical,1931,0.0,0.0,0.0,0.0,26.42,2
Paris,historical,1932,0.0,0.0,0.0,0.0,26.22,2
Paris,historical,1933,1.0,0.0,0.0,0.0,29.0,2
Paris,historical,1934,3.5,0.0,0.0,0.0,29.96,2
Paris,historical,1935,1.0,0.0,0.0,0.0,27.94,2
Paris,historical,1936,0.0,0.0,0.0,0.0,28.15,2
Paris,historical,1937,1.5,0.0,0.0,0.0,28.33,2
Paris,historical,1938,0.5,0.0,0.0,0.0,27.78,2
Paris,historical,1939,1.0,0.0,0.0,0.0,28.74,2
Paris,historical,1940,0.0,0.0,0.0,0.0,25.83,2
Paris,historical,1941,0.0,0.0,0.0,0.0,27.52,2
Paris,historical,1942,0.0,0.0,0.0,0.0,27.03,2
Paris,historical,1943,0.0,0.0,0.0,0.0,26.31,2
Paris,historical,1944,0.0,0.0,0.0,0.0,27.97,2
Paris,historical,1945,0.0,0.0,0.0,0.0,27.91,2
Paris,historical,1946,0.0,0.0,0.0,0.0,27.14,2
Paris,historical,1947,0.0,0.0,0.0,0.0,26.98,2
Paris,historical,1948,1.5,0.0,0.0,0.0,27.17,2
Paris,historical,1949,1.5,0.0,0.0,0.0,28.04,2
Paris,historical,1950,1.0,0.0,0.0,0.0,26.91,2
Paris,historical,1951,0.0,0.0,0.0,0.0,26.71,2
Paris,historical,1952,0.5,0.0,0.0,0.0,28.53,2
Paris,historical,1953,0.0,0.0,0.0,0.0,26.09,2
Paris,historical,1954,1.5,0.0,0.0,0.0,28.73,2
Paris,historical,1955,1.0,0.0,0.0,0.0,29.31,2
Paris,historical,1956,0.5,0.0,0.0,0.0,28.06,2
Paris,historical,1957,0.0,0.0,0.0,0.0,26.29,2
Paris,historical,1958,0.5,0.0,0.0,0.0,26.81,2
Paris,historical,1959,0.0,0.0,0.0,0.0,25.99,2
Paris,historical,1960,0.0,0.0,0.0,0.0,25.61,2
Paris,historical,1961,2.0,0.0,0.0,0.0,29.29,2
Paris,historical,1962,0.0,0.0,0.0,0.0,26.58,2
Paris,historical,1963,0.0,0.0,0.0,0.0,27.09,2
Paris,historical,1964,0.0,0.0,0.0,0.0,28.58,2
Paris,historical,1965,0.5,0.0,0.0,0.0,28.88,2
Paris,historical,1966,1.5,0.0,0.0,0.0,28.78,2
Paris,historical,1967,5.0,0.0,0.0,0.0,29.58,2
Paris,historical,1968,0.5,0.0,0.0,0.0,28.87,2
Paris,historical,1969,0.0,0.0,0.0,0.0,27.41,2
Paris,historical,1970,0.0,0.0,0.0,0.0,26.15,2
Paris,historical,1971,0.0,0.0,0.0,0.0,26.91,2
Paris,historical,1972,0.0,0.0,0.0,0.0,28.7,2
Paris,historical,1973,2.5,0.0,0.0,0.0,27.53,2
Paris,historical,1974,1.5,0.0,0.0,0.0,28.31,2
Paris,historical,1975,1.0,0.0,0.0,0.0,27.4,2
Paris,historical,1976,0.0,0.0,0.0,0.0,27.42,2
Paris,historical,1977,0.0,0.0,0.0,0.0,26.87,2
Paris,historical,1978,0.0,0.0,0.0,0.0,25.51,2
Paris,historical,1979,0.0,0.0,0.0,0.0,26.22,2
Paris,historical,1980,0.0,0.0,0.0,0.0,26.34,2
Paris,historical,1981,0.0,0.0,0.0,0.0,27.49,2
Paris,historical,1982,0.0,0.0,0.0,0.0,25.24,2
Paris,historical,1983,0.0,0.0,0.0,0.0,25.28,2
Paris,historical,1984,0.0,0.0,0.0,0.0,25.4,2
Paris,historical,1985,0.0,0.0,0.0,0.0,24.59,2
Paris,historical,1986,0.0,0.0,0.0,0.0,26.41,2
Paris,historical,1987,0.0,0.0,0.0,0.0,26.93,2
Paris,historical,1988,2.0,0.0,0.0,0.0,27.34,2
Paris,historical,1989,0.0,0.0,0.0,0.0,26.79,2
Paris,historical,1990,0.0,0.0,0.0,0.0,25.93,2
Paris,historical,1991,1.0,0.0,0.0,0.0,29.94,2
Paris,historical,1992,0.0,0.0,0.0,0.0,26.75,2
Paris,historical,1993,1.0,0.0,0.0,0.0,27.17,2
Paris,historical,1994,0.0,0.0,0.0,0.0,26.81,2
Paris,historical,1995,0.0,0.0,0.0,0.0,24.69,2
Paris,historical,1996,0.0,0.0,0.0,0.0,27.38,2
Paris,historical,1997,0.0,0.0,0.0,0.0,29.43,2
Paris,historical,1998,0.0,0.0,0.0,0.0,25.52,2
Paris,historical,1999,1.5,0.0,0.0,0.0,28.81,2
Paris,historical,2000,2.5,0.0,0.0,0.0,29.15,2
Paris,historical,2001,0.0,0.0,0.0,0.0,27.44,2
Paris,historical,2002,0.0,0.0,0.0,0.0,27.44,2
Paris,historical,2003,1.0,0.0,0.0,0.0,30.47,2
Paris,historical,2004,0.0,0.0,0.0,0.0,26.85,2
Paris,historical,2005,0.0,0.0,0.0,0.0,27.83,2
Paris,historical,2006,1.0,0.0,0.0,0.0,29.25,2
Paris,historical,2007,1.5,0.0,0.0,0.0,27.9,2
Paris,historical,2008,2.5,0.0,0.0,0.0,28.57,2
Paris,historical,2009,3.0,0.0,0.0,0.0,29.58,2
Paris,historical,2010,0.0,0.0,0.0,0.0,26.87,2
Paris,historical,2011,0.0,0.0,0.0,0.0,28.37,2
Paris,historical,2012,0.5,0.0,0.0,0.0,28.97,2
Paris,historical,2013,1.0,0.0,0.0,0.0,28.8,2
Paris,historical,2014,0.5,0.0,0.0,0.0,27.59,2
Paris,ssp585,2015,3.0,0.33,0.0,0.33,30.76,3
Paris,ssp585,2016,1.33,0.33,0.0,0.33,30.39,3
Paris,ssp585,2017,4.33,0.0,0.0,0.0,30.16,3
Paris,ssp585,2018,2.67,0.0,0.0,0.0,30.33,3
Paris,ssp585,2019,6.67,0.33,0.0,0.33,32.08,3
Paris,ssp585,2020,3.0,0.33,0.0,0.33,29.61,3
Paris,ssp585,2021,6.33,0.33,0.0,0.33,31.6,3
Paris,ssp585,2022,2.0,0.33,0.0,0.33,30.91,3
Paris,ssp585,2023,11.67,3.0,0.0,0.67,32.76,3
Paris,ssp585,2024,4.67,0.33,0.0,0.33,33.44,3
Paris,ssp585,2025,10.0,0.33,0.0,0.33,30.91,3
Paris,ssp585,2026,4.67,2.33,0.0,2.33,31.42,3
Paris,ssp585,2027,3.67,0.33,0.0,0.33,29.63,3
Paris,ssp585,2028,9.33,1.67,0.0,0.67,32.86,3
Paris,ssp585,2029,2.67,0.0,0.0,0.0,31.71,3
Paris,ssp585,2030,8.33,0.67,0.0,0.33,31.26,3
Paris,ssp585,2031,7.67,1.67,0.0,0.67,32.09,3
Paris,ssp585,2032,4.67,0.0,0.0,0.0,30.57,3
Paris,ssp585,2033,9.0,1.33,0.0,0.67,32.01,3
Paris,ssp585,2034,6.0,0.33,0.0,0.33,32.28,3
Paris,ssp585,2035,12.67,1.33,0.0,1.0,33.88,3
Paris,ssp585,2036,13.0,1.33,0.0,1.0,32.44,3
Paris,ssp585,2037,3.33,0.0,0.0,0.0,30.73,3
Paris,ssp585,2038,7.0,0.67,0.0,0.33,31.91,3
Paris,ssp585,2039,17.0,4.67,0.0,1.33,32.19,3
Paris,ssp585,2040,6.67,1.0,0.0,1.0,33.45,3
Paris,ssp585,2041,10.33,1.0,0.0,0.33,31.75,3
Paris,ssp585,2042,5.33,0.0,0.0,0.0,30.74,3
Paris,ssp585,2043,11.33,1.33,0.0,0.33,33.01,3
Paris,ssp585,2044,4.33,0.33,0.0,0.33,32.39,3
Paris,ssp585,2045,8.33,0.33,0.0,0.33,31.31,3
Paris,ssp585,2046,12.33,2.67,0.0,2.0,33.11,3
Paris,ssp585,2047,18.0,3.67,0.0,1.33,34.41,3
Paris,ssp585,2048,19.67,4.33,0.0,3.33,33.16,3
Paris,ssp585,2049,9.0,0.67,0.0,0.33,31.82,3
Paris,ssp585,2050,11.67,2.33,0.0,1.0,33.77,3
Paris,ssp585,2051,12.67,1.67,0.0,0.67,32.6,3
Paris,ssp585,2052,10.33,2.0,0.0,1.67,33.06,3
Paris,ssp585,2053,8.0,0.33,0.0,0.33,31.95,3
Paris,ssp585,2054,9.33,0.67,0.0,0.33,32.07,3
Paris,ssp585,2055,12.33,3.33,0.67,1.33,35.16,3
Paris,ssp585,2056,14.33,2.0,0.0,1.33,33.87,3
Paris,ssp585,2057,13.33,2.0,0.0,1.0,31.75,3
Paris,ssp585,2058,24.67,4.67,1.67,2.0,34.97,3
Paris,ssp585,2059,11.67,0.67,0.0,0.33,32.26,3
Paris,ssp585,2060,27.0,6.33,0.0,2.33,33.92,3
Paris,ssp585,2061,14.0,1.0,0.0,0.67,32.73,3
Paris,ssp585,2062,13.67,4.33,0.67,2.67,34.78,3
Paris,ssp585,2063,17.0,3.0,0.67,1.0,35.02,3
Paris,ssp585,2064,8.67,2.33,0.0,1.0,33.55,3
Paris,ssp585,2065,26.33,6.67,1.0,2.0,34.01,3
Paris,ssp585,2066,17.33,1.33,0.0,0.67,34.73,3
Paris,ssp585,2067,15.67,3.33,0.0,2.67,35.15,3
Paris,ssp585,2068,15.0,2.0,0.0,1.0,35.98,3
Paris,ssp585,2069,22.33,4.0,0.0,0.67,33.55,3
Paris,ssp585,2070,25.67,6.0,1.33,3.0,37.44,3
Paris,ssp585,2071,16.0,2.33,0.0,1.33,34.65,3
Paris,ssp585,2072,24.33,4.0,0.0,2.0,35.62,3
Paris,ssp585,2073,29.33,8.33,2.0,3.0,37.48,3
Paris,ssp585,2074,25.33,7.33,1.0,4.33,35.02,3
Paris,ssp585,2075,24.33,3.0,0.0,1.67,36.14,3
Paris,ssp585,2076,32.0,9.67,2.33,3.0,37.71,3
Paris,ssp585,2077,20.33,2.0,0.0,0.67,32.25,3
Paris,ssp585,2078,25.33,6.0,1.33,1.67,36.13,3
Paris,ssp585,2079,25.0,7.33,1.67,2.33,34.6,3
Paris,ssp585,2080,26.0,10.0,2.33,2.67,35.6,3
Paris,ssp585,2081,35.0,11.33,1.0,3.67,37.96,3
Paris,ssp585,2082,33.33,10.0,0.33,3.0,35.49,3
Paris,ssp585,2083,29.33,6.33,1.67,1.67,34.41,3
Paris,ssp585,2084,33.67,9.67,2.33,3.0,38.22,3
Paris,ssp585,2085,26.33,4.67,0.0,2.33,35.42,3
Paris,ssp585,2086,22.67,4.67,0.0,1.33,34.61,3
Paris,ssp585,2087,37.67,14.67,0.67,4.0,36.11,3
Paris,ssp585,2088,38.0,11.0,0.67,2.0,36.12,3
Paris,ssp585,2089,32.67,7.0,0.67,2.33,35.25,3
Paris,ssp585,2090,34.0,7.0,0.67,2.33,36.93,3
Paris,ssp585,2091,33.67,10.0,1.67,4.33,37.64,3
Paris,ssp585,2092,37.67,7.33,0.33,2.67,36.79,3
Paris,ssp585,2093,39.33,14.33,3.33,5.67,37.25,3
Paris,ssp585,2094,42.33,14.0,1.67,2.33,37.18,3
Paris,ssp585,2095,44.67,11.0,1.67,2.67,37.37,3
Paris,ssp585,2096,42.33,7.0,1.33,2.33,37.91,3
Paris,ssp585,2097,45.0,12.67,2.33,2.67,37.95,3
Paris,ssp585,2098,39.0,11.0,1.0,4.67,36.35,3
Paris,ssp585,2099,57.0,22.67,7.67,8.0,40.85,3
Paris,ssp585,2100,20.0,7.0,0.5,2.0,38.15,2
Reykjavik,historical,1850,0.0,0.0,0.0,0.0,14.48,2
Reykjavik,historical,1851,0.0,0.0,0.0,0.0,15.55,2
Reykjavik,historical,1852,0.0,0.0,0.0,0.0,15.1,2
Reykjavik,historical,1853,0.0,0.0,0.0,0.0,14.88,2
Reykjavik,historical,1854,0.0,0.0,0.0,0.0,13.74,2
Reykjavik,historical,1855,0.0,0.0,0.0,0.0,14.9,2
Reykjavik,historical,1856,0.0,0.0,0.0,0.0,13.54,2
Reykjavik,historical,1857,0.0,0.0,0.0,0.0,13.99,2
Reykjavik,historical,1858,0.0,0.0,0.0,0.0,15.37,2
Reykjavik,historical,1859,0.0,0.0,0.0,0.0,13.65,2
Reykjavik,historical,1860,0.0,0.0,0.0,0.0,13.25,2
Reykjavik,historical,1861,0.0,0.0,0.0,0.0,14.82,2
Reykjavik,historical,1862,0.0,0.0,0.0,0.0,14.35,2
Reykjavik,historical,1863,0.0,0.0,0.0,0.0,14.96,2
Reykjavik,historical,1864,0.0,0.0,0.0,0.0,13.4,2
Reykjavik,historical,1865,0.0,0.0,0.0,0.0,12.73,2
Reykjavik,historical,1866,0.0,0.0,0.0,0.0,14.31,2
Reykjavik,historical,1867,0.0,0.0,0.0,0.0,14.64,2
Reykjavik,historical,1868,0.0,0.0,0.0,0.0,13.62,2
Reykjavik,historical,1869,0.0,0.0,0.0,0.0,14.31,2
Reykjavik,historical,1870,0.0,0.0,0.0,0.0,15.33,2
Reykjavik,historical,1871,0.0,0.0,0.0,0.0,13.44,2
Reykjavik,historical,1872,0.0,0.0,0.0,0.0,13.13,2
Reykjavik,historical,1873,0.0,0.0,0.0,0.0,14.28,2
Reykjavik,historical,1874,0.0,0.0,0.0,0.0,13.75,2
Reykjavik,historical,1875,0.0,0.0,0.0,0.0,13.99,2
Reykjavik,historical,1876,0.0,0.0,0.0,0.0,14.01,2
Reykjavik,historical,1877,0.0,0.0,0.0,0.0,14.89,2
Reykjavik,historical,1878,0.0,0.0,0.0,0.0,14.5,2
Reykjavik,historical,1879,0.0,0.0,0.0,0.0,14.6,2
Reykjavik,historical,1880,0.0,0.0,0.0,0.0,15.53,2
Reykjavik,historical,1881,0.0,0.0,0.0,0.0,14.53,2
Reykjavik,historical,1882,0.0,0.0,0.0,0.0,14.89,2
Reykjavik,historical,1883,0.0,0.0,0.0,0.0,14.18,2
Reykjavik,historical,1884,0.0,0.0,0.0,0.0,14.12,2
Reykjavik,historical,1885,0.0,0.0,0.0,0.0,14.25,2
Reykjavik,historical,1886,0.0,0.0,0.0,0.0,13.63,2
Reykjavik,historical,1887,0.0,0.0,0.0,0.0,13.57,2
Reykjavik,historical,1888,0.0,0.0,0.0,0.0,14.01,2
Reykjavik,historical,1889,0.0,0.0,0.0,0.0,13.27,2
Reykjavik,historical,1890,0.0,0.0,0.0,0.0,13.94,2
Reykjavik,historical,1891,0.0,0.0,0.0,0.0,13.92,2
Reykjavik,historical,1892,0.0,0.0,0.0,0.0,13.29,2
Reykjavik,historical,1893,0.0,0.0,0.0,0.0,14.86,2
Reykjavik,historical,1894,0.0,0.0,0.0,0.0,13.81,2
Reykjavik,historical,1895,0.0,0.0,0.0,0.0,13.49,2
Reykjavik,historical,1896,0.0,0.0,0.0,0.0,15.36,2
Reykjavik,historical,1897,0.0,0.0,0.0,0.0,13.51,2
Reykjavik,historical,1898,0.0,0.0,0.0,0.0,15.29,2
Reykjavik,historical,1899,0.0,0.0,0.0,0.0,15.33,2
Reykjavik,historical,1900,0.0,0.0,0.0,0.0,14.28,2
Reykjavik,historical,1901,0.0,0.0,0.0,0.0,13.77,2
Reykjavik,historical,1902,0.0,0.0,0.0,0.0,15.23,2
Reykjavik,historical,1903,0.0,0.0,0.0,0.0,13.21,2
Reykjavik,historical,1904,0.0,0.0,0.0,0.0,14.94,2
Reykjavik,historical,1905,0.0,0.0,0.0,0.0,14.71,2
Reykjavik,historical,1906,0.0,0.0,0.0,0.0,13.38,2
Reykjavik,historical,1907,0.0,0.0,0.0,0.0,14.18,2
Reykjavik,historical,1908,0.0,0.0,0.0,0.0,13.86,2
Reykjavik,historical,1909,0.0,0.0,0.0,0.0,15.36,2
Reykjavik,historical,1910,0.0,0.0,0.0,0.0,15.11,2
Reykjavik,historical,1911,0.0,0.0,0.0,0.0,14.57,2
Reykjavik,historical,1912,0.0,0.0,0.0,0.0,14.54,2
Reykjavik,historical,1913,0.0,0.0,0.0,0.0,13.58,2
Reykjavik,historical,1914,0.0,0.0,0.0,0.0,14.21,2
Reykjavik,historical,1915,0.0,0.0,0.0,0.0,13.08,2
Reykjavik,historical,1916,0.0,0.0,0.0,0.0,13.81,2
Reykjavik,historical,1917,0.0,0.0,0.0,0.0,14.44,2
Reykjavik,historical,1918,0.0,0.0,0.0,0.0,13.63,2
Reykjavik,historical,1919,0.0,0.0,0.0,0.0,14.8,2
Reykjavik,historical,1920,0.0,0.0,0.0,0.0,14.17,2
Reykjavik,historical,1921,0.0,0.0,0.0,0.0,14.28,2
Reykjavik,historical,1922,0.0,0.0,0.0,0.0,14.06,2
Reykjavik,historical,1923,0.0,0.0,0.0,0.0,14.74,2
Reykjavik,historical,1924,0.0,0.0,0.0,0.0,14.23,2
Reykjavik,historical,1925,0.0,0.0,0.0,0.0,13.05,2
Reykjavik,historical,1926,0.0,0.0,0.0,0.0,14.65,2
Reykjavik,historical,1927,0.0,0.0,0.0,0.0,13.14,2
Reykjavik,historical,1928,0.0,0.0,0.0,0.0,14.09,2
Reykjavik,historical,1929,0.0,0.0,0.0,0.0,14.52,2
Reykjavik,historical,1930,0.0,0.0,0.0,0.0,15.24,2
Reykjavik,historical,1931,0.0,0.0,0.0,0.0,14.03,2
Reykjavik,historical,1932,0.0,0.0,0.0,0.0,13.37,2
Reykjavik,historical,1933,0.0,0.0,0.0,0.0,14.44,2
Reykjavik,historical,1934,0.0,0.0,0.0,0.0,14.08,2
Reykjavik,historical,1935,0.0,0.0,0.0,0.0,14.81,2
Reykjavik,historical,1936,0.0,0.0,0.0,0.0,15.29,2
Reykjavik,historical,1937,0.0,0.0,0.0,0.0,13.61,2
Reykjavik,historical,1938,0.0,0.0,0.0,0.0,14.25,2
Reykjavik,historical,1939,0.0,0.0,0.0,0.0,13.81,2
Reykjavik,historical,1940,0.0,0.0,0.0,0.0,13.49,2
Reykjavik,historical,1941,0.0,0.0,0.0,0.0,14.76,2
Reykjavik,historical,1942,0.0,0.0,0.0,0.0,14.32,2
Reykjavik,historical,1943,0.0,0.0,0.0,0.0,13.45,2
Reykjavik,historical,1944,0.0,0.0,0.0,0.0,14.33,2
Reykjavik,historical,1945,0.0,0.0,0.0,0.0,14.43,2
Reykjavik,historical,1946,0.0,0.0,0.0,0.0,13.99,2
Reykjavik,historical,1947,0.0,0.0,0.0,0.0,14.75,2
Reykjavik,historical,1948,0.0,0.0,0.0,0.0,14.36,2
Reykjavik,historical,1949,0.0,0.0,0.0,0.0,13.59,2
Reykjavik,historical,1950,0.0,0.0,0.0,0.0,14.28,2
Reykjavik,historical,1951,0.0,0.0,0.0,0.0,13.1,2
Reykjavik,historical,1952,0.0,0.0,0.0,0.0,12.27,2
Reykjavik,historical,1953,0.0,0.0,0.0,0.0,14.38,2
Reykjavik,historical,1954,0.0,0.0,0.0,0.0,13.64,2
Reykjavik,historical,1955,0.0,0.0,0.0,0.0,13.75,2
Reykjavik,historical,1956,0.0,0.0,0.0,0.0,14.24,2
Reykjavik,historical,1957,0.0,0.0,0.0,0.0,14.26,2
Reykjavik,historical,1958,0.0,0.0,0.0,0.0,14.45,2
Reykjavik,historical,1959,0.0,0.0,0.0,0.0,14.87,2
Reykjavik,historical,1960,0.0,0.0,0.0,0.0,16.17,2
Reykjavik,historical,1961,0.0,0.0,0.0,0.0,13.5,2
Reykjavik,historical,1962,0.0,0.0,0.0,0.0,14.26,2
Reykjavik,historical,1963,0.0,0.0,0.0,0.0,13.45,2
Reykjavik,historical,1964,0.0,0.0,0.0,0.0,14.55,2
Reykjavik,historical,1965,0.0,0.0,0.0,0.0,13.82,2
Reykjavik,historical,1966,0.0,0.0,0.0,0.0,13.3,2
Reykjavik,historical,1967,0.0,0.0,0.0,0.0,13.98,2
Reykjavik,historical,1968,0.0,0.0,0.0,0.0,14.93,2
Reykjavik,historical,1969,0.0,0.0,0.0,0.0,14.27,2
Reykjavik,historical,1970,0.0,0.0,0.0,0.0,13.93,2
Reykjavik,historical,1971,0.0,0.0,0.0,0.0,14.66,2
Reykjavik,historical,1972,0.0,0.0,0.0,0.0,13.46,2
Reykjavik,historical,1973,0.0,0.0,0.0,0.0,14.59,2
Reykjavik,historical,1974,0.0,0.0,0.0,0.0,14.39,2
Reykjavik,historical,1975,0.0,0.0,0.0,0.0,14.96,2
Reykjavik,historical,1976,0.0,0.0,0.0,0.0,14.4,2
Reykjavik,historical,1977,0.0,0.0,0.0,0.0,14.0,2
Reykjavik,historical,1978,0.0,0.0,0.0,0.0,13.61,2
Reykjavik,historical,1979,0.0,0.0,0.0,0.0,14.27,2
Reykjavik,historical,1980,0.0,0.0,0.0,0.0,14.42,2
Reykjavik,historical,1981,0.0,0.0,0.0,0.0,15.02,2
Reykjavik,historical,1982,0.0,0.0,0.0,0.0,14.51,2
Reykjavik,historical,1983,0.0,0.0,0.0,0.0,14.19,2
Reykjavik,historical,1984,0.0,0.0,0.0,0.0,13.1,2
Reykjavik,historical,1985,0.0,0.0,0.0,0.0,13.54,2
Reykjavik,historical,1986,0.0,0.0,0.0,0.0,15.15,2
Reykjavik,historical,1987,0.0,0.0,0.0,0.0,14.36,2
Reykjavik,historical,1988,0.0,0.0,0.0,0.0,14.53,2
Reykjavik,historical,1989,0.0,0.0,0.0,0.0,14.01,2
Reykjavik,historical,1990,0.0,0.0,0.0,0.0,15.09,2
Reykjavik,historical,1991,0.0,0.0,0.0,0.0,13.66,2
Reykjavik,historical,1992,0.0,0.0,0.0,0.0,13.98,2
Reykjavik,historical,1993,0.0,0.0,0.0,0.0,14.91,2
Reykjavik,historical,1994,0.0,0.0,0.0,0.0,15.11,2
Reykjavik,historical,1995,0.0,0.0,0.0,0.0,15.0,2
Reykjavik,historical,1996,0.0,0.0,0.0,0.0,14.48,2
Reykjavik,historical,1997,0.0,0.0,0.0,0.0,13.69,2
Reykjavik,historical,1998,0.0,0.0,0.0,0.0,15.42,2
Reykjavik,historical,1999,0.0,0.0,0.0,0.0,14.66,2
Reykjavik,historical,2000,0.0,0.0,0.0,0.0,15.05,2
Reykjavik,historical,2001,0.0,0.0,0.0,0.0,14.17,2
Reykjavik,historical,2002,0.0,0.0,0.0,0.0,14.17,2
Reykjavik,historical,2003,0.0,0.0,0.0,0.0,15.02,2
Reykjavik,historical,2004,0.0,0.0,0.0,0.0,14.99,2
Reykjavik,historical,2005,0.0,0.0,0.0,0.0,14.73,2
Reykjavik,historical,2006,0.0,0.0,0.0,0.0,14.5,2
Reykjavik,historical,2007,0.0,0.0,0.0,0.0,16.26,2
Reykjavik,historical,2008,0.0,0.0,0.0,0.0,15.61,2
Reykjavik,historical,2009,0.0,0.0,0.0,0.0,15.65,2
Reykjavik,historical,2010,0.0,0.0,0.0,0.0,15.6,2
Reykjavik,historical,2011,0.0,0.0,0.0,0.0,15.12,2
Reykjavik,historical,2012,0.0,0.0,0.0,0.0,15.45,2
Reykjavik,historical,2013,0.0,0.0,0.0,0.0,16.03,2
Reykjavik,historical,2014,0.0,0.0,0.0,0.0,15.3,2
Reykjavik,ssp585,2015,0.0,0.0,0.0,0.0,14.85,3
Reykjavik,ssp585,2016,0.0,0.0,0.0,0.0,14.41,3
Reykjavik,ssp585,2017,0.0,0.0,0.0,0.0,14.31,3
Reykjavik,ssp585,2018,0.0,0.0,0.0,0.0,14.78,3
Reykjavik,ssp585,2019,0.0,0.0,0.0,0.0,14.5,3
Reykjavik,ssp585,2020,0.0,0.0,0.0,0.0,14.29,3
Reykjavik,ssp585,2021,0.0,0.0,0.0,0.0,15.01,3
Reykjavik,ssp585,2022,0.0,0.0,0.0,0.0,14.41,3
Reykjavik,ssp585,2023,0.0,0.0,0.0,0.0,14.67,3
Reykjavik,ssp585,2024,0.0,0.0,0.0,0.0,15.26,3
Reykjavik,ssp585,2025,0.0,0.0,0.0,0.0,14.88,3
Reykjavik,ssp585,2026,0.0,0.0,0.0,0.0,15.72,3
Reykjavik,ssp585,2027,0.0,0.0,0.0,0.0,14.98,3
Reykjavik,ssp585,2028,0.0,0.0,0.0,0.0,15.18,3
Reykjavik,ssp585,2029,0.0,0.0,0.0,0.0,14.88,3
Reykjavik,ssp585,2030,0.0,0.0,0.0,0.0,14.92,3
Reykjavik,ssp585,2031,0.0,0.0,0.0,0.0,15.23,3
Reykjavik,ssp585,2032,0.0,0.0,0.0,0.0,15.83,3
Reykjavik,ssp585,2033,0.0,0.0,0.0,0.0,15.78,3
Reykjavik,ssp585,2034,0.0,0.0,0.0,0.0,15.52,3
Reykjavik,ssp585,2035,0.0,0.0,0.0,0.0,15.39,3
Reykjavik,ssp585,2036,0.0,0.0,0.0,0.0,15.05,3
Reykjavik,ssp585,2037,0.0,0.0,0.0,0.0,15.26,3
Reykjavik,ssp585,2038,0.0,0.0,0.0,0.0,16.42,3
Reykjavik,ssp585,2039,0.0,0.0,0.0,0.0,15.7,3
Reykjavik,ssp585,2040,0.0,0.0,0.0,0.0,15.4,3
Reykjavik,ssp585,2041,0.0,0.0,0.0,0.0,15.29,3
Reykjavik,ssp585,2042,0.0,0.0,0.0,0.0,15.01,3
Reykjavik,ssp585,2043,0.0,0.0,0.0,0.0,16.57,3
Reykjavik,ssp585,2044,0.0,0.0,0.0,0.0,16.23,3
Reykjavik,ssp585,2045,0.0,0.0,0.0,0.0,15.67,3
Reykjavik,ssp585,2046,0.0,0.0,0.0,0.0,15.71,3
Reykjavik,ssp585,2047,0.0,0.0,0.0,0.0,15.61,3
Reykjavik,ssp585,2048,0.0,0.0,0.0,0.0,16.18,3
Reykjavik,ssp585,2049,0.0,0.0,0.0,0.0,15.59,3
Reykjavik,ssp585,2050,0.0,0.0,0.0,0.0,16.08,3
Reykjavik,ssp585,2051,0.0,0.0,0.0,0.0,15.73,3
Reykjavik,ssp585,2052,0.0,0.0,0.0,0.0,15.64,3
Reykjavik,ssp585,2053,0.0,0.0,0.0,0.0,17.06,3
Reykjavik,ssp585,2054,0.0,0.0,0.0,0.0,15.95,3
Reykjavik,ssp585,2055,0.0,0.0,0.0,0.0,15.87,3
Reykjavik,ssp585,2056,0.0,0.0,0.0,0.0,15.89,3
Reykjavik,ssp585,2057,0.0,0.0,0.0,0.0,15.92,3
Reykjavik,ssp585,2058,0.0,0.0,0.0,0.0,16.57,3
Reykjavik,ssp585,2059,0.0,0.0,0.0,0.0,16.74,3
Reykjavik,ssp585,2060,0.0,0.0,0.0,0.0,15.98,3
Reykjavik,ssp585,2061,0.0,0.0,0.0,0.0,16.63,3
Reykjavik,ssp585,2062,0.0,0.0,0.0,0.0,16.9,3
Reykjavik,ssp585,2063,0.0,0.0,0.0,0.0,15.4,3
Reykjavik,ssp585,2064,0.0,0.0,0.0,0.0,16.06,3
Reykjavik,ssp585,2065,0.0,0.0,0.0,0.0,17.38,3
Reykjavik,ssp585,2066,0.0,0.0,0.0,0.0,16.51,3
Reykjavik,ssp585,2067,0.0,0.0,0.0,0.0,17.76,3
Reykjavik,ssp585,2068,0.0,0.0,0.0,0.0,16.47,3
Reykjavik,ssp585,2069,0.0,0.0,0.0,0.0,16.82,3
Reykjavik,ssp585,2070,0.0,0.0,0.0,0.0,17.04,3
Reykjavik,ssp585,2071,0.0,0.0,0.0,0.0,17.27,3
Reykjavik,ssp585,2072,0.0,0.0,0.0,0.0,16.03,3
Reykjavik,ssp585,2073,0.0,0.0,0.0,0.0,16.9,3
Reykjavik,ssp585,2074,0.0,0.0,0.0,0.0,16.84,3
Reykjavik,ssp585,2075,0.0,0.0,0.0,0.0,17.63,3
Reykjavik,ssp585,2076,0.0,0.0,0.0,0.0,17.09,3
Reykjavik,ssp585,2077,0.0,0.0,0.0,0.0,16.47,3
Reykjavik,ssp585,2078,0.0,0.0,0.0,0.0,17.27,3
Reykjavik,ssp585,2079,0.0,0.0,0.0,0.0,16.74,3
Reykjavik,ssp585,2080,0.0,0.0,0.0,0.0,16.72,3
Reykjavik,ssp585,2081,0.0,0.0,0.0,0.0,18.21,3
Reykjavik,ssp585,2082,0.0,0.0,0.0,0.0,18.06,3
Reykjavik,ssp585,2083,0.0,0.0,0.0,0.0,17.51,3
Reykjavik,ssp585,2084,0.0,0.0,0.0,0.0,18.55,3
Reykjavik,ssp585,2085,0.0,0.0,0.0,0.0,18.95,3
Reykjavik,ssp585,2086,0.0,0.0,0.0,0.0,17.99,3
Reykjavik,ssp585,2087,0.0,0.0,0.0,0.0,17.67,3
Reykjavik,ssp585,2088,0.0,0.0,0.0,0.0,17.29,3
Reykjavik,ssp585,2089,0.0,0.0,0.0,0.0,18.87,3
Reykjavik,ssp585,2090,0.0,0.0,0.0,0.0,18.23,3
Reykjavik,ssp585,2091,0.0,0.0,0.0,0.0,18.56,3
Reykjavik,ssp585,2092,0.0,0.0,0.0,0.0,18.9,3
Reykjavik,ssp585,2093,0.0,0.0,0.0,0.0,17.95,3
Reykjavik,ssp585,2094,0.0,0.0,0.0,0.0,19.33,3
Reykjavik,ssp585,2095,0.0,0.0,0.0,0.0,18.0,3
Reykjavik,ssp585,2096,0.0,0.0,0.0,0.0,17.71,3
Reykjavik,ssp585,2097,0.0,0.0,0.0,0.0,17.96,3
Reykjavik,ssp585,2098,0.0,0.0,0.0,0.0,18.26,3
Reykjavik,ssp585,2099,0.0,0.0,0.0,0.0,18.82,3
Reykjavik,ssp585,2100,0.0,0.0,0.0,0.0,16.85,2
San Diego,historical,1850,90.0,10.0,0.0,4.5,36.3,2
San Diego,historical,1851,79.0,12.5,0.0,5.0,37.17,2
San Diego,historical,1852,62.0,8.5,0.0,3.0,36.64,2
San Diego,historical,1853,93.0,11.5,0.0,4.0,36.2,2
San Diego,historical,1854,73.5,7.0,0.5,3.5,37.71,2
San Diego,historical,1855,83.0,15.0,0.0,4.5,37.06,2
San Diego,historical,1856,81.5,10.0,0.0,4.5,36.66,2
San Diego,historical,1857,90.5,11.5,0.0,4.0,37.51,2
San Diego,historical,1858,83.0,7.5,0.0,4.0,36.66,2
San Diego,historical,1859,83.5,16.0,0.0,7.0,38.07,2
San Diego,historical,1860,82.0,14.5,0.0,4.0,36.86,2
San Diego,historical,1861,80.0,7.5,0.0,5.0,36.77,2
San Diego,historical,1862,81.5,9.5,0.0,4.5,36.49,2
San Diego,historical,1863,82.5,7.0,0.0,3.0,36.0,2
San Diego,historical,1864,88.0,12.5,0.0,4.5,36.89,2
San Diego,historical,1865,90.5,5.5,0.0,3.5,36.89,2
San Diego,historical,1866,91.0,18.5,0.0,5.0,36.8,2
San Diego,historical,1867,83.5,8.5,0.0,3.0,36.09,2
San Diego,historical,1868,93.5,16.0,0.0,7.0,37.4,2
San Diego,historical,1869,94.0,10.5,0.0,4.0,36.2,2
San Diego,historical,1870,95.0,9.5,0.0,3.5,36.19,2
San Diego,historical,1871,85.5,9.5,0.0,3.0,35.42,2
San Diego,historical,1872,89.5,14.0,0.0,6.5,36.94,2
San Diego,historical,1873,84.0,11.0,0.0,3.5,36.87,2
San Diego,historical,1874,76.5,11.5,0.0,5.0,37.66,2
San Diego,historical,1875,76.5,7.5,0.0,2.0,35.33,2
San Diego,historical,1876,89.5,5.0,0.0,3.0,37.21,2
San Diego,historical,1877,88.0,10.0,0.0,2.5,35.83,2
San Diego,historical,1878,82.0,12.5,0.0,4.0,36.86,2
San Diego,historical,1879,86.0,20.5,0.0,5.0,37.47,2
San Diego,historical,1880,98.0,9.0,0.0,2.0,36.07,2
San Diego,historical,1881,74.5,7.5,0.0,2.5,36.0,2
San Diego,historical,1882,80.5,7.5,0.0,4.0,36.75,2
San Diego,historical,1883,77.5,7.0,0.0,2.5,36.95,2
San Diego,historical,1884,73.5,6.5,0.0,3.0,35.73,2
San Diego,historical,1885,77.0,9.5,0.0,2.0,35.22,2
San Diego,historical,1886,81.0,4.0,0.0,2.0,35.67,2
San Diego,historical,1887,77.5,6.0,0.0,2.0,35.39,2
San Diego,historical,1888,84.0,3.0,0.0,2.0,35.26,2
San Diego,historical,1889,90.0,8.5,0.0,3.5,36.48,2
San Diego,historical,1890,86.5,10.5,0.0,2.5,35.6,2
San Diego,historical,1891,72.5,8.5,0.0,4.5,37.26,2
San Diego,historical,1892,66.5,3.5,0.0,2.5,36.3,2
San Diego,historical,1893,84.0,8.5,0.0,4.0,36.55,2
San Diego,historical,1894,89.0,7.0,0.0,4.5,36.7,2
San Diego,historical,1895,83.5,7.5,0.0,5.0,36.56,2
San Diego,historical,1896,89.0,20.5,0.0,4.5,36.68,2
San Diego,historical,1897,88.5,12.0,0.0,4.0,36.48,2
San Diego,historical,1898,91.5,4.5,0.0,3.5,36.0,2
San Diego,historical,1899,81.5,8.5,0.0,2.0,35.4,2
San Diego,historical,1900,87.0,11.0,0.0,3.5,37.54,2
San Diego,historical,1901,86.0,14.0,0.0,5.0,36.81,2
San Diego,historical,1902,87.5,3.5,0.0,3.5,35.71,2
San Diego,historical,1903,66.5,10.0,0.0,2.5,35.86,2
San Diego,historical,1904,78.0,8.0,0.0,2.5,35.85,2
San Diego,historical,1905,81.5,12.0,0.0,2.5,36.21,2
San Diego,historical,1906,100.5,1.0,0.0,1.0,35.17,2
San Diego,historical,1907,77.5,9.0,0.0,4.0,35.88,2
San Diego,historical,1908,90.5,12.5,0.0,6.0,37.02,2
San Diego,historical,1909,87.5,15.5,0.0,4.5,37.37,2
San Diego,historical,1910,77.5,11.5,0.0,6.0,36.03,2
San Diego,historical,1911,86.5,7.5,0.0,3.0,36.25,2
San Diego,historical,1912,67.0,15.0,0.0,6.0,35.46,2
San Diego,historical,1913,68.0,6.0,0.0,2.5,35.61,2
San Diego,historical,1914,95.5,19.5,0.0,5.5,37.48,2
San Diego,historical,1915,92.5,13.5,0.0,5.5,36.91,2
San Diego,historical,1916,91.0,11.5,0.0,4.0,36.0,2
San Diego,historical,1917,89.0,6.5,0.0,2.5,35.96,2
San Diego,historical,1918,85.5,7.0,0.0,3.0,36.97,2
San Diego,historical,1919,75.5,7.5,0.0,3.5,36.88,2
San Diego,historical,1920,75.5,11.0,0.0,6.0,37.24,2
San Diego,historical,1921,94.0,3.5,0.0,2.0,35.86,2
San Diego,historical,1922,83.5,6.5,0.0,3.0,36.73,2
San Diego,historical,1923,66.5,6.0,0.0,2.0,35.43,2
San Diego,historical,1924,84.0,12.0,0.0,8.0,38.07,2
San Diego,historical,1925,85.5,9.0,0.0,5.0,38.02,2
San Diego,historical,1926,89.0,9.0,0.0,4.0,35.91,2
San Diego,historical,1927,87.5,12.0,0.0,4.0,36.77,2
San Diego,historical,1928,96.5,23.0,0.0,6.5,37.46,2
San Diego,historical,1929,93.5,12.0,0.0,3.5,35.9,2
San Diego,historical,1930,80.5,9.0,0.0,5.5,36.46,2
San Diego,historical,1931,90.5,19.5,0.0,6.0,37.81,2
San Diego,historical,1932,78.5,9.0,0.0,4.5,37.28,2
San Diego,historical,1933,93.5,19.5,0.0,6.5,36.51,2
San Diego,historical,1934,95.0,12.0,0.0,4.5,37.01,2
San Diego,historical,1935,76.0,6.0,0.0,2.5,36.0,2
San Diego,historical,1936,78.0,7.0,0.0,5.5,36.3,2
San Diego,historical,1937,70.5,14.0,0.0,7.5,36.97,2
San Diego,historical,1938,93.0,12.0,0.0,4.5,36.72,2
San Diego,historical,1939,74.0,17.5,0.0,4.5,36.31,2
San Diego,historical,1940,82.0,17.0,0.0,7.5,37.82,2
San Diego,historical,1941,87.0,14.0,0.0,4.0,35.58,2
San Diego,historical,1942,95.0,17.5,0.0,6.5,36.45,2
San Diego,historical,1943,88.5,22.0,0.0,5.5,38.23,2
San Diego,historical,1944,92.5,11.0,0.0,4.5,37.18,2
San Diego,historical,1945,96.5,22.5,0.0,6.0,36.76,2
San Diego,historical,1946,93.5,13.0,0.0,5.5,38.1,2
San Diego,historical,1947,80.0,17.5,0.0,7.5,37.15,2
San Diego,historical,1948,81.0,3.0,0.0,2.0,35.44,2
San Diego,historical,1949,65.0,14.5,0.0,4.5,37.22,2
San Diego,historical,1950,94.5,20.5,0.0,5.5,38.68,2
San Diego,historical,1951,80.5,7.0,0.0,3.5,35.72,2
San Diego,historical,1952,81.0,8.0,0.0,3.5,35.59,2
San Diego,historical,1953,80.5,10.0,0.0,2.0,35.34,2
San Diego,historical,1954,86.0,14.0,0.0,3.0,37.36,2
San Diego,historical,1955,83.0,14.0,0.0,3.5,35.57,2
San Diego,historical,1956,65.5,18.0,0.0,4.5,36.78,2
San Diego,historical,1957,89.0,7.0,0.0,4.0,37.89,2
San Diego,historical,1958,90.0,10.5,0.5,3.5,37.7,2
San Diego,historical,1959,83.0,11.5,0.0,2.5,36.3,2
San Diego,historical,1960,86.0,17.0,0.0,5.0,37.3,2
San Diego,historical,1961,78.5,9.5,0.0,4.5,36.39,2
San Diego,historical,1962,65.0,11.0,0.0,3.0,36.62,2
San Diego,historical,1963,84.5,10.0,0.0,5.0,36.6,2
San Diego,historical,1964,60.5,1.0,0.0,1.0,34.81,2
San Diego,historical,1965,73.5,8.0,0.0,4.5,36.76,2
San Diego,historical,1966,84.0,18.0,0.0,6.0,37.88,2
San Diego,historical,1967,92.5,18.5,0.0,6.0,36.78,2
San Diego,historical,1968,82.0,6.5,0.0,1.5,35.62,2
San Diego,historical,1969,85.0,10.0,0.0,3.5,36.77,2
San Diego,historical,1970,72.5,8.0,0.0,3.0,35.83,2
San Diego,historical,1971,82.5,16.5,0.0,7.0,36.96,2
San Diego,historical,1972,60.0,12.5,0.0,6.5,36.71,2
San Diego,historical,1973,86.0,16.0,0.0,8.5,35.96,2
San Diego,historical,1974,81.0,2.5,0.0,1.5,35.47,2
San Diego,historical,1975,80.0,6.5,0.0,5.5,37.11,2
San Diego,historical,1976,87.5,5.0,0.0,1.5,35.28,2
San Diego,historical,1977,79.5,17.5,0.0,5.5,37.1,2
San Diego,historical,1978,68.0,14.5,0.0,8.0,37.5,2
San Diego,historical,1979,100.5,12.5,0.0,4.5,36.53,2
San Diego,historical,1980,74.5,4.0,0.0,1.5,36.37,2
San Diego,historical,1981,84.0,15.5,0.0,10.0,36.6,2
San Diego,historical,1982,93.0,20.0,0.0,7.0,37.33,2
San Diego,historical,1983,69.5,4.0,0.0,3.5,36.22,2
San Diego,historical,1984,63.5,15.5,0.0,7.5,36.99,2
San Diego,historical,1985,79.5,11.5,0.0,7.0,36.99,2
San Diego,historical,1986,81.5,16.0,0.0,8.0,37.78,2
San Diego,historical,1987,68.0,4.0,0.0,2.0,35.77,2
San Diego,historical,1988,67.0,14.0,0.0,4.5,35.12,2
San Diego,historical,1989,76.0,18.0,0.0,5.5,35.97,2
San Diego,historical,1990,77.0,13.5,0.0,5.5,37.32,2
San Diego,historical,1991,96.0,17.5,0.0,5.0,37.42,2
San Diego,historical,1992,80.0,14.0,0.0,6.5,37.87,2
San Diego,historical,1993,84.0,6.0,0.0,2.0,35.51,2
San Diego,historical,1994,70.0,17.5,0.0,3.5,36.32,2
San Diego,historical,1995,75.0,13.0,0.0,5.5,36.78,2
San Diego,historical,1996,94.5,26.0,0.0,8.0,37.19,2
San Diego,historical,1997,100.5,22.5,0.5,6.5,37.66,2
San Diego,historical,1998,86.5,21.5,0.0,8.5,37.64,2
San Diego,historical,1999,97.5,23.0,0.0,6.0,36.89,2
San Diego,historical,2000,93.5,20.0,0.0,6.5,38.09,2
San Diego,historical,2001,85.5,19.0,0.0,3.5,35.15,2
San Diego,historical,2002,97.0,25.5,0.0,7.0,38.57,2
San Diego,historical,2003,89.0,17.0,0.0,3.5,36.86,2
San Diego,historical,2004,90.5,19.5,0.0,4.5,36.99,2
San Diego,historical,2005,92.5,14.0,0.0,5.5,36.88,2
San Diego,historical,2006,93.0,22.0,0.0,10.5,37.61,2
San Diego,historical,2007,65.5,20.5,0.5,10.0,38.89,2
San Diego,historical,2008,101.5,16.5,0.0,6.0,37.48,2
San Diego,historical,2009,88.5,17.5,0.0,3.0,36.92,2
San Diego,historical,2010,97.0,28.0,0.0,11.0,37.82,2
San Diego,historical,2011,93.0,16.0,0.0,5.0,36.99,2
San Diego,historical,2012,90.0,20.0,0.0,8.5,37.02,2
San Diego,historical,2013,87.5,17.0,0.0,5.5,37.31,2
San Diego,historical,2014,94.0,19.0,0.0,6.0,37.54,2
San Diego,ssp585,2015,87.0,12.33,0.0,3.67,36.35,3
San Diego,ssp585,2016,92.0,15.0,0.0,5.0,37.69,3
San Diego,ssp585,2017,95.0,9.33,0.0,4.33,36.83,3
San Diego,ssp585,2018,84.0,10.67,0.0,5.33,36.3,3
San Diego,ssp585,2019,87.0,18.33,0.0,4.67,36.9,3
San Diego,ssp585,2020,103.67,17.0,0.0,5.33,37.07,3
San Diego,ssp585,2021,95.0,15.67,0.0,3.33,37.03,3
San Diego,ssp585,2022,100.67,17.67,0.0,5.33,36.5,3
San Diego,ssp585,2023,87.67,25.33,0.0,9.0,37.34,3
San Diego,ssp585,2024,97.33,11.0,0.0,4.0,36.93,3
San Diego,ssp585,2025,105.0,15.67,0.67,5.67,37.68,3
San Diego,ssp585,2026,93.0,18.67,0.0,7.33,36.95,3
San Diego,ssp585,2027,86.0,21.67,0.0,9.0,37.92,3
San Diego,ssp585,2028,97.67,23.67,0.0,10.33,37.85,3
San Diego,ssp585,2029,96.0,27.33,0.33,8.33,38.04,3
San Diego,ssp585,2030,96.67,19.67,0.0,9.67,38.09,3
San Diego,ssp585,2031,94.33,24.67,1.0,9.67,38.06,3
San Diego,ssp585,2032,90.33,12.67,0.0,5.33,36.77,3
San Diego,ssp585,2033,115.67,16.67,0.0,6.67,37.31,3
San Diego,ssp585,2034,97.67,26.67,0.0,13.0,37.06,3
San Diego,ssp585,2035,104.0,25.67,0.0,14.67,37.95,3
San Diego,ssp585,2036,107.0,21.67,0.0,7.0,37.86,3
San Diego,ssp585,2037,107.67,26.0,0.33,13.33,37.9,3
San Diego,ssp585,2038,111.67,28.0,0.0,10.33,38.11,3
San Diego,ssp585,2039,96.33,18.33,0.0,6.67,36.68,3
San Diego,ssp585,2040,99.67,23.33,0.0,10.67,37.9,3
San Diego,ssp585,2041,127.33,27.67,1.0,9.67,37.94,3
San Diego,ssp585,2042,115.67,31.67,0.0,9.0,37.66,3
San Diego,ssp585,2043,97.67,24.67,0.0,7.33,38.34,3
San Diego,ssp585,2044,116.0,23.33,0.0,9.33,37.47,3
San Diego,ssp585,2045,113.67,42.33,0.67,12.0,39.54,3
San Diego,ssp585,2046,111.67,33.67,1.67,9.0,38.24,3
San Diego,ssp585,2047,98.67,23.67,0.67,9.67,37.81,3
San Diego,ssp585,2048,106.33,31.0,0.0,10.33,38.6,3
San Diego,ssp585,2049,126.33,37.0,0.0,14.33,37.89,3
San Diego,ssp585,2050,109.0,21.67,0.0,9.0,37.71,3
San Diego,ssp585,2051,111.67,33.33,2.67,6.33,39.21,3
San Diego,ssp585,2052,125.67,45.67,0.0,17.0,38.49,3
San Diego,ssp585,2053,119.67,34.0,0.0,9.33,38.44,3
San Diego,ssp585,2054,126.33,41.67,0.67,11.67,38.43,3
San Diego,ssp585,2055,124.0,40.33,0.0,15.67,38.71,3
San Diego,ssp585,2056,123.33,29.67,0.33,9.33,37.98,3
San Diego,ssp585,2057,134.0,37.0,1.67,13.0,38.3,3
San Diego,ssp585,2058,122.33,38.33,1.67,14.0,38.9,3
San Diego,ssp585,2059,123.0,49.0,0.0,14.0,38.19,3
San Diego,ssp585,2060,128.0,41.0,2.0,24.0,39.37,3
San Diego,ssp585,2061,115.33,40.33,0.0,11.0,37.38,3
San Diego,ssp585,2062,139.67,42.67,0.67,17.67,38.81,3
San Diego,ssp585,2063,127.33,44.0,2.67,21.33,38.7,3
San Diego,ssp585,2064,129.33,56.67,0.67,25.33,39.25,3
San Diego,ssp585,2065,126.33,42.67,0.67,13.33,39.76,3
San Diego,ssp585,2066,128.67,44.33,0.33,19.33,39.04,3
San Diego,ssp585,2067,126.33,55.0,2.0,20.67,40.48,3
San Diego,ssp585,2068,127.0,41.0,0.0,14.0,38.8,3
San Diego,ssp585,2069,128.33,49.67,0.0,19.33,38.69,3
San Diego,ssp585,2070,116.33,36.0,1.0,16.67,38.54,3
San Diego,ssp585,2071,131.33,51.67,1.67,22.0,39.95,3
San Diego,ssp585,2072,126.33,60.67,3.0,25.67,39.54,3
San Diego,ssp585,2073,133.33,62.67,0.67,24.33,38.82,3
San Diego,ssp585,2074,136.33,48.67,4.33,25.0,38.85,3
San Diego,ssp585,2075,126.0,59.0,2.0,34.67,39.68,3
San Diego,ssp585,2076,138.33,64.0,5.0,35.33,40.41,3
San Diego,ssp585,2077,139.33,56.67,0.0,19.67,38.72,3
San Diego,ssp585,2078,135.33,59.67,1.67,15.67,39.81,3
San Diego,ssp585,2079,144.33,71.33,2.67,27.33,39.91,3
San Diego,ssp585,2080,128.67,57.33,9.0,29.0,40.19,3
San Diego,ssp585,2081,147.33,65.67,5.67,37.33,39.7,3
San Diego,ssp585,2082,137.67,75.0,7.33,32.33,40.14,3
San Diego,ssp585,2083,143.67,75.67,10.33,40.33,40.42,3
San Diego,ssp585,2084,153.33,64.0,1.67,41.67,39.81,3
San Diego,ssp585,2085,133.0,60.0,4.67,21.0,39.49,3
San Diego,ssp585,2086,147.33,73.33,5.0,38.67,39.73,3
San Diego,ssp585,2087,154.0,83.67,6.33,29.67,40.97,3
San Diego,ssp585,2088,136.0,70.67,6.0,42.0,39.33,3
San Diego,ssp585,2089,151.67,70.67,9.0,44.33,41.42,3
San Diego,ssp585,2090,146.33,69.67,3.67,28.67,39.67,3
San Diego,ssp585,2091,149.0,76.0,10.33,42.67,40.67,3
San Diego,ssp585,2092,149.67,72.67,5.0,29.33,40.09,3
San Diego,ssp585,2093,135.67,76.0,7.0,48.0,41.32,3
San Diego,ssp585,2094,157.0,71.67,10.0,31.33,41.16,3
San Diego,ssp585,2095,153.0,80.33,13.33,39.67,41.32,3
San Diego,ssp585,2096,144.0,83.0,10.33,39.67,40.66,3
San Diego,ssp585,2097,153.33,80.0,4.33,41.0,40.32,3
San Diego,ssp585,2098,150.33,77.0,9.33,52.67,40.74,3
San Diego,ssp585,2099,149.33,85.0,14.67,33.0,41.61,3
San Diego,ssp585,2100,148.5,74.5,14.5,47.0,41.88,2
Sao Paulo,historical,1850,2.5,0.0,0.0,0.0,30.28,2
Sao Paulo,historical,1851,8.0,0.0,0.0,0.0,30.08,2
Sao Paulo,historical,1852,0.0,0.0,0.0,0.0,28.89,2
Sao Paulo,historical,1853,8.5,0.0,0.0,0.0,29.58,2
Sao Paulo,historical,1854,14.5,0.0,0.0,0.0,31.2,2
Sao Paulo,historical,1855,0.0,0.0,0.0,0.0,28.55,2
Sao Paulo,historical,1856,10.5,2.0,0.0,1.0,32.62,2
Sao Paulo,historical,1857,2.5,0.0,0.0,0.0,29.43,2
Sao Paulo,historical,1858,0.5,0.0,0.0,0.0,29.03,2
Sao Paulo,historical,1859,10.0,0.0,0.0,0.0,31.15,2
Sao Paulo,historical,1860,0.0,0.0,0.0,0.0,28.4,2
Sao Paulo,historical,1861,0.0,0.0,0.0,0.0,28.7,2
Sao Paulo,historical,1862,0.5,0.0,0.0,0.0,28.61,2
Sao Paulo,historical,1863,1.0,0.0,0.0,0.0,29.6,2
Sao Paulo,historical,1864,15.0,2.0,0.0,2.0,32.97,2
Sao Paulo,historical,1865,6.5,0.0,0.0,0.0,30.77,2
Sao Paulo,historical,1866,16.0,0.5,0.0,0.5,31.49,2
Sao Paulo,historical,1867,17.0,0.0,0.0,0.0,30.93,2
Sao Paulo,historical,1868,11.0,0.5,0.0,0.5,31.73,2
Sao Paulo,historical,1869,0.5,0.0,0.0,0.0,29.08,2
Sao Paulo,historical,1870,0.0,0.0,0.0,0.0,29.19,2
Sao Paulo,historical,1871,0.0,0.0,0.0,0.0,28.67,2
Sao Paulo,historical,1872,10.0,0.0,0.0,0.0,31.08,2
Sao Paulo,historical,1873,0.5,0.0,0.0,0.0,29.05,2
Sao Paulo,historical,1874,1.5,0.0,0.0,0.0,30.18,2
Sao Paulo,historical,1875,14.5,0.0,0.0,0.0,31.36,2
Sao Paulo,historical,1876,1.0,0.0,0.0,0.0,29.61,2
Sao Paulo,historical,1877,0.5,0.0,0.0,0.0,29.52,2
Sao Paulo,historical,1878,0.0,0.0,0.0,0.0,27.6,2
Sao Paulo,historical,1879,1.5,0.0,0.0,0.0,29.3,2
Sao Paulo,historical,1880,6.5,0.0,0.0,0.0,30.87,2
Sao Paulo,historical,1881,1.5,0.0,0.0,0.0,30.76,2
Sao Paulo,historical,1882,0.0,0.0,0.0,0.0,27.96,2
Sao Paulo,historical,1883,6.5,0.0,0.0,0.0,30.2,2
Sao Paulo,historical,1884,0.0,0.0,0.0,0.0,28.3,2
Sao Paulo,historical,1885,5.0,0.0,0.0,0.0,30.91,2
Sao Paulo,historical,1886,2.5,0.0,0.0,0.0,29.39,2
Sao Paulo,historical,1887,0.5,0.0,0.0,0.0,28.94,2
Sao Paulo,historical,1888,3.5,0.0,0.0,0.0,31.18,2
Sao Paulo,historical,1889,1.5,0.0,0.0,0.0,29.44,2
Sao Paulo,historical,1890,0.5,0.0,0.0,0.0,29.37,2
Sao Paulo,historical,1891,0.0,0.0,0.0,0.0,28.18,2
Sao Paulo,historical,1892,0.0,0.0,0.0,0.0,28.89,2
Sao Paulo,historical,1893,6.5,0.0,0.0,0.0,31.05,2
Sao Paulo,historical,1894,1.0,0.0,0.0,0.0,29.89,2
Sao Paulo,historical,1895,1.0,0.0,0.0,0.0,29.73,2
Sao Paulo,historical,1896,8.5,0.0,0.0,0.0,31.35,2
Sao Paulo,historical,1897,1.0,0.0,0.0,0.0,29.65,2
Sao Paulo,historical,1898,3.5,0.0,0.0,0.0,30.82,2
Sao Paulo,historical,1899,4.5,0.0,0.0,0.0,31.32,2
Sao Paulo,historical,1900,3.5,0.0,0.0,0.0,30.57,2
Sao Paulo,historical,1901,2.0,0.0,0.0,0.0,30.24,2
Sao Paulo,historical,1902,1.0,0.0,0.0,0.0,30.23,2
Sao Paulo,historical,1903,0.0,0.0,0.0,0.0,28.31,2
Sao Paulo,historical,1904,8.0,0.0,0.0,0.0,30.94,2
Sao Paulo,historical,1905,0.5,0.0,0.0,0.0,28.83,2
Sao Paulo,historical,1906,0.5,0.0,0.0,0.0,30.12,2
Sao Paulo,historical,1907,0.5,0.0,0.0,0.0,29.33,2
Sao Paulo,historical,1908,9.0,0.0,0.0,0.0,30.89,2
Sao Paulo,historical,1909,0.5,0.0,0.0,0.0,29.18,2
Sao Paulo,historical,1910,6.5,0.0,0.0,0.0,31.58,2
Sao Paulo,historical,1911,6.0,0.0,0.0,0.0,31.09,2
Sao Paulo,historical,1912,3.5,0.0,0.0,0.0,31.64,2
Sao Paulo,historical,1913,0.5,0.0,0.0,0.0,30.26,2
Sao Paulo,historical,1914,3.5,0.0,0.0,0.0,30.22,2
Sao Paulo,historical,1915,6.5,0.0,0.0,0.0,29.83,2
Sao Paulo,historical,1916,1.5,0.0,0.0,0.0,31.29,2
Sao Paulo,historical,1917,0.5,0.0,0.0,0.0,29.49,2
Sao Paulo,historical,1918,3.5,0.0,0.0,0.0,31.25,2
Sao Paulo,historical,1919,6.0,0.0,0.0,0.0,30.29,2
Sao Paulo,historical,1920,2.5,0.0,0.0,0.0,30.04,2
Sao Paulo,historical,1921,6.0,0.0,0.0,0.0,32.14,2
Sao Paulo,historical,1922,15.0,0.5,0.0,0.5,32.33,2
Sao Paulo,historical,1923,3.5,0.0,0.0,0.0,31.16,2
Sao Paulo,historical,1924,0.0,0.0,0.0,0.0,28.08,2
Sao Paulo,historical,1925,3.5,0.0,0.0,0.0,29.92,2
Sao Paulo,historical,1926,1.0,0.0,0.0,0.0,28.65,2
Sao Paulo,historical,1927,7.5,0.5,0.0,0.5,31.59,2
Sao Paulo,historical,1928,9.0,0.0,0.0,0.0,31.39,2
Sao Paulo,historical,1929,4.5,0.0,0.0,0.0,30.4,2
Sao Paulo,historical,1930,1.5,0.0,0.0,0.0,30.51,2
Sao Paulo,historical,1931,9.0,1.0,0.0,1.0,32.22,2
Sao Paulo,historical,1932,6.0,0.0,0.0,0.0,30.91,2
Sao Paulo,historical,1933,7.0,0.5,0.0,0.5,31.82,2
Sao Paulo,historical,1934,1.5,0.0,0.0,0.0,30.15,2
Sao Paulo,historical,1935,0.5,0.0,0.0,0.0,30.15,2
Sao Paulo,historical,1936,7.0,0.0,0.0,0.0,31.62,2
Sao Paulo,historical,1937,6.5,0.0,0.0,0.0,30.19,2
Sao Paulo,historical,1938,1.0,0.0,0.0,0.0,29.7,2
Sao Paulo,historical,1939,8.5,3.0,0.0,2.0,33.32,2
Sao Paulo,historical,1940,2.0,0.0,0.0,0.0,30.32,2
Sao Paulo,historical,1941,1.5,0.0,0.0,0.0,29.15,2
Sao Paulo,historical,1942,3.5,0.0,0.0,0.0,30.08,2
Sao Paulo,historical,1943,12.0,0.0,0.0,0.0,32.01,2
Sao Paulo,historical,1944,7.0,0.0,0.0,0.0,30.08,2
Sao Paulo,historical,1945,1.5,0.0,0.0,0.0,29.93,2
Sao Paulo,historical,1946,6.5,0.0,0.0,0.0,30.77,2
Sao Paulo,historical,1947,10.5,1.0,0.0,0.5,32.3,2
Sao Paulo,historical,1948,4.5,0.0,0.0,0.0,29.75,2
Sao Paulo,historical,1949,3.5,0.0,0.0,0.0,31.13,2
Sao Paulo,historical,1950,2.0,0.0,0.0,0.0,30.84,2
Sao Paulo,historical,1951,6.0,0.0,0.0,0.0,30.44,2
Sao Paulo,historical,1952,2.5,0.0,0.0,0.0,30.78,2
Sao Paulo,historical,1953,0.5,0.0,0.0,0.0,29.97,2
Sao Paulo,historical,1954,2.5,0.0,0.0,0.0,30.89,2
Sao Paulo,historical,1955,1.5,0.0,0.0,0.0,28.85,2
Sao Paulo,historical,1956,0.0,0.0,0.0,0.0,29.21,2
Sao Paulo,historical,1957,3.5,0.0,0.0,0.0,30.41,2
Sao Paulo,historical,1958,0.5,0.0,0.0,0.0,29.13,2
Sao Paulo,historical,1959,4.5,0.0,0.0,0.0,30.24,2
Sao Paulo,historical,1960,10.5,0.0,0.0,0.0,31.11,2
Sao Paulo,historical,1961,1.0,0.0,0.0,0.0,29.73,2
Sao Paulo,historical,1962,2.0,0.0,0.0,0.0,30.61,2
Sao Paulo,historical,1963,27.0,0.0,0.0,0.0,31.55,2
Sao Paulo,historical,1964,3.0,0.0,0.0,0.0,30.34,2
Sao Paulo,historical,1965,0.0,0.0,0.0,0.0,29.81,2
Sao Paulo,historical,1966,6.0,0.0,0.0,0.0,31.28,2
Sao Paulo,historical,1967,10.0,0.0,0.0,0.0,30.45,2
Sao Paulo,historical,1968,0.5,0.0,0.0,0.0,30.03,2
Sao Paulo,historical,1969,1.0,0.0,0.0,0.0,29.33,2
Sao Paulo,historical,1970,5.5,0.0,0.0,0.0,29.61,2
Sao Paulo,historical,1971,1.5,0.0,0.0,0.0,29.41,2
Sao Paulo,historical,1972,1.5,0.0,0.0,0.0,29.55,2
Sao Paulo,historical,1973,3.0,0.0,0.0,0.0,30.03,2
Sao Paulo,historical,1974,0.5,0.0,0.0,0.0,28.74,2
Sao Paulo,historical,1975,3.5,0.0,0.0,0.0,29.34,2
Sao Paulo,historical,1976,5.5,0.0,0.0,0.0,30.27,2
Sao Paulo,historical,1977,11.0,0.0,0.0,0.0,31.09,2
Sao Paulo,historical,1978,7.5,2.0,0.0,1.0,32.48,2
Sao Paulo,historical,1979,2.0,0.0,0.0,0.0,30.83,2
Sao Paulo,historical,1980,4.0,0.0,0.0,0.0,32.3,2
Sao Paulo,historical,1981,11.0,0.0,0.0,0.0,31.55,2
Sao Paulo,historical,1982,7.0,0.0,0.0,0.0,31.4,2
Sao Paulo,historical,1983,18.0,0.0,0.0,0.0,31.13,2
Sao Paulo,historical,1984,3.5,0.0,0.0,0.0,30.16,2
Sao Paulo,historical,1985,0.5,0.0,0.0,0.0,30.11,2
Sao Paulo,historical,1986,12.0,0.5,0.0,0.5,32.16,2
Sao Paulo,historical,1987,2.0,0.0,0.0,0.0,30.49,2
Sao Paulo,historical,1988,7.0,0.0,0.0,0.0,30.88,2
Sao Paulo,historical,1989,15.5,0.5,0.0,0.5,32.5,2
Sao Paulo,historical,1990,16.0,0.5,0.0,0.5,32.34,2
Sao Paulo,historical,1991,17.5,0.0,0.0,0.0,31.48,2
Sao Paulo,historical,1992,3.5,0.0,0.0,0.0,30.92,2
Sao Paulo,historical,1993,3.5,0.0,0.0,0.0,30.67,2
Sao Paulo,historical,1994,6.5,0.0,0.0,0.0,30.76,2
Sao Paulo,historical,1995,10.5,1.5,0.0,1.0,32.37,2
Sao Paulo,historical,1996,5.0,0.0,0.0,0.0,31.73,2
Sao Paulo,historical,1997,0.0,0.0,0.0,0.0,28.75,2
Sao Paulo,historical,1998,6.5,0.0,0.0,0.0,31.64,2
Sao Paulo,historical,1999,11.0,0.5,0.0,0.5,31.77,2
Sao Paulo,historical,2000,6.5,0.0,0.0,0.0,30.17,2
Sao Paulo,historical,2001,4.5,0.0,0.0,0.0,30.61,2
Sao Paulo,historical,2002,1.0,0.0,0.0,0.0,30.24,2
Sao Paulo,historical,2003,14.0,0.5,0.0,0.5,32.72,2
Sao Paulo,historical,2004,9.0,0.5,0.0,0.5,32.13,2
Sao Paulo,historical,2005,2.5,0.0,0.0,0.0,31.32,2
Sao Paulo,historical,2006,3.0,0.0,0.0,0.0,29.9,2
Sao Paulo,historical,2007,2.5,0.0,0.0,0.0,30.53,2
Sao Paulo,historical,2008,18.0,0.0,0.0,0.0,31.67,2
Sao Paulo,historical,2009,9.5,0.0,0.0,0.0,31.28,2
Sao Paulo,historical,2010,7.0,0.0,0.0,0.0,31.34,2
Sao Paulo,historical,2011,5.0,0.5,0.0,0.5,32.18,2
Sao Paulo,historical,2012,14.0,2.0,0.0,2.0,33.92,2
Sao Paulo,historical,2013,25.0,0.0,0.0,0.0,31.38,2
Sao Paulo,historical,2014,34.5,4.0,0.0,1.0,32.85,2
Sao Paulo,ssp585,2015,1.0,0.0,0.0,0.0,29.75,3
Sao Paulo,ssp585,2016,8.33,0.0,0.0,0.0,31.34,3
Sao Paulo,ssp585,2017,17.33,0.0,0.0,0.0,31.52,3
Sao Paulo,ssp585,2018,12.33,0.33,0.0,0.33,32.36,3
Sao Paulo,ssp585,2019,14.0,0.0,0.0,0.0,32.14,3
Sao Paulo,ssp585,2020,19.67,0.33,0.0,0.33,32.67,3
Sao Paulo,ssp585,2021,33.33,6.33,0.0,4.0,33.79,3
Sao Paulo,ssp585,2022,22.33,0.33,0.0,0.33,32.38,3
Sao Paulo,ssp585,2023,19.67,1.0,0.0,0.33,32.6,3
Sao Paulo,ssp585,2024,16.33,0.33,0.0,0.33,32.48,3
Sao Paulo,ssp585,2025,17.0,0.67,0.0,0.33,32.29,3
Sao Paulo,ssp585,2026,15.33,0.0,0.0,0.0,31.49,3
Sao Paulo,ssp585,2027,14.67,0.0,0.0,0.0,31.95,3
Sao Paulo,ssp585,2028,19.0,1.33,0.0,0.67,32.87,3
Sao Paulo,ssp585,2029,10.33,0.0,0.0,0.0,31.67,3
Sao Paulo,ssp585,2030,15.33,0.0,0.0,0.0,31.57,3
Sao Paulo,ssp585,2031,29.33,0.0,0.0,0.0,32.74,3
Sao Paulo,ssp585,2032,26.33,0.33,0.0,0.33,33.39,3
Sao Paulo,ssp585,2033,16.33,0.33,0.0,0.33,33.22,3
Sao Paulo,ssp585,2034,17.67,1.67,0.0,1.67,32.32,3
Sao Paulo,ssp585,2035,18.33,0.33,0.0,0.33,32.63,3
Sao Paulo,ssp585,2036,24.0,1.33,0.0,0.67,32.93,3
Sao Paulo,ssp585,2037,37.67,0.67,0.0,0.33,33.15,3
Sao Paulo,ssp585,2038,16.33,0.0,0.0,0.0,32.64,3
Sao Paulo,ssp585,2039,29.33,4.0,0.0,1.33,33.93,3
Sao Paulo,ssp585,2040,34.0,0.67,0.0,0.33,33.09,3
Sao Paulo,ssp585,2041,29.33,1.67,0.0,1.67,34.14,3
Sao Paulo,ssp585,2042,30.67,0.0,0.0,0.0,32.42,3
Sao Paulo,ssp585,2043,23.67,0.33,0.0,0.33,33.03,3
Sao Paulo,ssp585,2044,27.33,3.33,0.0,1.67,33.92,3
Sao Paulo,ssp585,2045,53.33,1.33,0.0,0.67,33.82,3
Sao Paulo,ssp585,2046,37.0,1.33,0.0,1.33,34.29,3
Sao Paulo,ssp585,2047,15.0,1.33,0.0,1.0,34.28,3
Sao Paulo,ssp585,2048,38.67,4.33,0.0,2.67,35.31,3
Sao Paulo,ssp585,2049,66.67,4.67,0.0,1.67,34.09,3
Sao Paulo,ssp585,2050,44.67,2.67,0.0,1.67,35.28,3
Sao Paulo,ssp585,2051,39.0,1.67,0.0,1.0,34.35,3
Sao Paulo,ssp585,2052,26.33,1.33,0.0,0.67,33.47,3
Sao Paulo,ssp585,2053,51.0,1.33,0.0,0.67,33.86,3
Sao Paulo,ssp585,2054,46.67,4.33,0.33,2.67,36.11,3
Sao Paulo,ssp585,2055,62.33,2.0,0.0,1.33,34.2,3
Sao Paulo,ssp585,2056,27.67,0.0,0.0,0.0,33.17,3
Sao Paulo,ssp585,2057,44.33,2.33,0.33,1.33,34.74,3
Sao Paulo,ssp585,2058,56.67,7.33,0.0,2.67,35.23,3
Sao Paulo,ssp585,2059,30.0,1.33,0.0,1.0,33.75,3
Sao Paulo,ssp585,2060,56.33,3.67,0.0,3.33,34.64,3
Sao Paulo,ssp585,2061,46.0,1.0,0.0,1.0,35.06,3
Sao Paulo,ssp585,2062,56.0,9.67,0.0,4.67,35.73,3
Sao Paulo,ssp585,2063,73.67,9.33,0.0,3.33,37.44,3
Sao Paulo,ssp585,2064,53.0,1.67,0.0,0.67,34.07,3
Sao Paulo,ssp585,2065,57.0,5.0,0.0,2.33,34.91,3
Sao Paulo,ssp585,2066,52.33,2.0,0.0,1.33,34.84,3
Sao Paulo,ssp585,2067,51.33,2.33,0.0,1.0,34.77,3
Sao Paulo,ssp585,2068,66.33,8.67,0.0,3.0,35.37,3
Sao Paulo,ssp585,2069,73.67,12.67,0.67,4.67,37.49,3
Sao Paulo,ssp585,2070,68.67,4.0,0.0,1.67,35.38,3
Sao Paulo,ssp585,2071,46.33,2.33,0.0,0.67,34.17,3
Sao Paulo,ssp585,2072,72.0,8.33,0.0,3.33,36.72,3
Sao Paulo,ssp585,2073,76.0,16.67,0.67,4.67,37.57,3
Sao Paulo,ssp585,2074,75.0,0.33,0.0,0.33,34.62,3
Sao Paulo,ssp585,2075,73.0,11.0,0.67,2.33,37.14,3
Sao Paulo,ssp585,2076,88.0,10.67,0.0,4.33,35.75,3
Sao Paulo,ssp585,2077,77.67,12.67,0.0,3.33,36.19,3
Sao Paulo,ssp585,2078,88.0,14.67,0.33,5.33,36.57,3
Sao Paulo,ssp585,2079,92.33,11.33,0.0,3.0,36.2,3
Sao Paulo,ssp585,2080,70.0,4.67,0.0,2.33,35.66,3
Sao Paulo,ssp585,2081,93.67,9.33,0.67,2.33,37.82,3
Sao Paulo,ssp585,2082,94.33,8.33,0.0,2.0,36.06,3
Sao Paulo,ssp585,2083,90.67,13.33,0.33,2.33,37.43,3
Sao Paulo,ssp585,2084,93.0,7.33,0.0,2.33,35.59,3
Sao Paulo,ssp585,2085,88.0,10.67,0.67,3.33,36.34,3
Sao Paulo,ssp585,2086,106.33,28.33,0.67,8.0,38.45,3
Sao Paulo,ssp585,2087,119.67,21.67,0.67,7.0,37.19,3
Sao Paulo,ssp585,2088,99.33,10.33,0.67,2.33,37.72,3
Sao Paulo,ssp585,2089,102.67,10.67,0.33,2.0,37.68,3
Sao Paulo,ssp585,2090,105.33,19.33,2.33,7.33,38.82,3
Sao Paulo,ssp585,2091,133.33,18.33,0.33,4.0,38.75,3
Sao Paulo,ssp585,2092,112.67,9.67,0.0,2.33,37.48,3
Sao Paulo,ssp585,2093,134.0,24.0,2.33,4.67,39.25,3
Sao Paulo,ssp585,2094,117.0,20.67,1.67,5.67,38.25,3
Sao Paulo,ssp585,2095,105.0,20.67,2.67,6.67,39.16,3
Sao Paulo,ssp585,2096,106.67,11.67,0.0,2.33,36.19,3
Sao Paulo,ssp585,2097,102.33,11.0,0.0,3.67,35.83,3
Sao Paulo,ssp585,2098,121.0,19.33,0.67,4.0,38.0,3
Sao Paulo,ssp585,2099,136.33,29.67,2.33,6.67,38.53,3
Sao Paulo,ssp585,2100,83.0,13.0,0.0,3.0,37.28,2
Seoul,historical,1850,0.0,0.0,0.0,0.0,27.35,2
Seoul,historical,1851,0.0,0.0,0.0,0.0,27.32,2
Seoul,historical,1852,0.0,0.0,0.0,0.0,26.99,2
Seoul,historical,1853,0.0,0.0,0.0,0.0,27.48,2
Seoul,historical,1854,0.0,0.0,0.0,0.0,26.27,2
Seoul,historical,1855,1.5,0.0,0.0,0.0,29.15,2
Seoul,historical,1856,0.0,0.0,0.0,0.0,28.27,2
Seoul,historical,1857,0.0,0.0,0.0,0.0,27.49,2
Seoul,historical,1858,0.0,0.0,0.0,0.0,27.54,2
Seoul,historical,1859,0.0,0.0,0.0,0.0,27.14,2
Seoul,historical,1860,0.0,0.0,0.0,0.0,26.07,2
Seoul,historical,1861,0.0,0.0,0.0,0.0,26.55,2
Seoul,historical,1862,0.0,0.0,0.0,0.0,26.4,2
Seoul,historical,1863,0.0,0.0,0.0,0.0,26.19,2
Seoul,historical,1864,0.0,0.0,0.0,0.0,26.91,2
Seoul,historical,1865,0.0,0.0,0.0,0.0,26.86,2
Seoul,historical,1866,0.0,0.0,0.0,0.0,26.96,2
Seoul,historical,1867,0.0,0.0,0.0,0.0,26.59,2
Seoul,historical,1868,0.0,0.0,0.0,0.0,26.96,2
Seoul,historical,1869,0.0,0.0,0.0,0.0,27.33,2
Seoul,historical,1870,0.0,0.0,0.0,0.0,27.54,2
Seoul,historical,1871,0.0,0.0,0.0,0.0,27.47,2
Seoul,historical,1872,0.0,0.0,0.0,0.0,26.09,2
Seoul,historical,1873,0.0,0.0,0.0,0.0,26.54,2
Seoul,historical,1874,0.0,0.0,0.0,0.0,27.45,2
Seoul,historical,1875,0.0,0.0,0.0,0.0,27.5,2
Seoul,historical,1876,0.0,0.0,0.0,0.0,27.22,2
Seoul,historical,1877,0.0,0.0,0.0,0.0,27.62,2
Seoul,historical,1878,0.0,0.0,0.0,0.0,27.06,2
Seoul,historical,1879,0.0,0.0,0.0,0.0,26.98,2
Seoul,historical,1880,0.0,0.0,0.0,0.0,26.65,2
Seoul,historical,1881,0.0,0.0,0.0,0.0,26.91,2
Seoul,historical,1882,0.0,0.0,0.0,0.0,27.15,2
Seoul,historical,1883,0.0,0.0,0.0,0.0,27.47,2
Seoul,historical,1884,0.0,0.0,0.0,0.0,26.91,2
Seoul,historical,1885,0.0,0.0,0.0,0.0,25.77,2
Seoul,historical,1886,0.0,0.0,0.0,0.0,27.92,2
Seoul,historical,1887,0.0,0.0,0.0,0.0,26.63,2
Seoul,historical,1888,0.0,0.0,0.0,0.0,26.65,2
Seoul,historical,1889,0.0,0.0,0.0,0.0,26.82,2
Seoul,historical,1890,0.0,0.0,0.0,0.0,27.21,2
Seoul,historical,1891,0.0,0.0,0.0,0.0,26.36,2
Seoul,historical,1892,0.0,0.0,0.0,0.0,26.1,2
Seoul,historical,1893,0.0,0.0,0.0,0.0,26.62,2
Seoul,historical,1894,0.0,0.0,0.0,0.0,27.13,2
Seoul,historical,1895,0.0,0.0,0.0,0.0,26.65,2
Seoul,historical,1896,0.0,0.0,0.0,0.0,27.74,2
Seoul,historical,1897,0.0,0.0,0.0,0.0,27.63,2
Seoul,historical,1898,0.0,0.0,0.0,0.0,27.12,2
Seoul,historical,1899,0.0,0.0,0.0,0.0,27.23,2
Seoul,historical,1900,0.0,0.0,0.0,0.0,27.82,2
Seoul,historical,1901,0.0,0.0,0.0,0.0,27.28,2
Seoul,historical,1902,0.0,0.0,0.0,0.0,26.83,2
Seoul,historical,1903,0.0,0.0,0.0,0.0,26.13,2
Seoul,historical,1904,0.0,0.0,0.0,0.0,26.28,2
Seoul,historical,1905,0.0,0.0,0.0,0.0,26.32,2
Seoul,historical,1906,0.0,0.0,0.0,0.0,27.09,2
Seoul,historical,1907,0.0,0.0,0.0,0.0,27.0,2
Seoul,historical,1908,0.0,0.0,0.0,0.0,27.14,2
Seoul,historical,1909,0.0,0.0,0.0,0.0,27.12,2
Seoul,historical,1910,0.0,0.0,0.0,0.0,27.08,2
Seoul,historical,1911,0.0,0.0,0.0,0.0,27.02,2
Seoul,historical,1912,0.0,0.0,0.0,0.0,26.0,2
Seoul,historical,1913,0.0,0.0,0.0,0.0,26.23,2
Seoul,historical,1914,0.0,0.0,0.0,0.0,26.71,2
Seoul,historical,1915,0.0,0.0,0.0,0.0,27.96,2
Seoul,historical,1916,0.0,0.0,0.0,0.0,27.3,2
Seoul,historical,1917,0.0,0.0,0.0,0.0,27.07,2
Seoul,historical,1918,0.0,0.0,0.0,0.0,26.98,2
Seoul,historical,1919,0.0,0.0,0.0,0.0,27.55,2
Seoul,historical,1920,0.0,0.0,0.0,0.0,27.01,2
Seoul,historical,1921,0.0,0.0,0.0,0.0,27.93,2
Seoul,historical,1922,0.0,0.0,0.0,0.0,27.19,2
Seoul,historical,1923,0.0,0.0,0.0,0.0,26.97,2
Seoul,historical,1924,0.0,0.0,0.0,0.0,27.52,2
Seoul,historical,1925,0.0,0.0,0.0,0.0,27.36,2
Seoul,historical,1926,0.0,0.0,0.0,0.0,26.7,2
Seoul,historical,1927,0.0,0.0,0.0,0.0,27.8,2
Seoul,historical,1928,0.0,0.0,0.0,0.0,27.48,2
Seoul,historical,1929,0.0,0.0,0.0,0.0,26.88,2
Seoul,historical,1930,0.0,0.0,0.0,0.0,27.06,2
Seoul,historical,1931,0.0,0.0,0.0,0.0,27.73,2
Seoul,historical,1932,0.0,0.0,0.0,0.0,27.78,2
Seoul,historical,1933,0.0,0.0,0.0,0.0,28.08,2
Seoul,historical,1934,0.0,0.0,0.0,0.0,26.84,2
Seoul,historical,1935,0.0,0.0,0.0,0.0,27.1,2
Seoul,historical,1936,0.0,0.0,0.0,0.0,27.5,2
Seoul,historical,1937,0.0,0.0,0.0,0.0,27.25,2
Seoul,historical,1938,0.0,0.0,0.0,0.0,26.63,2
Seoul,historical,1939,0.0,0.0,0.0,0.0,27.66,2
Seoul,historical,1940,0.0,0.0,0.0,0.0,27.36,2
Seoul,historical,1941,0.0,0.0,0.0,0.0,27.35,2
Seoul,historical,1942,0.0,0.0,0.0,0.0,26.72,2
Seoul,historical,1943,0.0,0.0,0.0,0.0,27.12,2
Seoul,historical,1944,0.0,0.0,0.0,0.0,26.63,2
Seoul,historical,1945,0.0,0.0,0.0,0.0,27.43,2
Seoul,historical,1946,0.0,0.0,0.0,0.0,27.25,2
Seoul,historical,1947,0.0,0.0,0.0,0.0,26.76,2
Seoul,historical,1948,0.0,0.0,0.0,0.0,26.99,2
Seoul,historical,1949,0.0,0.0,0.0,0.0,27.23,2
Seoul,historical,1950,0.0,0.0,0.0,0.0,27.58,2
Seoul,historical,1951,0.0,0.0,0.0,0.0,27.08,2
Seoul,historical,1952,0.0,0.0,0.0,0.0,27.1,2
Seoul,historical,1953,0.0,0.0,0.0,0.0,27.4,2
Seoul,historical,1954,0.0,0.0,0.0,0.0,26.47,2
Seoul,historical,1955,0.0,0.0,0.0,0.0,27.07,2
Seoul,historical,1956,0.0,0.0,0.0,0.0,27.85,2
Seoul,historical,1957,0.0,0.0,0.0,0.0,26.15,2
Seoul,historical,1958,0.0,0.0,0.0,0.0,27.18,2
Seoul,historical,1959,0.0,0.0,0.0,0.0,27.82,2
Seoul,historical,1960,0.0,0.0,0.0,0.0,26.18,2
Seoul,historical,1961,0.0,0.0,0.0,0.0,27.2,2
Seoul,historical,1962,0.0,0.0,0.0,0.0,27.14,2
Seoul,historical,1963,0.0,0.0,0.0,0.0,27.69,2
Seoul,historical,1964,0.0,0.0,0.0,0.0,26.28,2
Seoul,historical,1965,0.0,0.0,0.0,0.0,26.6,2
Seoul,historical,1966,0.0,0.0,0.0,0.0,26.76,2
Seoul,historical,1967,0.0,0.0,0.0,0.0,25.8,2
Seoul,historical,1968,0.0,0.0,0.0,0.0,26.9,2
Seoul,historical,1969,0.0,0.0,0.0,0.0,26.95,2
Seoul,historical,1970,0.0,0.0,0.0,0.0,26.77,2
Seoul,historical,1971,0.0,0.0,0.0,0.0,26.37,2
Seoul,historical,1972,0.0,0.0,0.0,0.0,26.49,2
Seoul,historical,1973,0.0,0.0,0.0,0.0,27.35,2
Seoul,historical,1974,0.0,0.0,0.0,0.0,27.0,2
Seoul,historical,1975,0.0,0.0,0.0,0.0,26.75,2
Seoul,historical,1976,0.0,0.0,0.0,0.0,26.48,2
Seoul,historical,1977,0.0,0.0,0.0,0.0,26.55,2
Seoul,historical,1978,0.0,0.0,0.0,0.0,25.84,2
Seoul,historical,1979,0.0,0.0,0.0,0.0,26.72,2
Seoul,historical,1980,0.0,0.0,0.0,0.0,26.38,2
Seoul,historical,1981,0.0,0.0,0.0,0.0,26.47,2
Seoul,historical,1982,0.0,0.0,0.0,0.0,26.89,2
Seoul,historical,1983,0.0,0.0,0.0,0.0,26.16,2
Seoul,historical,1984,0.0,0.0,0.0,0.0,25.78,2
Seoul,historical,1985,0.0,0.0,0.0,0.0,26.34,2
Seoul,historical,1986,0.0,0.0,0.0,0.0,26.92,2
Seoul,historical,1987,0.0,0.0,0.0,0.0,27.15,2
Seoul,historical,1988,0.0,0.0,0.0,0.0,26.66,2
Seoul,historical,1989,0.0,0.0,0.0,0.0,26.97,2
Seoul,historical,1990,0.0,0.0,0.0,0.0,27.3,2
Seoul,historical,1991,0.0,0.0,0.0,0.0,27.86,2
Seoul,historical,1992,0.0,0.0,0.0,0.0,26.09,2
Seoul,historical,1993,0.0,0.0,0.0,0.0,26.74,2
Seoul,historical,1994,0.0,0.0,0.0,0.0,26.95,2
Seoul,historical,1995,0.0,0.0,0.0,0.0,25.96,2
Seoul,historical,1996,0.0,0.0,0.0,0.0,26.89,2
Seoul,historical,1997,0.0,0.0,0.0,0.0,27.72,2
Seoul,historical,1998,0.0,0.0,0.0,0.0,27.45,2
Seoul,historical,1999,0.0,0.0,0.0,0.0,27.47,2
Seoul,historical,2000,0.0,0.0,0.0,0.0,26.69,2
Seoul,historical,2001,0.0,0.0,0.0,0.0,27.4,2
Seoul,historical,2002,0.0,0.0,0.0,0.0,27.9,2
Seoul,historical,2003,0.0,0.0,0.0,0.0,26.48,2
Seoul,historical,2004,0.0,0.0,0.0,0.0,27.27,2
Seoul,historical,2005,0.0,0.0,0.0,0.0,27.1,2
Seoul,historical,2006,0.0,0.0,0.0,0.0,27.21,2
Seoul,historical,2007,0.0,0.0,0.0,0.0,27.47,2
Seoul,historical,2008,0.0,0.0,0.0,0.0,27.74,2
Seoul,historical,2009,0.0,0.0,0.0,0.0,27.89,2
Seoul,historical,2010,0.0,0.0,0.0,0.0,27.59,2
Seoul,historical,2011,0.0,0.0,0.0,0.0,27.29,2
Seoul,historical,2012,0.0,0.0,0.0,0.0,28.22,2
Seoul,historical,2013,0.0,0.0,0.0,0.0,27.74,2
Seoul,historical,2014,0.0,0.0,0.0,0.0,27.87,2
Seoul,ssp585,2015,4.0,0.0,0.0,0.0,29.22,3
Seoul,ssp585,2016,4.0,0.0,0.0,0.0,29.57,3
Seoul,ssp585,2017,1.0,0.0,0.0,0.0,28.91,3
Seoul,ssp585,2018,2.67,0.0,0.0,0.0,28.59,3
Seoul,ssp585,2019,1.0,0.0,0.0,0.0,27.83,3
Seoul,ssp585,2020,3.33,0.0,0.0,0.0,29.17,3
Seoul,ssp585,2021,3.0,0.0,0.0,0.0,28.98,3
Seoul,ssp585,2022,6.67,0.0,0.0,0.0,29.53,3
Seoul,ssp585,2023,6.0,0.0,0.0,0.0,28.94,3
Seoul,ssp585,2024,8.67,0.0,0.0,0.0,30.09,3
Seoul,ssp585,2025,5.33,0.0,0.0,0.0,29.53,3
Seoul,ssp585,2026,6.0,0.0,0.0,0.0,30.22,3
Seoul,ssp585,2027,11.33,0.0,0.0,0.0,29.3,3
Seoul,ssp585,2028,4.0,0.0,0.0,0.0,28.78,3
Seoul,ssp585,2029,6.0,0.0,0.0,0.0,28.98,3
Seoul,ssp585,2030,4.33,0.0,0.0,0.0,29.63,3
Seoul,ssp585,2031,6.33,0.0,0.0,0.0,29.17,3
Seoul,ssp585,2032,5.33,0.0,0.0,0.0,28.73,3
Seoul,ssp585,2033,6.0,0.0,0.0,0.0,29.3,3
Seoul,ssp585,2034,9.67,0.0,0.0,0.0,30.61,3
Seoul,ssp585,2035,10.67,0.0,0.0,0.0,29.64,3
Seoul,ssp585,2036,7.0,0.0,0.0,0.0,29.89,3
Seoul,ssp585,2037,9.67,0.0,0.0,0.0,29.99,3
Seoul,ssp585,2038,5.33,0.0,0.0,0.0,30.05,3
Seoul,ssp585,2039,15.33,0.0,0.0,0.0,30.05,3
Seoul,ssp585,2040,10.33,0.0,0.0,0.0,29.9,3
Seoul,ssp585,2041,12.33,0.0,0.0,0.0,29.69,3
Seoul,ssp585,2042,17.0,0.0,0.0,0.0,30.16,3
Seoul,ssp585,2043,10.67,0.0,0.0,0.0,29.81,3
Seoul,ssp585,2044,13.67,0.0,0.0,0.0,31.04,3
Seoul,ssp585,2045,14.67,0.33,0.0,0.33,31.13,3
Seoul,ssp585,2046,12.67,0.0,0.0,0.0,30.58,3
Seoul,ssp585,2047,19.67,0.0,0.0,0.0,29.96,3
Seoul,ssp585,2048,17.0,0.0,0.0,0.0,30.34,3
Seoul,ssp585,2049,14.33,0.67,0.0,0.67,30.95,3
Seoul,ssp585,2050,19.33,0.33,0.0,0.33,32.06,3
Seoul,ssp585,2051,13.67,0.0,0.0,0.0,30.69,3
Seoul,ssp585,2052,14.33,0.0,0.0,0.0,30.71,3
Seoul,ssp585,2053,18.0,0.0,0.0,0.0,31.07,3
Seoul,ssp585,2054,16.33,0.0,0.0,0.0,30.5,3
Seoul,ssp585,2055,16.67,0.0,0.0,0.0,31.35,3
Seoul,ssp585,2056,20.0,1.0,0.0,1.0,31.83,3
Seoul,ssp585,2057,10.33,0.0,0.0,0.0,30.93,3
Seoul,ssp585,2058,16.33,0.33,0.0,0.33,31.16,3
Seoul,ssp585,2059,11.33,0.0,0.0,0.0,30.67,3
Seoul,ssp585,2060,17.0,0.0,0.0,0.0,31.14,3
Seoul,ssp585,2061,23.0,3.33,0.0,2.0,31.84,3
Seoul,ssp585,2062,22.33,0.33,0.0,0.33,31.53,3
Seoul,ssp585,2063,19.0,0.0,0.0,0.0,30.9,3
Seoul,ssp585,2064,17.67,0.0,0.0,0.0,31.16,3
Seoul,ssp585,2065,24.33,2.33,0.0,1.0,32.12,3
Seoul,ssp585,2066,23.33,1.33,0.0,0.67,32.44,3
Seoul,ssp585,2067,26.0,11.33,0.0,4.0,33.3,3
Seoul,ssp585,2068,25.67,4.67,0.0,1.33,32.04,3
Seoul,ssp585,2069,27.33,5.33,0.0,2.33,32.3,3
Seoul,ssp585,2070,24.67,4.33,0.0,1.33,32.13,3
Seoul,ssp585,2071,18.33,0.0,0.0,0.0,30.92,3
Seoul,ssp585,2072,28.67,4.33,0.0,1.67,32.53,3
Seoul,ssp585,2073,28.67,3.33,0.0,2.67,32.51,3
Seoul,ssp585,2074,32.0,11.0,0.0,10.0,32.93,3
Seoul,ssp585,2075,30.67,1.67,0.0,1.0,32.32,3
Seoul,ssp585,2076,28.33,4.0,0.0,3.0,32.89,3
Seoul,ssp585,2077,29.67,2.0,0.0,1.33,32.18,3
Seoul,ssp585,2078,30.0,1.33,0.0,1.0,32.57,3
Seoul,ssp585,2079,28.67,4.33,0.0,1.33,32.16,3
Seoul,ssp585,2080,34.67,6.0,0.0,2.67,32.75,3
Seoul,ssp585,2081,30.0,5.0,0.0,3.33,33.0,3
Seoul,ssp585,2082,37.33,1.33,0.0,1.0,32.94,3
Seoul,ssp585,2083,31.0,6.67,0.0,2.33,32.89,3
Seoul,ssp585,2084,30.67,8.0,0.0,4.0,32.11,3
Seoul,ssp585,2085,24.67,6.67,0.0,3.33,32.5,3
Seoul,ssp585,2086,34.33,5.67,0.0,1.0,32.81,3
Seoul,ssp585,2087,37.67,9.67,0.0,2.67,33.22,3
Seoul,ssp585,2088,43.33,10.0,0.0,3.33,33.48,3
Seoul,ssp585,2089,36.0,7.67,0.0,2.0,33.18,3
Seoul,ssp585,2090,48.67,12.0,0.0,6.67,33.85,3
Seoul,ssp585,2091,40.67,8.67,0.0,3.33,33.98,3
Seoul,ssp585,2092,34.67,12.33,0.0,4.33,33.74,3
Seoul,ssp585,2093,41.67,12.33,0.0,4.33,33.75,3
Seoul,ssp585,2094,37.67,12.33,0.0,3.0,33.53,3
Seoul,ssp585,2095,37.67,8.67,0.0,3.0,33.36,3
Seoul,ssp585,2096,45.0,11.33,0.0,4.33,34.31,3
Seoul,ssp585,2097,48.67,11.0,0.0,4.33,33.88,3
Seoul,ssp585,2098,41.0,13.67,0.0,4.33,34.0,3
Seoul,ssp585,2099,44.0,4.0,0.0,1.33,33.84,3
Seoul,ssp585,2100,18.0,0.0,0.0,0.0,32.34,2
Singapore,historical,1850,0.0,0.0,0.0,0.0,29.51,2
Singapore,historical,1851,20.5,0.0,0.0,0.0,30.53,2
Singapore,historical,1852,2.5,0.0,0.0,0.0,29.91,2
Singapore,historical,1853,2.0,0.0,0.0,0.0,30.02,2
Singapore,historical,1854,5.0,0.0,0.0,0.0,29.8,2
Singapore,historical,1855,20.0,0.0,0.0,0.0,30.13,2
Singapore,historical,1856,0.5,0.0,0.0,0.0,29.65,2
Singapore,historical,1857,8.0,0.0,0.0,0.0,30.16,2
Singapore,historical,1858,0.0,0.0,0.0,0.0,29.31,2
Singapore,historical,1859,2.5,0.0,0.0,0.0,30.12,2
Singapore,historical,1860,13.0,0.0,0.0,0.0,30.31,2
Singapore,historical,1861,0.0,0.0,0.0,0.0,29.45,2
Singapore,historical,1862,0.0,0.0,0.0,0.0,29.71,2
Singapore,historical,1863,7.5,0.0,0.0,0.0,29.86,2
Singapore,historical,1864,14.0,0.0,0.0,0.0,30.45,2
Singapore,historical,1865,0.0,0.0,0.0,0.0,29.38,2
Singapore,historical,1866,0.0,0.0,0.0,0.0,29.46,2
Singapore,historical,1867,1.0,0.0,0.0,0.0,29.93,2
Singapore,historical,1868,0.0,0.0,0.0,0.0,29.65,2
Singapore,historical,1869,0.0,0.0,0.0,0.0,29.17,2
Singapore,historical,1870,0.0,0.0,0.0,0.0,28.94,2
Singapore,historical,1871,0.0,0.0,0.0,0.0,29.2,2
Singapore,historical,1872,0.0,0.0,0.0,0.0,29.28,2
Singapore,historical,1873,2.0,0.0,0.0,0.0,30.2,2
Singapore,historical,1874,0.0,0.0,0.0,0.0,29.22,2
Singapore,historical,1875,0.0,0.0,0.0,0.0,29.38,2
Singapore,historical,1876,3.5,0.0,0.0,0.0,29.97,2
Singapore,historical,1877,0.0,0.0,0.0,0.0,29.77,2
Singapore,historical,1878,0.0,0.0,0.0,0.0,29.15,2
Singapore,historical,1879,1.0,0.0,0.0,0.0,29.33,2
Singapore,historical,1880,0.0,0.0,0.0,0.0,29.33,2
Singapore,historical,1881,0.0,0.0,0.0,0.0,29.68,2
Singapore,historical,1882,1.0,0.0,0.0,0.0,29.8,2
Singapore,historical,1883,0.0,0.0,0.0,0.0,29.7,2
Singapore,historical,1884,0.0,0.0,0.0,0.0,29.29,2
Singapore,historical,1885,15.5,0.0,0.0,0.0,29.97,2
Singapore,historical,1886,0.0,0.0,0.0,0.0,29.24,2
Singapore,historical,1887,0.0,0.0,0.0,0.0,29.26,2
Singapore,historical,1888,0.5,0.0,0.0,0.0,29.88,2
Singapore,historical,1889,0.0,0.0,0.0,0.0,29.64,2
Singapore,historical,1890,0.0,0.0,0.0,0.0,29.89,2
Singapore,historical,1891,0.5,0.0,0.0,0.0,29.84,2
Singapore,historical,1892,7.0,0.0,0.0,0.0,29.99,2
Singapore,historical,1893,0.0,0.0,0.0,0.0,29.38,2
Singapore,historical,1894,0.0,0.0,0.0,0.0,29.51,2
Singapore,historical,1895,8.5,0.0,0.0,0.0,30.37,2
Singapore,historical,1896,3.5,0.0,0.0,0.0,30.18,2
Singapore,historical,1897,7.5,0.0,0.0,0.0,30.31,2
Singapore,historical,1898,0.5,0.0,0.0,0.0,29.71,2
Singapore,historical,1899,1.0,0.0,0.0,0.0,29.71,2
Singapore,historical,1900,0.0,0.0,0.0,0.0,29.93,2
Singapore,historical,1901,7.0,0.0,0.0,0.0,30.0,2
Singapore,historical,1902,25.0,0.0,0.0,0.0,30.32,2
Singapore,historical,1903,0.0,0.0,0.0,0.0,29.59,2
Singapore,historical,1904,4.0,0.0,0.0,0.0,30.1,2
Singapore,historical,1905,23.0,0.0,0.0,0.0,30.37,2
Singapore,historical,1906,1.0,0.0,0.0,0.0,29.88,2
Singapore,historical,1907,0.0,0.0,0.0,0.0,29.46,2
Singapore,historical,1908,0.0,0.0,0.0,0.0,29.61,2
Singapore,historical,1909,0.5,0.0,0.0,0.0,29.91,2
Singapore,historical,1910,1.5,0.0,0.0,0.0,29.85,2
Singapore,historical,1911,0.0,0.0,0.0,0.0,29.27,2
Singapore,historical,1912,0.0,0.0,0.0,0.0,29.17,2
Singapore,historical,1913,3.5,0.0,0.0,0.0,30.29,2
Singapore,historical,1914,0.5,0.0,0.0,0.0,30.02,2
Singapore,historical,1915,4.0,0.0,0.0,0.0,29.7,2
Singapore,historical,1916,0.0,0.0,0.0,0.0,29.37,2
Singapore,historical,1917,0.0,0.0,0.0,0.0,29.75,2
Singapore,historical,1918,0.0,0.0,0.0,0.0,29.7,2
Singapore,historical,1919,0.5,0.0,0.0,0.0,29.88,2
Singapore,historical,1920,4.0,0.0,0.0,0.0,30.28,2
Singapore,historical,1921,1.5,0.0,0.0,0.0,29.77,2
Singapore,historical,1922,8.5,0.0,0.0,0.0,30.09,2
Singapore,historical,1923,0.5,0.0,0.0,0.0,29.73,2
Singapore,historical,1924,5.0,0.0,0.0,0.0,29.57,2
Singapore,historical,1925,0.0,0.0,0.0,0.0,29.23,2
Singapore,historical,1926,0.0,0.0,0.0,0.0,29.67,2
Singapore,historical,1927,0.0,0.0,0.0,0.0,29.67,2
Singapore,historical,1928,2.5,0.0,0.0,0.0,29.7,2
Singapore,historical,1929,0.0,0.0,0.0,0.0,29.15,2
Singapore,historical,1930,2.5,0.0,0.0,0.0,30.22,2
Singapore,historical,1931,0.0,0.0,0.0,0.0,29.34,2
Singapore,historical,1932,35.5,0.0,0.0,0.0,30.99,2
Singapore,historical,1933,1.5,0.0,0.0,0.0,29.98,2
Singapore,historical,1934,5.0,0.0,0.0,0.0,30.08,2
Singapore,historical,1935,0.0,0.0,0.0,0.0,29.6,2
Singapore,historical,1936,0.0,0.0,0.0,0.0,29.43,2
Singapore,historical,1937,2.0,0.0,0.0,0.0,30.1,2
Singapore,historical,1938,2.0,0.0,0.0,0.0,30.13,2
Singapore,historical,1939,1.0,0.0,0.0,0.0,30.07,2
Singapore,historical,1940,8.5,0.0,0.0,0.0,30.37,2
Singapore,historical,1941,2.0,0.0,0.0,0.0,30.05,2
Singapore,historical,1942,43.5,0.0,0.0,0.0,30.61,2
Singapore,historical,1943,5.5,0.0,0.0,0.0,30.29,2
Singapore,historical,1944,6.0,0.0,0.0,0.0,30.13,2
Singapore,historical,1945,0.0,0.0,0.0,0.0,29.5,2
Singapore,historical,1946,3.0,0.0,0.0,0.0,29.71,2
Singapore,historical,1947,15.0,0.0,0.0,0.0,30.18,2
Singapore,historical,1948,0.0,0.0,0.0,0.0,29.68,2
Singapore,historical,1949,0.0,0.0,0.0,0.0,29.33,2
Singapore,historical,1950,1.5,0.0,0.0,0.0,29.85,2
Singapore,historical,1951,6.5,0.0,0.0,0.0,29.88,2
Singapore,historical,1952,0.5,0.0,0.0,0.0,29.73,2
Singapore,historical,1953,3.0,0.0,0.0,0.0,30.21,2
Singapore,historical,1954,5.0,0.0,0.0,0.0,29.9,2
Singapore,historical,1955,0.0,0.0,0.0,0.0,29.51,2
Singapore,historical,1956,0.0,0.0,0.0,0.0,29.7,2
Singapore,historical,1957,19.5,0.0,0.0,0.0,30.33,2
Singapore,historical,1958,0.5,0.0,0.0,0.0,30.16,2
Singapore,historical,1959,8.5,0.0,0.0,0.0,29.74,2
Singapore,historical,1960,0.0,0.0,0.0,0.0,29.63,2
Singapore,historical,1961,24.0,0.0,0.0,0.0,30.23,2
Singapore,historical,1962,2.5,0.0,0.0,0.0,29.97,2
Singapore,historical,1963,3.0,0.0,0.0,0.0,30.22,2
Singapore,historical,1964,0.5,0.0,0.0,0.0,29.39,2
Singapore,historical,1965,2.0,0.0,0.0,0.0,29.86,2
Singapore,historical,1966,6.0,0.0,0.0,0.0,30.47,2
Singapore,historical,1967,9.5,0.0,0.0,0.0,30.13,2
Singapore,historical,1968,0.0,0.0,0.0,0.0,29.45,2
Singapore,historical,1969,0.0,0.0,0.0,0.0,29.26,2
Singapore,historical,1970,0.0,0.0,0.0,0.0,29.42,2
Singapore,historical,1971,1.5,0.0,0.0,0.0,29.8,2
Singapore,historical,1972,1.0,0.0,0.0,0.0,30.03,2
Singapore,historical,1973,8.5,0.0,0.0,0.0,30.6,2
Singapore,historical,1974,0.0,0.0,0.0,0.0,29.5,2
Singapore,historical,1975,0.0,0.0,0.0,0.0,29.22,2
Singapore,historical,1976,0.0,0.0,0.0,0.0,29.63,2
Singapore,historical,1977,4.0,0.0,0.0,0.0,30.27,2
Singapore,historical,1978,3.0,0.0,0.0,0.0,29.91,2
Singapore,historical,1979,1.5,0.0,0.0,0.0,30.03,2
Singapore,historical,1980,31.0,0.0,0.0,0.0,30.53,2
Singapore,historical,1981,6.0,0.0,0.0,0.0,30.36,2
Singapore,historical,1982,15.0,0.0,0.0,0.0,30.37,2
Singapore,historical,1983,0.0,0.0,0.0,0.0,29.34,2
Singapore,historical,1984,16.0,0.0,0.0,0.0,30.35,2
Singapore,historical,1985,0.0,0.0,0.0,0.0,29.39,2
Singapore,historical,1986,1.5,0.0,0.0,0.0,29.88,2
Singapore,historical,1987,0.0,0.0,0.0,0.0,29.78,2
Singapore,historical,1988,0.5,0.0,0.0,0.0,29.99,2
Singapore,historical,1989,0.0,0.0,0.0,0.0,29.55,2
Singapore,historical,1990,12.0,0.0,0.0,0.0,30.1,2
Singapore,historical,1991,4.0,0.0,0.0,0.0,30.04,2
Singapore,historical,1992,0.0,0.0,0.0,0.0,29.47,2
Singapore,historical,1993,0.0,0.0,0.0,0.0,29.53,2
Singapore,historical,1994,0.0,0.0,0.0,0.0,29.37,2
Singapore,historical,1995,9.0,0.0,0.0,0.0,30.62,2
Singapore,historical,1996,0.0,0.0,0.0,0.0,29.66,2
Singapore,historical,1997,0.0,0.0,0.0,0.0,29.56,2
Singapore,historical,1998,0.0,0.0,0.0,0.0,29.51,2
Singapore,historical,1999,0.0,0.0,0.0,0.0,29.91,2
Singapore,historical,2000,8.5,0.0,0.0,0.0,30.02,2
Singapore,historical,2001,13.5,0.0,0.0,0.0,30.25,2
Singapore,historical,2002,9.0,0.0,0.0,0.0,30.19,2
Singapore,historical,2003,0.0,0.0,0.0,0.0,29.74,2
Singapore,historical,2004,17.0,0.0,0.0,0.0,30.68,2
Singapore,historical,2005,7.0,0.0,0.0,0.0,30.41,2
Singapore,historical,2006,4.0,0.0,0.0,0.0,30.31,2
Singapore,historical,2007,1.0,0.0,0.0,0.0,30.01,2
Singapore,historical,2008,0.0,0.0,0.0,0.0,29.65,2
Singapore,historical,2009,5.5,0.0,0.0,0.0,30.09,2
Singapore,historical,2010,1.5,0.0,0.0,0.0,29.98,2
Singapore,historical,2011,0.5,0.0,0.0,0.0,29.98,2
Singapore,historical,2012,6.5,0.0,0.0,0.0,30.08,2
Singapore,historical,2013,26.5,0.0,0.0,0.0,30.27,2
Singapore,historical,2014,0.0,0.0,0.0,0.0,29.74,2
Singapore,ssp585,2015,37.33,0.0,0.0,0.0,30.54,3
Singapore,ssp585,2016,43.33,0.0,0.0,0.0,30.56,3
Singapore,ssp585,2017,87.33,0.0,0.0,0.0,30.85,3
Singapore,ssp585,2018,65.33,0.0,0.0,0.0,30.65,3
Singapore,ssp585,2019,45.0,0.0,0.0,0.0,31.12,3
Singapore,ssp585,2020,57.0,0.0,0.0,0.0,30.39,3
Singapore,ssp585,2021,63.67,0.0,0.0,0.0,30.81,3
Singapore,ssp585,2022,67.0,0.0,0.0,0.0,31.35,3
Singapore,ssp585,2023,69.33,0.0,0.0,0.0,31.36,3
Singapore,ssp585,2024,70.33,0.0,0.0,0.0,30.78,3
Singapore,ssp585,2025,77.33,0.0,0.0,0.0,30.95,3
Singapore,ssp585,2026,97.67,0.0,0.0,0.0,31.06,3
Singapore,ssp585,2027,128.33,0.0,0.0,0.0,31.98,3
Singapore,ssp585,2028,99.33,0.0,0.0,0.0,31.42,3
Singapore,ssp585,2029,94.0,0.0,0.0,0.0,31.11,3
Singapore,ssp585,2030,79.0,0.0,0.0,0.0,30.9,3
Singapore,ssp585,2031,98.0,0.0,0.0,0.0,31.17,3
Singapore,ssp585,2032,112.0,0.0,0.0,0.0,31.7,3
Singapore,ssp585,2033,90.0,0.0,0.0,0.0,31.42,3
Singapore,ssp585,2034,101.67,0.0,0.0,0.0,31.06,3
Singapore,ssp585,2035,109.33,0.0,0.0,0.0,31.47,3
Singapore,ssp585,2036,132.0,0.0,0.0,0.0,31.69,3
Singapore,ssp585,2037,124.67,0.0,0.0,0.0,31.56,3
Singapore,ssp585,2038,114.33,0.0,0.0,0.0,31.42,3
Singapore,ssp585,2039,112.67,0.0,0.0,0.0,31.43,3
Singapore,ssp585,2040,159.67,0.0,0.0,0.0,31.96,3
Singapore,ssp585,2041,119.33,0.0,0.0,0.0,31.72,3
Singapore,ssp585,2042,129.67,0.0,0.0,0.0,31.57,3
Singapore,ssp585,2043,119.67,0.0,0.0,0.0,31.34,3
Singapore,ssp585,2044,162.33,0.0,0.0,0.0,32.28,3
Singapore,ssp585,2045,158.33,0.0,0.0,0.0,32.09,3
Singapore,ssp585,2046,168.0,0.0,0.0,0.0,32.11,3
Singapore,ssp585,2047,172.33,0.0,0.0,0.0,32.35,3
Singapore,ssp585,2048,144.67,0.0,0.0,0.0,32.1,3
Singapore,ssp585,2049,163.33,0.0,0.0,0.0,31.94,3
Singapore,ssp585,2050,141.0,0.0,0.0,0.0,32.22,3
Singapore,ssp585,2051,183.33,0.0,0.0,0.0,32.19,3
Singapore,ssp585,2052,189.0,0.0,0.0,0.0,32.28,3
Singapore,ssp585,2053,165.33,0.0,0.0,0.0,32.11,3
Singapore,ssp585,2054,177.33,0.0,0.0,0.0,32.43,3
Singapore,ssp585,2055,189.33,0.0,0.0,0.0,32.54,3
Singapore,ssp585,2056,174.0,0.0,0.0,0.0,32.31,3
Singapore,ssp585,2057,197.0,0.0,0.0,0.0,32.46,3
Singapore,ssp585,2058,188.67,0.0,0.0,0.0,32.24,3
Singapore,ssp585,2059,215.67,0.33,0.0,0.33,33.0,3
Singapore,ssp585,2060,204.67,0.0,0.0,0.0,32.78,3
Singapore,ssp585,2061,195.33,0.0,0.0,0.0,32.62,3
Singapore,ssp585,2062,195.33,0.0,0.0,0.0,32.31,3
Singapore,ssp585,2063,192.33,3.67,0.0,1.33,32.58,3
Singapore,ssp585,2064,219.0,2.33,0.0,1.33,33.06,3
Singapore,ssp585,2065,220.0,3.0,0.0,1.0,33.02,3
Singapore,ssp585,2066,211.67,0.33,0.0,0.33,32.64,3
Singapore,ssp585,2067,221.33,1.67,0.0,0.67,33.13,3
Singapore,ssp585,2068,207.33,1.0,0.0,0.33,32.66,3
Singapore,ssp585,2069,225.67,4.67,0.0,4.67,33.47,3
Singapore,ssp585,2070,253.67,0.67,0.0,0.33,33.1,3
Singapore,ssp585,2071,262.33,0.0,0.0,0.0,33.61,3
Singapore,ssp585,2072,220.67,3.0,0.0,1.33,33.17,3
Singapore,ssp585,2073,236.33,17.67,0.0,9.33,33.57,3
Singapore,ssp585,2074,265.0,12.0,0.0,4.67,33.39,3
Singapore,ssp585,2075,276.0,9.0,0.0,2.33,33.78,3
Singapore,ssp585,2076,255.33,20.33,0.0,10.33,33.46,3
Singapore,ssp585,2077,242.67,8.0,0.0,2.67,33.38,3
Singapore,ssp585,2078,255.33,17.0,0.0,6.0,33.76,3
Singapore,ssp585,2079,289.0,17.33,0.0,10.0,34.3,3
Singapore,ssp585,2080,270.33,19.0,0.0,4.33,33.62,3
Singapore,ssp585,2081,290.33,23.33,0.0,6.33,33.82,3
Singapore,ssp585,2082,285.67,27.33,0.0,6.67,34.22,3
Singapore,ssp585,2083,282.33,34.0,0.0,7.0,33.79,3
Singapore,ssp585,2084,274.0,24.0,0.0,5.33,34.13,3
Singapore,ssp585,2085,281.33,30.0,0.0,5.33,34.28,3
Singapore,ssp585,2086,301.33,48.0,0.0,9.67,34.44,3
Singapore,ssp585,2087,314.0,35.0,0.0,5.33,34.35,3
Singapore,ssp585,2088,293.33,45.33,0.0,9.67,34.11,3
Singapore,ssp585,2089,320.67,51.0,0.0,10.0,34.48,3
Singapore,ssp585,2090,300.67,38.33,0.0,9.33,33.87,3
Singapore,ssp585,2091,316.0,44.0,0.0,12.0,34.74,3
Singapore,ssp585,2092,315.0,56.67,0.0,16.33,34.36,3
Singapore,ssp585,2093,330.0,72.0,0.0,28.33,35.33,3
Singapore,ssp585,2094,325.33,62.33,0.0,12.33,34.86,3
Singapore,ssp585,2095,315.33,65.67,0.0,10.33,34.12,3
Singapore,ssp585,2096,342.67,85.33,0.0,37.67,34.9,3
Singapore,ssp585,2097,315.0,67.33,0.0,22.67,34.62,3
Singapore,ssp585,2098,337.0,54.33,0.0,18.33,34.52,3
Singapore,ssp585,2099,344.0,68.33,0.0,18.67,35.76,3
Singapore,ssp585,2100,312.5,0.0,0.0,0.0,33.18,2
Stockholm,historical,1850,0.0,0.0,0.0,0.0,18.51,2
Stockholm,historical,1851,0.0,0.0,0.0,0.0,19.83,2
Stockholm,historical,1852,0.0,0.0,0.0,0.0,19.87,2
Stockholm,historical,1853,0.0,0.0,0.0,0.0,19.62,2
Stockholm,historical,1854,0.0,0.0,0.0,0.0,19.14,2
Stockholm,historical,1855,0.0,0.0,0.0,0.0,19.86,2
Stockholm,historical,1856,0.0,0.0,0.0,0.0,20.32,2
Stockholm,historical,1857,0.0,0.0,0.0,0.0,22.69,2
Stockholm,historical,1858,0.0,0.0,0.0,0.0,19.97,2
Stockholm,historical,1859,0.0,0.0,0.0,0.0,22.36,2
Stockholm,historical,1860,0.0,0.0,0.0,0.0,20.05,2
Stockholm,historical,1861,0.0,0.0,0.0,0.0,20.99,2
Stockholm,historical,1862,0.0,0.0,0.0,0.0,19.25,2
Stockholm,historical,1863,0.0,0.0,0.0,0.0,19.98,2
Stockholm,historical,1864,0.0,0.0,0.0,0.0,19.34,2
Stockholm,historical,1865,0.0,0.0,0.0,0.0,21.45,2
Stockholm,historical,1866,0.0,0.0,0.0,0.0,19.88,2
Stockholm,historical,1867,0.0,0.0,0.0,0.0,20.93,2
Stockholm,historical,1868,0.0,0.0,0.0,0.0,19.04,2
Stockholm,historical,1869,0.0,0.0,0.0,0.0,20.57,2
Stockholm,historical,1870,0.0,0.0,0.0,0.0,19.23,2
Stockholm,historical,1871,0.0,0.0,0.0,0.0,20.45,2
Stockholm,historical,1872,0.0,0.0,0.0,0.0,21.55,2
Stockholm,historical,1873,0.0,0.0,0.0,0.0,21.8,2
Stockholm,historical,1874,0.0,0.0,0.0,0.0,20.93,2
Stockholm,historical,1875,0.0,0.0,0.0,0.0,20.43,2
Stockholm,historical,1876,0.0,0.0,0.0,0.0,20.19,2
Stockholm,historical,1877,0.0,0.0,0.0,0.0,19.41,2
Stockholm,historical,1878,0.0,0.0,0.0,0.0,20.96,2
Stockholm,historical,1879,0.0,0.0,0.0,0.0,19.46,2
Stockholm,historical,1880,0.0,0.0,0.0,0.0,19.84,2
Stockholm,historical,1881,0.0,0.0,0.0,0.0,20.09,2
Stockholm,historical,1882,0.0,0.0,0.0,0.0,20.33,2
Stockholm,historical,1883,0.0,0.0,0.0,0.0,21.58,2
Stockholm,historical,1884,0.0,0.0,0.0,0.0,18.56,2
Stockholm,historical,1885,0.0,0.0,0.0,0.0,18.59,2
Stockholm,historical,1886,0.0,0.0,0.0,0.0,21.98,2
Stockholm,historical,1887,0.0,0.0,0.0,0.0,20.4,2
Stockholm,historical,1888,0.0,0.0,0.0,0.0,20.15,2
Stockholm,historical,1889,0.0,0.0,0.0,0.0,19.66,2
Stockholm,historical,1890,0.0,0.0,0.0,0.0,19.58,2
Stockholm,historical,1891,0.0,0.0,0.0,0.0,21.01,2
Stockholm,historical,1892,0.0,0.0,0.0,0.0,20.12,2
Stockholm,historical,1893,0.0,0.0,0.0,0.0,21.76,2
Stockholm,historical,1894,0.0,0.0,0.0,0.0,20.86,2
Stockholm,historical,1895,0.0,0.0,0.0,0.0,20.94,2
Stockholm,historical,1896,0.0,0.0,0.0,0.0,20.72,2
Stockholm,historical,1897,0.0,0.0,0.0,0.0,19.88,2
Stockholm,historical,1898,0.0,0.0,0.0,0.0,21.4,2
Stockholm,historical,1899,0.0,0.0,0.0,0.0,20.39,2
Stockholm,historical,1900,0.0,0.0,0.0,0.0,21.38,2
Stockholm,historical,1901,0.0,0.0,0.0,0.0,20.92,2
Stockholm,historical,1902,0.0,0.0,0.0,0.0,20.34,2
Stockholm,historical,1903,0.0,0.0,0.0,0.0,21.41,2
Stockholm,historical,1904,0.0,0.0,0.0,0.0,20.16,2
Stockholm,historical,1905,0.0,0.0,0.0,0.0,20.05,2
Stockholm,historical,1906,0.0,0.0,0.0,0.0,20.56,2
Stockholm,historical,1907,0.0,0.0,0.0,0.0,21.23,2
Stockholm,historical,1908,0.0,0.0,0.0,0.0,19.88,2
Stockholm,historical,1909,0.0,0.0,0.0,0.0,19.26,2
Stockholm,historical,1910,0.0,0.0,0.0,0.0,20.96,2
Stockholm,historical,1911,0.0,0.0,0.0,0.0,19.47,2
Stockholm,historical,1912,0.0,0.0,0.0,0.0,20.7,2
Stockholm,historical,1913,0.0,0.0,0.0,0.0,19.43,2
Stockholm,historical,1914,0.0,0.0,0.0,0.0,18.35,2
Stockholm,historical,1915,0.0,0.0,0.0,0.0,19.61,2
Stockholm,historical,1916,0.0,0.0,0.0,0.0,21.13,2
Stockholm,historical,1917,0.0,0.0,0.0,0.0,19.44,2
Stockholm,historical,1918,0.0,0.0,0.0,0.0,21.5,2
Stockholm,historical,1919,0.0,0.0,0.0,0.0,20.32,2
Stockholm,historical,1920,0.0,0.0,0.0,0.0,19.71,2
Stockholm,historical,1921,0.0,0.0,0.0,0.0,18.83,2
Stockholm,historical,1922,0.0,0.0,0.0,0.0,19.61,2
Stockholm,historical,1923,0.0,0.0,0.0,0.0,19.57,2
Stockholm,historical,1924,0.0,0.0,0.0,0.0,20.68,2
Stockholm,historical,1925,0.0,0.0,0.0,0.0,20.99,2
Stockholm,historical,1926,0.0,0.0,0.0,0.0,17.72,2
Stockholm,historical,1927,0.0,0.0,0.0,0.0,22.69,2
Stockholm,historical,1928,0.0,0.0,0.0,0.0,23.47,2
Stockholm,historical,1929,0.0,0.0,0.0,0.0,20.0,2
Stockholm,historical,1930,0.0,0.0,0.0,0.0,20.24,2
Stockholm,historical,1931,0.0,0.0,0.0,0.0,20.7,2
Stockholm,historical,1932,0.0,0.0,0.0,0.0,19.65,2
Stockholm,historical,1933,0.0,0.0,0.0,0.0,18.09,2
Stockholm,historical,1934,0.0,0.0,0.0,0.0,20.88,2
Stockholm,historical,1935,0.0,0.0,0.0,0.0,20.75,2
Stockholm,historical,1936,0.0,0.0,0.0,0.0,21.58,2
Stockholm,historical,1937,0.0,0.0,0.0,0.0,19.88,2
Stockholm,historical,1938,0.0,0.0,0.0,0.0,21.26,2
Stockholm,historical,1939,0.0,0.0,0.0,0.0,20.19,2
Stockholm,historical,1940,0.0,0.0,0.0,0.0,19.19,2
Stockholm,historical,1941,0.0,0.0,0.0,0.0,21.12,2
Stockholm,historical,1942,0.0,0.0,0.0,0.0,20.21,2
Stockholm,historical,1943,0.0,0.0,0.0,0.0,21.09,2
Stockholm,historical,1944,0.0,0.0,0.0,0.0,20.91,2
Stockholm,historical,1945,0.0,0.0,0.0,0.0,20.13,2
Stockholm,historical,1946,0.0,0.0,0.0,0.0,21.16,2
Stockholm,historical,1947,0.0,0.0,0.0,0.0,19.41,2
Stockholm,historical,1948,0.0,0.0,0.0,0.0,19.95,2
Stockholm,historical,1949,0.0,0.0,0.0,0.0,20.07,2
Stockholm,historical,1950,0.0,0.0,0.0,0.0,21.04,2
Stockholm,historical,1951,0.0,0.0,0.0,0.0,20.65,2
Stockholm,historical,1952,0.0,0.0,0.0,0.0,20.91,2
Stockholm,historical,1953,0.0,0.0,0.0,0.0,20.2,2
Stockholm,historical,1954,0.0,0.0,0.0,0.0,20.24,2
Stockholm,historical,1955,0.0,0.0,0.0,0.0,19.75,2
Stockholm,historical,1956,0.0,0.0,0.0,0.0,20.91,2
Stockholm,historical,1957,0.0,0.0,0.0,0.0,19.41,2
Stockholm,historical,1958,0.0,0.0,0.0,0.0,19.2,2
Stockholm,historical,1959,0.0,0.0,0.0,0.0,18.85,2
Stockholm,historical,1960,0.0,0.0,0.0,0.0,19.47,2
Stockholm,historical,1961,0.0,0.0,0.0,0.0,21.49,2
Stockholm,historical,1962,0.0,0.0,0.0,0.0,19.91,2
Stockholm,historical,1963,0.0,0.0,0.0,0.0,21.7,2
Stockholm,historical,1964,0.0,0.0,0.0,0.0,22.71,2
Stockholm,historical,1965,0.0,0.0,0.0,0.0,20.28,2
Stockholm,historical,1966,0.0,0.0,0.0,0.0,20.67,2
Stockholm,historical,1967,0.0,0.0,0.0,0.0,20.86,2
Stockholm,historical,1968,0.0,0.0,0.0,0.0,20.49,2
Stockholm,historical,1969,0.0,0.0,0.0,0.0,20.07,2
Stockholm,historical,1970,0.0,0.0,0.0,0.0,19.58,2
Stockholm,historical,1971,0.0,0.0,0.0,0.0,19.05,2
Stockholm,historical,1972,0.0,0.0,0.0,0.0,20.74,2
Stockholm,historical,1973,0.0,0.0,0.0,0.0,19.56,2
Stockholm,historical,1974,0.0,0.0,0.0,0.0,21.25,2
Stockholm,historical,1975,0.0,0.0,0.0,0.0,18.83,2
Stockholm,historical,1976,0.0,0.0,0.0,0.0,20.03,2
Stockholm,historical,1977,0.0,0.0,0.0,0.0,18.18,2
Stockholm,historical,1978,0.0,0.0,0.0,0.0,19.92,2
Stockholm,historical,1979,0.0,0.0,0.0,0.0,20.16,2
Stockholm,historical,1980,0.0,0.0,0.0,0.0,18.63,2
Stockholm,historical,1981,0.0,0.0,0.0,0.0,19.14,2
Stockholm,historical,1982,0.0,0.0,0.0,0.0,19.68,2
Stockholm,historical,1983,0.0,0.0,0.0,0.0,19.36,2
Stockholm,historical,1984,0.0,0.0,0.0,0.0,19.54,2
Stockholm,historical,1985,0.0,0.0,0.0,0.0,19.38,2
Stockholm,historical,1986,0.0,0.0,0.0,0.0,18.38,2
Stockholm,historical,1987,0.0,0.0,0.0,0.0,19.47,2
Stockholm,historical,1988,0.0,0.0,0.0,0.0,19.17,2
Stockholm,historical,1989,0.0,0.0,0.0,0.0,20.06,2
Stockholm,historical,1990,0.0,0.0,0.0,0.0,18.52,2
Stockholm,historical,1991,0.0,0.0,0.0,0.0,20.32,2
Stockholm,historical,1992,0.0,0.0,0.0,0.0,19.79,2
Stockholm,historical,1993,0.0,0.0,0.0,0.0,18.51,2
Stockholm,historical,1994,0.0,0.0,0.0,0.0,20.48,2
Stockholm,historical,1995,0.0,0.0,0.0,0.0,19.69,2
Stockholm,historical,1996,0.0,0.0,0.0,0.0,19.81,2
Stockholm,historical,1997,0.0,0.0,0.0,0.0,22.46,2
Stockholm,historical,1998,0.0,0.0,0.0,0.0,20.91,2
Stockholm,historical,1999,0.0,0.0,0.0,0.0,20.21,2
Stockholm,historical,2000,0.0,0.0,0.0,0.0,20.53,2
Stockholm,historical,2001,0.0,0.0,0.0,0.0,21.54,2
Stockholm,historical,2002,0.0,0.0,0.0,0.0,20.56,2
Stockholm,historical,2003,0.0,0.0,0.0,0.0,20.66,2
Stockholm,historical,2004,0.0,0.0,0.0,0.0,20.98,2
Stockholm,historical,2005,0.0,0.0,0.0,0.0,22.45,2
Stockholm,historical,2006,0.0,0.0,0.0,0.0,20.21,2
Stockholm,historical,2007,0.0,0.0,0.0,0.0,22.13,2
Stockholm,historical,2008,0.0,0.0,0.0,0.0,21.05,2
Stockholm,historical,2009,0.0,0.0,0.0,0.0,22.2,2
Stockholm,historical,2010,0.0,0.0,0.0,0.0,22.83,2
Stockholm,historical,2011,0.0,0.0,0.0,0.0,20.36,2
Stockholm,historical,2012,0.0,0.0,0.0,0.0,21.19,2
Stockholm,historical,2013,0.0,0.0,0.0,0.0,20.78,2
Stockholm,historical,2014,0.0,0.0,0.0,0.0,21.04,2
Stockholm,ssp585,2015,0.0,0.0,0.0,0.0,20.35,3
Stockholm,ssp585,2016,0.0,0.0,0.0,0.0,22.56,3
Stockholm,ssp585,2017,0.0,0.0,0.0,0.0,22.47,3
Stockholm,ssp585,2018,0.0,0.0,0.0,0.0,21.39,3
Stockholm,ssp585,2019,0.0,0.0,0.0,0.0,21.08,3
Stockholm,ssp585,2020,0.0,0.0,0.0,0.0,21.57,3
Stockholm,ssp585,2021,0.0,0.0,0.0,0.0,21.95,3
Stockholm,ssp585,2022,0.0,0.0,0.0,0.0,23.11,3
Stockholm,ssp585,2023,0.0,0.0,0.0,0.0,23.69,3
Stockholm,ssp585,2024,0.0,0.0,0.0,0.0,21.88,3
Stockholm,ssp585,2025,0.0,0.0,0.0,0.0,21.65,3
Stockholm,ssp585,2026,0.0,0.0,0.0,0.0,23.14,3
Stockholm,ssp585,2027,0.0,0.0,0.0,0.0,20.97,3
Stockholm,ssp585,2028,0.0,0.0,0.0,0.0,20.87,3
Stockholm,ssp585,2029,0.0,0.0,0.0,0.0,22.3,3
Stockholm,ssp585,2030,0.0,0.0,0.0,0.0,23.05,3
Stockholm,ssp585,2031,0.0,0.0,0.0,0.0,21.26,3
Stockholm,ssp585,2032,0.0,0.0,0.0,0.0,22.9,3
Stockholm,ssp585,2033,0.0,0.0,0.0,0.0,21.49,3
Stockholm,ssp585,2034,0.0,0.0,0.0,0.0,22.45,3
Stockholm,ssp585,2035,0.0,0.0,0.0,0.0,24.09,3
Stockholm,ssp585,2036,0.0,0.0,0.0,0.0,22.84,3
Stockholm,ssp585,2037,0.0,0.0,0.0,0.0,22.37,3
Stockholm,ssp585,2038,0.0,0.0,0.0,0.0,23.4,3
Stockholm,ssp585,2039,0.0,0.0,0.0,0.0,23.74,3
Stockholm,ssp585,2040,0.0,0.0,0.0,0.0,23.92,3
Stockholm,ssp585,2041,0.0,0.0,0.0,0.0,23.35,3
Stockholm,ssp585,2042,0.0,0.0,0.0,0.0,23.1,3
Stockholm,ssp585,2043,0.0,0.0,0.0,0.0,24.43,3
Stockholm,ssp585,2044,0.0,0.0,0.0,0.0,22.65,3
Stockholm,ssp585,2045,0.0,0.0,0.0,0.0,22.02,3
Stockholm,ssp585,2046,0.0,0.0,0.0,0.0,23.27,3
Stockholm,ssp585,2047,0.0,0.0,0.0,0.0,23.89,3
Stockholm,ssp585,2048,0.0,0.0,0.0,0.0,24.47,3
Stockholm,ssp585,2049,0.0,0.0,0.0,0.0,24.14,3
Stockholm,ssp585,2050,0.0,0.0,0.0,0.0,23.96,3
Stockholm,ssp585,2051,0.0,0.0,0.0,0.0,23.98,3
Stockholm,ssp585,2052,0.0,0.0,0.0,0.0,23.84,3
Stockholm,ssp585,2053,0.0,0.0,0.0,0.0,23.89,3
Stockholm,ssp585,2054,0.0,0.0,0.0,0.0,23.57,3
Stockholm,ssp585,2055,0.0,0.0,0.0,0.0,23.25,3
Stockholm,ssp585,2056,0.0,0.0,0.0,0.0,22.7,3
Stockholm,ssp585,2057,0.0,0.0,0.0,0.0,24.36,3
Stockholm,ssp585,2058,0.0,0.0,0.0,0.0,24.17,3
Stockholm,ssp585,2059,0.0,0.0,0.0,0.0,23.98,3
Stockholm,ssp585,2060,0.0,0.0,0.0,0.0,25.79,3
Stockholm,ssp585,2061,0.0,0.0,0.0,0.0,23.6,3
Stockholm,ssp585,2062,0.0,0.0,0.0,0.0,25.07,3
Stockholm,ssp585,2063,0.0,0.0,0.0,0.0,23.18,3
Stockholm,ssp585,2064,0.0,0.0,0.0,0.0,24.76,3
Stockholm,ssp585,2065,0.0,0.0,0.0,0.0,25.05,3
Stockholm,ssp585,2066,0.0,0.0,0.0,0.0,23.6,3
Stockholm,ssp585,2067,0.0,0.0,0.0,0.0,24.27,3
Stockholm,ssp585,2068,0.0,0.0,0.0,0.0,24.02,3
Stockholm,ssp585,2069,0.0,0.0,0.0,0.0,23.87,3
Stockholm,ssp585,2070,0.0,0.0,0.0,0.0,25.17,3
Stockholm,ssp585,2071,0.0,0.0,0.0,0.0,24.3,3
Stockholm,ssp585,2072,0.0,0.0,0.0,0.0,25.9,3
Stockholm,ssp585,2073,0.67,0.0,0.0,0.0,28.13,3
Stockholm,ssp585,2074,0.0,0.0,0.0,0.0,24.73,3
Stockholm,ssp585,2075,0.0,0.0,0.0,0.0,24.46,3
Stockholm,ssp585,2076,0.0,0.0,0.0,0.0,25.42,3
Stockholm,ssp585,2077,0.0,0.0,0.0,0.0,25.53,3
Stockholm,ssp585,2078,0.0,0.0,0.0,0.0,24.33,3
Stockholm,ssp585,2079,0.0,0.0,0.0,0.0,25.07,3
Stockholm,ssp585,2080,0.0,0.0,0.0,0.0,25.75,3
Stockholm,ssp585,2081,0.0,0.0,0.0,0.0,26.8,3
Stockholm,ssp585,2082,0.0,0.0,0.0,0.0,24.85,3
Stockholm,ssp585,2083,2.33,0.0,0.0,0.0,26.08,3
Stockholm,ssp585,2084,1.0,0.0,0.0,0.0,26.91,3
Stockholm,ssp585,2085,0.0,0.0,0.0,0.0,24.64,3
Stockholm,ssp585,2086,0.0,0.0,0.0,0.0,25.48,3
Stockholm,ssp585,2087,0.0,0.0,0.0,0.0,26.96,3
Stockholm,ssp585,2088,0.33,0.0,0.0,0.0,28.47,3
Stockholm,ssp585,2089,1.0,0.0,0.0,0.0,26.45,3
Stockholm,ssp585,2090,0.67,0.0,0.0,0.0,27.86,3
Stockholm,ssp585,2091,2.67,0.0,0.0,0.0,26.42,3
Stockholm,ssp585,2092,0.0,0.0,0.0,0.0,26.69,3
Stockholm,ssp585,2093,0.33,0.0,0.0,0.0,27.69,3
Stockholm,ssp585,2094,0.0,0.0,0.0,0.0,26.41,3
Stockholm,ssp585,2095,0.33,0.0,0.0,0.0,26.13,3
Stockholm,ssp585,2096,0.33,0.0,0.0,0.0,27.61,3
Stockholm,ssp585,2097,1.0,0.0,0.0,0.0,27.95,3
Stockholm,ssp585,2098,1.0,0.0,0.0,0.0,26.63,3
Stockholm,ssp585,2099,1.0,0.0,0.0,0.0,27.9,3
Stockholm,ssp585,2100,0.0,0.0,0.0,0.0,26.13,2
Sydney,historical,1850,13.5,1.5,0.0,0.5,35.01,2
Sydney,historical,1851,4.5,0.0,0.0,0.0,32.93,2
Sydney,historical,1852,12.0,1.5,0.0,0.5,35.22,2
Sydney,historical,1853,18.5,1.0,0.0,0.5,36.26,2
Sydney,historical,1854,7.5,0.5,0.0,0.5,33.23,2
Sydney,historical,1855,18.0,2.0,0.0,1.0,36.04,2
Sydney,historical,1856,8.0,0.0,0.0,0.0,32.71,2
Sydney,historical,1857,9.5,1.5,0.0,1.0,35.99,2
Sydney,historical,1858,9.5,1.0,0.0,0.5,34.53,2
Sydney,historical,1859,10.0,1.0,0.0,0.5,34.71,2
Sydney,historical,1860,8.5,1.5,0.0,1.5,35.09,2
Sydney,historical,1861,7.0,0.0,0.0,0.0,31.88,2
Sydney,historical,1862,10.0,0.0,0.0,0.0,33.97,2
Sydney,historical,1863,6.5,0.0,0.0,0.0,34.26,2
Sydney,historical,1864,14.0,0.0,0.0,0.0,34.39,2
Sydney,historical,1865,16.5,1.0,0.0,0.5,34.62,2
Sydney,historical,1866,12.0,0.0,0.0,0.0,32.53,2
Sydney,historical,1867,12.0,2.0,0.0,0.5,35.46,2
Sydney,historical,1868,13.5,0.5,0.0,0.5,35.07,2
Sydney,historical,1869,6.0,0.0,0.0,0.0,33.52,2
Sydney,historical,1870,19.0,2.0,0.0,1.0,35.5,2
Sydney,historical,1871,14.5,2.0,0.0,1.0,35.06,2
Sydney,historical,1872,11.5,1.0,0.0,0.5,34.89,2
Sydney,historical,1873,15.5,1.0,0.0,1.0,36.43,2
Sydney,historical,1874,13.5,0.5,0.0,0.5,35.26,2
Sydney,historical,1875,10.0,1.0,0.0,0.5,34.56,2
Sydney,historical,1876,12.5,0.5,0.0,0.5,33.91,2
Sydney,historical,1877,12.0,2.5,0.0,2.5,37.18,2
Sydney,historical,1878,6.5,1.0,0.0,1.0,35.8,2
Sydney,historical,1879,9.0,1.0,0.0,1.0,34.96,2
Sydney,historical,1880,14.5,0.5,0.0,0.5,35.12,2
Sydney,historical,1881,12.5,0.0,0.0,0.0,32.97,2
Sydney,historical,1882,26.5,2.5,0.0,1.0,36.54,2
Sydney,historical,1883,4.5,0.0,0.0,0.0,31.7,2
Sydney,historical,1884,9.5,0.5,0.0,0.5,34.81,2
Sydney,historical,1885,10.0,1.0,0.0,1.0,35.75,2
Sydney,historical,1886,3.0,0.0,0.0,0.0,29.98,2
Sydney,historical,1887,7.5,0.5,0.0,0.5,32.97,2
Sydney,historical,1888,16.5,1.0,0.0,0.5,34.3,2
Sydney,historical,1889,11.0,0.0,0.0,0.0,32.96,2
Sydney,historical,1890,9.0,0.5,0.0,0.5,34.68,2
Sydney,historical,1891,9.0,0.0,0.0,0.0,32.7,2
Sydney,historical,1892,11.0,0.0,0.0,0.0,32.43,2
Sydney,historical,1893,16.5,2.0,0.0,1.0,35.47,2
Sydney,historical,1894,12.5,1.0,0.0,0.5,33.19,2
Sydney,historical,1895,18.0,1.0,0.0,0.5,34.65,2
Sydney,historical,1896,6.5,0.5,0.0,0.5,34.53,2
Sydney,historical,1897,15.0,3.5,0.5,2.0,36.98,2
Sydney,historical,1898,5.0,0.0,0.0,0.0,33.52,2
Sydney,historical,1899,15.0,2.5,0.0,1.0,36.29,2
Sydney,historical,1900,18.0,1.0,0.0,0.5,34.49,2
Sydney,historical,1901,8.5,0.0,0.0,0.0,33.36,2
Sydney,historical,1902,9.0,1.5,0.0,1.0,34.02,2
Sydney,historical,1903,1.5,0.0,0.0,0.0,32.04,2
Sydney,historical,1904,18.5,1.0,0.0,0.5,34.92,2
Sydney,historical,1905,10.0,1.0,0.0,0.5,34.37,2
Sydney,historical,1906,5.5,0.0,0.0,0.0,33.25,2
Sydney,historical,1907,4.5,0.0,0.0,0.0,32.2,2
Sydney,historical,1908,3.5,0.0,0.0,0.0,32.5,2
Sydney,historical,1909,6.0,0.5,0.0,0.5,33.75,2
Sydney,historical,1910,19.5,7.0,0.0,1.5,36.35,2
Sydney,historical,1911,17.5,1.0,0.0,1.0,35.1,2
Sydney,historical,1912,15.5,1.0,0.0,0.5,35.25,2
Sydney,historical,1913,10.5,0.0,0.0,0.0,32.82,2
Sydney,historical,1914,19.0,1.0,0.0,1.0,35.24,2
Sydney,historical,1915,11.0,1.0,0.0,0.5,34.01,2
Sydney,historical,1916,17.0,0.0,0.0,0.0,33.8,2
Sydney,historical,1917,10.5,0.0,0.0,0.0,32.9,2
Sydney,historical,1918,11.0,0.5,0.0,0.5,33.9,2
Sydney,historical,1919,15.5,1.5,0.0,1.0,35.0,2
Sydney,historical,1920,7.5,0.5,0.0,0.5,32.73,2
Sydney,historical,1921,9.5,0.0,0.0,0.0,33.72,2
Sydney,historical,1922,13.5,1.0,0.0,1.0,35.49,2
Sydney,historical,1923,29.0,4.5,0.0,2.0,36.57,2
Sydney,historical,1924,6.5,0.0,0.0,0.0,32.77,2
Sydney,historical,1925,9.5,1.5,0.0,1.0,35.27,2
Sydney,historical,1926,15.0,3.5,0.0,2.0,37.16,2
Sydney,historical,1927,13.5,3.5,0.0,1.0,34.28,2
Sydney,historical,1928,10.0,1.0,0.0,1.0,35.09,2
Sydney,historical,1929,11.0,1.0,0.0,1.0,34.26,2
Sydney,historical,1930,5.5,0.5,0.0,0.5,33.11,2
Sydney,historical,1931,15.0,1.0,0.0,1.0,34.78,2
Sydney,historical,1932,18.5,5.0,0.0,1.5,35.2,2
Sydney,historical,1933,17.0,1.0,0.0,0.5,34.44,2
Sydney,historical,1934,11.0,0.0,0.0,0.0,33.99,2
Sydney,historical,1935,9.5,0.5,0.0,0.5,33.63,2
Sydney,historical,1936,7.5,1.5,0.0,1.0,35.55,2
Sydney,historical,1937,15.0,2.0,0.0,1.0,35.26,2
Sydney,historical,1938,17.0,0.0,0.0,0.0,33.93,2
Sydney,historical,1939,9.0,0.0,0.0,0.0,34.5,2
Sydney,historical,1940,15.5,3.5,0.0,1.5,35.04,2
Sydney,historical,1941,17.0,0.0,0.0,0.0,34.29,2
Sydney,historical,1942,10.0,0.0,0.0,0.0,33.89,2
Sydney,historical,1943,10.0,0.5,0.0,0.5,33.48,2
Sydney,historical,1944,5.5,0.5,0.0,0.5,33.08,2
Sydney,historical,1945,4.5,0.5,0.0,0.5,32.7,2
Sydney,historical,1946,9.5,0.0,0.0,0.0,32.7,2
Sydney,historical,1947,15.0,1.0,0.0,0.5,33.92,2
Sydney,historical,1948,16.5,1.5,0.0,1.0,34.22,2
Sydney,historical,1949,3.0,0.5,0.0,0.5,32.93,2
Sydney,historical,1950,7.5,0.0,0.0,0.0,32.11,2
Sydney,historical,1951,11.0,1.0,0.0,0.5,35.17,2
Sydney,historical,1952,9.5,1.0,0.0,1.0,34.91,2
Sydney,historical,1953,11.5,1.0,0.0,0.5,34.15,2
Sydney,historical,1954,12.0,1.5,0.0,1.0,34.75,2
Sydney,historical,1955,12.5,0.5,0.0,0.5,34.79,2
Sydney,historical,1956,8.5,0.0,0.0,0.0,33.36,2
Sydney,historical,1957,15.5,2.0,0.0,1.5,35.68,2
Sydney,historical,1958,18.5,2.0,0.0,1.0,35.18,2
Sydney,historical,1959,18.0,3.5,0.0,1.5,33.71,2
Sydney,historical,1960,17.0,1.5,0.0,1.5,35.36,2
Sydney,historical,1961,13.0,0.0,0.0,0.0,33.16,2
Sydney,historical,1962,8.0,0.0,0.0,0.0,32.52,2
Sydney,historical,1963,10.0,0.0,0.0,0.0,33.64,2
Sydney,historical,1964,8.5,0.0,0.0,0.0,31.73,2
Sydney,historical,1965,12.5,0.5,0.0,0.5,34.34,2
Sydney,historical,1966,9.0,0.5,0.0,0.5,35.51,2
Sydney,historical,1967,18.5,1.0,0.0,0.5,35.34,2
Sydney,historical,1968,14.0,0.5,0.0,0.5,35.17,2
Sydney,historical,1969,5.0,0.5,0.0,0.5,33.48,2
Sydney,historical,1970,9.0,0.5,0.0,0.5,35.9,2
Sydney,historical,1971,14.5,0.0,0.0,0.0,34.06,2
Sydney,historical,1972,26.0,2.5,0.0,1.5,35.34,2
Sydney,historical,1973,15.5,1.5,0.0,0.5,34.42,2
Sydney,historical,1974,10.0,1.0,0.0,1.0,34.73,2
Sydney,historical,1975,4.5,0.5,0.0,0.5,32.52,2
Sydney,historical,1976,14.0,0.0,0.0,0.0,34.29,2
Sydney,historical,1977,7.5,1.5,0.0,1.0,34.19,2
Sydney,historical,1978,9.5,0.0,0.0,0.0,31.75,2
Sydney,historical,1979,15.5,4.0,0.0,2.5,36.97,2
Sydney,historical,1980,11.5,0.5,0.0,0.5,33.79,2
Sydney,historical,1981,6.5,0.0,0.0,0.0,32.26,2
Sydney,historical,1982,13.5,2.0,0.5,1.0,35.99,2
Sydney,historical,1983,12.5,1.0,0.0,0.5,35.88,2
Sydney,historical,1984,12.0,0.0,0.0,0.0,33.78,2
Sydney,historical,1985,14.0,0.5,0.0,0.5,35.23,2
Sydney,historical,1986,9.5,1.5,0.0,0.5,34.62,2
Sydney,historical,1987,11.0,1.0,0.0,0.5,32.92,2
Sydney,historical,1988,9.5,1.0,0.0,0.5,33.18,2
Sydney,historical,1989,17.0,0.0,0.0,0.0,33.83,2
Sydney,historical,1990,7.0,0.0,0.0,0.0,31.93,2
Sydney,historical,1991,10.5,0.0,0.0,0.0,32.6,2
Sydney,historical,1992,10.0,0.0,0.0,0.0,34.68,2
Sydney,historical,1993,5.5,0.0,0.0,0.0,31.9,2
Sydney,historical,1994,11.5,2.0,0.0,1.0,33.84,2
Sydney,historical,1995,11.5,0.0,0.0,0.0,32.96,2
Sydney,historical,1996,16.5,1.0,0.0,1.0,35.6,2
Sydney,historical,1997,5.0,0.5,0.0,0.5,32.92,2
Sydney,historical,1998,14.0,0.0,0.0,0.0,34.32,2
Sydney,historical,1999,11.5,1.0,0.0,0.5,34.05,2
Sydney,historical,2000,18.5,0.5,0.0,0.5,35.1,2
Sydney,historical,2001,11.5,2.5,0.0,2.0,35.28,2
Sydney,historical,2002,12.5,0.5,0.0,0.5,34.71,2
Sydney,historical,2003,16.0,0.0,0.0,0.0,33.67,2
Sydney,historical,2004,19.5,0.0,0.0,0.0,33.8,2
Sydney,historical,2005,24.5,2.0,0.0,1.5,36.12,2
Sydney,historical,2006,15.5,2.0,0.0,1.5,36.58,2
Sydney,historical,2007,15.0,0.5,0.0,0.5,33.94,2
Sydney,historical,2008,15.0,3.0,0.0,1.0,34.52,2
Sydney,historical,2009,18.0,0.5,0.0,0.5,33.45,2
Sydney,historical,2010,19.0,1.0,0.0,1.0,35.29,2
Sydney,historical,2011,14.0,0.5,0.0,0.5,35.4,2
Sydney,historical,2012,7.0,0.0,0.0,0.0,33.63,2
Sydney,historical,2013,4.5,0.0,0.0,0.0,32.02,2
Sydney,historical,2014,8.0,0.0,0.0,0.0,33.31,2
Sydney,ssp585,2015,9.33,0.0,0.0,0.0,33.19,3
Sydney,ssp585,2016,12.0,0.0,0.0,0.0,33.19,3
Sydney,ssp585,2017,16.67,1.67,0.0,0.67,33.75,3
Sydney,ssp585,2018,15.0,0.0,0.0,0.0,32.99,3
Sydney,ssp585,2019,11.33,0.0,0.0,0.0,32.8,3
Sydney,ssp585,2020,9.67,1.0,0.0,0.33,33.74,3
Sydney,ssp585,2021,8.0,0.33,0.0,0.33,33.52,3
Sydney,ssp585,2022,10.67,0.0,0.0,0.0,33.25,3
Sydney,ssp585,2023,18.67,1.67,0.0,0.67,33.65,3
Sydney,ssp585,2024,22.0,2.0,0.33,1.0,35.5,3
Sydney,ssp585,2025,18.33,3.67,0.0,1.33,34.89,3
Sydney,ssp585,2026,13.33,1.0,0.0,0.67,34.59,3
Sydney,ssp585,2027,16.33,0.33,0.0,0.33,33.79,3
Sydney,ssp585,2028,14.0,1.0,0.0,1.0,33.06,3
Sydney,ssp585,2029,6.67,0.0,0.0,0.0,32.82,3
Sydney,ssp585,2030,14.67,0.33,0.0,0.33,33.85,3
Sydney,ssp585,2031,17.67,1.67,0.0,1.0,35.23,3
Sydney,ssp585,2032,10.33,0.67,0.0,0.33,34.33,3
Sydney,ssp585,2033,9.67,1.33,0.0,1.0,34.85,3
Sydney,ssp585,2034,12.0,0.67,0.0,0.67,34.69,3
Sydney,ssp585,2035,26.0,2.0,0.0,1.0,35.83,3
Sydney,ssp585,2036,14.67,0.33,0.0,0.33,33.81,3
Sydney,ssp585,2037,22.0,2.0,0.0,1.0,35.44,3
Sydney,ssp585,2038,12.67,0.33,0.0,0.33,34.2,3
Sydney,ssp585,2039,23.0,0.33,0.0,0.33,34.06,3
Sydney,ssp585,2040,37.0,6.0,0.0,1.33,36.74,3
Sydney,ssp585,2041,17.33,1.67,0.0,1.33,34.74,3
Sydney,ssp585,2042,17.67,0.67,0.0,0.67,34.9,3
Sydney,ssp585,2043,21.33,1.33,0.0,0.67,35.32,3
Sydney,ssp585,2044,28.0,1.0,0.0,0.33,34.87,3
Sydney,ssp585,2045,25.0,3.0,0.33,1.33,35.62,3
Sydney,ssp585,2046,16.33,0.67,0.0,0.33,34.85,3
Sydney,ssp585,2047,30.67,1.0,0.0,0.67,35.03,3
Sydney,ssp585,2048,32.33,3.0,0.0,2.0,36.47,3
Sydney,ssp585,2049,21.0,1.0,0.0,1.0,34.88,3
Sydney,ssp585,2050,21.0,3.33,0.0,2.33,36.77,3
Sydney,ssp585,2051,30.33,2.0,0.0,1.33,35.94,3
Sydney,ssp585,2052,26.33,2.67,0.0,1.0,34.75,3
Sydney,ssp585,2053,28.33,2.0,0.0,1.33,35.02,3
Sydney,ssp585,2054,19.0,2.67,0.0,1.67,36.92,3
Sydney,ssp585,2055,34.33,3.67,0.0,1.33,36.31,3
Sydney,ssp585,2056,32.0,1.0,0.0,0.67,36.13,3
Sydney,ssp585,2057,21.33,0.33,0.0,0.33,34.11,3
Sydney,ssp585,2058,29.67,4.33,0.0,3.33,36.66,3
Sydney,ssp585,2059,50.33,6.0,0.67,2.33,37.88,3
Sydney,ssp585,2060,35.0,2.0,0.0,1.0,35.93,3
Sydney,ssp585,2061,39.0,5.0,0.33,1.33,36.85,3
Sydney,ssp585,2062,38.67,5.33,0.0,1.67,36.15,3
Sydney,ssp585,2063,26.33,1.0,0.0,1.0,35.35,3
Sydney,ssp585,2064,35.0,4.33,0.0,1.33,35.69,3
Sydney,ssp585,2065,43.0,3.67,0.0,2.0,37.03,3
Sydney,ssp585,2066,36.67,1.67,0.0,0.67,36.14,3
Sydney,ssp585,2067,30.0,1.67,0.0,1.0,34.8,3
Sydney,ssp585,2068,39.67,2.0,0.0,1.0,35.63,3
Sydney,ssp585,2069,50.33,5.0,0.0,3.0,37.08,3
Sydney,ssp585,2070,44.33,7.0,0.0,2.33,38.19,3
Sydney,ssp585,2071,39.67,5.0,0.0,1.67,37.13,3
Sydney,ssp585,2072,35.0,1.67,0.0,1.33,35.5,3
Sydney,ssp585,2073,40.67,5.0,0.0,2.0,36.19,3
Sydney,ssp585,2074,46.0,5.0,0.0,1.67,37.09,3
Sydney,ssp585,2075,47.0,5.0,0.0,2.0,37.12,3
Sydney,ssp585,2076,52.0,6.67,0.0,1.67,37.28,3
Sydney,ssp585,2077,35.0,6.67,0.0,1.67,37.4,3
Sydney,ssp585,2078,54.0,7.67,0.33,2.33,37.83,3
Sydney,ssp585,2079,60.67,8.67,0.67,3.0,38.25,3
Sydney,ssp585,2080,50.33,6.33,0.0,2.33,37.38,3
Sydney,ssp585,2081,61.33,5.67,0.33,1.67,38.08,3
Sydney,ssp585,2082,48.0,6.67,0.0,2.33,37.04,3
Sydney,ssp585,2083,49.67,3.33,0.0,2.0,37.21,3
Sydney,ssp585,2084,48.0,3.0,0.0,1.67,35.78,3
Sydney,ssp585,2085,46.0,4.67,0.0,1.67,36.57,3
Sydney,ssp585,2086,54.33,8.33,1.0,5.33,38.91,3
Sydney,ssp585,2087,60.0,11.67,0.0,2.67,37.68,3
Sydney,ssp585,2088,63.0,6.33,0.0,2.67,37.36,3
Sydney,ssp585,2089,50.0,5.0,0.0,2.0,35.97,3
Sydney,ssp585,2090,59.33,8.67,0.0,4.0,37.77,3
Sydney,ssp585,2091,50.67,7.33,0.0,2.0,36.12,3
Sydney,ssp585,2092,72.33,15.0,0.33,3.67,38.54,3
Sydney,ssp585,2093,71.67,12.0,1.0,2.67,38.62,3
Sydney,ssp585,2094,65.33,7.33,0.0,2.67,36.76,3
Sydney,ssp585,2095,62.33,9.0,0.0,2.33,36.41,3
Sydney,ssp585,2096,75.0,12.0,0.0,3.0,37.79,3
Sydney,ssp585,2097,54.33,9.33,0.0,2.67,37.77,3
Sydney,ssp585,2098,75.67,12.0,0.0,2.67,38.85,3
Sydney,ssp585,2099,70.0,13.67,0.33,2.67,38.54,3
Sydney,ssp585,2100,46.5,4.5,0.0,2.5,37.95,2
Tokyo,historical,1850,0.0,0.0,0.0,0.0,26.82,2
Tokyo,historical,1851,0.0,0.0,0.0,0.0,27.37,2
Tokyo,historical,1852,0.0,0.0,0.0,0.0,27.26,2
Tokyo,historical,1853,0.0,0.0,0.0,0.0,25.75,2
Tokyo,historical,1854,0.0,0.0,0.0,0.0,26.57,2
Tokyo,historical,1855,0.0,0.0,0.0,0.0,27.37,2
Tokyo,historical,1856,0.0,0.0,0.0,0.0,26.47,2
Tokyo,historical,1857,0.0,0.0,0.0,0.0,26.63,2
Tokyo,historical,1858,0.0,0.0,0.0,0.0,27.29,2
Tokyo,historical,1859,0.0,0.0,0.0,0.0,26.89,2
Tokyo,historical,1860,0.0,0.0,0.0,0.0,27.16,2
Tokyo,historical,1861,0.0,0.0,0.0,0.0,27.3,2
Tokyo,historical,1862,0.0,0.0,0.0,0.0,26.18,2
Tokyo,historical,1863,0.0,0.0,0.0,0.0,26.14,2
Tokyo,historical,1864,0.0,0.0,0.0,0.0,26.93,2
Tokyo,historical,1865,0.0,0.0,0.0,0.0,26.74,2
Tokyo,historical,1866,0.0,0.0,0.0,0.0,27.07,2
Tokyo,historical,1867,0.0,0.0,0.0,0.0,27.08,2
Tokyo,historical,1868,0.0,0.0,0.0,0.0,27.81,2
Tokyo,historical,1869,0.0,0.0,0.0,0.0,27.88,2
Tokyo,historical,1870,0.0,0.0,0.0,0.0,27.37,2
Tokyo,historical,1871,0.0,0.0,0.0,0.0,26.84,2
Tokyo,historical,1872,0.0,0.0,0.0,0.0,26.32,2
Tokyo,historical,1873,0.0,0.0,0.0,0.0,27.24,2
Tokyo,historical,1874,0.0,0.0,0.0,0.0,26.9,2
Tokyo,historical,1875,0.0,0.0,0.0,0.0,27.19,2
Tokyo,historical,1876,0.0,0.0,0.0,0.0,26.85,2
Tokyo,historical,1877,0.0,0.0,0.0,0.0,27.33,2
Tokyo,historical,1878,0.0,0.0,0.0,0.0,26.67,2
Tokyo,historical,1879,0.0,0.0,0.0,0.0,27.36,2
Tokyo,historical,1880,0.0,0.0,0.0,0.0,26.6,2
Tokyo,historical,1881,0.0,0.0,0.0,0.0,26.87,2
Tokyo,historical,1882,0.0,0.0,0.0,0.0,27.12,2
Tokyo,historical,1883,0.0,0.0,0.0,0.0,26.94,2
Tokyo,historical,1884,0.0,0.0,0.0,0.0,26.37,2
Tokyo,historical,1885,0.0,0.0,0.0,0.0,26.2,2
Tokyo,historical,1886,0.0,0.0,0.0,0.0,27.01,2
Tokyo,historical,1887,0.0,0.0,0.0,0.0,27.02,2
Tokyo,historical,1888,0.0,0.0,0.0,0.0,26.7,2
Tokyo,historical,1889,0.0,0.0,0.0,0.0,26.8,2
Tokyo,historical,1890,0.0,0.0,0.0,0.0,27.11,2
Tokyo,historical,1891,0.0,0.0,0.0,0.0,26.66,2
Tokyo,historical,1892,0.0,0.0,0.0,0.0,26.36,2
Tokyo,historical,1893,0.0,0.0,0.0,0.0,26.7,2
Tokyo,historical,1894,0.0,0.0,0.0,0.0,27.19,2
Tokyo,historical,1895,0.0,0.0,0.0,0.0,26.77,2
Tokyo,historical,1896,0.0,0.0,0.0,0.0,27.15,2
Tokyo,historical,1897,0.0,0.0,0.0,0.0,27.3,2
Tokyo,historical,1898,0.0,0.0,0.0,0.0,26.74,2
Tokyo,historical,1899,0.0,0.0,0.0,0.0,27.14,2
Tokyo,historical,1900,0.0,0.0,0.0,0.0,27.2,2
Tokyo,historical,1901,0.0,0.0,0.0,0.0,27.06,2
Tokyo,historical,1902,0.0,0.0,0.0,0.0,27.59,2
Tokyo,historical,1903,0.0,0.0,0.0,0.0,26.39,2
Tokyo,historical,1904,0.0,0.0,0.0,0.0,26.3,2
Tokyo,historical,1905,0.0,0.0,0.0,0.0,26.88,2
Tokyo,historical,1906,0.0,0.0,0.0,0.0,27.36,2
Tokyo,historical,1907,0.0,0.0,0.0,0.0,26.97,2
Tokyo,historical,1908,0.0,0.0,0.0,0.0,27.31,2
Tokyo,historical,1909,0.0,0.0,0.0,0.0,26.9,2
Tokyo,historical,1910,0.0,0.0,0.0,0.0,26.72,2
Tokyo,historical,1911,0.0,0.0,0.0,0.0,27.0,2
Tokyo,historical,1912,0.0,0.0,0.0,0.0,26.41,2
Tokyo,historical,1913,0.0,0.0,0.0,0.0,26.56,2
Tokyo,historical,1914,0.0,0.0,0.0,0.0,26.93,2
Tokyo,historical,1915,0.0,0.0,0.0,0.0,27.42,2
Tokyo,historical,1916,0.0,0.0,0.0,0.0,26.73,2
Tokyo,historical,1917,0.0,0.0,0.0,0.0,26.76,2
Tokyo,historical,1918,0.0,0.0,0.0,0.0,26.07,2
Tokyo,historical,1919,0.0,0.0,0.0,0.0,26.79,2
Tokyo,historical,1920,0.0,0.0,0.0,0.0,26.41,2
Tokyo,historical,1921,0.0,0.0,0.0,0.0,27.02,2
Tokyo,historical,1922,0.0,0.0,0.0,0.0,25.93,2
Tokyo,historical,1923,0.0,0.0,0.0,0.0,26.22,2
Tokyo,historical,1924,0.0,0.0,0.0,0.0,27.17,2
Tokyo,historical,1925,0.0,0.0,0.0,0.0,27.8,2
Tokyo,historical,1926,0.0,0.0,0.0,0.0,27.04,2
Tokyo,historical,1927,0.0,0.0,0.0,0.0,26.08,2
Tokyo,historical,1928,0.0,0.0,0.0,0.0,26.66,2
Tokyo,historical,1929,0.0,0.0,0.0,0.0,27.23,2
Tokyo,historical,1930,0.0,0.0,0.0,0.0,26.48,2
Tokyo,historical,1931,0.0,0.0,0.0,0.0,27.27,2
Tokyo,historical,1932,0.0,0.0,0.0,0.0,27.21,2
Tokyo,historical,1933,0.0,0.0,0.0,0.0,26.73,2
Tokyo,historical,1934,0.0,0.0,0.0,0.0,26.67,2
Tokyo,historical,1935,0.0,0.0,0.0,0.0,27.47,2
Tokyo,historical,1936,0.0,0.0,0.0,0.0,27.18,2
Tokyo,historical,1937,0.0,0.0,0.0,0.0,26.38,2
Tokyo,historical,1938,0.0,0.0,0.0,0.0,26.84,2
Tokyo,historical,1939,0.0,0.0,0.0,0.0,26.83,2
Tokyo,historical,1940,0.0,0.0,0.0,0.0,27.08,2
Tokyo,historical,1941,0.0,0.0,0.0,0.0,27.3,2
Tokyo,historical,1942,0.0,0.0,0.0,0.0,26.86,2
Tokyo,historical,1943,0.0,0.0,0.0,0.0,27.01,2
Tokyo,historical,1944,0.0,0.0,0.0,0.0,27.42,2
Tokyo,historical,1945,0.0,0.0,0.0,0.0,27.03,2
Tokyo,historical,1946,0.0,0.0,0.0,0.0,27.57,2
Tokyo,historical,1947,0.0,0.0,0.0,0.0,26.7,2
Tokyo,historical,1948,0.0,0.0,0.0,0.0,26.84,2
Tokyo,historical,1949,0.0,0.0,0.0,0.0,27.31,2
Tokyo,historical,1950,0.0,0.0,0.0,0.0,27.61,2
Tokyo,historical,1951,0.0,0.0,0.0,0.0,27.2,2
Tokyo,historical,1952,0.0,0.0,0.0,0.0,26.55,2
Tokyo,historical,1953,0.0,0.0,0.0,0.0,25.96,2
Tokyo,historical,1954,0.0,0.0,0.0,0.0,26.54,2
Tokyo,historical,1955,0.0,0.0,0.0,0.0,26.92,2
Tokyo,historical,1956,0.0,0.0,0.0,0.0,27.22,2
Tokyo,historical,1957,0.0,0.0,0.0,0.0,26.76,2
Tokyo,historical,1958,0.0,0.0,0.0,0.0,26.68,2
Tokyo,historical,1959,0.0,0.0,0.0,0.0,26.73,2
Tokyo,historical,1960,0.0,0.0,0.0,0.0,26.47,2
Tokyo,historical,1961,0.0,0.0,0.0,0.0,27.37,2
Tokyo,historical,1962,0.0,0.0,0.0,0.0,26.66,2
Tokyo,historical,1963,0.0,0.0,0.0,0.0,26.8,2
Tokyo,historical,1964,0.0,0.0,0.0,0.0,27.42,2
Tokyo,historical,1965,0.0,0.0,0.0,0.0,27.05,2
Tokyo,historical,1966,0.0,0.0,0.0,0.0,26.83,2
Tokyo,historical,1967,0.0,0.0,0.0,0.0,27.25,2
Tokyo,historical,1968,0.0,0.0,0.0,0.0,26.77,2
Tokyo,historical,1969,0.0,0.0,0.0,0.0,27.01,2
Tokyo,historical,1970,0.0,0.0,0.0,0.0,26.36,2
Tokyo,historical,1971,0.0,0.0,0.0,0.0,26.82,2
Tokyo,historical,1972,0.0,0.0,0.0,0.0,27.14,2
Tokyo,historical,1973,0.0,0.0,0.0,0.0,27.81,2
Tokyo,historical,1974,0.0,0.0,0.0,0.0,27.08,2
Tokyo,historical,1975,0.0,0.0,0.0,0.0,27.22,2
Tokyo,historical,1976,0.0,0.0,0.0,0.0,26.75,2
Tokyo,historical,1977,0.0,0.0,0.0,0.0,26.55,2
Tokyo,historical,1978,0.0,0.0,0.0,0.0,27.26,2
Tokyo,historical,1979,0.0,0.0,0.0,0.0,26.91,2
Tokyo,historical,1980,0.0,0.0,0.0,0.0,27.37,2
Tokyo,historical,1981,0.0,0.0,0.0,0.0,26.84,2
Tokyo,historical,1982,0.0,0.0,0.0,0.0,27.21,2
Tokyo,historical,1983,0.0,0.0,0.0,0.0,26.45,2
Tokyo,historical,1984,0.0,0.0,0.0,0.0,26.86,2
Tokyo,historical,1985,0.0,0.0,0.0,0.0,26.97,2
Tokyo,historical,1986,0.0,0.0,0.0,0.0,27.01,2
Tokyo,historical,1987,0.0,0.0,0.0,0.0,26.85,2
Tokyo,historical,1988,0.0,0.0,0.0,0.0,27.2,2
Tokyo,historical,1989,0.0,0.0,0.0,0.0,27.13,2
Tokyo,historical,1990,0.0,0.0,0.0,0.0,28.35,2
Tokyo,historical,1991,0.0,0.0,0.0,0.0,27.15,2
Tokyo,historical,1992,0.0,0.0,0.0,0.0,26.58,2
Tokyo,historical,1993,0.0,0.0,0.0,0.0,26.69,2
Tokyo,historical,1994,0.0,0.0,0.0,0.0,26.81,2
Tokyo,historical,1995,0.0,0.0,0.0,0.0,26.34,2
Tokyo,historical,1996,0.0,0.0,0.0,0.0,27.19,2
Tokyo,historical,1997,0.0,0.0,0.0,0.0,27.78,2
Tokyo,historical,1998,0.0,0.0,0.0,0.0,27.33,2
Tokyo,historical,1999,0.0,0.0,0.0,0.0,26.64,2
Tokyo,historical,2000,0.0,0.0,0.0,0.0,27.67,2
Tokyo,historical,2001,0.0,0.0,0.0,0.0,27.33,2
Tokyo,historical,2002,0.0,0.0,0.0,0.0,27.49,2
Tokyo,historical,2003,0.0,0.0,0.0,0.0,27.78,2
Tokyo,historical,2004,0.0,0.0,0.0,0.0,27.31,2
Tokyo,historical,2005,0.0,0.0,0.0,0.0,27.39,2
Tokyo,historical,2006,0.0,0.0,0.0,0.0,27.63,2
Tokyo,historical,2007,0.0,0.0,0.0,0.0,27.93,2
Tokyo,historical,2008,0.0,0.0,0.0,0.0,27.82,2
Tokyo,historical,2009,0.0,0.0,0.0,0.0,27.75,2
Tokyo,historical,2010,0.0,0.0,0.0,0.0,28.44,2
Tokyo,historical,2011,0.0,0.0,0.0,0.0,27.09,2
Tokyo,historical,2012,0.0,0.0,0.0,0.0,27.91,2
Tokyo,historical,2013,0.0,0.0,0.0,0.0,27.95,2
Tokyo,historical,2014,0.0,0.0,0.0,0.0,28.33,2
Tokyo,ssp585,2015,3.33,0.0,0.0,0.0,28.88,3
Tokyo,ssp585,2016,0.33,0.0,0.0,0.0,28.56,3
Tokyo,ssp585,2017,0.0,0.0,0.0,0.0,28.29,3
Tokyo,ssp585,2018,0.67,0.0,0.0,0.0,28.55,3
Tokyo,ssp585,2019,1.0,0.0,0.0,0.0,28.86,3
Tokyo,ssp585,2020,4.33,0.0,0.0,0.0,29.2,3
Tokyo,ssp585,2021,5.33,0.0,0.0,0.0,29.41,3
Tokyo,ssp585,2022,0.33,0.0,0.0,0.0,28.44,3
Tokyo,ssp585,2023,4.0,0.0,0.0,0.0,29.13,3
Tokyo,ssp585,2024,8.67,0.0,0.0,0.0,29.4,3
Tokyo,ssp585,2025,2.67,0.0,0.0,0.0,29.41,3
Tokyo,ssp585,2026,3.0,0.0,0.0,0.0,29.72,3
Tokyo,ssp585,2027,10.67,0.0,0.0,0.0,29.03,3
Tokyo,ssp585,2028,3.0,0.0,0.0,0.0,29.43,3
Tokyo,ssp585,2029,2.33,0.0,0.0,0.0,29.43,3
Tokyo,ssp585,2030,5.0,0.0,0.0,0.0,29.25,3
Tokyo,ssp585,2031,6.67,0.0,0.0,0.0,29.48,3
Tokyo,ssp585,2032,6.67,0.0,0.0,0.0,28.93,3
Tokyo,ssp585,2033,7.33,0.0,0.0,0.0,29.36,3
Tokyo,ssp585,2034,9.0,0.0,0.0,0.0,30.2,3
Tokyo,ssp585,2035,9.0,0.0,0.0,0.0,29.51,3
Tokyo,ssp585,2036,9.67,0.0,0.0,0.0,30.01,3
Tokyo,ssp585,2037,6.67,0.0,0.0,0.0,29.67,3
Tokyo,ssp585,2038,4.67,0.0,0.0,0.0,29.81,3
Tokyo,ssp585,2039,17.33,0.0,0.0,0.0,29.37,3
Tokyo,ssp585,2040,6.0,0.0,0.0,0.0,29.86,3
Tokyo,ssp585,2041,16.0,0.0,0.0,0.0,29.78,3
Tokyo,ssp585,2042,12.33,0.0,0.0,0.0,29.29,3
Tokyo,ssp585,2043,10.33,0.0,0.0,0.0,29.75,3
Tokyo,ssp585,2044,11.0,0.0,0.0,0.0,29.59,3
Tokyo,ssp585,2045,1.67,0.0,0.0,0.0,29.57,3
Tokyo,ssp585,2046,18.33,0.0,0.0,0.0,30.85,3
Tokyo,ssp585,2047,15.0,0.0,0.0,0.0,29.79,3
Tokyo,ssp585,2048,7.33,0.0,0.0,0.0,30.15,3
Tokyo,ssp585,2049,14.33,0.0,0.0,0.0,30.25,3
Tokyo,ssp585,2050,14.33,0.0,0.0,0.0,30.61,3
Tokyo,ssp585,2051,15.0,0.0,0.0,0.0,30.42,3
Tokyo,ssp585,2052,16.67,0.33,0.0,0.33,30.87,3
Tokyo,ssp585,2053,20.0,0.0,0.0,0.0,30.47,3
Tokyo,ssp585,2054,21.0,0.0,0.0,0.0,30.6,3
Tokyo,ssp585,2055,6.0,0.0,0.0,0.0,30.14,3
Tokyo,ssp585,2056,11.67,0.0,0.0,0.0,30.28,3
Tokyo,ssp585,2057,13.33,0.33,0.0,0.33,31.01,3
Tokyo,ssp585,2058,7.0,0.0,0.0,0.0,30.47,3
Tokyo,ssp585,2059,12.67,0.0,0.0,0.0,30.23,3
Tokyo,ssp585,2060,13.0,0.0,0.0,0.0,30.9,3
Tokyo,ssp585,2061,16.0,0.0,0.0,0.0,30.52,3
Tokyo,ssp585,2062,18.67,1.33,0.0,1.33,32.07,3
Tokyo,ssp585,2063,14.33,0.0,0.0,0.0,30.68,3
Tokyo,ssp585,2064,15.33,0.33,0.0,0.33,31.23,3
Tokyo,ssp585,2065,20.33,0.0,0.0,0.0,31.44,3
Tokyo,ssp585,2066,20.0,0.33,0.0,0.33,31.67,3
Tokyo,ssp585,2067,21.0,0.0,0.0,0.0,31.1,3
Tokyo,ssp585,2068,15.0,0.0,0.0,0.0,31.08,3
Tokyo,ssp585,2069,21.67,0.0,0.0,0.0,31.52,3
Tokyo,ssp585,2070,23.67,0.0,0.0,0.0,31.18,3
Tokyo,ssp585,2071,16.0,0.0,0.0,0.0,31.42,3
Tokyo,ssp585,2072,25.33,0.33,0.0,0.33,31.88,3
Tokyo,ssp585,2073,25.33,5.33,0.0,3.33,31.94,3
Tokyo,ssp585,2074,27.0,0.67,0.0,0.67,31.65,3
Tokyo,ssp585,2075,27.0,0.0,0.0,0.0,31.49,3
Tokyo,ssp585,2076,31.67,0.0,0.0,0.0,31.96,3
Tokyo,ssp585,2077,19.67,0.0,0.0,0.0,31.41,3
Tokyo,ssp585,2078,23.0,0.33,0.0,0.33,32.36,3
Tokyo,ssp585,2079,29.67,0.0,0.0,0.0,31.67,3
Tokyo,ssp585,2080,28.67,0.0,0.0,0.0,31.16,3
Tokyo,ssp585,2081,31.0,0.67,0.0,0.67,32.38,3
Tokyo,ssp585,2082,28.0,1.33,0.0,0.67,32.21,3
Tokyo,ssp585,2083,36.67,1.33,0.0,1.33,32.82,3
Tokyo,ssp585,2084,32.0,1.0,0.0,0.67,32.42,3
Tokyo,ssp585,2085,26.67,3.33,0.0,3.33,32.16,3
Tokyo,ssp585,2086,28.67,2.67,0.0,1.67,32.5,3
Tokyo,ssp585,2087,33.0,0.33,0.0,0.33,32.07,3
Tokyo,ssp585,2088,36.33,4.67,0.0,3.33,32.68,3
Tokyo,ssp585,2089,44.33,0.33,0.0,0.33,32.55,3
Tokyo,ssp585,2090,47.33,6.0,0.0,5.0,33.28,3
Tokyo,ssp585,2091,34.33,7.33,0.0,4.67,32.9,3
Tokyo,ssp585,2092,34.33,0.0,0.0,0.0,31.77,3
Tokyo,ssp585,2093,35.33,2.0,0.0,1.0,32.44,3
Tokyo,ssp585,2094,37.67,2.67,0.0,0.67,32.35,3
Tokyo,ssp585,2095,36.33,1.33,0.0,0.67,32.34,3
Tokyo,ssp585,2096,38.33,11.0,0.0,5.67,33.43,3
Tokyo,ssp585,2097,44.67,6.0,0.0,2.33,32.75,3
Tokyo,ssp585,2098,46.67,3.67,0.0,2.0,32.6,3
Tokyo,ssp585,2099,34.67,4.0,0.0,2.67,32.46,3
Tokyo,ssp585,2100,29.0,0.0,0.0,0.0,31.62,2
