model,scenario,year,tas_C
CESM2,historical,1850,13.7633
CESM2,historical,1851,13.8073
CESM2,historical,1852,13.888
CESM2,historical,1853,13.8666
CESM2,historical,1854,13.7733
CESM2,historical,1855,13.8878
CESM2,historical,1856,13.9392
CESM2,historical,1857,13.8481
CESM2,historical,1858,14.0313
CESM2,historical,1859,14.1008
CESM2,historical,1860,13.8877
CESM2,historical,1861,14.0238
CESM2,historical,1862,13.6608
CESM2,historical,1863,13.7008
CESM2,historical,1864,13.9093
CESM2,historical,1865,14.0463
CESM2,historical,1866,13.8909
CESM2,historical,1867,13.8621
CESM2,historical,1868,14.0723
CESM2,historical,1869,14.0339
CESM2,historical,1870,14.0454
CESM2,historical,1871,14.1631
CESM2,historical,1872,13.8913
CESM2,historical,1873,14.1333
CESM2,historical,1874,14.1399
CESM2,historical,1875,14.0316
CESM2,historical,1876,14.1568
CESM2,historical,1877,14.1756
CESM2,historical,1878,13.9193
CESM2,historical,1879,14.0609
CESM2,historical,1880,14.2655
CESM2,historical,1881,14.2694
CESM2,historical,1882,14.2948
CESM2,historical,1883,14.3089
CESM2,historical,1884,13.9281
CESM2,historical,1885,13.8275
CESM2,historical,1886,13.8503
CESM2,historical,1887,13.9233
CESM2,historical,1888,13.9037
CESM2,historical,1889,14.1472
CESM2,historical,1890,13.9721
CESM2,historical,1891,14.1698
CESM2,historical,1892,14.2533
CESM2,historical,1893,14.3657
CESM2,historical,1894,14.154
CESM2,historical,1895,13.9878
CESM2,historical,1896,14.0966
CESM2,historical,1897,14.0864
CESM2,historical,1898,13.9269
CESM2,historical,1899,14.0367
CESM2,historical,1900,14.1341
CESM2,historical,1901,14.1268
CESM2,historical,1902,13.922
CESM2,historical,1903,13.7599
CESM2,historical,1904,13.949
CESM2,historical,1905,13.927
CESM2,historical,1906,14.0024
CESM2,historical,1907,14.0237
CESM2,historical,1908,14.1284
CESM2,historical,1909,14.0488
CESM2,historical,1910,14.056
CESM2,historical,1911,14.0765
CESM2,historical,1912,14.0453
CESM2,historical,1913,13.9705
CESM2,historical,1914,14.1222
CESM2,historical,1915,13.9182
CESM2,historical,1916,14.0301
CESM2,historical,1917,14.0777
CESM2,historical,1918,14.3116
CESM2,historical,1919,14.1783
CESM2,historical,1920,14.2656
CESM2,historical,1921,14.1972
CESM2,historical,1922,14.2339
CESM2,historical,1923,14.1742
CESM2,historical,1924,14.175
CESM2,historical,1925,14.28
CESM2,historical,1926,14.4048
CESM2,historical,1927,14.1123
CESM2,historical,1928,14.1957
CESM2,historical,1929,14.1772
CESM2,historical,1930,14.0559
CESM2,historical,1931,14.0787
CESM2,historical,1932,14.1215
CESM2,historical,1933,14.1129
CESM2,historical,1934,14.0545
CESM2,historical,1935,14.2189
CESM2,historical,1936,14.1223
CESM2,historical,1937,14.0343
CESM2,historical,1938,14.1092
CESM2,historical,1939,14.0498
CESM2,historical,1940,14.1502
CESM2,historical,1941,14.0914
CESM2,historical,1942,14.2064
CESM2,historical,1943,14.3019
CESM2,historical,1944,14.3024
CESM2,historical,1945,14.1107
CESM2,historical,1946,14.1179
CESM2,historical,1947,14.0122
CESM2,historical,1948,13.9842
CESM2,historical,1949,14.126
CESM2,historical,1950,14.138
CESM2,historical,1951,14.1483
CESM2,historical,1952,14.3834
CESM2,historical,1953,14.2693
CESM2,historical,1954,14.2436
CESM2,historical,1955,14.2673
CESM2,historical,1956,14.2169
CESM2,historical,1957,14.2312
CESM2,historical,1958,14.0991
CESM2,historical,1959,14.1704
CESM2,historical,1960,14.3203
CESM2,historical,1961,14.202
CESM2,historical,1962,14.2035
CESM2,historical,1963,14.3218
CESM2,historical,1964,14.0035
CESM2,historical,1965,13.9482
CESM2,historical,1966,13.9854
CESM2,historical,1967,13.7773
CESM2,historical,1968,13.98
CESM2,historical,1969,14.1087
CESM2,historical,1970,14.3614
CESM2,historical,1971,14.326
CESM2,historical,1972,14.3475
CESM2,historical,1973,14.2547
CESM2,historical,1974,14.2176
CESM2,historical,1975,14.1797
CESM2,historical,1976,14.0875
CESM2,historical,1977,14.3302
CESM2,historical,1978,14.4151
CESM2,historical,1979,14.3385
CESM2,historical,1980,14.2736
CESM2,historical,1981,14.3391
CESM2,historical,1982,14.2903
CESM2,historical,1983,14.2646
CESM2,historical,1984,14.4349
CESM2,historical,1985,14.3887
CESM2,historical,1986,14.3535
CESM2,historical,1987,14.5075
CESM2,historical,1988,14.4823
CESM2,historical,1989,14.5498
CESM2,historical,1990,14.6249
CESM2,historical,1991,14.421
CESM2,historical,1992,14.2427
CESM2,historical,1993,14.5593
CESM2,historical,1994,14.8261
CESM2,historical,1995,14.4289
CESM2,historical,1996,14.5404
CESM2,historical,1997,14.739
CESM2,historical,1998,14.6128
CESM2,historical,1999,14.6093
CESM2,historical,2000,14.6633
CESM2,historical,2001,14.8257
CESM2,historical,2002,15.0309
CESM2,historical,2003,15.0217
CESM2,historical,2004,15.0255
CESM2,historical,2005,15.0538
CESM2,historical,2006,15.1207
CESM2,historical,2007,15.1586
CESM2,historical,2008,15.167
CESM2,historical,2009,15.0726
CESM2,historical,2010,15.1627
CESM2,historical,2011,15.1402
CESM2,historical,2012,14.926
CESM2,historical,2013,14.861
CESM2,historical,2014,15.1568
CESM2,ssp126,2015,15.3163
CESM2,ssp126,2016,15.2038
CESM2,ssp126,2017,15.2121
CESM2,ssp126,2018,15.2884
CESM2,ssp126,2019,15.2363
CESM2,ssp126,2020,15.231
CESM2,ssp126,2021,15.187
CESM2,ssp126,2022,15.4229
CESM2,ssp126,2023,15.4772
CESM2,ssp126,2024,15.4484
CESM2,ssp126,2025,15.5985
CESM2,ssp126,2026,15.675
CESM2,ssp126,2027,15.5835
CESM2,ssp126,2028,15.6857
CESM2,ssp126,2029,15.5738
CESM2,ssp126,2030,15.5791
CESM2,ssp126,2031,15.6907
CESM2,ssp126,2032,15.565
CESM2,ssp126,2033,15.7054
CESM2,ssp126,2034,15.8671
CESM2,ssp126,2035,15.8205
CESM2,ssp126,2036,15.9992
CESM2,ssp126,2037,15.9675
CESM2,ssp126,2038,15.8442
CESM2,ssp126,2039,16.0133
CESM2,ssp126,2040,16.2135
CESM2,ssp126,2041,16.1317
CESM2,ssp126,2042,15.8196
CESM2,ssp126,2043,15.8538
CESM2,ssp126,2044,15.9649
CESM2,ssp126,2045,16.0165
CESM2,ssp126,2046,16.0794
CESM2,ssp126,2047,16.161
CESM2,ssp126,2048,15.9559
CESM2,ssp126,2049,16.1268
CESM2,ssp126,2050,16.243
CESM2,ssp126,2051,16.1671
CESM2,ssp126,2052,16.097
CESM2,ssp126,2053,16.0746
CESM2,ssp126,2054,16.0624
CESM2,ssp126,2055,15.7751
CESM2,ssp126,2056,15.9818
CESM2,ssp126,2057,16.1546
CESM2,ssp126,2058,15.943
CESM2,ssp126,2059,16.0981
CESM2,ssp126,2060,16.2148
CESM2,ssp126,2061,16.1308
CESM2,ssp126,2062,16.3204
CESM2,ssp126,2063,16.2479
CESM2,ssp126,2064,16.3497
CESM2,ssp126,2065,16.2974
CESM2,ssp126,2066,16.3101
CESM2,ssp126,2067,16.2041
CESM2,ssp126,2068,16.2947
CESM2,ssp126,2069,16.3856
CESM2,ssp126,2070,16.376
CESM2,ssp126,2071,16.105
CESM2,ssp126,2072,16.2993
CESM2,ssp126,2073,16.4126
CESM2,ssp126,2074,16.2248
CESM2,ssp126,2075,16.4596
CESM2,ssp126,2076,16.3427
CESM2,ssp126,2077,16.1119
CESM2,ssp126,2078,16.3092
CESM2,ssp126,2079,16.3649
CESM2,ssp126,2080,16.3209
CESM2,ssp126,2081,16.3607
CESM2,ssp126,2082,16.4267
CESM2,ssp126,2083,16.3606
CESM2,ssp126,2084,16.4253
CESM2,ssp126,2085,16.3945
CESM2,ssp126,2086,16.3518
CESM2,ssp126,2087,16.2731
CESM2,ssp126,2088,16.3057
CESM2,ssp126,2089,16.2143
CESM2,ssp126,2090,16.3924
CESM2,ssp126,2091,16.3415
CESM2,ssp126,2092,16.2525
CESM2,ssp126,2093,16.2717
CESM2,ssp126,2094,16.3504
CESM2,ssp126,2095,16.3696
CESM2,ssp126,2096,16.351
CESM2,ssp126,2097,16.4604
CESM2,ssp126,2098,16.2873
CESM2,ssp126,2099,16.3153
CESM2,ssp126,2100,16.4284
CESM2,ssp245,2015,15.2611
CESM2,ssp245,2016,15.0353
CESM2,ssp245,2017,15.1594
CESM2,ssp245,2018,15.1843
CESM2,ssp245,2019,14.959
CESM2,ssp245,2020,15.1538
CESM2,ssp245,2021,15.2598
CESM2,ssp245,2022,15.2361
CESM2,ssp245,2023,15.4576
CESM2,ssp245,2024,15.4284
CESM2,ssp245,2025,15.4868
CESM2,ssp245,2026,15.5579
CESM2,ssp245,2027,15.6351
CESM2,ssp245,2028,15.5601
CESM2,ssp245,2029,15.506
CESM2,ssp245,2030,15.525
CESM2,ssp245,2031,15.7643
CESM2,ssp245,2032,15.6901
CESM2,ssp245,2033,15.5475
CESM2,ssp245,2034,15.7325
CESM2,ssp245,2035,15.6269
CESM2,ssp245,2036,15.5359
CESM2,ssp245,2037,15.7406
CESM2,ssp245,2038,15.8753
CESM2,ssp245,2039,16.0545
CESM2,ssp245,2040,15.9545
CESM2,ssp245,2041,15.7623
CESM2,ssp245,2042,15.9392
CESM2,ssp245,2043,16.2007
CESM2,ssp245,2044,16.2088
CESM2,ssp245,2045,15.9733
CESM2,ssp245,2046,16.0602
CESM2,ssp245,2047,16.2122
CESM2,ssp245,2048,16.3132
CESM2,ssp245,2049,16.2991
CESM2,ssp245,2050,16.4819
CESM2,ssp245,2051,16.3556
CESM2,ssp245,2052,16.3194
CESM2,ssp245,2053,16.4948
CESM2,ssp245,2054,16.4508
CESM2,ssp245,2055,16.569
CESM2,ssp245,2056,16.747
CESM2,ssp245,2057,16.54
CESM2,ssp245,2058,16.3675
CESM2,ssp245,2059,16.5006
CESM2,ssp245,2060,16.5498
CESM2,ssp245,2061,16.4781
CESM2,ssp245,2062,16.533
CESM2,ssp245,2063,16.5087
CESM2,ssp245,2064,16.8282
CESM2,ssp245,2065,16.7399
CESM2,ssp245,2066,16.5746
CESM2,ssp245,2067,16.7248
CESM2,ssp245,2068,16.8197
CESM2,ssp245,2069,16.7917
CESM2,ssp245,2070,16.8047
CESM2,ssp245,2071,16.5791
CESM2,ssp245,2072,16.6423
CESM2,ssp245,2073,17.0026
CESM2,ssp245,2074,17.0289
CESM2,ssp245,2075,17.1238
CESM2,ssp245,2076,16.8573
CESM2,ssp245,2077,17.0107
CESM2,ssp245,2078,17.0687
CESM2,ssp245,2079,16.9536
CESM2,ssp245,2080,17.0973
CESM2,ssp245,2081,17.1624
CESM2,ssp245,2082,17.0589
CESM2,ssp245,2083,17.0307
CESM2,ssp245,2084,16.9756
CESM2,ssp245,2085,17.1403
CESM2,ssp245,2086,17.1577
CESM2,ssp245,2087,17.2244
CESM2,ssp245,2088,17.0361
CESM2,ssp245,2089,17.2585
CESM2,ssp245,2090,17.2579
CESM2,ssp245,2091,17.3623
CESM2,ssp245,2092,17.5158
CESM2,ssp245,2093,17.5123
CESM2,ssp245,2094,17.4591
CESM2,ssp245,2095,17.4539
CESM2,ssp245,2096,17.4993
CESM2,ssp245,2097,17.5334
CESM2,ssp245,2098,17.2401
CESM2,ssp245,2099,17.3865
CESM2,ssp245,2100,17.6466
CESM2,ssp585,2015,15.314
CESM2,ssp585,2016,14.9531
CESM2,ssp585,2017,14.949
CESM2,ssp585,2018,15.189
CESM2,ssp585,2019,15.362
CESM2,ssp585,2020,15.2572
CESM2,ssp585,2021,15.3679
CESM2,ssp585,2022,15.408
CESM2,ssp585,2023,15.4839
CESM2,ssp585,2024,15.3776
CESM2,ssp585,2025,15.271
CESM2,ssp585,2026,15.4109
CESM2,ssp585,2027,15.724
CESM2,ssp585,2028,15.7948
CESM2,ssp585,2029,15.8167
CESM2,ssp585,2030,15.6674
CESM2,ssp585,2031,15.6191
CESM2,ssp585,2032,15.8986
CESM2,ssp585,2033,15.9959
CESM2,ssp585,2034,16.0147
CESM2,ssp585,2035,16.1382
CESM2,ssp585,2036,16.0496
CESM2,ssp585,2037,16.1401
CESM2,ssp585,2038,16.1077
CESM2,ssp585,2039,16.1548
CESM2,ssp585,2040,16.2246
CESM2,ssp585,2041,16.2668
CESM2,ssp585,2042,16.3701
CESM2,ssp585,2043,16.4607
CESM2,ssp585,2044,16.2387
CESM2,ssp585,2045,16.2727
CESM2,ssp585,2046,16.586
CESM2,ssp585,2047,16.7017
CESM2,ssp585,2048,16.7394
CESM2,ssp585,2049,16.8844
CESM2,ssp585,2050,16.9757
CESM2,ssp585,2051,16.8606
CESM2,ssp585,2052,16.907
CESM2,ssp585,2053,16.8994
CESM2,ssp585,2054,16.8933
CESM2,ssp585,2055,17.0661
CESM2,ssp585,2056,17.1697
CESM2,ssp585,2057,17.1004
CESM2,ssp585,2058,17.3397
CESM2,ssp585,2059,17.2701
CESM2,ssp585,2060,17.3304
CESM2,ssp585,2061,17.371
CESM2,ssp585,2062,17.3904
CESM2,ssp585,2063,17.5525
CESM2,ssp585,2064,17.4173
CESM2,ssp585,2065,17.6495
CESM2,ssp585,2066,17.8661
CESM2,ssp585,2067,17.9459
CESM2,ssp585,2068,17.8482
CESM2,ssp585,2069,17.7508
CESM2,ssp585,2070,17.9751
CESM2,ssp585,2071,18.1518
CESM2,ssp585,2072,18.0044
CESM2,ssp585,2073,18.2961
CESM2,ssp585,2074,18.2583
CESM2,ssp585,2075,18.3645
CESM2,ssp585,2076,18.4578
CESM2,ssp585,2077,18.5387
CESM2,ssp585,2078,18.7431
CESM2,ssp585,2079,18.6911
CESM2,ssp585,2080,18.8583
CESM2,ssp585,2081,18.8389
CESM2,ssp585,2082,18.6881
CESM2,ssp585,2083,18.8814
CESM2,ssp585,2084,19.0257
CESM2,ssp585,2085,19.1675
CESM2,ssp585,2086,19.1203
CESM2,ssp585,2087,19.348
CESM2,ssp585,2088,19.2383
CESM2,ssp585,2089,19.3775
CESM2,ssp585,2090,19.4003
CESM2,ssp585,2091,19.454
CESM2,ssp585,2092,19.6382
CESM2,ssp585,2093,19.7732
CESM2,ssp585,2094,19.9161
CESM2,ssp585,2095,19.95
CESM2,ssp585,2096,20.0145
CESM2,ssp585,2097,20.0566
CESM2,ssp585,2098,20.0455
CESM2,ssp585,2099,20.2451
CESM2,ssp585,2100,20.408
GFDL-ESM4,historical,1850,13.3262
GFDL-ESM4,historical,1851,13.24
GFDL-ESM4,historical,1852,13.4502
GFDL-ESM4,historical,1853,13.4969
GFDL-ESM4,historical,1854,13.2848
GFDL-ESM4,historical,1855,13.2098
GFDL-ESM4,historical,1856,13.4358
GFDL-ESM4,historical,1857,13.4853
GFDL-ESM4,historical,1858,13.3262
GFDL-ESM4,historical,1859,13.3755
GFDL-ESM4,historical,1860,13.2942
GFDL-ESM4,historical,1861,13.2101
GFDL-ESM4,historical,1862,13.2243
GFDL-ESM4,historical,1863,13.2612
GFDL-ESM4,historical,1864,13.3959
GFDL-ESM4,historical,1865,13.4807
GFDL-ESM4,historical,1866,13.4784
GFDL-ESM4,historical,1867,13.4414
GFDL-ESM4,historical,1868,13.3683
GFDL-ESM4,historical,1869,13.3845
GFDL-ESM4,historical,1870,13.4227
GFDL-ESM4,historical,1871,13.4211
GFDL-ESM4,historical,1872,13.4757
GFDL-ESM4,historical,1873,13.3671
GFDL-ESM4,historical,1874,13.4771
GFDL-ESM4,historical,1875,13.4752
GFDL-ESM4,historical,1876,13.3731
GFDL-ESM4,historical,1877,13.3926
GFDL-ESM4,historical,1878,13.397
GFDL-ESM4,historical,1879,13.5646
GFDL-ESM4,historical,1880,13.4103
GFDL-ESM4,historical,1881,13.3702
GFDL-ESM4,historical,1882,13.2858
GFDL-ESM4,historical,1883,13.3873
GFDL-ESM4,historical,1884,13.033
GFDL-ESM4,historical,1885,13.0854
GFDL-ESM4,historical,1886,13.1789
GFDL-ESM4,historical,1887,13.2405
GFDL-ESM4,historical,1888,13.4695
GFDL-ESM4,historical,1889,13.535
GFDL-ESM4,historical,1890,13.445
GFDL-ESM4,historical,1891,13.4634
GFDL-ESM4,historical,1892,13.4613
GFDL-ESM4,historical,1893,13.5165
GFDL-ESM4,historical,1894,13.5326
GFDL-ESM4,historical,1895,13.5716
GFDL-ESM4,historical,1896,13.6452
GFDL-ESM4,historical,1897,13.611
GFDL-ESM4,historical,1898,13.5566
GFDL-ESM4,historical,1899,13.7135
GFDL-ESM4,historical,1900,13.7647
GFDL-ESM4,historical,1901,13.5413
GFDL-ESM4,historical,1902,13.4941
GFDL-ESM4,historical,1903,13.3769
GFDL-ESM4,historical,1904,13.6603
GFDL-ESM4,historical,1905,13.6379
GFDL-ESM4,historical,1906,13.5674
GFDL-ESM4,historical,1907,13.5836
GFDL-ESM4,historical,1908,13.6006
GFDL-ESM4,historical,1909,13.7534
GFDL-ESM4,historical,1910,13.7703
GFDL-ESM4,historical,1911,13.7701
GFDL-ESM4,historical,1912,13.4082
GFDL-ESM4,historical,1913,13.3225
GFDL-ESM4,historical,1914,13.6108
GFDL-ESM4,historical,1915,13.6736
GFDL-ESM4,historical,1916,13.6496
GFDL-ESM4,historical,1917,13.5917
GFDL-ESM4,historical,1918,13.6683
GFDL-ESM4,historical,1919,13.7814
GFDL-ESM4,historical,1920,13.7939
GFDL-ESM4,historical,1921,13.5905
GFDL-ESM4,historical,1922,13.6504
GFDL-ESM4,historical,1923,13.736
GFDL-ESM4,historical,1924,13.6402
GFDL-ESM4,historical,1925,13.5924
GFDL-ESM4,historical,1926,13.5494
GFDL-ESM4,historical,1927,13.7047
GFDL-ESM4,historical,1928,13.805
GFDL-ESM4,historical,1929,13.7202
GFDL-ESM4,historical,1930,13.659
GFDL-ESM4,historical,1931,13.7423
GFDL-ESM4,historical,1932,13.8163
GFDL-ESM4,historical,1933,13.7658
GFDL-ESM4,historical,1934,13.6503
GFDL-ESM4,historical,1935,13.6395
GFDL-ESM4,historical,1936,13.5691
GFDL-ESM4,historical,1937,13.5368
GFDL-ESM4,historical,1938,13.6331
GFDL-ESM4,historical,1939,13.697
GFDL-ESM4,historical,1940,13.7205
GFDL-ESM4,historical,1941,13.5115
GFDL-ESM4,historical,1942,13.523
GFDL-ESM4,historical,1943,13.6447
GFDL-ESM4,historical,1944,13.5709
GFDL-ESM4,historical,1945,13.3529
GFDL-ESM4,historical,1946,13.4419
GFDL-ESM4,historical,1947,13.6401
GFDL-ESM4,historical,1948,13.548
GFDL-ESM4,historical,1949,13.4995
GFDL-ESM4,historical,1950,13.5909
GFDL-ESM4,historical,1951,13.4948
GFDL-ESM4,historical,1952,13.5165
GFDL-ESM4,historical,1953,13.6332
GFDL-ESM4,historical,1954,13.6304
GFDL-ESM4,historical,1955,13.5661
GFDL-ESM4,historical,1956,13.5066
GFDL-ESM4,historical,1957,13.5515
GFDL-ESM4,historical,1958,13.6779
GFDL-ESM4,historical,1959,13.7364
GFDL-ESM4,historical,1960,13.6212
GFDL-ESM4,historical,1961,13.5501
GFDL-ESM4,historical,1962,13.5723
GFDL-ESM4,historical,1963,13.4349
GFDL-ESM4,historical,1964,13.1361
GFDL-ESM4,historical,1965,13.2384
GFDL-ESM4,historical,1966,13.4687
GFDL-ESM4,historical,1967,13.542
GFDL-ESM4,historical,1968,13.5297
GFDL-ESM4,historical,1969,13.507
GFDL-ESM4,historical,1970,13.4466
GFDL-ESM4,historical,1971,13.4689
GFDL-ESM4,historical,1972,13.6619
GFDL-ESM4,historical,1973,13.7008
GFDL-ESM4,historical,1974,13.5599
GFDL-ESM4,historical,1975,13.4002
GFDL-ESM4,historical,1976,13.5545
GFDL-ESM4,historical,1977,13.6788
GFDL-ESM4,historical,1978,13.5957
GFDL-ESM4,historical,1979,13.5415
GFDL-ESM4,historical,1980,13.4924
GFDL-ESM4,historical,1981,13.6648
GFDL-ESM4,historical,1982,13.7534
GFDL-ESM4,historical,1983,13.4961
GFDL-ESM4,historical,1984,13.4067
GFDL-ESM4,historical,1985,13.4919
GFDL-ESM4,historical,1986,13.6566
GFDL-ESM4,historical,1987,13.6818
GFDL-ESM4,historical,1988,13.6213
GFDL-ESM4,historical,1989,13.7346
GFDL-ESM4,historical,1990,13.9972
GFDL-ESM4,historical,1991,13.9955
GFDL-ESM4,historical,1992,13.3322
GFDL-ESM4,historical,1993,13.4111
GFDL-ESM4,historical,1994,13.6595
GFDL-ESM4,historical,1995,13.6427
GFDL-ESM4,historical,1996,13.7238
GFDL-ESM4,historical,1997,13.8054
GFDL-ESM4,historical,1998,13.8601
GFDL-ESM4,historical,1999,13.9006
GFDL-ESM4,historical,2000,14.0135
GFDL-ESM4,historical,2001,14.1363
GFDL-ESM4,historical,2002,14.0854
GFDL-ESM4,historical,2003,14.0177
GFDL-ESM4,historical,2004,14.1019
GFDL-ESM4,historical,2005,14.0392
GFDL-ESM4,historical,2006,13.9515
GFDL-ESM4,historical,2007,14.006
GFDL-ESM4,historical,2008,14.0903
GFDL-ESM4,historical,2009,14.1918
GFDL-ESM4,historical,2010,14.0961
GFDL-ESM4,historical,2011,14.1144
GFDL-ESM4,historical,2012,14.2887
GFDL-ESM4,historical,2013,14.3955
GFDL-ESM4,historical,2014,14.1258
GFDL-ESM4,ssp126,2015,14.1917
GFDL-ESM4,ssp126,2016,14.2585
GFDL-ESM4,ssp126,2017,14.4329
GFDL-ESM4,ssp126,2018,14.2406
GFDL-ESM4,ssp126,2019,14.3389
GFDL-ESM4,ssp126,2020,14.5452
GFDL-ESM4,ssp126,2021,14.6776
GFDL-ESM4,ssp126,2022,14.4646
GFDL-ESM4,ssp126,2023,14.3999
GFDL-ESM4,ssp126,2024,14.4639
GFDL-ESM4,ssp126,2025,14.6507
GFDL-ESM4,ssp126,2026,14.6299
GFDL-ESM4,ssp126,2027,14.4834
GFDL-ESM4,ssp126,2028,14.5448
GFDL-ESM4,ssp126,2029,14.7178
GFDL-ESM4,ssp126,2030,14.6866
GFDL-ESM4,ssp126,2031,14.6785
GFDL-ESM4,ssp126,2032,14.5786
GFDL-ESM4,ssp126,2033,14.7722
GFDL-ESM4,ssp126,2034,14.787
GFDL-ESM4,ssp126,2035,14.589
GFDL-ESM4,ssp126,2036,14.652
GFDL-ESM4,ssp126,2037,14.7931
GFDL-ESM4,ssp126,2038,14.6707
GFDL-ESM4,ssp126,2039,14.6638
GFDL-ESM4,ssp126,2040,14.6148
GFDL-ESM4,ssp126,2041,14.8266
GFDL-ESM4,ssp126,2042,14.8102
GFDL-ESM4,ssp126,2043,14.8198
GFDL-ESM4,ssp126,2044,14.6607
GFDL-ESM4,ssp126,2045,14.7566
GFDL-ESM4,ssp126,2046,14.8794
GFDL-ESM4,ssp126,2047,14.7739
GFDL-ESM4,ssp126,2048,14.7465
GFDL-ESM4,ssp126,2049,14.896
GFDL-ESM4,ssp126,2050,14.8023
GFDL-ESM4,ssp126,2051,14.8133
GFDL-ESM4,ssp126,2052,14.8135
GFDL-ESM4,ssp126,2053,14.741
GFDL-ESM4,ssp126,2054,14.8615
GFDL-ESM4,ssp126,2055,14.9704
GFDL-ESM4,ssp126,2056,14.9109
GFDL-ESM4,ssp126,2057,14.8007
GFDL-ESM4,ssp126,2058,14.6778
GFDL-ESM4,ssp126,2059,14.7616
GFDL-ESM4,ssp126,2060,14.9231
GFDL-ESM4,ssp126,2061,14.9782
GFDL-ESM4,ssp126,2062,14.8583
GFDL-ESM4,ssp126,2063,14.7872
GFDL-ESM4,ssp126,2064,14.7763
GFDL-ESM4,ssp126,2065,14.8161
GFDL-ESM4,ssp126,2066,14.9793
GFDL-ESM4,ssp126,2067,14.8538
GFDL-ESM4,ssp126,2068,14.9694
GFDL-ESM4,ssp126,2069,14.9986
GFDL-ESM4,ssp126,2070,14.8964
GFDL-ESM4,ssp126,2071,14.8211
GFDL-ESM4,ssp126,2072,14.8462
GFDL-ESM4,ssp126,2073,14.7636
GFDL-ESM4,ssp126,2074,14.8045
GFDL-ESM4,ssp126,2075,14.7462
GFDL-ESM4,ssp126,2076,14.6361
GFDL-ESM4,ssp126,2077,14.9236
GFDL-ESM4,ssp126,2078,15.0703
GFDL-ESM4,ssp126,2079,14.8301
GFDL-ESM4,ssp126,2080,14.9315
GFDL-ESM4,ssp126,2081,14.8155
GFDL-ESM4,ssp126,2082,15.0604
GFDL-ESM4,ssp126,2083,14.8992
GFDL-ESM4,ssp126,2084,14.6795
GFDL-ESM4,ssp126,2085,14.769
GFDL-ESM4,ssp126,2086,14.9656
GFDL-ESM4,ssp126,2087,14.838
GFDL-ESM4,ssp126,2088,14.8482
GFDL-ESM4,ssp126,2089,14.8835
GFDL-ESM4,ssp126,2090,14.8859
GFDL-ESM4,ssp126,2091,14.814
GFDL-ESM4,ssp126,2092,14.8512
GFDL-ESM4,ssp126,2093,14.8175
GFDL-ESM4,ssp126,2094,14.7187
GFDL-ESM4,ssp126,2095,14.5833
GFDL-ESM4,ssp126,2096,14.6408
GFDL-ESM4,ssp126,2097,14.9081
GFDL-ESM4,ssp126,2098,14.768
GFDL-ESM4,ssp126,2099,14.7882
GFDL-ESM4,ssp126,2100,14.787
GFDL-ESM4,ssp245,2015,14.1587
GFDL-ESM4,ssp245,2016,14.3421
GFDL-ESM4,ssp245,2017,14.5082
GFDL-ESM4,ssp245,2018,14.5888
GFDL-ESM4,ssp245,2019,14.5747
GFDL-ESM4,ssp245,2020,14.323
GFDL-ESM4,ssp245,2021,14.386
GFDL-ESM4,ssp245,2022,14.5759
GFDL-ESM4,ssp245,2023,14.6647
GFDL-ESM4,ssp245,2024,14.5833
GFDL-ESM4,ssp245,2025,14.5826
GFDL-ESM4,ssp245,2026,14.6984
GFDL-ESM4,ssp245,2027,14.6068
GFDL-ESM4,ssp245,2028,14.5858
GFDL-ESM4,ssp245,2029,14.5888
GFDL-ESM4,ssp245,2030,14.7464
GFDL-ESM4,ssp245,2031,14.6472
GFDL-ESM4,ssp245,2032,14.6759
GFDL-ESM4,ssp245,2033,14.5542
GFDL-ESM4,ssp245,2034,14.6467
GFDL-ESM4,ssp245,2035,14.7866
GFDL-ESM4,ssp245,2036,14.8212
GFDL-ESM4,ssp245,2037,14.8829
GFDL-ESM4,ssp245,2038,14.8495
GFDL-ESM4,ssp245,2039,14.8047
GFDL-ESM4,ssp245,2040,14.7539
GFDL-ESM4,ssp245,2041,14.7953
GFDL-ESM4,ssp245,2042,14.6744
GFDL-ESM4,ssp245,2043,14.7778
GFDL-ESM4,ssp245,2044,14.8171
GFDL-ESM4,ssp245,2045,14.7989
GFDL-ESM4,ssp245,2046,14.8922
GFDL-ESM4,ssp245,2047,14.9872
GFDL-ESM4,ssp245,2048,14.8597
GFDL-ESM4,ssp245,2049,15.0442
GFDL-ESM4,ssp245,2050,14.9559
GFDL-ESM4,ssp245,2051,15.0157
GFDL-ESM4,ssp245,2052,15.0108
GFDL-ESM4,ssp245,2053,15.1991
GFDL-ESM4,ssp245,2054,15.004
GFDL-ESM4,ssp245,2055,15.1031
GFDL-ESM4,ssp245,2056,15.2612
GFDL-ESM4,ssp245,2057,15.3329
GFDL-ESM4,ssp245,2058,15.0015
GFDL-ESM4,ssp245,2059,15.2247
GFDL-ESM4,ssp245,2060,15.3405
GFDL-ESM4,ssp245,2061,15.3979
GFDL-ESM4,ssp245,2062,15.1752
GFDL-ESM4,ssp245,2063,15.264
GFDL-ESM4,ssp245,2064,15.347
GFDL-ESM4,ssp245,2065,15.1495
GFDL-ESM4,ssp245,2066,15.1892
GFDL-ESM4,ssp245,2067,15.3147
GFDL-ESM4,ssp245,2068,15.3568
GFDL-ESM4,ssp245,2069,15.2982
GFDL-ESM4,ssp245,2070,15.1734
GFDL-ESM4,ssp245,2071,15.2643
GFDL-ESM4,ssp245,2072,15.4497
GFDL-ESM4,ssp245,2073,15.4542
GFDL-ESM4,ssp245,2074,15.3743
GFDL-ESM4,ssp245,2075,15.457
GFDL-ESM4,ssp245,2076,15.5517
GFDL-ESM4,ssp245,2077,15.6666
GFDL-ESM4,ssp245,2078,15.4669
GFDL-ESM4,ssp245,2079,15.5293
GFDL-ESM4,ssp245,2080,15.6246
GFDL-ESM4,ssp245,2081,15.4583
GFDL-ESM4,ssp245,2082,15.6997
GFDL-ESM4,ssp245,2083,15.6716
GFDL-ESM4,ssp245,2084,15.4791
GFDL-ESM4,ssp245,2085,15.6713
GFDL-ESM4,ssp245,2086,15.7973
GFDL-ESM4,ssp245,2087,15.4157
GFDL-ESM4,ssp245,2088,15.6022
GFDL-ESM4,ssp245,2089,15.704
GFDL-ESM4,ssp245,2090,15.6409
GFDL-ESM4,ssp245,2091,15.4673
GFDL-ESM4,ssp245,2092,15.7143
GFDL-ESM4,ssp245,2093,15.603
GFDL-ESM4,ssp245,2094,15.6895
GFDL-ESM4,ssp245,2095,15.8749
GFDL-ESM4,ssp245,2096,15.5557
GFDL-ESM4,ssp245,2097,15.7485
GFDL-ESM4,ssp245,2098,15.7856
GFDL-ESM4,ssp245,2099,15.6094
GFDL-ESM4,ssp245,2100,15.7954
GFDL-ESM4,ssp585,2015,14.1066
GFDL-ESM4,ssp585,2016,14.3234
GFDL-ESM4,ssp585,2017,14.4957
GFDL-ESM4,ssp585,2018,14.3507
GFDL-ESM4,ssp585,2019,14.3094
GFDL-ESM4,ssp585,2020,14.2818
GFDL-ESM4,ssp585,2021,14.4928
GFDL-ESM4,ssp585,2022,14.624
GFDL-ESM4,ssp585,2023,14.375
GFDL-ESM4,ssp585,2024,14.3661
GFDL-ESM4,ssp585,2025,14.5549
GFDL-ESM4,ssp585,2026,14.5531
GFDL-ESM4,ssp585,2027,14.438
GFDL-ESM4,ssp585,2028,14.6712
GFDL-ESM4,ssp585,2029,14.7395
GFDL-ESM4,ssp585,2030,14.4621
GFDL-ESM4,ssp585,2031,14.6697
GFDL-ESM4,ssp585,2032,14.7582
GFDL-ESM4,ssp585,2033,14.7179
GFDL-ESM4,ssp585,2034,14.6022
GFDL-ESM4,ssp585,2035,14.6169
GFDL-ESM4,ssp585,2036,14.8831
GFDL-ESM4,ssp585,2037,14.8884
GFDL-ESM4,ssp585,2038,14.8518
GFDL-ESM4,ssp585,2039,14.9115
GFDL-ESM4,ssp585,2040,15.005
GFDL-ESM4,ssp585,2041,14.9145
GFDL-ESM4,ssp585,2042,14.8879
GFDL-ESM4,ssp585,2043,15.0399
GFDL-ESM4,ssp585,2044,15.1913
GFDL-ESM4,ssp585,2045,15.2085
GFDL-ESM4,ssp585,2046,14.9529
GFDL-ESM4,ssp585,2047,15.0672
GFDL-ESM4,ssp585,2048,15.3038
GFDL-ESM4,ssp585,2049,15.3815
GFDL-ESM4,ssp585,2050,15.1923
GFDL-ESM4,ssp585,2051,15.328
GFDL-ESM4,ssp585,2052,15.4285
GFDL-ESM4,ssp585,2053,15.4112
GFDL-ESM4,ssp585,2054,15.556
GFDL-ESM4,ssp585,2055,15.6479
GFDL-ESM4,ssp585,2056,15.4188
GFDL-ESM4,ssp585,2057,15.5604
GFDL-ESM4,ssp585,2058,15.6191
GFDL-ESM4,ssp585,2059,15.6988
GFDL-ESM4,ssp585,2060,15.5854
GFDL-ESM4,ssp585,2061,15.8003
GFDL-ESM4,ssp585,2062,15.8546
GFDL-ESM4,ssp585,2063,15.7321
GFDL-ESM4,ssp585,2064,16.0477
GFDL-ESM4,ssp585,2065,15.9906
GFDL-ESM4,ssp585,2066,15.9352
GFDL-ESM4,ssp585,2067,16.0898
GFDL-ESM4,ssp585,2068,15.9814
GFDL-ESM4,ssp585,2069,16.2249
GFDL-ESM4,ssp585,2070,16.1687
GFDL-ESM4,ssp585,2071,16.2129
GFDL-ESM4,ssp585,2072,16.1125
GFDL-ESM4,ssp585,2073,16.2721
GFDL-ESM4,ssp585,2074,16.4112
GFDL-ESM4,ssp585,2075,16.3596
GFDL-ESM4,ssp585,2076,16.3033
GFDL-ESM4,ssp585,2077,16.4234
GFDL-ESM4,ssp585,2078,16.6918
GFDL-ESM4,ssp585,2079,16.5493
GFDL-ESM4,ssp585,2080,16.4572
GFDL-ESM4,ssp585,2081,16.7322
GFDL-ESM4,ssp585,2082,16.8501
GFDL-ESM4,ssp585,2083,16.6678
GFDL-ESM4,ssp585,2084,16.8625
GFDL-ESM4,ssp585,2085,16.8791
GFDL-ESM4,ssp585,2086,16.9097
GFDL-ESM4,ssp585,2087,16.8357
GFDL-ESM4,ssp585,2088,16.9459
GFDL-ESM4,ssp585,2089,17.3072
GFDL-ESM4,ssp585,2090,17.1256
GFDL-ESM4,ssp585,2091,17.2112
GFDL-ESM4,ssp585,2092,17.2366
GFDL-ESM4,ssp585,2093,17.297
GFDL-ESM4,ssp585,2094,17.2412
GFDL-ESM4,ssp585,2095,17.362
GFDL-ESM4,ssp585,2096,17.4006
GFDL-ESM4,ssp585,2097,17.1869
GFDL-ESM4,ssp585,2098,17.4855
GFDL-ESM4,ssp585,2099,17.6806
GFDL-ESM4,ssp585,2100,17.56
MPI-ESM1-2-LR,historical,1850,13.4789
MPI-ESM1-2-LR,historical,1851,13.5625
MPI-ESM1-2-LR,historical,1852,13.4599
MPI-ESM1-2-LR,historical,1853,13.4985
MPI-ESM1-2-LR,historical,1854,13.4638
MPI-ESM1-2-LR,historical,1855,13.4775
MPI-ESM1-2-LR,historical,1856,13.5326
MPI-ESM1-2-LR,historical,1857,13.5324
MPI-ESM1-2-LR,historical,1858,13.4694
MPI-ESM1-2-LR,historical,1859,13.4642
MPI-ESM1-2-LR,historical,1860,13.5039
MPI-ESM1-2-LR,historical,1861,13.4557
MPI-ESM1-2-LR,historical,1862,13.3848
MPI-ESM1-2-LR,historical,1863,13.4282
MPI-ESM1-2-LR,historical,1864,13.4186
MPI-ESM1-2-LR,historical,1865,13.4216
MPI-ESM1-2-LR,historical,1866,13.3903
MPI-ESM1-2-LR,historical,1867,13.5478
MPI-ESM1-2-LR,historical,1868,13.5194
MPI-ESM1-2-LR,historical,1869,13.4739
MPI-ESM1-2-LR,historical,1870,13.3654
MPI-ESM1-2-LR,historical,1871,13.3199
MPI-ESM1-2-LR,historical,1872,13.527
MPI-ESM1-2-LR,historical,1873,13.7612
MPI-ESM1-2-LR,historical,1874,13.4604
MPI-ESM1-2-LR,historical,1875,13.4584
MPI-ESM1-2-LR,historical,1876,13.7152
MPI-ESM1-2-LR,historical,1877,13.6702
MPI-ESM1-2-LR,historical,1878,13.4045
MPI-ESM1-2-LR,historical,1879,13.3854
MPI-ESM1-2-LR,historical,1880,13.3701
MPI-ESM1-2-LR,historical,1881,13.4796
MPI-ESM1-2-LR,historical,1882,13.4685
MPI-ESM1-2-LR,historical,1883,13.3326
MPI-ESM1-2-LR,historical,1884,13.1974
MPI-ESM1-2-LR,historical,1885,13.3558
MPI-ESM1-2-LR,historical,1886,13.2363
MPI-ESM1-2-LR,historical,1887,13.2559
MPI-ESM1-2-LR,historical,1888,13.4756
MPI-ESM1-2-LR,historical,1889,13.5572
MPI-ESM1-2-LR,historical,1890,13.5655
MPI-ESM1-2-LR,historical,1891,13.6149
MPI-ESM1-2-LR,historical,1892,13.4622
MPI-ESM1-2-LR,historical,1893,13.554
MPI-ESM1-2-LR,historical,1894,13.4522
MPI-ESM1-2-LR,historical,1895,13.6044
MPI-ESM1-2-LR,historical,1896,13.6689
MPI-ESM1-2-LR,historical,1897,13.4962
MPI-ESM1-2-LR,historical,1898,13.554
MPI-ESM1-2-LR,historical,1899,13.579
MPI-ESM1-2-LR,historical,1900,13.6095
MPI-ESM1-2-LR,historical,1901,13.7261
MPI-ESM1-2-LR,historical,1902,13.6593
MPI-ESM1-2-LR,historical,1903,13.5039
MPI-ESM1-2-LR,historical,1904,13.4239
MPI-ESM1-2-LR,historical,1905,13.5649
MPI-ESM1-2-LR,historical,1906,13.4503
MPI-ESM1-2-LR,historical,1907,13.4721
MPI-ESM1-2-LR,historical,1908,13.4278
MPI-ESM1-2-LR,historical,1909,13.552
MPI-ESM1-2-LR,historical,1910,13.6214
MPI-ESM1-2-LR,historical,1911,13.6464
MPI-ESM1-2-LR,historical,1912,13.623
MPI-ESM1-2-LR,historical,1913,13.7164
MPI-ESM1-2-LR,historical,1914,13.8314
MPI-ESM1-2-LR,historical,1915,13.5814
MPI-ESM1-2-LR,historical,1916,13.5243
MPI-ESM1-2-LR,historical,1917,13.5058
MPI-ESM1-2-LR,historical,1918,13.5421
MPI-ESM1-2-LR,historical,1919,13.6379
MPI-ESM1-2-LR,historical,1920,13.5194
MPI-ESM1-2-LR,historical,1921,13.5454
MPI-ESM1-2-LR,historical,1922,13.7508
MPI-ESM1-2-LR,historical,1923,13.7471
MPI-ESM1-2-LR,historical,1924,13.4431
MPI-ESM1-2-LR,historical,1925,13.5825
MPI-ESM1-2-LR,historical,1926,13.5794
MPI-ESM1-2-LR,historical,1927,13.7024
MPI-ESM1-2-LR,historical,1928,13.6782
MPI-ESM1-2-LR,historical,1929,13.6319
MPI-ESM1-2-LR,historical,1930,13.5427
MPI-ESM1-2-LR,historical,1931,13.6579
MPI-ESM1-2-LR,historical,1932,13.655
MPI-ESM1-2-LR,historical,1933,13.7756
MPI-ESM1-2-LR,historical,1934,13.8946
MPI-ESM1-2-LR,historical,1935,13.7934
MPI-ESM1-2-LR,historical,1936,13.7963
MPI-ESM1-2-LR,historical,1937,13.8012
MPI-ESM1-2-LR,historical,1938,13.8385
MPI-ESM1-2-LR,historical,1939,13.8564
MPI-ESM1-2-LR,historical,1940,13.7435
MPI-ESM1-2-LR,historical,1941,13.6993
MPI-ESM1-2-LR,historical,1942,13.7798
MPI-ESM1-2-LR,historical,1943,13.8432
MPI-ESM1-2-LR,historical,1944,13.7564
MPI-ESM1-2-LR,historical,1945,13.693
MPI-ESM1-2-LR,historical,1946,13.8338
MPI-ESM1-2-LR,historical,1947,13.9498
MPI-ESM1-2-LR,historical,1948,13.8294
MPI-ESM1-2-LR,historical,1949,13.5683
MPI-ESM1-2-LR,historical,1950,13.6585
MPI-ESM1-2-LR,historical,1951,13.7062
MPI-ESM1-2-LR,historical,1952,13.818
MPI-ESM1-2-LR,historical,1953,13.7369
MPI-ESM1-2-LR,historical,1954,13.6408
MPI-ESM1-2-LR,historical,1955,13.6936
MPI-ESM1-2-LR,historical,1956,13.6407
MPI-ESM1-2-LR,historical,1957,13.8792
MPI-ESM1-2-LR,historical,1958,13.8081
MPI-ESM1-2-LR,historical,1959,13.6522
MPI-ESM1-2-LR,historical,1960,13.902
MPI-ESM1-2-LR,historical,1961,13.8884
MPI-ESM1-2-LR,historical,1962,13.7367
MPI-ESM1-2-LR,historical,1963,13.8387
MPI-ESM1-2-LR,historical,1964,13.7899
MPI-ESM1-2-LR,historical,1965,13.9307
MPI-ESM1-2-LR,historical,1966,13.8097
MPI-ESM1-2-LR,historical,1967,13.8863
MPI-ESM1-2-LR,historical,1968,13.7358
MPI-ESM1-2-LR,historical,1969,13.7187
MPI-ESM1-2-LR,historical,1970,13.9776
MPI-ESM1-2-LR,historical,1971,13.8816
MPI-ESM1-2-LR,historical,1972,13.8069
MPI-ESM1-2-LR,historical,1973,13.8133
MPI-ESM1-2-LR,historical,1974,13.7187
MPI-ESM1-2-LR,historical,1975,13.7086
MPI-ESM1-2-LR,historical,1976,13.7465
MPI-ESM1-2-LR,historical,1977,13.9716
MPI-ESM1-2-LR,historical,1978,13.9653
MPI-ESM1-2-LR,historical,1979,13.9273
MPI-ESM1-2-LR,historical,1980,14.0655
MPI-ESM1-2-LR,historical,1981,13.8267
MPI-ESM1-2-LR,historical,1982,13.8263
MPI-ESM1-2-LR,historical,1983,13.9644
MPI-ESM1-2-LR,historical,1984,14.183
MPI-ESM1-2-LR,historical,1985,14.0048
MPI-ESM1-2-LR,historical,1986,13.9151
MPI-ESM1-2-LR,historical,1987,13.9522
MPI-ESM1-2-LR,historical,1988,14.2148
MPI-ESM1-2-LR,historical,1989,14.2055
MPI-ESM1-2-LR,historical,1990,14.1432
MPI-ESM1-2-LR,historical,1991,14.1926
MPI-ESM1-2-LR,historical,1992,13.8986
MPI-ESM1-2-LR,historical,1993,13.9382
MPI-ESM1-2-LR,historical,1994,14.0111
MPI-ESM1-2-LR,historical,1995,14.3116
MPI-ESM1-2-LR,historical,1996,14.4321
MPI-ESM1-2-LR,historical,1997,14.4072
MPI-ESM1-2-LR,historical,1998,14.3047
MPI-ESM1-2-LR,historical,1999,14.398
MPI-ESM1-2-LR,historical,2000,14.3378
MPI-ESM1-2-LR,historical,2001,14.4108
MPI-ESM1-2-LR,historical,2002,14.4613
MPI-ESM1-2-LR,historical,2003,14.6386
MPI-ESM1-2-LR,historical,2004,14.6822
MPI-ESM1-2-LR,historical,2005,14.6659
MPI-ESM1-2-LR,historical,2006,14.7028
MPI-ESM1-2-LR,historical,2007,14.6668
MPI-ESM1-2-LR,historical,2008,14.4061
MPI-ESM1-2-LR,historical,2009,14.3733
MPI-ESM1-2-LR,historical,2010,14.5095
MPI-ESM1-2-LR,historical,2011,14.5511
MPI-ESM1-2-LR,historical,2012,14.4681
MPI-ESM1-2-LR,historical,2013,14.39
MPI-ESM1-2-LR,historical,2014,14.5146
MPI-ESM1-2-LR,ssp126,2015,14.4348
MPI-ESM1-2-LR,ssp126,2016,14.4016
MPI-ESM1-2-LR,ssp126,2017,14.6196
MPI-ESM1-2-LR,ssp126,2018,14.636
MPI-ESM1-2-LR,ssp126,2019,14.6897
MPI-ESM1-2-LR,ssp126,2020,14.8566
MPI-ESM1-2-LR,ssp126,2021,14.9917
MPI-ESM1-2-LR,ssp126,2022,14.8055
MPI-ESM1-2-LR,ssp126,2023,14.699
MPI-ESM1-2-LR,ssp126,2024,14.6702
MPI-ESM1-2-LR,ssp126,2025,14.6705
MPI-ESM1-2-LR,ssp126,2026,14.8453
MPI-ESM1-2-LR,ssp126,2027,14.8477
MPI-ESM1-2-LR,ssp126,2028,14.8284
MPI-ESM1-2-LR,ssp126,2029,14.8734
MPI-ESM1-2-LR,ssp126,2030,15.0044
MPI-ESM1-2-LR,ssp126,2031,14.9939
MPI-ESM1-2-LR,ssp126,2032,14.7592
MPI-ESM1-2-LR,ssp126,2033,14.7422
MPI-ESM1-2-LR,ssp126,2034,14.7456
MPI-ESM1-2-LR,ssp126,2035,14.9129
MPI-ESM1-2-LR,ssp126,2036,15.0819
MPI-ESM1-2-LR,ssp126,2037,15.0373
MPI-ESM1-2-LR,ssp126,2038,15.0008
MPI-ESM1-2-LR,ssp126,2039,14.8768
MPI-ESM1-2-LR,ssp126,2040,14.8503
MPI-ESM1-2-LR,ssp126,2041,15.0349
MPI-ESM1-2-LR,ssp126,2042,15.0023
MPI-ESM1-2-LR,ssp126,2043,15.1009
MPI-ESM1-2-LR,ssp126,2044,15.046
MPI-ESM1-2-LR,ssp126,2045,15.0556
MPI-ESM1-2-LR,ssp126,2046,15.2417
MPI-ESM1-2-LR,ssp126,2047,15.0995
MPI-ESM1-2-LR,ssp126,2048,14.9448
MPI-ESM1-2-LR,ssp126,2049,14.8764
MPI-ESM1-2-LR,ssp126,2050,14.9539
MPI-ESM1-2-LR,ssp126,2051,15.2283
MPI-ESM1-2-LR,ssp126,2052,15.4053
MPI-ESM1-2-LR,ssp126,2053,15.2141
MPI-ESM1-2-LR,ssp126,2054,15.1266
MPI-ESM1-2-LR,ssp126,2055,15.0849
MPI-ESM1-2-LR,ssp126,2056,15.1981
MPI-ESM1-2-LR,ssp126,2057,15.2762
MPI-ESM1-2-LR,ssp126,2058,15.0864
MPI-ESM1-2-LR,ssp126,2059,15.0094
MPI-ESM1-2-LR,ssp126,2060,15.1097
MPI-ESM1-2-LR,ssp126,2061,15.1667
MPI-ESM1-2-LR,ssp126,2062,15.1756
MPI-ESM1-2-LR,ssp126,2063,15.2641
MPI-ESM1-2-LR,ssp126,2064,15.1648
MPI-ESM1-2-LR,ssp126,2065,15.0438
MPI-ESM1-2-LR,ssp126,2066,15.1238
MPI-ESM1-2-LR,ssp126,2067,15.0039
MPI-ESM1-2-LR,ssp126,2068,15.1458
MPI-ESM1-2-LR,ssp126,2069,15.2287
MPI-ESM1-2-LR,ssp126,2070,14.8714
MPI-ESM1-2-LR,ssp126,2071,14.8687
MPI-ESM1-2-LR,ssp126,2072,14.9424
MPI-ESM1-2-LR,ssp126,2073,14.8724
MPI-ESM1-2-LR,ssp126,2074,15.1381
MPI-ESM1-2-LR,ssp126,2075,15.0893
MPI-ESM1-2-LR,ssp126,2076,14.9222
MPI-ESM1-2-LR,ssp126,2077,15.1165
MPI-ESM1-2-LR,ssp126,2078,15.1321
MPI-ESM1-2-LR,ssp126,2079,15.1611
MPI-ESM1-2-LR,ssp126,2080,15.2156
MPI-ESM1-2-LR,ssp126,2081,15.3725
MPI-ESM1-2-LR,ssp126,2082,15.1627
MPI-ESM1-2-LR,ssp126,2083,15.0839
MPI-ESM1-2-LR,ssp126,2084,15.0917
MPI-ESM1-2-LR,ssp126,2085,15.3358
MPI-ESM1-2-LR,ssp126,2086,15.0405
MPI-ESM1-2-LR,ssp126,2087,14.8435
MPI-ESM1-2-LR,ssp126,2088,14.9612
MPI-ESM1-2-LR,ssp126,2089,15.1965
MPI-ESM1-2-LR,ssp126,2090,15.2722
MPI-ESM1-2-LR,ssp126,2091,15.0656
MPI-ESM1-2-LR,ssp126,2092,15.0608
MPI-ESM1-2-LR,ssp126,2093,15.2018
MPI-ESM1-2-LR,ssp126,2094,15.2248
MPI-ESM1-2-LR,ssp126,2095,15.2141
MPI-ESM1-2-LR,ssp126,2096,15.0604
MPI-ESM1-2-LR,ssp126,2097,14.9543
MPI-ESM1-2-LR,ssp126,2098,14.9395
MPI-ESM1-2-LR,ssp126,2099,15.1479
MPI-ESM1-2-LR,ssp126,2100,15.0963
MPI-ESM1-2-LR,ssp245,2015,14.5405
MPI-ESM1-2-LR,ssp245,2016,14.5235
MPI-ESM1-2-LR,ssp245,2017,14.6563
MPI-ESM1-2-LR,ssp245,2018,14.655
MPI-ESM1-2-LR,ssp245,2019,14.6382
MPI-ESM1-2-LR,ssp245,2020,14.7012
MPI-ESM1-2-LR,ssp245,2021,14.7432
MPI-ESM1-2-LR,ssp245,2022,14.6167
MPI-ESM1-2-LR,ssp245,2023,14.6315
MPI-ESM1-2-LR,ssp245,2024,14.7316
MPI-ESM1-2-LR,ssp245,2025,14.7618
MPI-ESM1-2-LR,ssp245,2026,14.849
MPI-ESM1-2-LR,ssp245,2027,14.7281
MPI-ESM1-2-LR,ssp245,2028,14.8265
MPI-ESM1-2-LR,ssp245,2029,14.8275
MPI-ESM1-2-LR,ssp245,2030,14.9903
MPI-ESM1-2-LR,ssp245,2031,14.952
MPI-ESM1-2-LR,ssp245,2032,14.9566
MPI-ESM1-2-LR,ssp245,2033,15.0408
MPI-ESM1-2-LR,ssp245,2034,15.111
MPI-ESM1-2-LR,ssp245,2035,14.8109
MPI-ESM1-2-LR,ssp245,2036,14.8452
MPI-ESM1-2-LR,ssp245,2037,14.9606
MPI-ESM1-2-LR,ssp245,2038,15.1206
MPI-ESM1-2-LR,ssp245,2039,15.2936
MPI-ESM1-2-LR,ssp245,2040,15.0754
MPI-ESM1-2-LR,ssp245,2041,15.0913
MPI-ESM1-2-LR,ssp245,2042,15.1591
MPI-ESM1-2-LR,ssp245,2043,15.2811
MPI-ESM1-2-LR,ssp245,2044,15.1746
MPI-ESM1-2-LR,ssp245,2045,15.285
MPI-ESM1-2-LR,ssp245,2046,15.1783
MPI-ESM1-2-LR,ssp245,2047,15.205
MPI-ESM1-2-LR,ssp245,2048,15.2923
MPI-ESM1-2-LR,ssp245,2049,15.4196
MPI-ESM1-2-LR,ssp245,2050,15.3309
MPI-ESM1-2-LR,ssp245,2051,15.4132
MPI-ESM1-2-LR,ssp245,2052,15.2934
MPI-ESM1-2-LR,ssp245,2053,15.3936
MPI-ESM1-2-LR,ssp245,2054,15.3932
MPI-ESM1-2-LR,ssp245,2055,15.4217
MPI-ESM1-2-LR,ssp245,2056,15.392
MPI-ESM1-2-LR,ssp245,2057,15.4017
MPI-ESM1-2-LR,ssp245,2058,15.403
MPI-ESM1-2-LR,ssp245,2059,15.3363
MPI-ESM1-2-LR,ssp245,2060,15.4901
MPI-ESM1-2-LR,ssp245,2061,15.3729
MPI-ESM1-2-LR,ssp245,2062,15.4515
MPI-ESM1-2-LR,ssp245,2063,15.6713
MPI-ESM1-2-LR,ssp245,2064,15.7044
MPI-ESM1-2-LR,ssp245,2065,15.5855
MPI-ESM1-2-LR,ssp245,2066,15.4949
MPI-ESM1-2-LR,ssp245,2067,15.5604
MPI-ESM1-2-LR,ssp245,2068,15.6394
MPI-ESM1-2-LR,ssp245,2069,15.5771
MPI-ESM1-2-LR,ssp245,2070,15.6234
MPI-ESM1-2-LR,ssp245,2071,15.774
MPI-ESM1-2-LR,ssp245,2072,15.6442
MPI-ESM1-2-LR,ssp245,2073,15.4975
MPI-ESM1-2-LR,ssp245,2074,15.6257
MPI-ESM1-2-LR,ssp245,2075,15.7132
MPI-ESM1-2-LR,ssp245,2076,15.6784
MPI-ESM1-2-LR,ssp245,2077,15.5021
MPI-ESM1-2-LR,ssp245,2078,15.7068
MPI-ESM1-2-LR,ssp245,2079,15.8193
MPI-ESM1-2-LR,ssp245,2080,15.8034
MPI-ESM1-2-LR,ssp245,2081,15.7235
MPI-ESM1-2-LR,ssp245,2082,15.8098
MPI-ESM1-2-LR,ssp245,2083,15.986
MPI-ESM1-2-LR,ssp245,2084,15.9542
MPI-ESM1-2-LR,ssp245,2085,15.9948
MPI-ESM1-2-LR,ssp245,2086,15.9058
MPI-ESM1-2-LR,ssp245,2087,15.9138
MPI-ESM1-2-LR,ssp245,2088,15.9403
MPI-ESM1-2-LR,ssp245,2089,16.0415
MPI-ESM1-2-LR,ssp245,2090,15.9011
MPI-ESM1-2-LR,ssp245,2091,15.8764
MPI-ESM1-2-LR,ssp245,2092,15.9313
MPI-ESM1-2-LR,ssp245,2093,15.8554
MPI-ESM1-2-LR,ssp245,2094,15.9158
MPI-ESM1-2-LR,ssp245,2095,16.0086
MPI-ESM1-2-LR,ssp245,2096,15.8987
MPI-ESM1-2-LR,ssp245,2097,16.0353
MPI-ESM1-2-LR,ssp245,2098,16.1045
MPI-ESM1-2-LR,ssp245,2099,16.006
MPI-ESM1-2-LR,ssp245,2100,15.9133
MPI-ESM1-2-LR,ssp585,2015,14.4859
MPI-ESM1-2-LR,ssp585,2016,14.4081
MPI-ESM1-2-LR,ssp585,2017,14.2944
MPI-ESM1-2-LR,ssp585,2018,14.4921
MPI-ESM1-2-LR,ssp585,2019,14.6197
MPI-ESM1-2-LR,ssp585,2020,14.4824
MPI-ESM1-2-LR,ssp585,2021,14.6221
MPI-ESM1-2-LR,ssp585,2022,14.7059
MPI-ESM1-2-LR,ssp585,2023,14.6238
MPI-ESM1-2-LR,ssp585,2024,14.514
MPI-ESM1-2-LR,ssp585,2025,14.6781
MPI-ESM1-2-LR,ssp585,2026,14.7515
MPI-ESM1-2-LR,ssp585,2027,14.9124
MPI-ESM1-2-LR,ssp585,2028,15.0732
MPI-ESM1-2-LR,ssp585,2029,14.7178
MPI-ESM1-2-LR,ssp585,2030,14.8809
MPI-ESM1-2-LR,ssp585,2031,15.0424
MPI-ESM1-2-LR,ssp585,2032,15.1181
MPI-ESM1-2-LR,ssp585,2033,14.9882
MPI-ESM1-2-LR,ssp585,2034,14.9844
MPI-ESM1-2-LR,ssp585,2035,15.1281
MPI-ESM1-2-LR,ssp585,2036,15.1486
MPI-ESM1-2-LR,ssp585,2037,15.0933
MPI-ESM1-2-LR,ssp585,2038,14.9951
MPI-ESM1-2-LR,ssp585,2039,15.2194
MPI-ESM1-2-LR,ssp585,2040,15.4845
MPI-ESM1-2-LR,ssp585,2041,15.1966
MPI-ESM1-2-LR,ssp585,2042,14.9979
MPI-ESM1-2-LR,ssp585,2043,15.1471
MPI-ESM1-2-LR,ssp585,2044,15.3029
MPI-ESM1-2-LR,ssp585,2045,15.3846
MPI-ESM1-2-LR,ssp585,2046,15.6207
MPI-ESM1-2-LR,ssp585,2047,15.5965
MPI-ESM1-2-LR,ssp585,2048,15.5101
MPI-ESM1-2-LR,ssp585,2049,15.4615
MPI-ESM1-2-LR,ssp585,2050,15.6733
MPI-ESM1-2-LR,ssp585,2051,15.8242
MPI-ESM1-2-LR,ssp585,2052,15.462
MPI-ESM1-2-LR,ssp585,2053,15.3522
MPI-ESM1-2-LR,ssp585,2054,15.4765
MPI-ESM1-2-LR,ssp585,2055,15.7185
MPI-ESM1-2-LR,ssp585,2056,15.9512
MPI-ESM1-2-LR,ssp585,2057,15.8226
MPI-ESM1-2-LR,ssp585,2058,15.8486
MPI-ESM1-2-LR,ssp585,2059,16.0077
MPI-ESM1-2-LR,ssp585,2060,16.1209
MPI-ESM1-2-LR,ssp585,2061,15.9799
MPI-ESM1-2-LR,ssp585,2062,16.0447
MPI-ESM1-2-LR,ssp585,2063,16.211
MPI-ESM1-2-LR,ssp585,2064,16.1479
MPI-ESM1-2-LR,ssp585,2065,16.2164
MPI-ESM1-2-LR,ssp585,2066,16.2965
MPI-ESM1-2-LR,ssp585,2067,16.3132
MPI-ESM1-2-LR,ssp585,2068,16.2328
MPI-ESM1-2-LR,ssp585,2069,16.3857
MPI-ESM1-2-LR,ssp585,2070,16.6476
MPI-ESM1-2-LR,ssp585,2071,16.65
MPI-ESM1-2-LR,ssp585,2072,16.6648
MPI-ESM1-2-LR,ssp585,2073,16.5372
MPI-ESM1-2-LR,ssp585,2074,16.6141
MPI-ESM1-2-LR,ssp585,2075,16.878
MPI-ESM1-2-LR,ssp585,2076,16.8506
MPI-ESM1-2-LR,ssp585,2077,16.712
MPI-ESM1-2-LR,ssp585,2078,16.6572
MPI-ESM1-2-LR,ssp585,2079,16.9631
MPI-ESM1-2-LR,ssp585,2080,17.0989
MPI-ESM1-2-LR,ssp585,2081,17.1554
MPI-ESM1-2-LR,ssp585,2082,17.1267
MPI-ESM1-2-LR,ssp585,2083,17.1058
MPI-ESM1-2-LR,ssp585,2084,17.0298
MPI-ESM1-2-LR,ssp585,2085,17.0402
MPI-ESM1-2-LR,ssp585,2086,17.238
MPI-ESM1-2-LR,ssp585,2087,17.4903
MPI-ESM1-2-LR,ssp585,2088,17.3667
MPI-ESM1-2-LR,ssp585,2089,17.3475
MPI-ESM1-2-LR,ssp585,2090,17.313
MPI-ESM1-2-LR,ssp585,2091,17.4343
MPI-ESM1-2-LR,ssp585,2092,17.7192
MPI-ESM1-2-LR,ssp585,2093,17.8977
MPI-ESM1-2-LR,ssp585,2094,17.6042
MPI-ESM1-2-LR,ssp585,2095,17.5157
MPI-ESM1-2-LR,ssp585,2096,17.7378
MPI-ESM1-2-LR,ssp585,2097,17.8049
MPI-ESM1-2-LR,ssp585,2098,17.9547
MPI-ESM1-2-LR,ssp585,2099,18.2323
MPI-ESM1-2-LR,ssp585,2100,18.0547
UKESM1-0-LL,historical,1850,13.4841
UKESM1-0-LL,historical,1851,13.3119
UKESM1-0-LL,historical,1852,13.4043
UKESM1-0-LL,historical,1853,13.4699
UKESM1-0-LL,historical,1854,13.5686
UKESM1-0-LL,historical,1855,13.5471
UKESM1-0-LL,historical,1856,13.4029
UKESM1-0-LL,historical,1857,13.3716
UKESM1-0-LL,historical,1858,13.4502
UKESM1-0-LL,historical,1859,13.5129
UKESM1-0-LL,historical,1860,13.419
UKESM1-0-LL,historical,1861,13.4159
UKESM1-0-LL,historical,1862,13.3618
UKESM1-0-LL,historical,1863,13.395
UKESM1-0-LL,historical,1864,13.5552
UKESM1-0-LL,historical,1865,13.5756
UKESM1-0-LL,historical,1866,13.4564
UKESM1-0-LL,historical,1867,13.3864
UKESM1-0-LL,historical,1868,13.4482
UKESM1-0-LL,historical,1869,13.2723
UKESM1-0-LL,historical,1870,13.2258
UKESM1-0-LL,historical,1871,13.1157
UKESM1-0-LL,historical,1872,13.196
UKESM1-0-LL,historical,1873,13.234
UKESM1-0-LL,historical,1874,13.3135
UKESM1-0-LL,historical,1875,13.2636
UKESM1-0-LL,historical,1876,13.17
UKESM1-0-LL,historical,1877,13.0772
UKESM1-0-LL,historical,1878,13.0174
UKESM1-0-LL,historical,1879,13.1773
UKESM1-0-LL,historical,1880,13.2512
UKESM1-0-LL,historical,1881,13.3112
UKESM1-0-LL,historical,1882,13.2683
UKESM1-0-LL,historical,1883,13.1602
UKESM1-0-LL,historical,1884,12.8752
UKESM1-0-LL,historical,1885,12.9672
UKESM1-0-LL,historical,1886,13.0616
UKESM1-0-LL,historical,1887,13.0011
UKESM1-0-LL,historical,1888,13.1902
UKESM1-0-LL,historical,1889,13.1591
UKESM1-0-LL,historical,1890,13.0649
UKESM1-0-LL,historical,1891,13.0906
UKESM1-0-LL,historical,1892,13.3237
UKESM1-0-LL,historical,1893,13.3232
UKESM1-0-LL,historical,1894,13.3882
UKESM1-0-LL,historical,1895,13.3041
UKESM1-0-LL,historical,1896,13.2141
UKESM1-0-LL,historical,1897,13.4124
UKESM1-0-LL,historical,1898,13.338
UKESM1-0-LL,historical,1899,13.2874
UKESM1-0-LL,historical,1900,13.3939
UKESM1-0-LL,historical,1901,13.3817
UKESM1-0-LL,historical,1902,13.2683
UKESM1-0-LL,historical,1903,13.2001
UKESM1-0-LL,historical,1904,13.3346
UKESM1-0-LL,historical,1905,13.3032
UKESM1-0-LL,historical,1906,13.4774
UKESM1-0-LL,historical,1907,13.4383
UKESM1-0-LL,historical,1908,13.519
UKESM1-0-LL,historical,1909,13.2327
UKESM1-0-LL,historical,1910,13.2832
UKESM1-0-LL,historical,1911,13.3826
UKESM1-0-LL,historical,1912,13.4236
UKESM1-0-LL,historical,1913,13.4832
UKESM1-0-LL,historical,1914,13.3915
UKESM1-0-LL,historical,1915,13.4042
UKESM1-0-LL,historical,1916,13.4427
UKESM1-0-LL,historical,1917,13.2077
UKESM1-0-LL,historical,1918,13.4007
UKESM1-0-LL,historical,1919,13.4094
UKESM1-0-LL,historical,1920,13.3534
UKESM1-0-LL,historical,1921,13.5472
UKESM1-0-LL,historical,1922,13.3046
UKESM1-0-LL,historical,1923,13.3654
UKESM1-0-LL,historical,1924,13.3241
UKESM1-0-LL,historical,1925,13.3895
UKESM1-0-LL,historical,1926,13.3752
UKESM1-0-LL,historical,1927,13.3183
UKESM1-0-LL,historical,1928,13.3506
UKESM1-0-LL,historical,1929,13.1757
UKESM1-0-LL,historical,1930,13.1274
UKESM1-0-LL,historical,1931,13.2125
UKESM1-0-LL,historical,1932,13.1978
UKESM1-0-LL,historical,1933,13.275
UKESM1-0-LL,historical,1934,13.3671
UKESM1-0-LL,historical,1935,13.2436
UKESM1-0-LL,historical,1936,13.2806
UKESM1-0-LL,historical,1937,13.3352
UKESM1-0-LL,historical,1938,13.1758
UKESM1-0-LL,historical,1939,13.2903
UKESM1-0-LL,historical,1940,13.3595
UKESM1-0-LL,historical,1941,13.4295
UKESM1-0-LL,historical,1942,13.3162
UKESM1-0-LL,historical,1943,13.1147
UKESM1-0-LL,historical,1944,13.292
UKESM1-0-LL,historical,1945,13.4215
UKESM1-0-LL,historical,1946,13.4486
UKESM1-0-LL,historical,1947,13.3555
UKESM1-0-LL,historical,1948,13.3683
UKESM1-0-LL,historical,1949,13.2356
UKESM1-0-LL,historical,1950,13.3259
UKESM1-0-LL,historical,1951,13.2081
UKESM1-0-LL,historical,1952,13.3442
UKESM1-0-LL,historical,1953,13.3678
UKESM1-0-LL,historical,1954,13.4618
UKESM1-0-LL,historical,1955,13.2846
UKESM1-0-LL,historical,1956,13.3209
UKESM1-0-LL,historical,1957,13.4724
UKESM1-0-LL,historical,1958,13.413
UKESM1-0-LL,historical,1959,13.3631
UKESM1-0-LL,historical,1960,13.347
UKESM1-0-LL,historical,1961,13.323
UKESM1-0-LL,historical,1962,13.1253
UKESM1-0-LL,historical,1963,13.1496
UKESM1-0-LL,historical,1964,13.1874
UKESM1-0-LL,historical,1965,13.1048
UKESM1-0-LL,historical,1966,13.1764
UKESM1-0-LL,historical,1967,13.1767
UKESM1-0-LL,historical,1968,13.0271
UKESM1-0-LL,historical,1969,13.0327
UKESM1-0-LL,historical,1970,13.0905
UKESM1-0-LL,historical,1971,13.2555
UKESM1-0-LL,historical,1972,13.4788
UKESM1-0-LL,historical,1973,13.3625
UKESM1-0-LL,historical,1974,13.2632
UKESM1-0-LL,historical,1975,13.1374
UKESM1-0-LL,historical,1976,13.1385
UKESM1-0-LL,historical,1977,13.1443
UKESM1-0-LL,historical,1978,13.2826
UKESM1-0-LL,historical,1979,13.346
UKESM1-0-LL,historical,1980,13.369
UKESM1-0-LL,historical,1981,13.3139
UKESM1-0-LL,historical,1982,13.4425
UKESM1-0-LL,historical,1983,13.2505
UKESM1-0-LL,historical,1984,13.269
UKESM1-0-LL,historical,1985,13.2721
UKESM1-0-LL,historical,1986,13.2429
UKESM1-0-LL,historical,1987,13.3673
UKESM1-0-LL,historical,1988,13.4991
UKESM1-0-LL,historical,1989,13.6012
UKESM1-0-LL,historical,1990,13.5828
UKESM1-0-LL,historical,1991,13.5622
UKESM1-0-LL,historical,1992,13.4182
UKESM1-0-LL,historical,1993,13.5299
UKESM1-0-LL,historical,1994,13.5998
UKESM1-0-LL,historical,1995,13.6559
UKESM1-0-LL,historical,1996,13.7484
UKESM1-0-LL,historical,1997,13.6844
UKESM1-0-LL,historical,1998,13.8266
UKESM1-0-LL,historical,1999,13.9304
UKESM1-0-LL,historical,2000,14.0063
UKESM1-0-LL,historical,2001,13.8702
UKESM1-0-LL,historical,2002,14.1129
UKESM1-0-LL,historical,2003,14.1996
UKESM1-0-LL,historical,2004,14.1543
UKESM1-0-LL,historical,2005,14.1292
UKESM1-0-LL,historical,2006,14.1088
UKESM1-0-LL,historical,2007,14.1267
UKESM1-0-LL,historical,2008,14.2869
UKESM1-0-LL,historical,2009,14.3577
UKESM1-0-LL,historical,2010,14.3738
UKESM1-0-LL,historical,2011,14.3915
UKESM1-0-LL,historical,2012,14.3339
UKESM1-0-LL,historical,2013,14.4537
UKESM1-0-LL,historical,2014,14.5826
UKESM1-0-LL,ssp126,2015,14.5832
UKESM1-0-LL,ssp126,2016,14.741
UKESM1-0-LL,ssp126,2017,14.6913
UKESM1-0-LL,ssp126,2018,14.7365
UKESM1-0-LL,ssp126,2019,14.8735
UKESM1-0-LL,ssp126,2020,14.8901
UKESM1-0-LL,ssp126,2021,14.988
UKESM1-0-LL,ssp126,2022,14.9671
UKESM1-0-LL,ssp126,2023,15.1095
UKESM1-0-LL,ssp126,2024,14.9716
UKESM1-0-LL,ssp126,2025,14.983
UKESM1-0-LL,ssp126,2026,15.1227
UKESM1-0-LL,ssp126,2027,15.1113
UKESM1-0-LL,ssp126,2028,15.1972
UKESM1-0-LL,ssp126,2029,15.3871
UKESM1-0-LL,ssp126,2030,15.369
UKESM1-0-LL,ssp126,2031,15.1725
UKESM1-0-LL,ssp126,2032,15.2171
UKESM1-0-LL,ssp126,2033,15.2295
UKESM1-0-LL,ssp126,2034,15.2656
UKESM1-0-LL,ssp126,2035,15.2554
UKESM1-0-LL,ssp126,2036,15.3439
UKESM1-0-LL,ssp126,2037,15.3282
UKESM1-0-LL,ssp126,2038,15.4456
UKESM1-0-LL,ssp126,2039,15.5997
UKESM1-0-LL,ssp126,2040,15.6155
UKESM1-0-LL,ssp126,2041,15.7029
UKESM1-0-LL,ssp126,2042,15.815
UKESM1-0-LL,ssp126,2043,15.6798
UKESM1-0-LL,ssp126,2044,15.6256
UKESM1-0-LL,ssp126,2045,15.6453
UKESM1-0-LL,ssp126,2046,15.7927
UKESM1-0-LL,ssp126,2047,15.6408
UKESM1-0-LL,ssp126,2048,15.6375
UKESM1-0-LL,ssp126,2049,15.6625
UKESM1-0-LL,ssp126,2050,15.4761
UKESM1-0-LL,ssp126,2051,15.512
UKESM1-0-LL,ssp126,2052,15.7083
UKESM1-0-LL,ssp126,2053,15.6776
UKESM1-0-LL,ssp126,2054,15.7085
UKESM1-0-LL,ssp126,2055,15.7846
UKESM1-0-LL,ssp126,2056,15.9393
UKESM1-0-LL,ssp126,2057,15.7812
UKESM1-0-LL,ssp126,2058,15.6401
UKESM1-0-LL,ssp126,2059,15.7715
UKESM1-0-LL,ssp126,2060,15.9278
UKESM1-0-LL,ssp126,2061,15.7345
UKESM1-0-LL,ssp126,2062,15.8922
UKESM1-0-LL,ssp126,2063,15.7849
UKESM1-0-LL,ssp126,2064,15.8374
UKESM1-0-LL,ssp126,2065,16.0292
UKESM1-0-LL,ssp126,2066,16.0166
UKESM1-0-LL,ssp126,2067,15.9227
UKESM1-0-LL,ssp126,2068,15.9827
UKESM1-0-LL,ssp126,2069,15.9216
UKESM1-0-LL,ssp126,2070,15.8807
UKESM1-0-LL,ssp126,2071,15.8744
UKESM1-0-LL,ssp126,2072,15.945
UKESM1-0-LL,ssp126,2073,16.1259
UKESM1-0-LL,ssp126,2074,16.0947
UKESM1-0-LL,ssp126,2075,16.1233
UKESM1-0-LL,ssp126,2076,16.0602
UKESM1-0-LL,ssp126,2077,16.0727
UKESM1-0-LL,ssp126,2078,16.0481
UKESM1-0-LL,ssp126,2079,16.0326
UKESM1-0-LL,ssp126,2080,15.9869
UKESM1-0-LL,ssp126,2081,16.0846
UKESM1-0-LL,ssp126,2082,16.1394
UKESM1-0-LL,ssp126,2083,16.1756
UKESM1-0-LL,ssp126,2084,16.0006
UKESM1-0-LL,ssp126,2085,16.0425
UKESM1-0-LL,ssp126,2086,15.8749
UKESM1-0-LL,ssp126,2087,15.9366
UKESM1-0-LL,ssp126,2088,16.125
UKESM1-0-LL,ssp126,2089,15.9924
UKESM1-0-LL,ssp126,2090,16.0197
UKESM1-0-LL,ssp126,2091,16.0517
UKESM1-0-LL,ssp126,2092,16.0516
UKESM1-0-LL,ssp126,2093,16.0208
UKESM1-0-LL,ssp126,2094,15.9821
UKESM1-0-LL,ssp126,2095,15.9835
UKESM1-0-LL,ssp126,2096,15.8895
UKESM1-0-LL,ssp126,2097,15.9025
UKESM1-0-LL,ssp126,2098,15.891
UKESM1-0-LL,ssp126,2099,16.0302
UKESM1-0-LL,ssp126,2100,16.0536
UKESM1-0-LL,ssp245,2015,14.6043
UKESM1-0-LL,ssp245,2016,14.6809
UKESM1-0-LL,ssp245,2017,14.8467
UKESM1-0-LL,ssp245,2018,14.7163
UKESM1-0-LL,ssp245,2019,14.5905
UKESM1-0-LL,ssp245,2020,14.8387
UKESM1-0-LL,ssp245,2021,15.0444
UKESM1-0-LL,ssp245,2022,15.0923
UKESM1-0-LL,ssp245,2023,15.0138
UKESM1-0-LL,ssp245,2024,14.9897
UKESM1-0-LL,ssp245,2025,15.0205
UKESM1-0-LL,ssp245,2026,15.1212
UKESM1-0-LL,ssp245,2027,15.2302
UKESM1-0-LL,ssp245,2028,15.3576
UKESM1-0-LL,ssp245,2029,15.3228
UKESM1-0-LL,ssp245,2030,15.4534
UKESM1-0-LL,ssp245,2031,15.4303
UKESM1-0-LL,ssp245,2032,15.4507
UKESM1-0-LL,ssp245,2033,15.4658
UKESM1-0-LL,ssp245,2034,15.4664
UKESM1-0-LL,ssp245,2035,15.4977
UKESM1-0-LL,ssp245,2036,15.8224
UKESM1-0-LL,ssp245,2037,15.8073
UKESM1-0-LL,ssp245,2038,15.7013
UKESM1-0-LL,ssp245,2039,15.568
UKESM1-0-LL,ssp245,2040,15.6968
UKESM1-0-LL,ssp245,2041,16.0388
UKESM1-0-LL,ssp245,2042,15.9747
UKESM1-0-LL,ssp245,2043,15.8878
UKESM1-0-LL,ssp245,2044,15.8323
UKESM1-0-LL,ssp245,2045,15.9098
UKESM1-0-LL,ssp245,2046,16.0882
UKESM1-0-LL,ssp245,2047,16.1115
UKESM1-0-LL,ssp245,2048,16.1054
UKESM1-0-LL,ssp245,2049,16.0986
UKESM1-0-LL,ssp245,2050,16.1403
UKESM1-0-LL,ssp245,2051,16.2391
UKESM1-0-LL,ssp245,2052,16.3381
UKESM1-0-LL,ssp245,2053,16.37
UKESM1-0-LL,ssp245,2054,16.3221
UKESM1-0-LL,ssp245,2055,16.2972
UKESM1-0-LL,ssp245,2056,16.2779
UKESM1-0-LL,ssp245,2057,16.2763
UKESM1-0-LL,ssp245,2058,16.3353
UKESM1-0-LL,ssp245,2059,16.4174
UKESM1-0-LL,ssp245,2060,16.4778
UKESM1-0-LL,ssp245,2061,16.4693
UKESM1-0-LL,ssp245,2062,16.6721
UKESM1-0-LL,ssp245,2063,16.6453
UKESM1-0-LL,ssp245,2064,16.5814
UKESM1-0-LL,ssp245,2065,16.6573
UKESM1-0-LL,ssp245,2066,16.6463
UKESM1-0-LL,ssp245,2067,16.764
UKESM1-0-LL,ssp245,2068,16.7175
UKESM1-0-LL,ssp245,2069,16.7738
UKESM1-0-LL,ssp245,2070,16.8867
UKESM1-0-LL,ssp245,2071,16.9736
UKESM1-0-LL,ssp245,2072,16.8882
UKESM1-0-LL,ssp245,2073,17.0288
UKESM1-0-LL,ssp245,2074,16.8947
UKESM1-0-LL,ssp245,2075,16.8312
UKESM1-0-LL,ssp245,2076,16.9318
UKESM1-0-LL,ssp245,2077,17.1735
UKESM1-0-LL,ssp245,2078,17.2954
UKESM1-0-LL,ssp245,2079,17.3418
UKESM1-0-LL,ssp245,2080,17.2305
UKESM1-0-LL,ssp245,2081,17.0967
UKESM1-0-LL,ssp245,2082,17.1335
UKESM1-0-LL,ssp245,2083,17.297
UKESM1-0-LL,ssp245,2084,17.3711
UKESM1-0-LL,ssp245,2085,17.3455
UKESM1-0-LL,ssp245,2086,17.3774
UKESM1-0-LL,ssp245,2087,17.2663
UKESM1-0-LL,ssp245,2088,17.2226
UKESM1-0-LL,ssp245,2089,17.4578
UKESM1-0-LL,ssp245,2090,17.6133
UKESM1-0-LL,ssp245,2091,17.4486
UKESM1-0-LL,ssp245,2092,17.5353
UKESM1-0-LL,ssp245,2093,17.4608
UKESM1-0-LL,ssp245,2094,17.535
UKESM1-0-LL,ssp245,2095,17.5608
UKESM1-0-LL,ssp245,2096,17.6788
UKESM1-0-LL,ssp245,2097,17.4771
UKESM1-0-LL,ssp245,2098,17.5619
UKESM1-0-LL,ssp245,2099,17.7478
UKESM1-0-LL,ssp245,2100,17.5845
UKESM1-0-LL,ssp585,2015,14.5072
UKESM1-0-LL,ssp585,2016,14.5412
UKESM1-0-LL,ssp585,2017,14.4558
UKESM1-0-LL,ssp585,2018,14.623
UKESM1-0-LL,ssp585,2019,14.7815
UKESM1-0-LL,ssp585,2020,14.7359
UKESM1-0-LL,ssp585,2021,14.7431
UKESM1-0-LL,ssp585,2022,14.8991
UKESM1-0-LL,ssp585,2023,14.9156
UKESM1-0-LL,ssp585,2024,14.8339
UKESM1-0-LL,ssp585,2025,14.91
UKESM1-0-LL,ssp585,2026,15.0177
UKESM1-0-LL,ssp585,2027,15.2219
UKESM1-0-LL,ssp585,2028,15.1502
UKESM1-0-LL,ssp585,2029,15.1219
UKESM1-0-LL,ssp585,2030,15.2933
UKESM1-0-LL,ssp585,2031,15.3376
UKESM1-0-LL,ssp585,2032,15.4232
UKESM1-0-LL,ssp585,2033,15.5564
UKESM1-0-LL,ssp585,2034,15.6263
UKESM1-0-LL,ssp585,2035,15.631
UKESM1-0-LL,ssp585,2036,15.6901
UKESM1-0-LL,ssp585,2037,15.7157
UKESM1-0-LL,ssp585,2038,15.7535
UKESM1-0-LL,ssp585,2039,15.8676
UKESM1-0-LL,ssp585,2040,16.0637
UKESM1-0-LL,ssp585,2041,16.0762
UKESM1-0-LL,ssp585,2042,16.0346
UKESM1-0-LL,ssp585,2043,16.1123
UKESM1-0-LL,ssp585,2044,16.1017
UKESM1-0-LL,ssp585,2045,16.1382
UKESM1-0-LL,ssp585,2046,16.3452
UKESM1-0-LL,ssp585,2047,16.4753
UKESM1-0-LL,ssp585,2048,16.4943
UKESM1-0-LL,ssp585,2049,16.4768
UKESM1-0-LL,ssp585,2050,16.5742
UKESM1-0-LL,ssp585,2051,16.8405
UKESM1-0-LL,ssp585,2052,16.8816
UKESM1-0-LL,ssp585,2053,16.8156
UKESM1-0-LL,ssp585,2054,16.8896
UKESM1-0-LL,ssp585,2055,17.0715
UKESM1-0-LL,ssp585,2056,17.0879
UKESM1-0-LL,ssp585,2057,17.1224
UKESM1-0-LL,ssp585,2058,17.0587
UKESM1-0-LL,ssp585,2059,17.2606
UKESM1-0-LL,ssp585,2060,17.4849
UKESM1-0-LL,ssp585,2061,17.4774
UKESM1-0-LL,ssp585,2062,17.5396
UKESM1-0-LL,ssp585,2063,17.7166
UKESM1-0-LL,ssp585,2064,17.7933
UKESM1-0-LL,ssp585,2065,17.8505
UKESM1-0-LL,ssp585,2066,17.8817
UKESM1-0-LL,ssp585,2067,17.9891
UKESM1-0-LL,ssp585,2068,17.9099
UKESM1-0-LL,ssp585,2069,18.0821
UKESM1-0-LL,ssp585,2070,18.3244
UKESM1-0-LL,ssp585,2071,18.3332
UKESM1-0-LL,ssp585,2072,18.5381
UKESM1-0-LL,ssp585,2073,18.4998
UKESM1-0-LL,ssp585,2074,18.2944
UKESM1-0-LL,ssp585,2075,18.4707
UKESM1-0-LL,ssp585,2076,18.78
UKESM1-0-LL,ssp585,2077,18.7541
UKESM1-0-LL,ssp585,2078,18.8347
UKESM1-0-LL,ssp585,2079,18.9393
UKESM1-0-LL,ssp585,2080,19.0434
UKESM1-0-LL,ssp585,2081,19.0926
UKESM1-0-LL,ssp585,2082,19.1688
UKESM1-0-LL,ssp585,2083,19.2254
UKESM1-0-LL,ssp585,2084,19.3679
UKESM1-0-LL,ssp585,2085,19.4133
UKESM1-0-LL,ssp585,2086,19.4194
UKESM1-0-LL,ssp585,2087,19.578
UKESM1-0-LL,ssp585,2088,19.6992
UKESM1-0-LL,ssp585,2089,19.982
UKESM1-0-LL,ssp585,2090,19.9214
UKESM1-0-LL,ssp585,2091,19.8923
UKESM1-0-LL,ssp585,2092,19.995
UKESM1-0-LL,ssp585,2093,20.0214
UKESM1-0-LL,ssp585,2094,20.1695
UKESM1-0-LL,ssp585,2095,20.4126
UKESM1-0-LL,ssp585,2096,20.49
UKESM1-0-LL,ssp585,2097,20.4882
UKESM1-0-LL,ssp585,2098,20.6534
UKESM1-0-LL,ssp585,2099,20.4843
UKESM1-0-LL,ssp585,2100,20.6332
CanESM5,historical,1850,13.2961
CanESM5,historical,1851,13.3571
CanESM5,historical,1852,13.4039
CanESM5,historical,1853,13.5109
CanESM5,historical,1854,13.3084
CanESM5,historical,1855,13.4661
CanESM5,historical,1856,13.5807
CanESM5,historical,1857,13.5453
CanESM5,historical,1858,13.3817
CanESM5,historical,1859,13.4707
CanESM5,historical,1860,13.6762
CanESM5,historical,1861,13.6317
CanESM5,historical,1862,13.4234
CanESM5,historical,1863,13.3953
CanESM5,historical,1864,13.4763
CanESM5,historical,1865,13.504
CanESM5,historical,1866,13.4389
CanESM5,historical,1867,13.4
CanESM5,historical,1868,13.5172
CanESM5,historical,1869,13.6628
CanESM5,historical,1870,13.5893
CanESM5,historical,1871,13.5258
CanESM5,historical,1872,13.5211
CanESM5,historical,1873,13.5756
CanESM5,historical,1874,13.6467
CanESM5,historical,1875,13.63
CanESM5,historical,1876,13.6177
CanESM5,historical,1877,13.4916
CanESM5,historical,1878,13.5294
CanESM5,historical,1879,13.7134
CanESM5,historical,1880,13.8212
CanESM5,historical,1881,13.7261
CanESM5,historical,1882,13.5349
CanESM5,historical,1883,13.4756
CanESM5,historical,1884,13.3361
CanESM5,historical,1885,13.4991
CanESM5,historical,1886,13.5433
CanESM5,historical,1887,13.4381
CanESM5,historical,1888,13.3674
CanESM5,historical,1889,13.5264
CanESM5,historical,1890,13.6617
CanESM5,historical,1891,13.5042
CanESM5,historical,1892,13.4036
CanESM5,historical,1893,13.4519
CanESM5,historical,1894,13.6274
CanESM5,historical,1895,13.5393
CanESM5,historical,1896,13.5523
CanESM5,historical,1897,13.4796
CanESM5,historical,1898,13.4683
CanESM5,historical,1899,13.5393
CanESM5,historical,1900,13.7979
CanESM5,historical,1901,13.5766
CanESM5,historical,1902,13.5368
CanESM5,historical,1903,13.502
CanESM5,historical,1904,13.3836
CanESM5,historical,1905,13.5129
CanESM5,historical,1906,13.6277
CanESM5,historical,1907,13.6206
CanESM5,historical,1908,13.4368
CanESM5,historical,1909,13.4584
CanESM5,historical,1910,13.4506
CanESM5,historical,1911,13.5812
CanESM5,historical,1912,13.6044
CanESM5,historical,1913,13.4968
CanESM5,historical,1914,13.46
CanESM5,historical,1915,13.3315
CanESM5,historical,1916,13.4039
CanESM5,historical,1917,13.514
CanESM5,historical,1918,13.6834
CanESM5,historical,1919,13.8154
CanESM5,historical,1920,13.7157
CanESM5,historical,1921,13.8068
CanESM5,historical,1922,13.9156
CanESM5,historical,1923,13.7323
CanESM5,historical,1924,13.5762
CanESM5,historical,1925,13.7027
CanESM5,historical,1926,13.7918
CanESM5,historical,1927,13.6571
CanESM5,historical,1928,13.5976
CanESM5,historical,1929,13.7194
CanESM5,historical,1930,13.7834
CanESM5,historical,1931,13.5686
CanESM5,historical,1932,13.5603
CanESM5,historical,1933,13.5582
CanESM5,historical,1934,13.6476
CanESM5,historical,1935,13.5839
CanESM5,historical,1936,13.6175
CanESM5,historical,1937,13.7597
CanESM5,historical,1938,13.9014
CanESM5,historical,1939,13.98
CanESM5,historical,1940,13.8869
CanESM5,historical,1941,13.8823
CanESM5,historical,1942,13.7147
CanESM5,historical,1943,13.7108
CanESM5,historical,1944,13.8319
CanESM5,historical,1945,13.7216
CanESM5,historical,1946,13.7403
CanESM5,historical,1947,13.9083
CanESM5,historical,1948,13.9186
CanESM5,historical,1949,13.8157
CanESM5,historical,1950,13.9138
CanESM5,historical,1951,14.0292
CanESM5,historical,1952,13.856
CanESM5,historical,1953,13.7287
CanESM5,historical,1954,13.7826
CanESM5,historical,1955,13.9505
CanESM5,historical,1956,13.7082
CanESM5,historical,1957,13.8304
CanESM5,historical,1958,13.9292
CanESM5,historical,1959,13.8877
CanESM5,historical,1960,13.7901
CanESM5,historical,1961,13.7288
CanESM5,historical,1962,13.8096
CanESM5,historical,1963,13.9325
CanESM5,historical,1964,13.8833
CanESM5,historical,1965,13.9392
CanESM5,historical,1966,13.7083
CanESM5,historical,1967,13.6179
CanESM5,historical,1968,13.7554
CanESM5,historical,1969,13.7669
CanESM5,historical,1970,13.7087
CanESM5,historical,1971,13.6558
CanESM5,historical,1972,13.7846
CanESM5,historical,1973,13.7981
CanESM5,historical,1974,13.8561
CanESM5,historical,1975,13.9375
CanESM5,historical,1976,13.6579
CanESM5,historical,1977,13.6814
CanESM5,historical,1978,13.8993
CanESM5,historical,1979,13.8251
CanESM5,historical,1980,13.8098
CanESM5,historical,1981,13.864
CanESM5,historical,1982,13.8177
CanESM5,historical,1983,13.9294
CanESM5,historical,1984,13.8229
CanESM5,historical,1985,13.8157
CanESM5,historical,1986,13.8424
CanESM5,historical,1987,13.821
CanESM5,historical,1988,13.9733
CanESM5,historical,1989,14.0875
CanESM5,historical,1990,14.0353
CanESM5,historical,1991,14.1111
CanESM5,historical,1992,13.8755
CanESM5,historical,1993,13.8966
CanESM5,historical,1994,14.1255
CanESM5,historical,1995,14.2848
CanESM5,historical,1996,14.4281
CanESM5,historical,1997,14.2986
CanESM5,historical,1998,14.3594
CanESM5,historical,1999,14.4258
CanESM5,historical,2000,14.4966
CanESM5,historical,2001,14.7586
CanESM5,historical,2002,14.9007
CanESM5,historical,2003,14.7722
CanESM5,historical,2004,14.6634
CanESM5,historical,2005,14.821
CanESM5,historical,2006,15.0059
CanESM5,historical,2007,14.8973
CanESM5,historical,2008,14.8097
CanESM5,historical,2009,14.8253
CanESM5,historical,2010,15.0325
CanESM5,historical,2011,15.1712
CanESM5,historical,2012,15.2755
CanESM5,historical,2013,15.1973
CanESM5,historical,2014,15.3402
CanESM5,ssp126,2015,15.3759
CanESM5,ssp126,2016,15.438
CanESM5,ssp126,2017,15.359
CanESM5,ssp126,2018,15.5116
CanESM5,ssp126,2019,15.5217
CanESM5,ssp126,2020,15.5311
CanESM5,ssp126,2021,15.5865
CanESM5,ssp126,2022,15.4238
CanESM5,ssp126,2023,15.2187
CanESM5,ssp126,2024,15.3294
CanESM5,ssp126,2025,15.5298
CanESM5,ssp126,2026,15.7295
CanESM5,ssp126,2027,15.8134
CanESM5,ssp126,2028,15.6476
CanESM5,ssp126,2029,15.6486
CanESM5,ssp126,2030,15.7265
CanESM5,ssp126,2031,15.7774
CanESM5,ssp126,2032,15.7606
CanESM5,ssp126,2033,15.8028
CanESM5,ssp126,2034,15.6602
CanESM5,ssp126,2035,15.7425
CanESM5,ssp126,2036,16.0127
CanESM5,ssp126,2037,16.1
CanESM5,ssp126,2038,16.1452
CanESM5,ssp126,2039,15.9578
CanESM5,ssp126,2040,16.0835
CanESM5,ssp126,2041,16.0148
CanESM5,ssp126,2042,15.8863
CanESM5,ssp126,2043,16.0636
CanESM5,ssp126,2044,16.3341
CanESM5,ssp126,2045,16.039
CanESM5,ssp126,2046,16.1252
CanESM5,ssp126,2047,16.3466
CanESM5,ssp126,2048,16.3259
CanESM5,ssp126,2049,16.1951
CanESM5,ssp126,2050,16.2192
CanESM5,ssp126,2051,16.1987
CanESM5,ssp126,2052,16.3661
CanESM5,ssp126,2053,16.4492
CanESM5,ssp126,2054,16.3477
CanESM5,ssp126,2055,16.1662
CanESM5,ssp126,2056,16.3041
CanESM5,ssp126,2057,16.3338
CanESM5,ssp126,2058,16.4382
CanESM5,ssp126,2059,16.4242
CanESM5,ssp126,2060,16.3751
CanESM5,ssp126,2061,16.4924
CanESM5,ssp126,2062,16.3215
CanESM5,ssp126,2063,16.2612
CanESM5,ssp126,2064,16.3921
CanESM5,ssp126,2065,16.6561
CanESM5,ssp126,2066,16.6997
CanESM5,ssp126,2067,16.3185
CanESM5,ssp126,2068,16.3117
CanESM5,ssp126,2069,16.543
CanESM5,ssp126,2070,16.4891
CanESM5,ssp126,2071,16.4113
CanESM5,ssp126,2072,16.454
CanESM5,ssp126,2073,16.4791
CanESM5,ssp126,2074,16.4996
CanESM5,ssp126,2075,16.3857
CanESM5,ssp126,2076,16.4166
CanESM5,ssp126,2077,16.4356
CanESM5,ssp126,2078,16.3998
CanESM5,ssp126,2079,16.4456
CanESM5,ssp126,2080,16.3949
CanESM5,ssp126,2081,16.4264
CanESM5,ssp126,2082,16.3075
CanESM5,ssp126,2083,16.3142
CanESM5,ssp126,2084,16.356
CanESM5,ssp126,2085,16.4203
CanESM5,ssp126,2086,16.2457
CanESM5,ssp126,2087,16.3414
CanESM5,ssp126,2088,16.3055
CanESM5,ssp126,2089,16.1816
CanESM5,ssp126,2090,16.0673
CanESM5,ssp126,2091,16.2297
CanESM5,ssp126,2092,16.4833
CanESM5,ssp126,2093,16.5199
CanESM5,ssp126,2094,16.2952
CanESM5,ssp126,2095,16.1662
CanESM5,ssp126,2096,16.3289
CanESM5,ssp126,2097,16.3376
CanESM5,ssp126,2098,16.377
CanESM5,ssp126,2099,16.1623
CanESM5,ssp126,2100,16.3174
CanESM5,ssp245,2015,15.3723
CanESM5,ssp245,2016,15.4055
CanESM5,ssp245,2017,15.4915
CanESM5,ssp245,2018,15.3958
CanESM5,ssp245,2019,15.2397
CanESM5,ssp245,2020,15.288
CanESM5,ssp245,2021,15.484
CanESM5,ssp245,2022,15.5033
CanESM5,ssp245,2023,15.6323
CanESM5,ssp245,2024,15.7569
CanESM5,ssp245,2025,15.8397
CanESM5,ssp245,2026,15.6536
CanESM5,ssp245,2027,15.5406
CanESM5,ssp245,2028,15.6353
CanESM5,ssp245,2029,15.8038
CanESM5,ssp245,2030,15.8472
CanESM5,ssp245,2031,15.7193
CanESM5,ssp245,2032,15.8671
CanESM5,ssp245,2033,16.0366
CanESM5,ssp245,2034,16.0312
CanESM5,ssp245,2035,16.0602
CanESM5,ssp245,2036,16.0149
CanESM5,ssp245,2037,16.0478
CanESM5,ssp245,2038,16.0554
CanESM5,ssp245,2039,16.1234
CanESM5,ssp245,2040,16.1911
CanESM5,ssp245,2041,16.2853
CanESM5,ssp245,2042,16.1663
CanESM5,ssp245,2043,16.3318
CanESM5,ssp245,2044,16.5187
CanESM5,ssp245,2045,16.4588
CanESM5,ssp245,2046,16.4602
CanESM5,ssp245,2047,16.6781
CanESM5,ssp245,2048,16.4458
CanESM5,ssp245,2049,16.4646
CanESM5,ssp245,2050,16.5306
CanESM5,ssp245,2051,16.5831
CanESM5,ssp245,2052,16.7253
CanESM5,ssp245,2053,16.7797
CanESM5,ssp245,2054,16.6644
CanESM5,ssp245,2055,16.7124
CanESM5,ssp245,2056,16.9376
CanESM5,ssp245,2057,16.8933
CanESM5,ssp245,2058,16.8712
CanESM5,ssp245,2059,16.9256
CanESM5,ssp245,2060,16.7878
CanESM5,ssp245,2061,16.9467
CanESM5,ssp245,2062,17.0048
CanESM5,ssp245,2063,16.9582
CanESM5,ssp245,2064,17.1759
CanESM5,ssp245,2065,17.1363
CanESM5,ssp245,2066,17.0893
CanESM5,ssp245,2067,17.0946
CanESM5,ssp245,2068,17.0868
CanESM5,ssp245,2069,17.0919
CanESM5,ssp245,2070,17.1673
CanESM5,ssp245,2071,17.204
CanESM5,ssp245,2072,17.3738
CanESM5,ssp245,2073,17.542
CanESM5,ssp245,2074,17.5399
CanESM5,ssp245,2075,17.3141
CanESM5,ssp245,2076,17.3417
CanESM5,ssp245,2077,17.6136
CanESM5,ssp245,2078,17.5645
CanESM5,ssp245,2079,17.5567
CanESM5,ssp245,2080,17.5559
CanESM5,ssp245,2081,17.5563
CanESM5,ssp245,2082,17.6806
CanESM5,ssp245,2083,17.7591
CanESM5,ssp245,2084,17.7026
CanESM5,ssp245,2085,17.8397
CanESM5,ssp245,2086,17.9857
CanESM5,ssp245,2087,17.8219
CanESM5,ssp245,2088,17.6898
CanESM5,ssp245,2089,17.7277
CanESM5,ssp245,2090,17.7578
CanESM5,ssp245,2091,17.6291
CanESM5,ssp245,2092,17.6335
CanESM5,ssp245,2093,17.7397
CanESM5,ssp245,2094,17.7059
CanESM5,ssp245,2095,17.8355
CanESM5,ssp245,2096,17.6612
CanESM5,ssp245,2097,17.6917
CanESM5,ssp245,2098,17.7394
CanESM5,ssp245,2099,17.9604
CanESM5,ssp245,2100,17.7669
CanESM5,ssp585,2015,15.2213
CanESM5,ssp585,2016,15.184
CanESM5,ssp585,2017,15.3009
CanESM5,ssp585,2018,15.4913
CanESM5,ssp585,2019,15.6682
CanESM5,ssp585,2020,15.3728
CanESM5,ssp585,2021,15.4114
CanESM5,ssp585,2022,15.5254
CanESM5,ssp585,2023,15.5776
CanESM5,ssp585,2024,15.7316
CanESM5,ssp585,2025,15.7581
CanESM5,ssp585,2026,15.9258
CanESM5,ssp585,2027,16.0826
CanESM5,ssp585,2028,15.7426
CanESM5,ssp585,2029,15.8076
CanESM5,ssp585,2030,15.8564
CanESM5,ssp585,2031,15.8692
CanESM5,ssp585,2032,15.8251
CanESM5,ssp585,2033,15.9203
CanESM5,ssp585,2034,16.0245
CanESM5,ssp585,2035,16.0648
CanESM5,ssp585,2036,16.0773
CanESM5,ssp585,2037,16.2455
CanESM5,ssp585,2038,16.3622
CanESM5,ssp585,2039,16.4177
CanESM5,ssp585,2040,16.4196
CanESM5,ssp585,2041,16.4655
CanESM5,ssp585,2042,16.4833
CanESM5,ssp585,2043,16.7652
CanESM5,ssp585,2044,16.7832
CanESM5,ssp585,2045,16.9328
CanESM5,ssp585,2046,17.0275
CanESM5,ssp585,2047,17.0006
CanESM5,ssp585,2048,16.9785
CanESM5,ssp585,2049,17.085
CanESM5,ssp585,2050,17.3393
CanESM5,ssp585,2051,17.397
CanESM5,ssp585,2052,17.4478
CanESM5,ssp585,2053,17.4003
CanESM5,ssp585,2054,17.4812
CanESM5,ssp585,2055,17.6896
CanESM5,ssp585,2056,17.8757
CanESM5,ssp585,2057,17.6317
CanESM5,ssp585,2058,17.7108
CanESM5,ssp585,2059,17.7207
CanESM5,ssp585,2060,17.9112
CanESM5,ssp585,2061,18.1657
CanESM5,ssp585,2062,18.2424
CanESM5,ssp585,2063,18.0484
CanESM5,ssp585,2064,18.1784
CanESM5,ssp585,2065,18.3888
CanESM5,ssp585,2066,18.407
CanESM5,ssp585,2067,18.6696
CanESM5,ssp585,2068,18.6831
CanESM5,ssp585,2069,18.6535
CanESM5,ssp585,2070,18.8417
CanESM5,ssp585,2071,18.9219
CanESM5,ssp585,2072,19.0076
CanESM5,ssp585,2073,18.9765
CanESM5,ssp585,2074,19.155
CanESM5,ssp585,2075,19.3245
CanESM5,ssp585,2076,19.4449
CanESM5,ssp585,2077,19.3824
CanESM5,ssp585,2078,19.3848
CanESM5,ssp585,2079,19.638
CanESM5,ssp585,2080,19.7148
CanESM5,ssp585,2081,19.7827
CanESM5,ssp585,2082,19.8622
CanESM5,ssp585,2083,19.9388
CanESM5,ssp585,2084,20.0741
CanESM5,ssp585,2085,20.1429
CanESM5,ssp585,2086,20.1181
CanESM5,ssp585,2087,20.2113
CanESM5,ssp585,2088,20.3924
CanESM5,ssp585,2089,20.4977
CanESM5,ssp585,2090,20.571
CanESM5,ssp585,2091,20.7375
CanESM5,ssp585,2092,20.6642
CanESM5,ssp585,2093,20.7534
CanESM5,ssp585,2094,20.8994
CanESM5,ssp585,2095,20.9849
CanESM5,ssp585,2096,20.9835
CanESM5,ssp585,2097,21.0993
CanESM5,ssp585,2098,21.3251
CanESM5,ssp585,2099,21.3394
CanESM5,ssp585,2100,21.351
IPSL-CM6A-LR,historical,1850,12.4374
IPSL-CM6A-LR,historical,1851,12.6158
IPSL-CM6A-LR,historical,1852,12.6432
IPSL-CM6A-LR,historical,1853,12.642
IPSL-CM6A-LR,historical,1854,12.7906
IPSL-CM6A-LR,historical,1855,12.8893
IPSL-CM6A-LR,historical,1856,12.6544
IPSL-CM6A-LR,historical,1857,12.8266
IPSL-CM6A-LR,historical,1858,12.845
IPSL-CM6A-LR,historical,1859,12.8514
IPSL-CM6A-LR,historical,1860,12.909
IPSL-CM6A-LR,historical,1861,12.7687
IPSL-CM6A-LR,historical,1862,12.6927
IPSL-CM6A-LR,historical,1863,12.6178
IPSL-CM6A-LR,historical,1864,12.6985
IPSL-CM6A-LR,historical,1865,12.9086
IPSL-CM6A-LR,historical,1866,12.7252
IPSL-CM6A-LR,historical,1867,12.819
IPSL-CM6A-LR,historical,1868,12.9333
IPSL-CM6A-LR,historical,1869,13.1383
IPSL-CM6A-LR,historical,1870,12.9669
IPSL-CM6A-LR,historical,1871,12.7819
IPSL-CM6A-LR,historical,1872,13.1728
IPSL-CM6A-LR,historical,1873,13.0531
IPSL-CM6A-LR,historical,1874,12.8006
IPSL-CM6A-LR,historical,1875,12.7159
IPSL-CM6A-LR,historical,1876,12.9057
IPSL-CM6A-LR,historical,1877,12.8661
IPSL-CM6A-LR,historical,1878,13.0363
IPSL-CM6A-LR,historical,1879,13.0748
IPSL-CM6A-LR,historical,1880,13.0672
IPSL-CM6A-LR,historical,1881,12.9894
IPSL-CM6A-LR,historical,1882,12.9961
IPSL-CM6A-LR,historical,1883,12.8711
IPSL-CM6A-LR,historical,1884,12.6613
IPSL-CM6A-LR,historical,1885,12.7619
IPSL-CM6A-LR,historical,1886,12.95
IPSL-CM6A-LR,historical,1887,12.9832
IPSL-CM6A-LR,historical,1888,13.0567
IPSL-CM6A-LR,historical,1889,13.0814
IPSL-CM6A-LR,historical,1890,12.7728
IPSL-CM6A-LR,historical,1891,12.783
IPSL-CM6A-LR,historical,1892,12.9204
IPSL-CM6A-LR,historical,1893,13.0463
IPSL-CM6A-LR,historical,1894,13.0562
IPSL-CM6A-LR,historical,1895,12.9193
IPSL-CM6A-LR,historical,1896,12.8907
IPSL-CM6A-LR,historical,1897,13.1534
IPSL-CM6A-LR,historical,1898,13.029
IPSL-CM6A-LR,historical,1899,12.953
IPSL-CM6A-LR,historical,1900,12.9641
IPSL-CM6A-LR,historical,1901,12.8689
IPSL-CM6A-LR,historical,1902,12.7772
IPSL-CM6A-LR,historical,1903,12.5889
IPSL-CM6A-LR,historical,1904,12.9413
IPSL-CM6A-LR,historical,1905,13.0337
IPSL-CM6A-LR,historical,1906,12.9107
IPSL-CM6A-LR,historical,1907,12.9235
IPSL-CM6A-LR,historical,1908,13.032
IPSL-CM6A-LR,historical,1909,12.8399
IPSL-CM6A-LR,historical,1910,12.9303
IPSL-CM6A-LR,historical,1911,13.0742
IPSL-CM6A-LR,historical,1912,12.9551
IPSL-CM6A-LR,historical,1913,12.9832
IPSL-CM6A-LR,historical,1914,12.8392
IPSL-CM6A-LR,historical,1915,12.8245
IPSL-CM6A-LR,historical,1916,12.6285
IPSL-CM6A-LR,historical,1917,12.8427
IPSL-CM6A-LR,historical,1918,13.1205
IPSL-CM6A-LR,historical,1919,13.1243
IPSL-CM6A-LR,historical,1920,13.268
IPSL-CM6A-LR,historical,1921,13.1215
IPSL-CM6A-LR,historical,1922,13.0979
IPSL-CM6A-LR,historical,1923,12.9521
IPSL-CM6A-LR,historical,1924,12.944
IPSL-CM6A-LR,historical,1925,13.0261
IPSL-CM6A-LR,historical,1926,13.0528
IPSL-CM6A-LR,historical,1927,13.0647
IPSL-CM6A-LR,historical,1928,13.038
IPSL-CM6A-LR,historical,1929,12.899
IPSL-CM6A-LR,historical,1930,13.0309
IPSL-CM6A-LR,historical,1931,13.1204
IPSL-CM6A-LR,historical,1932,12.9634
IPSL-CM6A-LR,historical,1933,12.8525
IPSL-CM6A-LR,historical,1934,13.0314
IPSL-CM6A-LR,historical,1935,13.0876
IPSL-CM6A-LR,historical,1936,13.1391
IPSL-CM6A-LR,historical,1937,13.0236
IPSL-CM6A-LR,historical,1938,13.0936
IPSL-CM6A-LR,historical,1939,12.9434
IPSL-CM6A-LR,historical,1940,13.178
IPSL-CM6A-LR,historical,1941,13.1542
IPSL-CM6A-LR,historical,1942,12.9556
IPSL-CM6A-LR,historical,1943,13.1211
IPSL-CM6A-LR,historical,1944,13.0349
IPSL-CM6A-LR,historical,1945,13.0585
IPSL-CM6A-LR,historical,1946,13.0572
IPSL-CM6A-LR,historical,1947,13.035
IPSL-CM6A-LR,historical,1948,13.2298
IPSL-CM6A-LR,historical,1949,13.3086
IPSL-CM6A-LR,historical,1950,13.2466
IPSL-CM6A-LR,historical,1951,13.2007
IPSL-CM6A-LR,historical,1952,13.0968
IPSL-CM6A-LR,historical,1953,12.9857
IPSL-CM6A-LR,historical,1954,12.969
IPSL-CM6A-LR,historical,1955,13.2783
IPSL-CM6A-LR,historical,1956,13.2752
IPSL-CM6A-LR,historical,1957,13.3905
IPSL-CM6A-LR,historical,1958,13.2436
IPSL-CM6A-LR,historical,1959,13.1194
IPSL-CM6A-LR,historical,1960,13.1422
IPSL-CM6A-LR,historical,1961,13.2493
IPSL-CM6A-LR,historical,1962,13.4301
IPSL-CM6A-LR,historical,1963,13.1205
IPSL-CM6A-LR,historical,1964,13.043
IPSL-CM6A-LR,historical,1965,13.1068
IPSL-CM6A-LR,historical,1966,13.2459
IPSL-CM6A-LR,historical,1967,13.1486
IPSL-CM6A-LR,historical,1968,13.1418
IPSL-CM6A-LR,historical,1969,13.483
IPSL-CM6A-LR,historical,1970,13.2654
IPSL-CM6A-LR,historical,1971,12.9602
IPSL-CM6A-LR,historical,1972,12.9754
IPSL-CM6A-LR,historical,1973,13.2525
IPSL-CM6A-LR,historical,1974,13.5252
IPSL-CM6A-LR,historical,1975,13.3549
IPSL-CM6A-LR,historical,1976,13.2867
IPSL-CM6A-LR,historical,1977,13.1668
IPSL-CM6A-LR,historical,1978,13.3789
IPSL-CM6A-LR,historical,1979,13.2509
IPSL-CM6A-LR,historical,1980,13.5065
IPSL-CM6A-LR,historical,1981,13.3879
IPSL-CM6A-LR,historical,1982,13.3619
IPSL-CM6A-LR,historical,1983,13.2143
IPSL-CM6A-LR,historical,1984,13.3312
IPSL-CM6A-LR,historical,1985,13.6283
IPSL-CM6A-LR,historical,1986,13.6847
IPSL-CM6A-LR,historical,1987,13.6168
IPSL-CM6A-LR,historical,1988,13.4819
IPSL-CM6A-LR,historical,1989,13.4922
IPSL-CM6A-LR,historical,1990,13.5274
IPSL-CM6A-LR,historical,1991,13.5254
IPSL-CM6A-LR,historical,1992,13.5093
IPSL-CM6A-LR,historical,1993,13.494
IPSL-CM6A-LR,historical,1994,13.3739
IPSL-CM6A-LR,historical,1995,13.4336
IPSL-CM6A-LR,historical,1996,13.7328
IPSL-CM6A-LR,historical,1997,13.7813
IPSL-CM6A-LR,historical,1998,13.7714
IPSL-CM6A-LR,historical,1999,13.669
IPSL-CM6A-LR,historical,2000,13.7588
IPSL-CM6A-LR,historical,2001,13.9355
IPSL-CM6A-LR,historical,2002,13.8592
IPSL-CM6A-LR,historical,2003,13.9516
IPSL-CM6A-LR,historical,2004,14.0891
IPSL-CM6A-LR,historical,2005,13.7979
IPSL-CM6A-LR,historical,2006,14.0328
IPSL-CM6A-LR,historical,2007,14.0575
IPSL-CM6A-LR,historical,2008,13.9836
IPSL-CM6A-LR,historical,2009,13.995
IPSL-CM6A-LR,historical,2010,13.8909
IPSL-CM6A-LR,historical,2011,13.9941
IPSL-CM6A-LR,historical,2012,13.9076
IPSL-CM6A-LR,historical,2013,14.0116
IPSL-CM6A-LR,historical,2014,14.1309
IPSL-CM6A-LR,ssp126,2015,14.0385
IPSL-CM6A-LR,ssp126,2016,13.859
IPSL-CM6A-LR,ssp126,2017,13.8256
IPSL-CM6A-LR,ssp126,2018,14.2052
IPSL-CM6A-LR,ssp126,2019,14.195
IPSL-CM6A-LR,ssp126,2020,14.1638
IPSL-CM6A-LR,ssp126,2021,14.1984
IPSL-CM6A-LR,ssp126,2022,14.4736
IPSL-CM6A-LR,ssp126,2023,14.4539
IPSL-CM6A-LR,ssp126,2024,14.2801
IPSL-CM6A-LR,ssp126,2025,14.212
IPSL-CM6A-LR,ssp126,2026,14.4066
IPSL-CM6A-LR,ssp126,2027,14.2845
IPSL-CM6A-LR,ssp126,2028,14.2264
IPSL-CM6A-LR,ssp126,2029,14.5388
IPSL-CM6A-LR,ssp126,2030,14.7364
IPSL-CM6A-LR,ssp126,2031,14.6798
IPSL-CM6A-LR,ssp126,2032,14.5607
IPSL-CM6A-LR,ssp126,2033,14.6645
IPSL-CM6A-LR,ssp126,2034,14.8663
IPSL-CM6A-LR,ssp126,2035,14.8178
IPSL-CM6A-LR,ssp126,2036,14.8396
IPSL-CM6A-LR,ssp126,2037,15.0913
IPSL-CM6A-LR,ssp126,2038,14.9018
IPSL-CM6A-LR,ssp126,2039,14.8029
IPSL-CM6A-LR,ssp126,2040,14.9769
IPSL-CM6A-LR,ssp126,2041,14.9849
IPSL-CM6A-LR,ssp126,2042,14.8677
IPSL-CM6A-LR,ssp126,2043,15.0287
IPSL-CM6A-LR,ssp126,2044,15.0851
IPSL-CM6A-LR,ssp126,2045,15.1807
IPSL-CM6A-LR,ssp126,2046,15.0041
IPSL-CM6A-LR,ssp126,2047,14.9
IPSL-CM6A-LR,ssp126,2048,14.9479
IPSL-CM6A-LR,ssp126,2049,15.0257
IPSL-CM6A-LR,ssp126,2050,15.1807
IPSL-CM6A-LR,ssp126,2051,15.3166
IPSL-CM6A-LR,ssp126,2052,15.1809
IPSL-CM6A-LR,ssp126,2053,15.1506
IPSL-CM6A-LR,ssp126,2054,15.194
IPSL-CM6A-LR,ssp126,2055,15.151
IPSL-CM6A-LR,ssp126,2056,15.3138
IPSL-CM6A-LR,ssp126,2057,15.3516
IPSL-CM6A-LR,ssp126,2058,15.2524
IPSL-CM6A-LR,ssp126,2059,15.2981
IPSL-CM6A-LR,ssp126,2060,15.157
IPSL-CM6A-LR,ssp126,2061,15.2931
IPSL-CM6A-LR,ssp126,2062,15.6156
IPSL-CM6A-LR,ssp126,2063,15.3188
IPSL-CM6A-LR,ssp126,2064,15.2749
IPSL-CM6A-LR,ssp126,2065,15.1667
IPSL-CM6A-LR,ssp126,2066,15.1647
IPSL-CM6A-LR,ssp126,2067,15.0308
IPSL-CM6A-LR,ssp126,2068,15.1546
IPSL-CM6A-LR,ssp126,2069,15.403
IPSL-CM6A-LR,ssp126,2070,15.3628
IPSL-CM6A-LR,ssp126,2071,15.1172
IPSL-CM6A-LR,ssp126,2072,15.1691
IPSL-CM6A-LR,ssp126,2073,15.3213
IPSL-CM6A-LR,ssp126,2074,15.2307
IPSL-CM6A-LR,ssp126,2075,15.0822
IPSL-CM6A-LR,ssp126,2076,14.9544
IPSL-CM6A-LR,ssp126,2077,15.203
IPSL-CM6A-LR,ssp126,2078,15.2905
IPSL-CM6A-LR,ssp126,2079,15.2797
IPSL-CM6A-LR,ssp126,2080,15.1654
IPSL-CM6A-LR,ssp126,2081,15.1166
IPSL-CM6A-LR,ssp126,2082,15.1762
IPSL-CM6A-LR,ssp126,2083,15.0779
IPSL-CM6A-LR,ssp126,2084,15.1798
IPSL-CM6A-LR,ssp126,2085,15.2298
IPSL-CM6A-LR,ssp126,2086,15.0903
IPSL-CM6A-LR,ssp126,2087,15.3441
IPSL-CM6A-LR,ssp126,2088,15.3006
IPSL-CM6A-LR,ssp126,2089,15.0322
IPSL-CM6A-LR,ssp126,2090,15.0488
IPSL-CM6A-LR,ssp126,2091,15.2266
IPSL-CM6A-LR,ssp126,2092,15.0166
IPSL-CM6A-LR,ssp126,2093,15.1408
IPSL-CM6A-LR,ssp126,2094,15.3087
IPSL-CM6A-LR,ssp126,2095,15.1687
IPSL-CM6A-LR,ssp126,2096,15.2968
IPSL-CM6A-LR,ssp126,2097,15.1967
IPSL-CM6A-LR,ssp126,2098,14.8805
IPSL-CM6A-LR,ssp126,2099,15.1741
IPSL-CM6A-LR,ssp126,2100,15.154
IPSL-CM6A-LR,ssp245,2015,14.1048
IPSL-CM6A-LR,ssp245,2016,14.3173
IPSL-CM6A-LR,ssp245,2017,14.1937
IPSL-CM6A-LR,ssp245,2018,14.2479
IPSL-CM6A-LR,ssp245,2019,14.5251
IPSL-CM6A-LR,ssp245,2020,14.3591
IPSL-CM6A-LR,ssp245,2021,14.2349
IPSL-CM6A-LR,ssp245,2022,14.3897
IPSL-CM6A-LR,ssp245,2023,14.4241
IPSL-CM6A-LR,ssp245,2024,14.4612
IPSL-CM6A-LR,ssp245,2025,14.5103
IPSL-CM6A-LR,ssp245,2026,14.4253
IPSL-CM6A-LR,ssp245,2027,14.3387
IPSL-CM6A-LR,ssp245,2028,14.4172
IPSL-CM6A-LR,ssp245,2029,14.4423
IPSL-CM6A-LR,ssp245,2030,14.4828
IPSL-CM6A-LR,ssp245,2031,14.4304
IPSL-CM6A-LR,ssp245,2032,14.5151
IPSL-CM6A-LR,ssp245,2033,14.8176
IPSL-CM6A-LR,ssp245,2034,14.7256
IPSL-CM6A-LR,ssp245,2035,14.7074
IPSL-CM6A-LR,ssp245,2036,14.8033
IPSL-CM6A-LR,ssp245,2037,14.8389
IPSL-CM6A-LR,ssp245,2038,14.9573
IPSL-CM6A-LR,ssp245,2039,14.9965
IPSL-CM6A-LR,ssp245,2040,15.022
IPSL-CM6A-LR,ssp245,2041,15.0099
IPSL-CM6A-LR,ssp245,2042,14.8825
IPSL-CM6A-LR,ssp245,2043,14.9495
IPSL-CM6A-LR,ssp245,2044,14.9848
IPSL-CM6A-LR,ssp245,2045,15.0299
IPSL-CM6A-LR,ssp245,2046,14.9053
IPSL-CM6A-LR,ssp245,2047,15.0474
IPSL-CM6A-LR,ssp245,2048,15.3935
IPSL-CM6A-LR,ssp245,2049,15.3719
IPSL-CM6A-LR,ssp245,2050,15.1958
IPSL-CM6A-LR,ssp245,2051,15.3385
IPSL-CM6A-LR,ssp245,2052,15.4886
IPSL-CM6A-LR,ssp245,2053,15.3677
IPSL-CM6A-LR,ssp245,2054,15.3322
IPSL-CM6A-LR,ssp245,2055,15.318
IPSL-CM6A-LR,ssp245,2056,15.6183
IPSL-CM6A-LR,ssp245,2057,15.8805
IPSL-CM6A-LR,ssp245,2058,15.9756
IPSL-CM6A-LR,ssp245,2059,15.4897
IPSL-CM6A-LR,ssp245,2060,15.6806
IPSL-CM6A-LR,ssp245,2061,15.8722
IPSL-CM6A-LR,ssp245,2062,15.8216
IPSL-CM6A-LR,ssp245,2063,15.7304
IPSL-CM6A-LR,ssp245,2064,15.933
IPSL-CM6A-LR,ssp245,2065,15.9894
IPSL-CM6A-LR,ssp245,2066,15.7568
IPSL-CM6A-LR,ssp245,2067,15.6912
IPSL-CM6A-LR,ssp245,2068,15.813
IPSL-CM6A-LR,ssp245,2069,15.944
IPSL-CM6A-LR,ssp245,2070,16.0108
IPSL-CM6A-LR,ssp245,2071,16.0474
IPSL-CM6A-LR,ssp245,2072,15.9684
IPSL-CM6A-LR,ssp245,2073,15.9309
IPSL-CM6A-LR,ssp245,2074,15.9674
IPSL-CM6A-LR,ssp245,2075,16.2345
IPSL-CM6A-LR,ssp245,2076,16.2495
IPSL-CM6A-LR,ssp245,2077,16.3406
IPSL-CM6A-LR,ssp245,2078,16.2651
IPSL-CM6A-LR,ssp245,2079,16.097
IPSL-CM6A-LR,ssp245,2080,16.0973
IPSL-CM6A-LR,ssp245,2081,16.2675
IPSL-CM6A-LR,ssp245,2082,16.2
IPSL-CM6A-LR,ssp245,2083,16.1638
IPSL-CM6A-LR,ssp245,2084,16.4098
IPSL-CM6A-LR,ssp245,2085,16.3791
IPSL-CM6A-LR,ssp245,2086,16.1891
IPSL-CM6A-LR,ssp245,2087,16.3218
IPSL-CM6A-LR,ssp245,2088,16.6583
IPSL-CM6A-LR,ssp245,2089,16.6176
IPSL-CM6A-LR,ssp245,2090,16.4215
IPSL-CM6A-LR,ssp245,2091,16.494
IPSL-CM6A-LR,ssp245,2092,16.402
IPSL-CM6A-LR,ssp245,2093,16.3458
IPSL-CM6A-LR,ssp245,2094,16.441
IPSL-CM6A-LR,ssp245,2095,16.4924
IPSL-CM6A-LR,ssp245,2096,16.7347
IPSL-CM6A-LR,ssp245,2097,16.3595
IPSL-CM6A-LR,ssp245,2098,16.4649
IPSL-CM6A-LR,ssp245,2099,16.5712
IPSL-CM6A-LR,ssp245,2100,16.6181
IPSL-CM6A-LR,ssp585,2015,14.0286
IPSL-CM6A-LR,ssp585,2016,14.0109
IPSL-CM6A-LR,ssp585,2017,13.9391
IPSL-CM6A-LR,ssp585,2018,13.9268
IPSL-CM6A-LR,ssp585,2019,14.1858
IPSL-CM6A-LR,ssp585,2020,14.2718
IPSL-CM6A-LR,ssp585,2021,14.2591
IPSL-CM6A-LR,ssp585,2022,14.4217
IPSL-CM6A-LR,ssp585,2023,14.5083
IPSL-CM6A-LR,ssp585,2024,14.5555
IPSL-CM6A-LR,ssp585,2025,14.45
IPSL-CM6A-LR,ssp585,2026,14.4938
IPSL-CM6A-LR,ssp585,2027,14.5964
IPSL-CM6A-LR,ssp585,2028,14.6209
IPSL-CM6A-LR,ssp585,2029,14.7143
IPSL-CM6A-LR,ssp585,2030,14.921
IPSL-CM6A-LR,ssp585,2031,14.9618
IPSL-CM6A-LR,ssp585,2032,15.051
IPSL-CM6A-LR,ssp585,2033,14.9905
IPSL-CM6A-LR,ssp585,2034,14.8571
IPSL-CM6A-LR,ssp585,2035,15.1579
IPSL-CM6A-LR,ssp585,2036,15.0181
IPSL-CM6A-LR,ssp585,2037,14.999
IPSL-CM6A-LR,ssp585,2038,15.1171
IPSL-CM6A-LR,ssp585,2039,15.1053
IPSL-CM6A-LR,ssp585,2040,15.4801
IPSL-CM6A-LR,ssp585,2041,15.5647
IPSL-CM6A-LR,ssp585,2042,15.4473
IPSL-CM6A-LR,ssp585,2043,15.8137
IPSL-CM6A-LR,ssp585,2044,15.69
IPSL-CM6A-LR,ssp585,2045,15.4419
IPSL-CM6A-LR,ssp585,2046,15.5861
IPSL-CM6A-LR,ssp585,2047,15.7072
IPSL-CM6A-LR,ssp585,2048,15.7389
IPSL-CM6A-LR,ssp585,2049,15.8839
IPSL-CM6A-LR,ssp585,2050,15.9065
IPSL-CM6A-LR,ssp585,2051,15.7479
IPSL-CM6A-LR,ssp585,2052,15.8472
IPSL-CM6A-LR,ssp585,2053,16.0748
IPSL-CM6A-LR,ssp585,2054,16.0253
IPSL-CM6A-LR,ssp585,2055,15.9665
IPSL-CM6A-LR,ssp585,2056,16.1569
IPSL-CM6A-LR,ssp585,2057,16.4327
IPSL-CM6A-LR,ssp585,2058,16.5424
IPSL-CM6A-LR,ssp585,2059,16.4764
IPSL-CM6A-LR,ssp585,2060,16.4727
IPSL-CM6A-LR,ssp585,2061,16.6523
IPSL-CM6A-LR,ssp585,2062,16.504
IPSL-CM6A-LR,ssp585,2063,16.6712
IPSL-CM6A-LR,ssp585,2064,16.7731
IPSL-CM6A-LR,ssp585,2065,16.5469
IPSL-CM6A-LR,ssp585,2066,16.629
IPSL-CM6A-LR,ssp585,2067,16.9381
IPSL-CM6A-LR,ssp585,2068,16.8245
IPSL-CM6A-LR,ssp585,2069,16.9057
IPSL-CM6A-LR,ssp585,2070,16.9641
IPSL-CM6A-LR,ssp585,2071,17.0894
IPSL-CM6A-LR,ssp585,2072,17.3839
IPSL-CM6A-LR,ssp585,2073,17.5994
IPSL-CM6A-LR,ssp585,2074,17.8383
IPSL-CM6A-LR,ssp585,2075,17.6213
IPSL-CM6A-LR,ssp585,2076,17.485
IPSL-CM6A-LR,ssp585,2077,17.7719
IPSL-CM6A-LR,ssp585,2078,17.6519
IPSL-CM6A-LR,ssp585,2079,17.9369
IPSL-CM6A-LR,ssp585,2080,18.0429
IPSL-CM6A-LR,ssp585,2081,18.0749
IPSL-CM6A-LR,ssp585,2082,18.2129
IPSL-CM6A-LR,ssp585,2083,18.1536
IPSL-CM6A-LR,ssp585,2084,18.3722
IPSL-CM6A-LR,ssp585,2085,18.4582
IPSL-CM6A-LR,ssp585,2086,18.5619
IPSL-CM6A-LR,ssp585,2087,18.7152
IPSL-CM6A-LR,ssp585,2088,18.6376
IPSL-CM6A-LR,ssp585,2089,18.7454
IPSL-CM6A-LR,ssp585,2090,18.8445
IPSL-CM6A-LR,ssp585,2091,19.0885
IPSL-CM6A-LR,ssp585,2092,19.2318
IPSL-CM6A-LR,ssp585,2093,19.1285
IPSL-CM6A-LR,ssp585,2094,19.1189
IPSL-CM6A-LR,ssp585,2095,19.2128
IPSL-CM6A-LR,ssp585,2096,19.4736
IPSL-CM6A-LR,ssp585,2097,19.5086
IPSL-CM6A-LR,ssp585,2098,19.3812
IPSL-CM6A-LR,ssp585,2099,19.4481
IPSL-CM6A-LR,ssp585,2100,19.7109
ACCESS-CM2,historical,1850,13.8575
ACCESS-CM2,historical,1851,13.867
ACCESS-CM2,historical,1852,14.0245
ACCESS-CM2,historical,1853,13.9209
ACCESS-CM2,historical,1854,13.9912
ACCESS-CM2,historical,1855,13.7622
ACCESS-CM2,historical,1856,13.7912
ACCESS-CM2,historical,1857,13.8515
ACCESS-CM2,historical,1858,13.7679
ACCESS-CM2,historical,1859,13.8793
ACCESS-CM2,historical,1860,13.8465
ACCESS-CM2,historical,1861,13.726
ACCESS-CM2,historical,1862,13.7132
ACCESS-CM2,historical,1863,13.6253
ACCESS-CM2,historical,1864,13.7341
ACCESS-CM2,historical,1865,13.6687
ACCESS-CM2,historical,1866,13.6921
ACCESS-CM2,historical,1867,13.7932
ACCESS-CM2,historical,1868,13.6476
ACCESS-CM2,historical,1869,13.7047
ACCESS-CM2,historical,1870,13.7694
ACCESS-CM2,historical,1871,13.8204
ACCESS-CM2,historical,1872,13.9448
ACCESS-CM2,historical,1873,13.6631
ACCESS-CM2,historical,1874,13.8576
ACCESS-CM2,historical,1875,13.8143
ACCESS-CM2,historical,1876,13.768
ACCESS-CM2,historical,1877,13.8704
ACCESS-CM2,historical,1878,13.8155
ACCESS-CM2,historical,1879,13.7724
ACCESS-CM2,historical,1880,13.7228
ACCESS-CM2,historical,1881,13.771
ACCESS-CM2,historical,1882,13.8184
ACCESS-CM2,historical,1883,13.7256
ACCESS-CM2,historical,1884,13.3655
ACCESS-CM2,historical,1885,13.4278
ACCESS-CM2,historical,1886,13.4341
ACCESS-CM2,historical,1887,13.5893
ACCESS-CM2,historical,1888,13.6057
ACCESS-CM2,historical,1889,13.6445
ACCESS-CM2,historical,1890,13.6991
ACCESS-CM2,historical,1891,13.6654
ACCESS-CM2,historical,1892,13.5075
ACCESS-CM2,historical,1893,13.6778
ACCESS-CM2,historical,1894,13.7513
ACCESS-CM2,historical,1895,13.7715
ACCESS-CM2,historical,1896,13.8185
ACCESS-CM2,historical,1897,13.8745
ACCESS-CM2,historical,1898,13.9309
ACCESS-CM2,historical,1899,13.8668
ACCESS-CM2,historical,1900,13.8699
ACCESS-CM2,historical,1901,13.8162
ACCESS-CM2,historical,1902,13.8443
ACCESS-CM2,historical,1903,13.647
ACCESS-CM2,historical,1904,13.6533
ACCESS-CM2,historical,1905,13.6865
ACCESS-CM2,historical,1906,13.7699
ACCESS-CM2,historical,1907,13.631
ACCESS-CM2,historical,1908,13.6789
ACCESS-CM2,historical,1909,13.5982
ACCESS-CM2,historical,1910,13.792
ACCESS-CM2,historical,1911,13.7602
ACCESS-CM2,historical,1912,13.5175
ACCESS-CM2,historical,1913,13.4749
ACCESS-CM2,historical,1914,13.3398
ACCESS-CM2,historical,1915,13.5296
ACCESS-CM2,historical,1916,13.7404
ACCESS-CM2,historical,1917,13.4616
ACCESS-CM2,historical,1918,13.689
ACCESS-CM2,historical,1919,13.6642
ACCESS-CM2,historical,1920,13.6069
ACCESS-CM2,historical,1921,13.5993
ACCESS-CM2,historical,1922,13.5062
ACCESS-CM2,historical,1923,13.6847
ACCESS-CM2,historical,1924,13.7295
ACCESS-CM2,historical,1925,13.7753
ACCESS-CM2,historical,1926,13.6828
ACCESS-CM2,historical,1927,13.8492
ACCESS-CM2,historical,1928,13.7984
ACCESS-CM2,historical,1929,13.888
ACCESS-CM2,historical,1930,13.7883
ACCESS-CM2,historical,1931,13.7058
ACCESS-CM2,historical,1932,13.8655
ACCESS-CM2,historical,1933,13.9222
ACCESS-CM2,historical,1934,14.1304
ACCESS-CM2,historical,1935,14.0116
ACCESS-CM2,historical,1936,14.04
ACCESS-CM2,historical,1937,13.8475
ACCESS-CM2,historical,1938,13.9052
ACCESS-CM2,historical,1939,13.9643
ACCESS-CM2,historical,1940,13.9461
ACCESS-CM2,historical,1941,14.0886
ACCESS-CM2,historical,1942,13.9948
ACCESS-CM2,historical,1943,13.9342
ACCESS-CM2,historical,1944,14.0255
ACCESS-CM2,historical,1945,14.0796
ACCESS-CM2,historical,1946,13.9817
ACCESS-CM2,historical,1947,13.8649
ACCESS-CM2,historical,1948,13.8665
ACCESS-CM2,historical,1949,13.9594
ACCESS-CM2,historical,1950,13.7771
ACCESS-CM2,historical,1951,13.8846
ACCESS-CM2,historical,1952,13.9385
ACCESS-CM2,historical,1953,13.9291
ACCESS-CM2,historical,1954,13.8579
ACCESS-CM2,historical,1955,13.8978
ACCESS-CM2,historical,1956,13.7936
ACCESS-CM2,historical,1957,13.9084
ACCESS-CM2,historical,1958,13.8773
ACCESS-CM2,historical,1959,13.9672
ACCESS-CM2,historical,1960,14.0314
ACCESS-CM2,historical,1961,13.988
ACCESS-CM2,historical,1962,13.9109
ACCESS-CM2,historical,1963,13.7059
ACCESS-CM2,historical,1964,13.6289
ACCESS-CM2,historical,1965,13.6228
ACCESS-CM2,historical,1966,13.6109
ACCESS-CM2,historical,1967,13.6962
ACCESS-CM2,historical,1968,13.8708
ACCESS-CM2,historical,1969,13.8732
ACCESS-CM2,historical,1970,13.8085
ACCESS-CM2,historical,1971,13.7767
ACCESS-CM2,historical,1972,13.8714
ACCESS-CM2,historical,1973,14.0085
ACCESS-CM2,historical,1974,13.817
ACCESS-CM2,historical,1975,13.8005
ACCESS-CM2,historical,1976,13.8935
ACCESS-CM2,historical,1977,13.9092
ACCESS-CM2,historical,1978,13.9006
ACCESS-CM2,historical,1979,14.0407
ACCESS-CM2,historical,1980,13.8979
ACCESS-CM2,historical,1981,13.9677
ACCESS-CM2,historical,1982,13.9196
ACCESS-CM2,historical,1983,13.834
ACCESS-CM2,historical,1984,13.9615
ACCESS-CM2,historical,1985,14.0591
ACCESS-CM2,historical,1986,14.184
ACCESS-CM2,historical,1987,13.9157
ACCESS-CM2,historical,1988,13.92
ACCESS-CM2,historical,1989,14.0866
ACCESS-CM2,historical,1990,14.1886
ACCESS-CM2,historical,1991,14.1258
ACCESS-CM2,historical,1992,13.7475
ACCESS-CM2,historical,1993,13.8599
ACCESS-CM2,historical,1994,13.9934
ACCESS-CM2,historical,1995,14.0337
ACCESS-CM2,historical,1996,14.2176
ACCESS-CM2,historical,1997,14.0822
ACCESS-CM2,historical,1998,14.1399
ACCESS-CM2,historical,1999,14.2526
ACCESS-CM2,historical,2000,14.4082
ACCESS-CM2,historical,2001,14.2952
ACCESS-CM2,historical,2002,14.2863
ACCESS-CM2,historical,2003,14.4628
ACCESS-CM2,historical,2004,14.3044
ACCESS-CM2,historical,2005,14.3937
ACCESS-CM2,historical,2006,14.3996
ACCESS-CM2,historical,2007,14.2442
ACCESS-CM2,historical,2008,14.4115
ACCESS-CM2,historical,2009,14.3453
ACCESS-CM2,historical,2010,14.5261
ACCESS-CM2,historical,2011,14.6473
ACCESS-CM2,historical,2012,14.783
ACCESS-CM2,historical,2013,14.4994
ACCESS-CM2,historical,2014,14.7189
ACCESS-CM2,ssp126,2015,14.797
ACCESS-CM2,ssp126,2016,14.8909
ACCESS-CM2,ssp126,2017,14.8178
ACCESS-CM2,ssp126,2018,14.8033
ACCESS-CM2,ssp126,2019,14.9472
ACCESS-CM2,ssp126,2020,14.9199
ACCESS-CM2,ssp126,2021,15.0624
ACCESS-CM2,ssp126,2022,15.1323
ACCESS-CM2,ssp126,2023,15.1127
ACCESS-CM2,ssp126,2024,15.2873
ACCESS-CM2,ssp126,2025,15.2817
ACCESS-CM2,ssp126,2026,15.1482
ACCESS-CM2,ssp126,2027,15.3042
ACCESS-CM2,ssp126,2028,15.4099
ACCESS-CM2,ssp126,2029,15.4807
ACCESS-CM2,ssp126,2030,15.4204
ACCESS-CM2,ssp126,2031,15.3659
ACCESS-CM2,ssp126,2032,15.3393
ACCESS-CM2,ssp126,2033,15.4812
ACCESS-CM2,ssp126,2034,15.3241
ACCESS-CM2,ssp126,2035,15.5533
ACCESS-CM2,ssp126,2036,15.4987
ACCESS-CM2,ssp126,2037,15.5473
ACCESS-CM2,ssp126,2038,15.6595
ACCESS-CM2,ssp126,2039,15.6453
ACCESS-CM2,ssp126,2040,15.714
ACCESS-CM2,ssp126,2041,15.6607
ACCESS-CM2,ssp126,2042,15.788
ACCESS-CM2,ssp126,2043,15.9437
ACCESS-CM2,ssp126,2044,15.8373
ACCESS-CM2,ssp126,2045,15.8864
ACCESS-CM2,ssp126,2046,15.9366
ACCESS-CM2,ssp126,2047,16.0442
ACCESS-CM2,ssp126,2048,16.0301
ACCESS-CM2,ssp126,2049,16.0162
ACCESS-CM2,ssp126,2050,15.8633
ACCESS-CM2,ssp126,2051,16.0327
ACCESS-CM2,ssp126,2052,16.2062
ACCESS-CM2,ssp126,2053,16.1837
ACCESS-CM2,ssp126,2054,16.0484
ACCESS-CM2,ssp126,2055,15.93
ACCESS-CM2,ssp126,2056,16.1106
ACCESS-CM2,ssp126,2057,16.0365
ACCESS-CM2,ssp126,2058,16.1307
ACCESS-CM2,ssp126,2059,16.0022
ACCESS-CM2,ssp126,2060,16.0797
ACCESS-CM2,ssp126,2061,16.1275
ACCESS-CM2,ssp126,2062,16.1514
ACCESS-CM2,ssp126,2063,16.2584
ACCESS-CM2,ssp126,2064,16.2475
ACCESS-CM2,ssp126,2065,16.158
ACCESS-CM2,ssp126,2066,16.1339
ACCESS-CM2,ssp126,2067,16.3111
ACCESS-CM2,ssp126,2068,16.2729
ACCESS-CM2,ssp126,2069,16.1849
ACCESS-CM2,ssp126,2070,16.1332
ACCESS-CM2,ssp126,2071,16.3117
ACCESS-CM2,ssp126,2072,16.0498
ACCESS-CM2,ssp126,2073,16.1716
ACCESS-CM2,ssp126,2074,16.1602
ACCESS-CM2,ssp126,2075,16.0991
ACCESS-CM2,ssp126,2076,16.1047
ACCESS-CM2,ssp126,2077,16.1378
ACCESS-CM2,ssp126,2078,16.2433
ACCESS-CM2,ssp126,2079,16.3831
ACCESS-CM2,ssp126,2080,16.1673
ACCESS-CM2,ssp126,2081,16.148
ACCESS-CM2,ssp126,2082,16.2292
ACCESS-CM2,ssp126,2083,16.1576
ACCESS-CM2,ssp126,2084,16.2927
ACCESS-CM2,ssp126,2085,16.1736
ACCESS-CM2,ssp126,2086,16.2623
ACCESS-CM2,ssp126,2087,16.2705
ACCESS-CM2,ssp126,2088,16.2392
ACCESS-CM2,ssp126,2089,16.2815
ACCESS-CM2,ssp126,2090,16.409
ACCESS-CM2,ssp126,2091,16.2711
ACCESS-CM2,ssp126,2092,16.3136
ACCESS-CM2,ssp126,2093,16.4315
ACCESS-CM2,ssp126,2094,16.2914
ACCESS-CM2,ssp126,2095,16.3484
ACCESS-CM2,ssp126,2096,16.3554
ACCESS-CM2,ssp126,2097,16.1498
ACCESS-CM2,ssp126,2098,16.1743
ACCESS-CM2,ssp126,2099,16.2014
ACCESS-CM2,ssp126,2100,16.2699
ACCESS-CM2,ssp245,2015,14.7949
ACCESS-CM2,ssp245,2016,14.6931
ACCESS-CM2,ssp245,2017,14.8726
ACCESS-CM2,ssp245,2018,14.8913
ACCESS-CM2,ssp245,2019,14.8434
ACCESS-CM2,ssp245,2020,14.8897
ACCESS-CM2,ssp245,2021,14.9779
ACCESS-CM2,ssp245,2022,15.1284
ACCESS-CM2,ssp245,2023,15.1044
ACCESS-CM2,ssp245,2024,15.135
ACCESS-CM2,ssp245,2025,15.2034
ACCESS-CM2,ssp245,2026,15.2236
ACCESS-CM2,ssp245,2027,15.3687
ACCESS-CM2,ssp245,2028,15.3607
ACCESS-CM2,ssp245,2029,15.3281
ACCESS-CM2,ssp245,2030,15.2664
ACCESS-CM2,ssp245,2031,15.4079
ACCESS-CM2,ssp245,2032,15.2772
ACCESS-CM2,ssp245,2033,15.4509
ACCESS-CM2,ssp245,2034,15.5402
ACCESS-CM2,ssp245,2035,15.5475
ACCESS-CM2,ssp245,2036,15.2773
ACCESS-CM2,ssp245,2037,15.471
ACCESS-CM2,ssp245,2038,15.7175
ACCESS-CM2,ssp245,2039,15.6595
ACCESS-CM2,ssp245,2040,15.8766
ACCESS-CM2,ssp245,2041,15.7951
ACCESS-CM2,ssp245,2042,15.9672
ACCESS-CM2,ssp245,2043,15.9999
ACCESS-CM2,ssp245,2044,15.8763
ACCESS-CM2,ssp245,2045,15.9978
ACCESS-CM2,ssp245,2046,15.9799
ACCESS-CM2,ssp245,2047,16.0808
ACCESS-CM2,ssp245,2048,16.0945
ACCESS-CM2,ssp245,2049,16.1036
ACCESS-CM2,ssp245,2050,16.0179
ACCESS-CM2,ssp245,2051,16.1605
ACCESS-CM2,ssp245,2052,16.1508
ACCESS-CM2,ssp245,2053,16.3643
ACCESS-CM2,ssp245,2054,16.2311
ACCESS-CM2,ssp245,2055,16.4036
ACCESS-CM2,ssp245,2056,16.4769
ACCESS-CM2,ssp245,2057,16.3676
ACCESS-CM2,ssp245,2058,16.5136
ACCESS-CM2,ssp245,2059,16.6145
ACCESS-CM2,ssp245,2060,16.3106
ACCESS-CM2,ssp245,2061,16.5281
ACCESS-CM2,ssp245,2062,16.6762
ACCESS-CM2,ssp245,2063,16.5209
ACCESS-CM2,ssp245,2064,16.4964
ACCESS-CM2,ssp245,2065,16.6603
ACCESS-CM2,ssp245,2066,16.4856
ACCESS-CM2,ssp245,2067,16.5798
ACCESS-CM2,ssp245,2068,16.714
ACCESS-CM2,ssp245,2069,16.8007
ACCESS-CM2,ssp245,2070,16.8389
ACCESS-CM2,ssp245,2071,16.9068
ACCESS-CM2,ssp245,2072,16.8269
ACCESS-CM2,ssp245,2073,16.817
ACCESS-CM2,ssp245,2074,16.8873
ACCESS-CM2,ssp245,2075,16.886
ACCESS-CM2,ssp245,2076,16.9249
ACCESS-CM2,ssp245,2077,16.8258
ACCESS-CM2,ssp245,2078,16.6905
ACCESS-CM2,ssp245,2079,17.0349
ACCESS-CM2,ssp245,2080,16.9817
ACCESS-CM2,ssp245,2081,17.0326
ACCESS-CM2,ssp245,2082,16.8965
ACCESS-CM2,ssp245,2083,17.0708
ACCESS-CM2,ssp245,2084,17.0235
ACCESS-CM2,ssp245,2085,17.1269
ACCESS-CM2,ssp245,2086,17.0702
ACCESS-CM2,ssp245,2087,17.1762
ACCESS-CM2,ssp245,2088,17.1279
ACCESS-CM2,ssp245,2089,17.173
ACCESS-CM2,ssp245,2090,17.1563
ACCESS-CM2,ssp245,2091,17.225
ACCESS-CM2,ssp245,2092,17.2068
ACCESS-CM2,ssp245,2093,17.223
ACCESS-CM2,ssp245,2094,17.1828
ACCESS-CM2,ssp245,2095,17.2535
ACCESS-CM2,ssp245,2096,17.3829
ACCESS-CM2,ssp245,2097,17.2164
ACCESS-CM2,ssp245,2098,17.3091
ACCESS-CM2,ssp245,2099,17.3399
ACCESS-CM2,ssp245,2100,17.3203
ACCESS-CM2,ssp585,2015,14.8309
ACCESS-CM2,ssp585,2016,14.8632
ACCESS-CM2,ssp585,2017,14.8231
ACCESS-CM2,ssp585,2018,15.0648
ACCESS-CM2,ssp585,2019,15.2142
ACCESS-CM2,ssp585,2020,15.0778
ACCESS-CM2,ssp585,2021,15.2891
ACCESS-CM2,ssp585,2022,15.0191
ACCESS-CM2,ssp585,2023,15.2566
ACCESS-CM2,ssp585,2024,15.1334
ACCESS-CM2,ssp585,2025,15.2219
ACCESS-CM2,ssp585,2026,15.2443
ACCESS-CM2,ssp585,2027,15.4716
ACCESS-CM2,ssp585,2028,15.4317
ACCESS-CM2,ssp585,2029,15.2817
ACCESS-CM2,ssp585,2030,15.3756
ACCESS-CM2,ssp585,2031,15.5787
ACCESS-CM2,ssp585,2032,15.3017
ACCESS-CM2,ssp585,2033,15.4869
ACCESS-CM2,ssp585,2034,15.5184
ACCESS-CM2,ssp585,2035,15.5836
ACCESS-CM2,ssp585,2036,15.6306
ACCESS-CM2,ssp585,2037,15.8487
ACCESS-CM2,ssp585,2038,15.7238
ACCESS-CM2,ssp585,2039,15.6407
ACCESS-CM2,ssp585,2040,15.8071
ACCESS-CM2,ssp585,2041,15.9163
ACCESS-CM2,ssp585,2042,15.886
ACCESS-CM2,ssp585,2043,16.0765
ACCESS-CM2,ssp585,2044,16.0312
ACCESS-CM2,ssp585,2045,16.1537
ACCESS-CM2,ssp585,2046,16.1702
ACCESS-CM2,ssp585,2047,16.1296
ACCESS-CM2,ssp585,2048,16.2255
ACCESS-CM2,ssp585,2049,16.3557
ACCESS-CM2,ssp585,2050,16.4576
ACCESS-CM2,ssp585,2051,16.3515
ACCESS-CM2,ssp585,2052,16.4686
ACCESS-CM2,ssp585,2053,16.7276
ACCESS-CM2,ssp585,2054,16.609
ACCESS-CM2,ssp585,2055,16.6418
ACCESS-CM2,ssp585,2056,16.8162
ACCESS-CM2,ssp585,2057,16.8615
ACCESS-CM2,ssp585,2058,17.0969
ACCESS-CM2,ssp585,2059,17.0645
ACCESS-CM2,ssp585,2060,17.047
ACCESS-CM2,ssp585,2061,17.1681
ACCESS-CM2,ssp585,2062,17.1898
ACCESS-CM2,ssp585,2063,17.2538
ACCESS-CM2,ssp585,2064,17.4046
ACCESS-CM2,ssp585,2065,17.2117
ACCESS-CM2,ssp585,2066,17.3254
ACCESS-CM2,ssp585,2067,17.5555
ACCESS-CM2,ssp585,2068,17.439
ACCESS-CM2,ssp585,2069,17.7434
ACCESS-CM2,ssp585,2070,17.7697
ACCESS-CM2,ssp585,2071,17.9948
ACCESS-CM2,ssp585,2072,17.873
ACCESS-CM2,ssp585,2073,17.9213
ACCESS-CM2,ssp585,2074,18.0269
ACCESS-CM2,ssp585,2075,18.141
ACCESS-CM2,ssp585,2076,18.1362
ACCESS-CM2,ssp585,2077,18.0573
ACCESS-CM2,ssp585,2078,18.0918
ACCESS-CM2,ssp585,2079,18.2619
ACCESS-CM2,ssp585,2080,18.4286
ACCESS-CM2,ssp585,2081,18.456
ACCESS-CM2,ssp585,2082,18.6083
ACCESS-CM2,ssp585,2083,18.5067
ACCESS-CM2,ssp585,2084,18.8148
ACCESS-CM2,ssp585,2085,18.8816
ACCESS-CM2,ssp585,2086,18.8359
ACCESS-CM2,ssp585,2087,18.9794
ACCESS-CM2,ssp585,2088,19.027
ACCESS-CM2,ssp585,2089,18.9549
ACCESS-CM2,ssp585,2090,19.1442
ACCESS-CM2,ssp585,2091,19.251
ACCESS-CM2,ssp585,2092,19.3128
ACCESS-CM2,ssp585,2093,19.3098
ACCESS-CM2,ssp585,2094,19.5383
ACCESS-CM2,ssp585,2095,19.6286
ACCESS-CM2,ssp585,2096,19.706
ACCESS-CM2,ssp585,2097,19.6699
ACCESS-CM2,ssp585,2098,19.86
ACCESS-CM2,ssp585,2099,19.9647
ACCESS-CM2,ssp585,2100,19.9953
MIROC6,historical,1850,15.2067
MIROC6,historical,1851,15.4035
MIROC6,historical,1852,15.5353
MIROC6,historical,1853,15.1839
MIROC6,historical,1854,15.1437
MIROC6,historical,1855,15.1486
MIROC6,historical,1856,15.3636
MIROC6,historical,1857,15.6102
MIROC6,historical,1858,15.5495
MIROC6,historical,1859,15.2708
MIROC6,historical,1860,15.411
MIROC6,historical,1861,15.4034
MIROC6,historical,1862,15.2579
MIROC6,historical,1863,15.1715
MIROC6,historical,1864,15.344
MIROC6,historical,1865,15.3208
MIROC6,historical,1866,15.1731
MIROC6,historical,1867,15.1777
MIROC6,historical,1868,15.2279
MIROC6,historical,1869,15.3151
MIROC6,historical,1870,15.4118
MIROC6,historical,1871,15.3848
MIROC6,historical,1872,15.4403
MIROC6,historical,1873,15.4409
MIROC6,historical,1874,15.4951
MIROC6,historical,1875,15.7125
MIROC6,historical,1876,15.2296
MIROC6,historical,1877,15.076
MIROC6,historical,1878,15.2512
MIROC6,historical,1879,15.2606
MIROC6,historical,1880,15.3988
MIROC6,historical,1881,15.3937
MIROC6,historical,1882,15.2445
MIROC6,historical,1883,15.2262
MIROC6,historical,1884,15.0838
MIROC6,historical,1885,15.2352
MIROC6,historical,1886,15.1772
MIROC6,historical,1887,15.1365
MIROC6,historical,1888,15.1767
MIROC6,historical,1889,15.1284
MIROC6,historical,1890,15.1521
MIROC6,historical,1891,15.2923
MIROC6,historical,1892,15.3431
MIROC6,historical,1893,15.416
MIROC6,historical,1894,15.2869
MIROC6,historical,1895,15.2591
MIROC6,historical,1896,15.2696
MIROC6,historical,1897,15.4093
MIROC6,historical,1898,15.3411
MIROC6,historical,1899,15.2789
MIROC6,historical,1900,15.2424
MIROC6,historical,1901,15.2352
MIROC6,historical,1902,15.2281
MIROC6,historical,1903,15.1673
MIROC6,historical,1904,15.3111
MIROC6,historical,1905,15.2449
MIROC6,historical,1906,15.1764
MIROC6,historical,1907,15.208
MIROC6,historical,1908,15.2618
MIROC6,historical,1909,15.3305
MIROC6,historical,1910,15.3097
MIROC6,historical,1911,15.2356
MIROC6,historical,1912,15.3959
MIROC6,historical,1913,15.4916
MIROC6,historical,1914,15.2437
MIROC6,historical,1915,15.2049
MIROC6,historical,1916,15.2231
MIROC6,historical,1917,15.208
MIROC6,historical,1918,15.1347
MIROC6,historical,1919,15.1065
MIROC6,historical,1920,15.221
MIROC6,historical,1921,15.4518
MIROC6,historical,1922,15.6605
MIROC6,historical,1923,15.7146
MIROC6,historical,1924,15.1948
MIROC6,historical,1925,15.2166
MIROC6,historical,1926,15.4099
MIROC6,historical,1927,15.5739
MIROC6,historical,1928,15.6911
MIROC6,historical,1929,15.4894
MIROC6,historical,1930,15.114
MIROC6,historical,1931,15.1375
MIROC6,historical,1932,15.2959
MIROC6,historical,1933,15.4223
MIROC6,historical,1934,15.7037
MIROC6,historical,1935,15.4903
MIROC6,historical,1936,15.2679
MIROC6,historical,1937,15.2616
MIROC6,historical,1938,15.4828
MIROC6,historical,1939,15.8286
MIROC6,historical,1940,15.5651
MIROC6,historical,1941,15.3855
MIROC6,historical,1942,15.4278
MIROC6,historical,1943,15.5278
MIROC6,historical,1944,15.5775
MIROC6,historical,1945,15.4683
MIROC6,historical,1946,15.3252
MIROC6,historical,1947,15.3986
MIROC6,historical,1948,15.6342
MIROC6,historical,1949,15.8013
MIROC6,historical,1950,15.3719
MIROC6,historical,1951,15.2936
MIROC6,historical,1952,15.1767
MIROC6,historical,1953,15.3589
MIROC6,historical,1954,15.3419
MIROC6,historical,1955,15.4672
MIROC6,historical,1956,15.4403
MIROC6,historical,1957,15.4627
MIROC6,historical,1958,15.5122
MIROC6,historical,1959,15.727
MIROC6,historical,1960,15.4629
MIROC6,historical,1961,15.456
MIROC6,historical,1962,15.5877
MIROC6,historical,1963,15.6645
MIROC6,historical,1964,15.239
MIROC6,historical,1965,15.0772
MIROC6,historical,1966,15.2529
MIROC6,historical,1967,15.4499
MIROC6,historical,1968,15.5821
MIROC6,historical,1969,15.7943
MIROC6,historical,1970,15.4881
MIROC6,historical,1971,15.3091
MIROC6,historical,1972,15.3447
MIROC6,historical,1973,15.5036
MIROC6,historical,1974,15.5552
MIROC6,historical,1975,15.3353
MIROC6,historical,1976,15.3618
MIROC6,historical,1977,15.5218
MIROC6,historical,1978,15.7775
MIROC6,historical,1979,15.4096
MIROC6,historical,1980,15.3242
MIROC6,historical,1981,15.3242
MIROC6,historical,1982,15.3739
MIROC6,historical,1983,15.3484
MIROC6,historical,1984,15.5609
MIROC6,historical,1985,15.7141
MIROC6,historical,1986,15.5918
MIROC6,historical,1987,15.4573
MIROC6,historical,1988,15.5952
MIROC6,historical,1989,15.6492
MIROC6,historical,1990,15.8632
MIROC6,historical,1991,15.7493
MIROC6,historical,1992,15.2512
MIROC6,historical,1993,15.2428
MIROC6,historical,1994,15.3939
MIROC6,historical,1995,15.6131
MIROC6,historical,1996,15.8237
MIROC6,historical,1997,15.8288
MIROC6,historical,1998,15.7976
MIROC6,historical,1999,15.7441
MIROC6,historical,2000,15.8156
MIROC6,historical,2001,16.0777
MIROC6,historical,2002,16.0935
MIROC6,historical,2003,16.0196
MIROC6,historical,2004,15.8093
MIROC6,historical,2005,15.7194
MIROC6,historical,2006,15.7802
MIROC6,historical,2007,15.8497
MIROC6,historical,2008,15.9804
MIROC6,historical,2009,16.278
MIROC6,historical,2010,15.9474
MIROC6,historical,2011,15.7398
MIROC6,historical,2012,15.8693
MIROC6,historical,2013,16.1746
MIROC6,historical,2014,16.3038
MIROC6,ssp126,2015,15.9671
MIROC6,ssp126,2016,15.8908
MIROC6,ssp126,2017,16.0851
MIROC6,ssp126,2018,16.1244
MIROC6,ssp126,2019,16.3567
MIROC6,ssp126,2020,16.4564
MIROC6,ssp126,2021,16.1587
MIROC6,ssp126,2022,16.0118
MIROC6,ssp126,2023,16.2281
MIROC6,ssp126,2024,16.5107
MIROC6,ssp126,2025,16.6475
MIROC6,ssp126,2026,16.2962
MIROC6,ssp126,2027,16.2851
MIROC6,ssp126,2028,16.4527
MIROC6,ssp126,2029,16.7474
MIROC6,ssp126,2030,16.4078
MIROC6,ssp126,2031,16.3606
MIROC6,ssp126,2032,16.4368
MIROC6,ssp126,2033,16.4681
MIROC6,ssp126,2034,16.53
MIROC6,ssp126,2035,16.7396
MIROC6,ssp126,2036,16.8716
MIROC6,ssp126,2037,16.5276
MIROC6,ssp126,2038,16.3919
MIROC6,ssp126,2039,16.5013
MIROC6,ssp126,2040,16.6094
MIROC6,ssp126,2041,16.5855
MIROC6,ssp126,2042,16.6755
MIROC6,ssp126,2043,16.8143
MIROC6,ssp126,2044,16.48
MIROC6,ssp126,2045,16.4795
MIROC6,ssp126,2046,16.4784
MIROC6,ssp126,2047,16.6486
MIROC6,ssp126,2048,16.74
MIROC6,ssp126,2049,16.7391
MIROC6,ssp126,2050,16.6754
MIROC6,ssp126,2051,16.4193
MIROC6,ssp126,2052,16.3811
MIROC6,ssp126,2053,16.5093
MIROC6,ssp126,2054,16.7056
MIROC6,ssp126,2055,16.7949
MIROC6,ssp126,2056,16.6486
MIROC6,ssp126,2057,16.6327
MIROC6,ssp126,2058,16.7502
MIROC6,ssp126,2059,17.0297
MIROC6,ssp126,2060,17.0734
MIROC6,ssp126,2061,16.6886
MIROC6,ssp126,2062,16.5525
MIROC6,ssp126,2063,16.5572
MIROC6,ssp126,2064,16.5152
MIROC6,ssp126,2065,16.6069
MIROC6,ssp126,2066,16.7961
MIROC6,ssp126,2067,16.9631
MIROC6,ssp126,2068,16.7017
MIROC6,ssp126,2069,16.6683
MIROC6,ssp126,2070,16.682
MIROC6,ssp126,2071,16.5737
MIROC6,ssp126,2072,16.6598
MIROC6,ssp126,2073,16.7981
MIROC6,ssp126,2074,16.7717
MIROC6,ssp126,2075,16.7041
MIROC6,ssp126,2076,16.8097
MIROC6,ssp126,2077,16.9744
MIROC6,ssp126,2078,16.8199
MIROC6,ssp126,2079,16.5041
MIROC6,ssp126,2080,16.6935
MIROC6,ssp126,2081,16.913
MIROC6,ssp126,2082,16.9266
MIROC6,ssp126,2083,16.4818
MIROC6,ssp126,2084,16.5108
MIROC6,ssp126,2085,16.7109
MIROC6,ssp126,2086,16.9596
MIROC6,ssp126,2087,16.6756
MIROC6,ssp126,2088,16.5191
MIROC6,ssp126,2089,16.7149
MIROC6,ssp126,2090,16.6987
MIROC6,ssp126,2091,16.7966
MIROC6,ssp126,2092,16.911
MIROC6,ssp126,2093,16.6398
MIROC6,ssp126,2094,16.4739
MIROC6,ssp126,2095,16.6242
MIROC6,ssp126,2096,16.8226
MIROC6,ssp126,2097,16.4116
MIROC6,ssp126,2098,16.4437
MIROC6,ssp126,2099,16.5728
MIROC6,ssp126,2100,16.7695
MIROC6,ssp245,2015,15.9894
MIROC6,ssp245,2016,15.8811
MIROC6,ssp245,2017,16.0609
MIROC6,ssp245,2018,16.2012
MIROC6,ssp245,2019,16.5085
MIROC6,ssp245,2020,16.4435
MIROC6,ssp245,2021,16.0328
MIROC6,ssp245,2022,16.0659
MIROC6,ssp245,2023,16.2301
MIROC6,ssp245,2024,16.3911
MIROC6,ssp245,2025,16.4417
MIROC6,ssp245,2026,16.4547
MIROC6,ssp245,2027,16.2745
MIROC6,ssp245,2028,16.1512
MIROC6,ssp245,2029,16.1309
MIROC6,ssp245,2030,16.2785
MIROC6,ssp245,2031,16.4715
MIROC6,ssp245,2032,16.2792
MIROC6,ssp245,2033,16.1975
MIROC6,ssp245,2034,16.4315
MIROC6,ssp245,2035,16.5672
MIROC6,ssp245,2036,16.6072
MIROC6,ssp245,2037,16.6788
MIROC6,ssp245,2038,16.7916
MIROC6,ssp245,2039,16.7545
MIROC6,ssp585,2015,15.9169
MIROC6,ssp585,2016,15.8886
MIROC6,ssp585,2017,16.0889
MIROC6,ssp585,2018,16.2226
MIROC6,ssp585,2019,16.4695
MIROC6,ssp585,2020,16.5047
MIROC6,ssp585,2021,16.1447
MIROC6,ssp585,2022,15.9991
MIROC6,ssp585,2023,16.1893
MIROC6,ssp585,2024,16.3566
MIROC6,ssp585,2025,16.5559
MIROC6,ssp585,2026,16.5265
MIROC6,ssp585,2027,16.2373
MIROC6,ssp585,2028,16.3095
MIROC6,ssp585,2029,16.3868
MIROC6,ssp585,2030,16.5925
MIROC6,ssp585,2031,16.8373
MIROC6,ssp585,2032,16.7024
MIROC6,ssp585,2033,16.3949
MIROC6,ssp585,2034,16.3735
MIROC6,ssp585,2035,16.5102
MIROC6,ssp585,2036,16.7698
MIROC6,ssp585,2037,16.9107
MIROC6,ssp585,2038,16.6381
MIROC6,ssp585,2039,16.6051
MIROC6,ssp585,2040,16.8454
MIROC6,ssp585,2041,17.1208
MIROC6,ssp585,2042,16.7263
MIROC6,ssp585,2043,16.6306
MIROC6,ssp585,2044,16.6936
MIROC6,ssp585,2045,16.8616
MIROC6,ssp585,2046,17.1766
MIROC6,ssp585,2047,17.2099
MIROC6,ssp585,2048,17.2876
MIROC6,ssp585,2049,17.1216
MIROC6,ssp585,2050,17.1395
MIROC6,ssp585,2051,17.2388
MIROC6,ssp585,2052,17.3133
MIROC6,ssp585,2053,17.5604
MIROC6,ssp585,2054,17.4073
MIROC6,ssp585,2055,17.1765
MIROC6,ssp585,2056,17.431
MIROC6,ssp585,2057,17.7048
MIROC6,ssp585,2058,17.793
MIROC6,ssp585,2059,17.4347
MIROC6,ssp585,2060,17.3933
MIROC6,ssp585,2061,17.5884
MIROC6,ssp585,2062,17.8904
MIROC6,ssp585,2063,17.9491
MIROC6,ssp585,2064,17.6209
MIROC6,ssp585,2065,17.6298
MIROC6,ssp585,2066,17.8238
MIROC6,ssp585,2067,18.0513
MIROC6,ssp585,2068,17.7468
MIROC6,ssp585,2069,17.7539
MIROC6,ssp585,2070,17.9946
MIROC6,ssp585,2071,18.2438
MIROC6,ssp585,2072,18.133
MIROC6,ssp585,2073,18.0099
MIROC6,ssp585,2074,18.3478
MIROC6,ssp585,2075,18.4882
MIROC6,ssp585,2076,18.1278
MIROC6,ssp585,2077,18.1176
MIROC6,ssp585,2078,18.2677
MIROC6,ssp585,2079,18.6003
MIROC6,ssp585,2080,18.2624
MIROC6,ssp585,2081,18.2091
MIROC6,ssp585,2082,18.527
MIROC6,ssp585,2083,18.8379
MIROC6,ssp585,2084,18.4271
MIROC6,ssp585,2085,18.4879
MIROC6,ssp585,2086,18.7819
MIROC6,ssp585,2087,18.9587
MIROC6,ssp585,2088,18.7758
MIROC6,ssp585,2089,18.7485
MIROC6,ssp585,2090,19.0799
MIROC6,ssp585,2091,19.2253
MIROC6,ssp585,2092,19.1105
MIROC6,ssp585,2093,18.89
MIROC6,ssp585,2094,19.073
MIROC6,ssp585,2095,19.3976
MIROC6,ssp585,2096,19.6044
MIROC6,ssp585,2097,19.2889
MIROC6,ssp585,2098,19.2272
MIROC6,ssp585,2099,19.3591
MIROC6,ssp585,2100,19.3545
